
========= Epoch [1/50] =========
Train Epoch: [1][1/138] Loss: 0.9826 (Avg: 0.9826) Dice: 0.0128 (Avg: 0.0128) IoU: 0.0065 (Avg: 0.0065)
Train Epoch: [1][2/138] Loss: 0.9903 (Avg: 0.9864) Dice: 0.0082 (Avg: 0.0105) IoU: 0.0041 (Avg: 0.0053)
Train Epoch: [1][3/138] Loss: 0.9891 (Avg: 0.9873) Dice: 0.0106 (Avg: 0.0106) IoU: 0.0054 (Avg: 0.0053)
Train Epoch: [1][4/138] Loss: 0.9781 (Avg: 0.9850) Dice: 0.0186 (Avg: 0.0126) IoU: 0.0094 (Avg: 0.0064)
Train Epoch: [1][5/138] Loss: 0.9608 (Avg: 0.9802) Dice: 0.0398 (Avg: 0.0180) IoU: 0.0205 (Avg: 0.0092)
Train Epoch: [1][6/138] Loss: 0.9832 (Avg: 0.9807) Dice: 0.0105 (Avg: 0.0168) IoU: 0.0053 (Avg: 0.0085)
Train Epoch: [1][7/138] Loss: 0.9865 (Avg: 0.9815) Dice: 0.0078 (Avg: 0.0155) IoU: 0.0040 (Avg: 0.0079)
Train Epoch: [1][8/138] Loss: 0.9656 (Avg: 0.9795) Dice: 0.0287 (Avg: 0.0171) IoU: 0.0146 (Avg: 0.0087)
Train Epoch: [1][9/138] Loss: 0.9661 (Avg: 0.9780) Dice: 0.0316 (Avg: 0.0187) IoU: 0.0162 (Avg: 0.0096)
Train Epoch: [1][10/138] Loss: 0.9837 (Avg: 0.9786) Dice: 0.0130 (Avg: 0.0182) IoU: 0.0066 (Avg: 0.0093)
Train Epoch: [1][11/138] Loss: 0.9570 (Avg: 0.9766) Dice: 0.0367 (Avg: 0.0199) IoU: 0.0188 (Avg: 0.0101)
Train Epoch: [1][12/138] Loss: 0.9944 (Avg: 0.9781) Dice: 0.0050 (Avg: 0.0186) IoU: 0.0025 (Avg: 0.0095)
Train Epoch: [1][13/138] Loss: 0.9630 (Avg: 0.9770) Dice: 0.0338 (Avg: 0.0198) IoU: 0.0174 (Avg: 0.0101)
Train Epoch: [1][14/138] Loss: 0.9740 (Avg: 0.9767) Dice: 0.0212 (Avg: 0.0199) IoU: 0.0108 (Avg: 0.0101)
Train Epoch: [1][15/138] Loss: 0.9467 (Avg: 0.9747) Dice: 0.0479 (Avg: 0.0218) IoU: 0.0250 (Avg: 0.0111)
Train Epoch: [1][16/138] Loss: 0.9791 (Avg: 0.9750) Dice: 0.0155 (Avg: 0.0214) IoU: 0.0079 (Avg: 0.0109)
Train Epoch: [1][17/138] Loss: 0.9729 (Avg: 0.9749) Dice: 0.0211 (Avg: 0.0214) IoU: 0.0107 (Avg: 0.0109)
Train Epoch: [1][18/138] Loss: 0.9188 (Avg: 0.9718) Dice: 0.0680 (Avg: 0.0239) IoU: 0.0352 (Avg: 0.0123)
Train Epoch: [1][19/138] Loss: 0.9830 (Avg: 0.9724) Dice: 0.0135 (Avg: 0.0234) IoU: 0.0068 (Avg: 0.0120)
Train Epoch: [1][20/138] Loss: 0.9667 (Avg: 0.9721) Dice: 0.0305 (Avg: 0.0237) IoU: 0.0161 (Avg: 0.0122)
Train Epoch: [1][21/138] Loss: 0.9510 (Avg: 0.9711) Dice: 0.0456 (Avg: 0.0248) IoU: 0.0235 (Avg: 0.0127)
Train Epoch: [1][22/138] Loss: 0.9797 (Avg: 0.9715) Dice: 0.0126 (Avg: 0.0242) IoU: 0.0064 (Avg: 0.0124)
Train Epoch: [1][23/138] Loss: 0.9469 (Avg: 0.9704) Dice: 0.0480 (Avg: 0.0253) IoU: 0.0250 (Avg: 0.0130)
Train Epoch: [1][24/138] Loss: 0.9617 (Avg: 0.9700) Dice: 0.0338 (Avg: 0.0256) IoU: 0.0173 (Avg: 0.0132)
Train Epoch: [1][25/138] Loss: 0.9554 (Avg: 0.9694) Dice: 0.0521 (Avg: 0.0267) IoU: 0.0275 (Avg: 0.0137)
Train Epoch: [1][26/138] Loss: 0.9588 (Avg: 0.9690) Dice: 0.0399 (Avg: 0.0272) IoU: 0.0204 (Avg: 0.0140)
Train Epoch: [1][27/138] Loss: 0.9590 (Avg: 0.9687) Dice: 0.0288 (Avg: 0.0272) IoU: 0.0147 (Avg: 0.0140)
Train Epoch: [1][28/138] Loss: 0.9474 (Avg: 0.9679) Dice: 0.0435 (Avg: 0.0278) IoU: 0.0223 (Avg: 0.0143)
Train Epoch: [1][29/138] Loss: 0.9582 (Avg: 0.9676) Dice: 0.0358 (Avg: 0.0281) IoU: 0.0184 (Avg: 0.0145)
Train Epoch: [1][30/138] Loss: 0.9579 (Avg: 0.9672) Dice: 0.0384 (Avg: 0.0284) IoU: 0.0196 (Avg: 0.0146)
Train Epoch: [1][31/138] Loss: 0.9756 (Avg: 0.9675) Dice: 0.0238 (Avg: 0.0283) IoU: 0.0121 (Avg: 0.0145)
Train Epoch: [1][32/138] Loss: 0.9849 (Avg: 0.9681) Dice: 0.0158 (Avg: 0.0279) IoU: 0.0080 (Avg: 0.0143)
Train Epoch: [1][33/138] Loss: 0.9277 (Avg: 0.9668) Dice: 0.0828 (Avg: 0.0296) IoU: 0.0454 (Avg: 0.0153)
Train Epoch: [1][34/138] Loss: 0.9758 (Avg: 0.9671) Dice: 0.0230 (Avg: 0.0294) IoU: 0.0117 (Avg: 0.0152)
Train Epoch: [1][35/138] Loss: 0.9607 (Avg: 0.9669) Dice: 0.0357 (Avg: 0.0296) IoU: 0.0183 (Avg: 0.0153)
Train Epoch: [1][36/138] Loss: 0.9732 (Avg: 0.9671) Dice: 0.0259 (Avg: 0.0295) IoU: 0.0132 (Avg: 0.0152)
Train Epoch: [1][37/138] Loss: 0.9753 (Avg: 0.9673) Dice: 0.0255 (Avg: 0.0293) IoU: 0.0130 (Avg: 0.0152)
Train Epoch: [1][38/138] Loss: 0.9565 (Avg: 0.9670) Dice: 0.0462 (Avg: 0.0298) IoU: 0.0241 (Avg: 0.0154)
Train Epoch: [1][39/138] Loss: 0.9940 (Avg: 0.9677) Dice: 0.0061 (Avg: 0.0292) IoU: 0.0031 (Avg: 0.0151)
Train Epoch: [1][40/138] Loss: 0.9715 (Avg: 0.9678) Dice: 0.0347 (Avg: 0.0293) IoU: 0.0177 (Avg: 0.0151)
Train Epoch: [1][41/138] Loss: 0.9818 (Avg: 0.9682) Dice: 0.0180 (Avg: 0.0290) IoU: 0.0092 (Avg: 0.0150)
Train Epoch: [1][42/138] Loss: 0.9514 (Avg: 0.9678) Dice: 0.0497 (Avg: 0.0295) IoU: 0.0263 (Avg: 0.0153)
Train Epoch: [1][43/138] Loss: 0.9663 (Avg: 0.9677) Dice: 0.0387 (Avg: 0.0297) IoU: 0.0205 (Avg: 0.0154)
Train Epoch: [1][44/138] Loss: 0.9710 (Avg: 0.9678) Dice: 0.0314 (Avg: 0.0298) IoU: 0.0160 (Avg: 0.0154)
Train Epoch: [1][45/138] Loss: 0.9656 (Avg: 0.9678) Dice: 0.0362 (Avg: 0.0299) IoU: 0.0189 (Avg: 0.0155)
Train Epoch: [1][46/138] Loss: 0.9451 (Avg: 0.9673) Dice: 0.0638 (Avg: 0.0307) IoU: 0.0334 (Avg: 0.0159)
Train Epoch: [1][47/138] Loss: 0.9820 (Avg: 0.9676) Dice: 0.0188 (Avg: 0.0304) IoU: 0.0095 (Avg: 0.0157)
Train Epoch: [1][48/138] Loss: 0.9874 (Avg: 0.9680) Dice: 0.0136 (Avg: 0.0301) IoU: 0.0068 (Avg: 0.0155)
Train Epoch: [1][49/138] Loss: 0.9392 (Avg: 0.9674) Dice: 0.0685 (Avg: 0.0308) IoU: 0.0365 (Avg: 0.0160)
Train Epoch: [1][50/138] Loss: 0.9501 (Avg: 0.9671) Dice: 0.0641 (Avg: 0.0315) IoU: 0.0340 (Avg: 0.0163)
Train Epoch: [1][51/138] Loss: 0.9676 (Avg: 0.9671) Dice: 0.0350 (Avg: 0.0316) IoU: 0.0181 (Avg: 0.0164)
Train Epoch: [1][52/138] Loss: 0.9408 (Avg: 0.9666) Dice: 0.0661 (Avg: 0.0322) IoU: 0.0343 (Avg: 0.0167)
Train Epoch: [1][53/138] Loss: 0.9783 (Avg: 0.9668) Dice: 0.0249 (Avg: 0.0321) IoU: 0.0128 (Avg: 0.0166)
Train Epoch: [1][54/138] Loss: 0.9226 (Avg: 0.9660) Dice: 0.0895 (Avg: 0.0332) IoU: 0.0476 (Avg: 0.0172)
Train Epoch: [1][55/138] Loss: 0.9735 (Avg: 0.9661) Dice: 0.0239 (Avg: 0.0330) IoU: 0.0121 (Avg: 0.0171)
Train Epoch: [1][56/138] Loss: 0.9204 (Avg: 0.9653) Dice: 0.1030 (Avg: 0.0342) IoU: 0.0559 (Avg: 0.0178)
Train Epoch: [1][57/138] Loss: 0.9184 (Avg: 0.9645) Dice: 0.1357 (Avg: 0.0360) IoU: 0.0798 (Avg: 0.0189)
Train Epoch: [1][58/138] Loss: 0.8941 (Avg: 0.9632) Dice: 0.1542 (Avg: 0.0381) IoU: 0.0861 (Avg: 0.0201)
Train Epoch: [1][59/138] Loss: 0.9377 (Avg: 0.9628) Dice: 0.0809 (Avg: 0.0388) IoU: 0.0428 (Avg: 0.0204)
Train Epoch: [1][60/138] Loss: 0.9376 (Avg: 0.9624) Dice: 0.0862 (Avg: 0.0396) IoU: 0.0496 (Avg: 0.0209)
Train Epoch: [1][61/138] Loss: 0.9429 (Avg: 0.9621) Dice: 0.0761 (Avg: 0.0402) IoU: 0.0403 (Avg: 0.0212)
Train Epoch: [1][62/138] Loss: 0.9445 (Avg: 0.9618) Dice: 0.1057 (Avg: 0.0412) IoU: 0.0583 (Avg: 0.0218)
Train Epoch: [1][63/138] Loss: 0.9082 (Avg: 0.9609) Dice: 0.1114 (Avg: 0.0424) IoU: 0.0603 (Avg: 0.0225)
Train Epoch: [1][64/138] Loss: 0.9813 (Avg: 0.9613) Dice: 0.0226 (Avg: 0.0420) IoU: 0.0115 (Avg: 0.0223)
Train Epoch: [1][65/138] Loss: 0.9891 (Avg: 0.9617) Dice: 0.0283 (Avg: 0.0418) IoU: 0.0144 (Avg: 0.0222)
Train Epoch: [1][66/138] Loss: 0.9302 (Avg: 0.9612) Dice: 0.0821 (Avg: 0.0424) IoU: 0.0443 (Avg: 0.0225)
Train Epoch: [1][67/138] Loss: 0.9543 (Avg: 0.9611) Dice: 0.0861 (Avg: 0.0431) IoU: 0.0465 (Avg: 0.0229)
Train Epoch: [1][68/138] Loss: 0.9710 (Avg: 0.9613) Dice: 0.0756 (Avg: 0.0436) IoU: 0.0399 (Avg: 0.0231)
Train Epoch: [1][69/138] Loss: 0.9299 (Avg: 0.9608) Dice: 0.1021 (Avg: 0.0444) IoU: 0.0565 (Avg: 0.0236)
Train Epoch: [1][70/138] Loss: 0.9507 (Avg: 0.9607) Dice: 0.1891 (Avg: 0.0465) IoU: 0.1102 (Avg: 0.0248)
Train Epoch: [1][71/138] Loss: 0.9806 (Avg: 0.9609) Dice: 0.0348 (Avg: 0.0463) IoU: 0.0179 (Avg: 0.0247)
Train Epoch: [1][72/138] Loss: 0.9148 (Avg: 0.9603) Dice: 0.1043 (Avg: 0.0471) IoU: 0.0558 (Avg: 0.0252)
Train Epoch: [1][73/138] Loss: 0.9183 (Avg: 0.9597) Dice: 0.1192 (Avg: 0.0481) IoU: 0.0647 (Avg: 0.0257)
Train Epoch: [1][74/138] Loss: 0.9595 (Avg: 0.9597) Dice: 0.0508 (Avg: 0.0482) IoU: 0.0264 (Avg: 0.0257)
Train Epoch: [1][75/138] Loss: 0.9653 (Avg: 0.9598) Dice: 0.0957 (Avg: 0.0488) IoU: 0.0512 (Avg: 0.0261)
Train Epoch: [1][76/138] Loss: 0.9682 (Avg: 0.9599) Dice: 0.1365 (Avg: 0.0499) IoU: 0.0864 (Avg: 0.0268)
Train Epoch: [1][77/138] Loss: 0.9626 (Avg: 0.9599) Dice: 0.0779 (Avg: 0.0503) IoU: 0.0419 (Avg: 0.0270)
Train Epoch: [1][78/138] Loss: 0.9863 (Avg: 0.9603) Dice: 0.0401 (Avg: 0.0502) IoU: 0.0211 (Avg: 0.0270)
Train Epoch: [1][79/138] Loss: 0.9554 (Avg: 0.9602) Dice: 0.0567 (Avg: 0.0503) IoU: 0.0301 (Avg: 0.0270)
Train Epoch: [1][80/138] Loss: 0.9522 (Avg: 0.9601) Dice: 0.0812 (Avg: 0.0506) IoU: 0.0441 (Avg: 0.0272)
Train Epoch: [1][81/138] Loss: 0.9627 (Avg: 0.9601) Dice: 0.0999 (Avg: 0.0513) IoU: 0.0554 (Avg: 0.0276)
Train Epoch: [1][82/138] Loss: 0.9409 (Avg: 0.9599) Dice: 0.1157 (Avg: 0.0520) IoU: 0.0633 (Avg: 0.0280)
Train Epoch: [1][83/138] Loss: 0.8677 (Avg: 0.9588) Dice: 0.3031 (Avg: 0.0551) IoU: 0.1901 (Avg: 0.0300)
Train Epoch: [1][84/138] Loss: 0.9161 (Avg: 0.9583) Dice: 0.1281 (Avg: 0.0559) IoU: 0.0737 (Avg: 0.0305)
Train Epoch: [1][85/138] Loss: 0.9639 (Avg: 0.9584) Dice: 0.1622 (Avg: 0.0572) IoU: 0.0982 (Avg: 0.0313)
Train Epoch: [1][86/138] Loss: 0.9942 (Avg: 0.9588) Dice: 0.0188 (Avg: 0.0567) IoU: 0.0096 (Avg: 0.0310)
Train Epoch: [1][87/138] Loss: 0.9847 (Avg: 0.9591) Dice: 0.0378 (Avg: 0.0565) IoU: 0.0194 (Avg: 0.0309)
Train Epoch: [1][88/138] Loss: 0.9133 (Avg: 0.9586) Dice: 0.2377 (Avg: 0.0586) IoU: 0.1500 (Avg: 0.0322)
Train Epoch: [1][89/138] Loss: 0.9278 (Avg: 0.9582) Dice: 0.2001 (Avg: 0.0602) IoU: 0.1263 (Avg: 0.0333)
Train Epoch: [1][90/138] Loss: 0.9304 (Avg: 0.9579) Dice: 0.1589 (Avg: 0.0613) IoU: 0.0895 (Avg: 0.0339)
Train Epoch: [1][91/138] Loss: 0.9423 (Avg: 0.9577) Dice: 0.1070 (Avg: 0.0618) IoU: 0.0596 (Avg: 0.0342)
Train Epoch: [1][92/138] Loss: 0.9348 (Avg: 0.9575) Dice: 0.2113 (Avg: 0.0634) IoU: 0.1277 (Avg: 0.0352)
Train Epoch: [1][93/138] Loss: 0.8997 (Avg: 0.9569) Dice: 0.3939 (Avg: 0.0669) IoU: 0.2564 (Avg: 0.0376)
Train Epoch: [1][94/138] Loss: 0.9494 (Avg: 0.9568) Dice: 0.1444 (Avg: 0.0678) IoU: 0.0806 (Avg: 0.0381)
Train Epoch: [1][95/138] Loss: 0.9462 (Avg: 0.9567) Dice: 0.3021 (Avg: 0.0702) IoU: 0.1996 (Avg: 0.0398)
Train Epoch: [1][96/138] Loss: 0.9610 (Avg: 0.9567) Dice: 0.0341 (Avg: 0.0699) IoU: 0.0178 (Avg: 0.0395)
Train Epoch: [1][97/138] Loss: 0.9780 (Avg: 0.9569) Dice: 0.0673 (Avg: 0.0698) IoU: 0.0358 (Avg: 0.0395)
Train Epoch: [1][98/138] Loss: 0.9463 (Avg: 0.9568) Dice: 0.1112 (Avg: 0.0703) IoU: 0.0615 (Avg: 0.0397)
Train Epoch: [1][99/138] Loss: 0.9144 (Avg: 0.9564) Dice: 0.3432 (Avg: 0.0730) IoU: 0.2415 (Avg: 0.0418)
Train Epoch: [1][100/138] Loss: 0.9204 (Avg: 0.9560) Dice: 0.2048 (Avg: 0.0743) IoU: 0.1235 (Avg: 0.0426)
Train Epoch: [1][101/138] Loss: 0.9453 (Avg: 0.9559) Dice: 0.1371 (Avg: 0.0750) IoU: 0.0755 (Avg: 0.0429)
Train Epoch: [1][102/138] Loss: 0.8927 (Avg: 0.9553) Dice: 0.2008 (Avg: 0.0762) IoU: 0.1331 (Avg: 0.0438)
Train Epoch: [1][103/138] Loss: 0.9560 (Avg: 0.9553) Dice: 0.0937 (Avg: 0.0764) IoU: 0.0494 (Avg: 0.0438)
Train Epoch: [1][104/138] Loss: 0.9902 (Avg: 0.9557) Dice: 0.0320 (Avg: 0.0759) IoU: 0.0166 (Avg: 0.0436)
Train Epoch: [1][105/138] Loss: 0.9238 (Avg: 0.9553) Dice: 0.3048 (Avg: 0.0781) IoU: 0.2197 (Avg: 0.0453)
Train Epoch: [1][106/138] Loss: 0.9363 (Avg: 0.9552) Dice: 0.1999 (Avg: 0.0793) IoU: 0.1202 (Avg: 0.0460)
Train Epoch: [1][107/138] Loss: 0.9400 (Avg: 0.9550) Dice: 0.1242 (Avg: 0.0797) IoU: 0.0790 (Avg: 0.0463)
Train Epoch: [1][108/138] Loss: 0.9368 (Avg: 0.9549) Dice: 0.2041 (Avg: 0.0808) IoU: 0.1203 (Avg: 0.0470)
Train Epoch: [1][109/138] Loss: 0.9070 (Avg: 0.9544) Dice: 0.2599 (Avg: 0.0825) IoU: 0.1666 (Avg: 0.0481)
Train Epoch: [1][110/138] Loss: 0.8391 (Avg: 0.9534) Dice: 0.4574 (Avg: 0.0859) IoU: 0.3133 (Avg: 0.0505)
Train Epoch: [1][111/138] Loss: 0.9418 (Avg: 0.9533) Dice: 0.1181 (Avg: 0.0862) IoU: 0.0656 (Avg: 0.0506)
Train Epoch: [1][112/138] Loss: 0.9363 (Avg: 0.9531) Dice: 0.3027 (Avg: 0.0881) IoU: 0.1910 (Avg: 0.0519)
Train Epoch: [1][113/138] Loss: 0.9392 (Avg: 0.9530) Dice: 0.1873 (Avg: 0.0890) IoU: 0.1075 (Avg: 0.0523)
Train Epoch: [1][114/138] Loss: 0.9372 (Avg: 0.9529) Dice: 0.1966 (Avg: 0.0899) IoU: 0.1195 (Avg: 0.0529)
Train Epoch: [1][115/138] Loss: 0.9297 (Avg: 0.9527) Dice: 0.3307 (Avg: 0.0920) IoU: 0.2439 (Avg: 0.0546)
Train Epoch: [1][116/138] Loss: 0.9602 (Avg: 0.9527) Dice: 0.1971 (Avg: 0.0929) IoU: 0.1149 (Avg: 0.0551)
Train Epoch: [1][117/138] Loss: 0.8712 (Avg: 0.9520) Dice: 0.3511 (Avg: 0.0951) IoU: 0.2415 (Avg: 0.0567)
Train Epoch: [1][118/138] Loss: 0.9446 (Avg: 0.9520) Dice: 0.1190 (Avg: 0.0953) IoU: 0.0650 (Avg: 0.0568)
Train Epoch: [1][119/138] Loss: 0.9600 (Avg: 0.9520) Dice: 0.1096 (Avg: 0.0955) IoU: 0.0628 (Avg: 0.0568)
Train Epoch: [1][120/138] Loss: 0.9010 (Avg: 0.9516) Dice: 0.2880 (Avg: 0.0971) IoU: 0.1888 (Avg: 0.0579)
Train Epoch: [1][121/138] Loss: 0.8300 (Avg: 0.9506) Dice: 0.4659 (Avg: 0.1001) IoU: 0.3079 (Avg: 0.0600)
Train Epoch: [1][122/138] Loss: 0.9191 (Avg: 0.9503) Dice: 0.1851 (Avg: 0.1008) IoU: 0.1059 (Avg: 0.0604)
Train Epoch: [1][123/138] Loss: 0.8999 (Avg: 0.9499) Dice: 0.2272 (Avg: 0.1018) IoU: 0.1356 (Avg: 0.0610)
Train Epoch: [1][124/138] Loss: 0.9121 (Avg: 0.9496) Dice: 0.2665 (Avg: 0.1032) IoU: 0.1743 (Avg: 0.0619)
Train Epoch: [1][125/138] Loss: 0.8777 (Avg: 0.9490) Dice: 0.2636 (Avg: 0.1044) IoU: 0.1788 (Avg: 0.0628)
Train Epoch: [1][126/138] Loss: 0.8677 (Avg: 0.9484) Dice: 0.3643 (Avg: 0.1065) IoU: 0.2546 (Avg: 0.0644)
Train Epoch: [1][127/138] Loss: 0.8649 (Avg: 0.9477) Dice: 0.5542 (Avg: 0.1100) IoU: 0.4467 (Avg: 0.0674)
Train Epoch: [1][128/138] Loss: 0.9857 (Avg: 0.9480) Dice: 0.0253 (Avg: 0.1094) IoU: 0.0131 (Avg: 0.0669)
Train Epoch: [1][129/138] Loss: 0.9678 (Avg: 0.9482) Dice: 0.1668 (Avg: 0.1098) IoU: 0.0936 (Avg: 0.0671)
Train Epoch: [1][130/138] Loss: 0.9319 (Avg: 0.9481) Dice: 0.1787 (Avg: 0.1103) IoU: 0.1023 (Avg: 0.0674)
Train Epoch: [1][131/138] Loss: 0.8928 (Avg: 0.9476) Dice: 0.3106 (Avg: 0.1119) IoU: 0.1924 (Avg: 0.0684)
Train Epoch: [1][132/138] Loss: 0.9558 (Avg: 0.9477) Dice: 0.1230 (Avg: 0.1120) IoU: 0.0671 (Avg: 0.0684)
Train Epoch: [1][133/138] Loss: 0.8991 (Avg: 0.9473) Dice: 0.2329 (Avg: 0.1129) IoU: 0.1402 (Avg: 0.0689)
Train Epoch: [1][134/138] Loss: 0.9148 (Avg: 0.9471) Dice: 0.1685 (Avg: 0.1133) IoU: 0.0990 (Avg: 0.0691)
Train Epoch: [1][135/138] Loss: 0.9078 (Avg: 0.9468) Dice: 0.2855 (Avg: 0.1146) IoU: 0.1741 (Avg: 0.0699)
Train Epoch: [1][136/138] Loss: 0.9885 (Avg: 0.9471) Dice: 0.0059 (Avg: 0.1138) IoU: 0.0030 (Avg: 0.0694)
Train Epoch: [1][137/138] Loss: 0.9661 (Avg: 0.9473) Dice: 0.1044 (Avg: 0.1137) IoU: 0.0578 (Avg: 0.0693)
Train Epoch: [1][138/138] Loss: 0.9897 (Avg: 0.9422) Dice: 0.0201 (Avg: 0.1129) IoU: 0.0102 (Avg: 0.0688)
Validation Epoch: [1] Avg Loss: 0.9319 Avg Dice: 0.1342 Avg IoU: 0.0761
	 Best dice improved from 0.0000 to 0.1342
	 Model saved to ImageEncoder_Pretrain\UNet\Pretrain_05.25_10h55\models\best_model-UNet.pth.tar

========= Epoch [2/50] =========
Train Epoch: [2][1/138] Loss: 0.9335 (Avg: 0.9335) Dice: 0.1208 (Avg: 0.1208) IoU: 0.0648 (Avg: 0.0648)
Train Epoch: [2][2/138] Loss: 0.8717 (Avg: 0.9026) Dice: 0.3898 (Avg: 0.2553) IoU: 0.2744 (Avg: 0.1696)
Train Epoch: [2][3/138] Loss: 0.8957 (Avg: 0.9003) Dice: 0.3174 (Avg: 0.2760) IoU: 0.2214 (Avg: 0.1869)
Train Epoch: [2][4/138] Loss: 0.7822 (Avg: 0.8708) Dice: 0.4791 (Avg: 0.3268) IoU: 0.3367 (Avg: 0.2243)
Train Epoch: [2][5/138] Loss: 0.8772 (Avg: 0.8721) Dice: 0.3218 (Avg: 0.3258) IoU: 0.2093 (Avg: 0.2213)
Train Epoch: [2][6/138] Loss: 0.9041 (Avg: 0.8774) Dice: 0.2523 (Avg: 0.3135) IoU: 0.1455 (Avg: 0.2087)
Train Epoch: [2][7/138] Loss: 0.8821 (Avg: 0.8781) Dice: 0.2405 (Avg: 0.3031) IoU: 0.1474 (Avg: 0.2000)
Train Epoch: [2][8/138] Loss: 0.8833 (Avg: 0.8787) Dice: 0.3200 (Avg: 0.3052) IoU: 0.1967 (Avg: 0.1995)
Train Epoch: [2][9/138] Loss: 0.9008 (Avg: 0.8812) Dice: 0.2732 (Avg: 0.3017) IoU: 0.1712 (Avg: 0.1964)
Train Epoch: [2][10/138] Loss: 0.8262 (Avg: 0.8757) Dice: 0.5256 (Avg: 0.3241) IoU: 0.3710 (Avg: 0.2139)
Train Epoch: [2][11/138] Loss: 0.8818 (Avg: 0.8762) Dice: 0.3900 (Avg: 0.3300) IoU: 0.2674 (Avg: 0.2187)
Train Epoch: [2][12/138] Loss: 0.8945 (Avg: 0.8778) Dice: 0.3737 (Avg: 0.3337) IoU: 0.2407 (Avg: 0.2206)
Train Epoch: [2][13/138] Loss: 0.8838 (Avg: 0.8782) Dice: 0.2411 (Avg: 0.3266) IoU: 0.1554 (Avg: 0.2155)
Train Epoch: [2][14/138] Loss: 0.9222 (Avg: 0.8814) Dice: 0.2352 (Avg: 0.3200) IoU: 0.1483 (Avg: 0.2107)
Train Epoch: [2][15/138] Loss: 0.8921 (Avg: 0.8821) Dice: 0.2917 (Avg: 0.3181) IoU: 0.1780 (Avg: 0.2086)
Train Epoch: [2][16/138] Loss: 0.9652 (Avg: 0.8873) Dice: 0.0522 (Avg: 0.3015) IoU: 0.0272 (Avg: 0.1972)
Train Epoch: [2][17/138] Loss: 0.9277 (Avg: 0.8897) Dice: 0.2592 (Avg: 0.2990) IoU: 0.1760 (Avg: 0.1960)
Train Epoch: [2][18/138] Loss: 0.8549 (Avg: 0.8877) Dice: 0.5164 (Avg: 0.3111) IoU: 0.3607 (Avg: 0.2051)
Train Epoch: [2][19/138] Loss: 0.8825 (Avg: 0.8875) Dice: 0.2926 (Avg: 0.3101) IoU: 0.1928 (Avg: 0.2045)
Train Epoch: [2][20/138] Loss: 0.9351 (Avg: 0.8898) Dice: 0.1633 (Avg: 0.3028) IoU: 0.0927 (Avg: 0.1989)
Train Epoch: [2][21/138] Loss: 0.9087 (Avg: 0.8907) Dice: 0.2187 (Avg: 0.2988) IoU: 0.1246 (Avg: 0.1953)
Train Epoch: [2][22/138] Loss: 0.9351 (Avg: 0.8927) Dice: 0.2324 (Avg: 0.2958) IoU: 0.1522 (Avg: 0.1934)
Train Epoch: [2][23/138] Loss: 0.9793 (Avg: 0.8965) Dice: 0.1021 (Avg: 0.2874) IoU: 0.0566 (Avg: 0.1874)
Train Epoch: [2][24/138] Loss: 0.9662 (Avg: 0.8994) Dice: 0.1365 (Avg: 0.2811) IoU: 0.0783 (Avg: 0.1829)
Train Epoch: [2][25/138] Loss: 0.9326 (Avg: 0.9007) Dice: 0.3004 (Avg: 0.2818) IoU: 0.2099 (Avg: 0.1840)
Train Epoch: [2][26/138] Loss: 0.9069 (Avg: 0.9010) Dice: 0.2322 (Avg: 0.2799) IoU: 0.1522 (Avg: 0.1827)
Train Epoch: [2][27/138] Loss: 0.9162 (Avg: 0.9015) Dice: 0.2404 (Avg: 0.2785) IoU: 0.1499 (Avg: 0.1815)
Train Epoch: [2][28/138] Loss: 0.9043 (Avg: 0.9016) Dice: 0.2142 (Avg: 0.2762) IoU: 0.1232 (Avg: 0.1795)
Train Epoch: [2][29/138] Loss: 0.9370 (Avg: 0.9029) Dice: 0.1380 (Avg: 0.2714) IoU: 0.0855 (Avg: 0.1762)
Train Epoch: [2][30/138] Loss: 0.9297 (Avg: 0.9038) Dice: 0.2301 (Avg: 0.2700) IoU: 0.1395 (Avg: 0.1750)
Train Epoch: [2][31/138] Loss: 0.9779 (Avg: 0.9062) Dice: 0.0343 (Avg: 0.2624) IoU: 0.0177 (Avg: 0.1699)
Train Epoch: [2][32/138] Loss: 0.8299 (Avg: 0.9038) Dice: 0.4318 (Avg: 0.2677) IoU: 0.2860 (Avg: 0.1735)
Train Epoch: [2][33/138] Loss: 0.8770 (Avg: 0.9030) Dice: 0.3727 (Avg: 0.2709) IoU: 0.2330 (Avg: 0.1753)
Train Epoch: [2][34/138] Loss: 0.8744 (Avg: 0.9021) Dice: 0.3860 (Avg: 0.2743) IoU: 0.2675 (Avg: 0.1781)
Train Epoch: [2][35/138] Loss: 0.9779 (Avg: 0.9043) Dice: 0.0458 (Avg: 0.2678) IoU: 0.0241 (Avg: 0.1737)
Train Epoch: [2][36/138] Loss: 0.8798 (Avg: 0.9036) Dice: 0.3295 (Avg: 0.2695) IoU: 0.2116 (Avg: 0.1747)
Train Epoch: [2][37/138] Loss: 0.8708 (Avg: 0.9027) Dice: 0.4081 (Avg: 0.2732) IoU: 0.2908 (Avg: 0.1778)
Train Epoch: [2][38/138] Loss: 0.8238 (Avg: 0.9006) Dice: 0.4913 (Avg: 0.2790) IoU: 0.3313 (Avg: 0.1819)
Train Epoch: [2][39/138] Loss: 0.8818 (Avg: 0.9002) Dice: 0.4388 (Avg: 0.2831) IoU: 0.3169 (Avg: 0.1853)
Train Epoch: [2][40/138] Loss: 0.8875 (Avg: 0.8998) Dice: 0.3971 (Avg: 0.2859) IoU: 0.2688 (Avg: 0.1874)
Train Epoch: [2][41/138] Loss: 0.9629 (Avg: 0.9014) Dice: 0.0964 (Avg: 0.2813) IoU: 0.0554 (Avg: 0.1842)
Train Epoch: [2][42/138] Loss: 0.9806 (Avg: 0.9033) Dice: 0.0225 (Avg: 0.2751) IoU: 0.0118 (Avg: 0.1801)
Train Epoch: [2][43/138] Loss: 0.8840 (Avg: 0.9028) Dice: 0.3011 (Avg: 0.2757) IoU: 0.1958 (Avg: 0.1805)
Train Epoch: [2][44/138] Loss: 0.9068 (Avg: 0.9029) Dice: 0.1641 (Avg: 0.2732) IoU: 0.1050 (Avg: 0.1788)
Train Epoch: [2][45/138] Loss: 0.9643 (Avg: 0.9043) Dice: 0.1190 (Avg: 0.2698) IoU: 0.0678 (Avg: 0.1763)
Train Epoch: [2][46/138] Loss: 0.9472 (Avg: 0.9052) Dice: 0.1198 (Avg: 0.2665) IoU: 0.0645 (Avg: 0.1739)
Train Epoch: [2][47/138] Loss: 0.8995 (Avg: 0.9051) Dice: 0.2102 (Avg: 0.2653) IoU: 0.1465 (Avg: 0.1733)
Train Epoch: [2][48/138] Loss: 0.9679 (Avg: 0.9064) Dice: 0.0985 (Avg: 0.2618) IoU: 0.0548 (Avg: 0.1708)
Train Epoch: [2][49/138] Loss: 0.9463 (Avg: 0.9072) Dice: 0.1781 (Avg: 0.2601) IoU: 0.1040 (Avg: 0.1694)
Train Epoch: [2][50/138] Loss: 0.8990 (Avg: 0.9070) Dice: 0.3336 (Avg: 0.2616) IoU: 0.2129 (Avg: 0.1703)
Train Epoch: [2][51/138] Loss: 0.9164 (Avg: 0.9072) Dice: 0.2223 (Avg: 0.2608) IoU: 0.1374 (Avg: 0.1697)
Train Epoch: [2][52/138] Loss: 0.8371 (Avg: 0.9059) Dice: 0.4401 (Avg: 0.2643) IoU: 0.3141 (Avg: 0.1724)
Train Epoch: [2][53/138] Loss: 0.9342 (Avg: 0.9064) Dice: 0.1338 (Avg: 0.2618) IoU: 0.0782 (Avg: 0.1707)
Train Epoch: [2][54/138] Loss: 0.8725 (Avg: 0.9058) Dice: 0.3848 (Avg: 0.2641) IoU: 0.2528 (Avg: 0.1722)
Train Epoch: [2][55/138] Loss: 0.8899 (Avg: 0.9055) Dice: 0.3906 (Avg: 0.2664) IoU: 0.2491 (Avg: 0.1736)
Train Epoch: [2][56/138] Loss: 0.9554 (Avg: 0.9064) Dice: 0.1610 (Avg: 0.2645) IoU: 0.0907 (Avg: 0.1721)
Train Epoch: [2][57/138] Loss: 0.8705 (Avg: 0.9058) Dice: 0.3336 (Avg: 0.2657) IoU: 0.2191 (Avg: 0.1729)
Train Epoch: [2][58/138] Loss: 0.8775 (Avg: 0.9053) Dice: 0.3399 (Avg: 0.2670) IoU: 0.2235 (Avg: 0.1738)
Train Epoch: [2][59/138] Loss: 0.9276 (Avg: 0.9056) Dice: 0.2840 (Avg: 0.2673) IoU: 0.1779 (Avg: 0.1739)
Train Epoch: [2][60/138] Loss: 0.8387 (Avg: 0.9045) Dice: 0.4360 (Avg: 0.2701) IoU: 0.3135 (Avg: 0.1762)
Train Epoch: [2][61/138] Loss: 0.8593 (Avg: 0.9038) Dice: 0.5194 (Avg: 0.2742) IoU: 0.3747 (Avg: 0.1795)
Train Epoch: [2][62/138] Loss: 0.8333 (Avg: 0.9027) Dice: 0.5151 (Avg: 0.2781) IoU: 0.3501 (Avg: 0.1822)
Train Epoch: [2][63/138] Loss: 0.8912 (Avg: 0.9025) Dice: 0.3328 (Avg: 0.2789) IoU: 0.2235 (Avg: 0.1829)
Train Epoch: [2][64/138] Loss: 0.9766 (Avg: 0.9036) Dice: 0.0807 (Avg: 0.2758) IoU: 0.0441 (Avg: 0.1807)
Train Epoch: [2][65/138] Loss: 0.8453 (Avg: 0.9027) Dice: 0.4204 (Avg: 0.2781) IoU: 0.2788 (Avg: 0.1822)
Train Epoch: [2][66/138] Loss: 0.9030 (Avg: 0.9027) Dice: 0.3176 (Avg: 0.2787) IoU: 0.2051 (Avg: 0.1826)
Train Epoch: [2][67/138] Loss: 0.9450 (Avg: 0.9034) Dice: 0.2086 (Avg: 0.2776) IoU: 0.1227 (Avg: 0.1817)
Train Epoch: [2][68/138] Loss: 0.8784 (Avg: 0.9030) Dice: 0.3262 (Avg: 0.2783) IoU: 0.2073 (Avg: 0.1820)
Train Epoch: [2][69/138] Loss: 0.8886 (Avg: 0.9028) Dice: 0.2602 (Avg: 0.2781) IoU: 0.1586 (Avg: 0.1817)
Train Epoch: [2][70/138] Loss: 0.8662 (Avg: 0.9023) Dice: 0.2869 (Avg: 0.2782) IoU: 0.2030 (Avg: 0.1820)
Train Epoch: [2][71/138] Loss: 0.9625 (Avg: 0.9031) Dice: 0.0819 (Avg: 0.2754) IoU: 0.0441 (Avg: 0.1801)
Train Epoch: [2][72/138] Loss: 0.9073 (Avg: 0.9032) Dice: 0.2181 (Avg: 0.2746) IoU: 0.1289 (Avg: 0.1793)
Train Epoch: [2][73/138] Loss: 0.8519 (Avg: 0.9025) Dice: 0.4206 (Avg: 0.2766) IoU: 0.2812 (Avg: 0.1807)
Train Epoch: [2][74/138] Loss: 0.8947 (Avg: 0.9024) Dice: 0.3222 (Avg: 0.2772) IoU: 0.2014 (Avg: 0.1810)
Train Epoch: [2][75/138] Loss: 0.9861 (Avg: 0.9035) Dice: 0.0640 (Avg: 0.2744) IoU: 0.0347 (Avg: 0.1791)
Train Epoch: [2][76/138] Loss: 0.9052 (Avg: 0.9035) Dice: 0.1983 (Avg: 0.2734) IoU: 0.1155 (Avg: 0.1782)
Train Epoch: [2][77/138] Loss: 0.8916 (Avg: 0.9034) Dice: 0.3350 (Avg: 0.2742) IoU: 0.2181 (Avg: 0.1788)
Train Epoch: [2][78/138] Loss: 0.9667 (Avg: 0.9042) Dice: 0.1996 (Avg: 0.2732) IoU: 0.1328 (Avg: 0.1782)
Train Epoch: [2][79/138] Loss: 0.9348 (Avg: 0.9046) Dice: 0.2464 (Avg: 0.2729) IoU: 0.1419 (Avg: 0.1777)
Train Epoch: [2][80/138] Loss: 0.9395 (Avg: 0.9050) Dice: 0.3298 (Avg: 0.2736) IoU: 0.2089 (Avg: 0.1781)
Train Epoch: [2][81/138] Loss: 0.9308 (Avg: 0.9053) Dice: 0.3044 (Avg: 0.2740) IoU: 0.1965 (Avg: 0.1783)
Train Epoch: [2][82/138] Loss: 0.9400 (Avg: 0.9057) Dice: 0.2423 (Avg: 0.2736) IoU: 0.1486 (Avg: 0.1780)
Train Epoch: [2][83/138] Loss: 0.9084 (Avg: 0.9058) Dice: 0.2898 (Avg: 0.2738) IoU: 0.1762 (Avg: 0.1779)
Train Epoch: [2][84/138] Loss: 0.9482 (Avg: 0.9063) Dice: 0.1014 (Avg: 0.2718) IoU: 0.0556 (Avg: 0.1765)
Train Epoch: [2][85/138] Loss: 0.9839 (Avg: 0.9072) Dice: 0.0504 (Avg: 0.2691) IoU: 0.0265 (Avg: 0.1747)
Train Epoch: [2][86/138] Loss: 0.9527 (Avg: 0.9077) Dice: 0.0711 (Avg: 0.2668) IoU: 0.0383 (Avg: 0.1731)
Train Epoch: [2][87/138] Loss: 0.8455 (Avg: 0.9070) Dice: 0.4009 (Avg: 0.2684) IoU: 0.2864 (Avg: 0.1744)
Train Epoch: [2][88/138] Loss: 0.9878 (Avg: 0.9079) Dice: 0.0242 (Avg: 0.2656) IoU: 0.0124 (Avg: 0.1726)
Train Epoch: [2][89/138] Loss: 0.8907 (Avg: 0.9077) Dice: 0.3603 (Avg: 0.2667) IoU: 0.2547 (Avg: 0.1735)
Train Epoch: [2][90/138] Loss: 0.8646 (Avg: 0.9072) Dice: 0.3946 (Avg: 0.2681) IoU: 0.2683 (Avg: 0.1746)
Train Epoch: [2][91/138] Loss: 0.9657 (Avg: 0.9079) Dice: 0.0662 (Avg: 0.2659) IoU: 0.0354 (Avg: 0.1730)
Train Epoch: [2][92/138] Loss: 0.9110 (Avg: 0.9079) Dice: 0.2952 (Avg: 0.2662) IoU: 0.1854 (Avg: 0.1732)
Train Epoch: [2][93/138] Loss: 0.9253 (Avg: 0.9081) Dice: 0.2859 (Avg: 0.2664) IoU: 0.1709 (Avg: 0.1731)
Train Epoch: [2][94/138] Loss: 0.9537 (Avg: 0.9086) Dice: 0.1540 (Avg: 0.2652) IoU: 0.0882 (Avg: 0.1722)
Train Epoch: [2][95/138] Loss: 0.8380 (Avg: 0.9078) Dice: 0.3958 (Avg: 0.2666) IoU: 0.2650 (Avg: 0.1732)
Train Epoch: [2][96/138] Loss: 0.9005 (Avg: 0.9078) Dice: 0.2971 (Avg: 0.2669) IoU: 0.1853 (Avg: 0.1733)
Train Epoch: [2][97/138] Loss: 0.9385 (Avg: 0.9081) Dice: 0.1627 (Avg: 0.2658) IoU: 0.0956 (Avg: 0.1725)
Train Epoch: [2][98/138] Loss: 0.9544 (Avg: 0.9086) Dice: 0.3110 (Avg: 0.2663) IoU: 0.2211 (Avg: 0.1730)
Train Epoch: [2][99/138] Loss: 0.9584 (Avg: 0.9091) Dice: 0.2624 (Avg: 0.2663) IoU: 0.1584 (Avg: 0.1729)
Train Epoch: [2][100/138] Loss: 0.8589 (Avg: 0.9086) Dice: 0.4793 (Avg: 0.2684) IoU: 0.3314 (Avg: 0.1745)
Train Epoch: [2][101/138] Loss: 0.9065 (Avg: 0.9085) Dice: 0.2444 (Avg: 0.2681) IoU: 0.1523 (Avg: 0.1743)
Train Epoch: [2][102/138] Loss: 0.8818 (Avg: 0.9083) Dice: 0.3069 (Avg: 0.2685) IoU: 0.1929 (Avg: 0.1744)
Train Epoch: [2][103/138] Loss: 0.8931 (Avg: 0.9081) Dice: 0.2574 (Avg: 0.2684) IoU: 0.1609 (Avg: 0.1743)
Train Epoch: [2][104/138] Loss: 0.8480 (Avg: 0.9076) Dice: 0.3601 (Avg: 0.2693) IoU: 0.2402 (Avg: 0.1749)
Train Epoch: [2][105/138] Loss: 0.8461 (Avg: 0.9070) Dice: 0.3768 (Avg: 0.2703) IoU: 0.2536 (Avg: 0.1757)
Train Epoch: [2][106/138] Loss: 0.9320 (Avg: 0.9072) Dice: 0.2490 (Avg: 0.2701) IoU: 0.1615 (Avg: 0.1756)
Train Epoch: [2][107/138] Loss: 0.9043 (Avg: 0.9072) Dice: 0.2706 (Avg: 0.2701) IoU: 0.1652 (Avg: 0.1755)
Train Epoch: [2][108/138] Loss: 0.9400 (Avg: 0.9075) Dice: 0.2973 (Avg: 0.2704) IoU: 0.1888 (Avg: 0.1756)
Train Epoch: [2][109/138] Loss: 0.9264 (Avg: 0.9077) Dice: 0.1303 (Avg: 0.2691) IoU: 0.0774 (Avg: 0.1747)
Train Epoch: [2][110/138] Loss: 0.9717 (Avg: 0.9082) Dice: 0.0763 (Avg: 0.2673) IoU: 0.0401 (Avg: 0.1735)
Train Epoch: [2][111/138] Loss: 0.8800 (Avg: 0.9080) Dice: 0.2524 (Avg: 0.2672) IoU: 0.1540 (Avg: 0.1733)
Train Epoch: [2][112/138] Loss: 0.8962 (Avg: 0.9079) Dice: 0.2624 (Avg: 0.2672) IoU: 0.1652 (Avg: 0.1732)
Train Epoch: [2][113/138] Loss: 0.9172 (Avg: 0.9080) Dice: 0.2556 (Avg: 0.2671) IoU: 0.1673 (Avg: 0.1732)
Train Epoch: [2][114/138] Loss: 0.8939 (Avg: 0.9078) Dice: 0.2886 (Avg: 0.2672) IoU: 0.1707 (Avg: 0.1731)
Train Epoch: [2][115/138] Loss: 0.7880 (Avg: 0.9068) Dice: 0.4840 (Avg: 0.2691) IoU: 0.3242 (Avg: 0.1745)
Train Epoch: [2][116/138] Loss: 0.9149 (Avg: 0.9069) Dice: 0.3000 (Avg: 0.2694) IoU: 0.1841 (Avg: 0.1745)
Train Epoch: [2][117/138] Loss: 0.8956 (Avg: 0.9068) Dice: 0.2581 (Avg: 0.2693) IoU: 0.1505 (Avg: 0.1743)
Train Epoch: [2][118/138] Loss: 0.9354 (Avg: 0.9070) Dice: 0.2210 (Avg: 0.2689) IoU: 0.1367 (Avg: 0.1740)
Train Epoch: [2][119/138] Loss: 0.9265 (Avg: 0.9072) Dice: 0.3370 (Avg: 0.2695) IoU: 0.2250 (Avg: 0.1744)
Train Epoch: [2][120/138] Loss: 0.9213 (Avg: 0.9073) Dice: 0.1993 (Avg: 0.2689) IoU: 0.1128 (Avg: 0.1739)
Train Epoch: [2][121/138] Loss: 0.9148 (Avg: 0.9074) Dice: 0.3251 (Avg: 0.2693) IoU: 0.1980 (Avg: 0.1741)
Train Epoch: [2][122/138] Loss: 0.7445 (Avg: 0.9060) Dice: 0.6672 (Avg: 0.2726) IoU: 0.5190 (Avg: 0.1770)
Train Epoch: [2][123/138] Loss: 0.8438 (Avg: 0.9055) Dice: 0.4746 (Avg: 0.2742) IoU: 0.3553 (Avg: 0.1784)
Train Epoch: [2][124/138] Loss: 0.7681 (Avg: 0.9044) Dice: 0.4618 (Avg: 0.2758) IoU: 0.3042 (Avg: 0.1794)
Train Epoch: [2][125/138] Loss: 0.7474 (Avg: 0.9031) Dice: 0.6742 (Avg: 0.2789) IoU: 0.5186 (Avg: 0.1821)
Train Epoch: [2][126/138] Loss: 0.8232 (Avg: 0.9025) Dice: 0.3466 (Avg: 0.2795) IoU: 0.2478 (Avg: 0.1826)
Train Epoch: [2][127/138] Loss: 0.8573 (Avg: 0.9022) Dice: 0.3540 (Avg: 0.2801) IoU: 0.2210 (Avg: 0.1830)
Train Epoch: [2][128/138] Loss: 0.9778 (Avg: 0.9027) Dice: 0.0393 (Avg: 0.2782) IoU: 0.0202 (Avg: 0.1817)
Train Epoch: [2][129/138] Loss: 0.8799 (Avg: 0.9026) Dice: 0.3021 (Avg: 0.2784) IoU: 0.2200 (Avg: 0.1820)
Train Epoch: [2][130/138] Loss: 0.8508 (Avg: 0.9022) Dice: 0.3333 (Avg: 0.2788) IoU: 0.2199 (Avg: 0.1823)
Train Epoch: [2][131/138] Loss: 0.9249 (Avg: 0.9023) Dice: 0.1480 (Avg: 0.2778) IoU: 0.0819 (Avg: 0.1815)
Train Epoch: [2][132/138] Loss: 0.9744 (Avg: 0.9029) Dice: 0.1002 (Avg: 0.2765) IoU: 0.0538 (Avg: 0.1805)
Train Epoch: [2][133/138] Loss: 0.9675 (Avg: 0.9034) Dice: 0.0670 (Avg: 0.2749) IoU: 0.0348 (Avg: 0.1794)
Train Epoch: [2][134/138] Loss: 0.8846 (Avg: 0.9032) Dice: 0.3148 (Avg: 0.2752) IoU: 0.2169 (Avg: 0.1797)
Train Epoch: [2][135/138] Loss: 0.9261 (Avg: 0.9034) Dice: 0.2403 (Avg: 0.2749) IoU: 0.1467 (Avg: 0.1795)
Train Epoch: [2][136/138] Loss: 0.9247 (Avg: 0.9036) Dice: 0.3108 (Avg: 0.2752) IoU: 0.1926 (Avg: 0.1796)
Train Epoch: [2][137/138] Loss: 0.9527 (Avg: 0.9039) Dice: 0.1472 (Avg: 0.2743) IoU: 0.0803 (Avg: 0.1788)
Train Epoch: [2][138/138] Loss: 0.9641 (Avg: 0.8991) Dice: 0.0650 (Avg: 0.2724) IoU: 0.0336 (Avg: 0.1776)
Validation Epoch: [2] Avg Loss: 0.8880 Avg Dice: 0.3552 Avg IoU: 0.2369
	 Best dice improved from 0.1342 to 0.3552
	 Model saved to ImageEncoder_Pretrain\UNet\Pretrain_05.25_10h55\models\best_model-UNet.pth.tar

========= Epoch [3/50] =========
Train Epoch: [3][1/138] Loss: 0.7961 (Avg: 0.7961) Dice: 0.5079 (Avg: 0.5079) IoU: 0.3938 (Avg: 0.3938)
Train Epoch: [3][2/138] Loss: 0.9227 (Avg: 0.8594) Dice: 0.2928 (Avg: 0.4003) IoU: 0.2021 (Avg: 0.2980)
Train Epoch: [3][3/138] Loss: 0.9561 (Avg: 0.8916) Dice: 0.2174 (Avg: 0.3394) IoU: 0.1386 (Avg: 0.2448)
Train Epoch: [3][4/138] Loss: 0.8518 (Avg: 0.8817) Dice: 0.4443 (Avg: 0.3656) IoU: 0.2907 (Avg: 0.2563)
Train Epoch: [3][5/138] Loss: 0.9676 (Avg: 0.8988) Dice: 0.1038 (Avg: 0.3132) IoU: 0.0579 (Avg: 0.2166)
Train Epoch: [3][6/138] Loss: 0.8711 (Avg: 0.8942) Dice: 0.4019 (Avg: 0.3280) IoU: 0.2612 (Avg: 0.2240)
Train Epoch: [3][7/138] Loss: 0.9208 (Avg: 0.8980) Dice: 0.3135 (Avg: 0.3259) IoU: 0.1893 (Avg: 0.2191)
Train Epoch: [3][8/138] Loss: 0.9202 (Avg: 0.9008) Dice: 0.2083 (Avg: 0.3112) IoU: 0.1191 (Avg: 0.2066)
Train Epoch: [3][9/138] Loss: 0.8950 (Avg: 0.9001) Dice: 0.3531 (Avg: 0.3159) IoU: 0.2188 (Avg: 0.2079)
Train Epoch: [3][10/138] Loss: 0.8502 (Avg: 0.8951) Dice: 0.4198 (Avg: 0.3263) IoU: 0.2993 (Avg: 0.2171)
Train Epoch: [3][11/138] Loss: 0.7830 (Avg: 0.8849) Dice: 0.6490 (Avg: 0.3556) IoU: 0.5095 (Avg: 0.2437)
Train Epoch: [3][12/138] Loss: 0.9462 (Avg: 0.8900) Dice: 0.2298 (Avg: 0.3451) IoU: 0.1629 (Avg: 0.2369)
Train Epoch: [3][13/138] Loss: 0.9551 (Avg: 0.8951) Dice: 0.2582 (Avg: 0.3385) IoU: 0.1585 (Avg: 0.2309)
Train Epoch: [3][14/138] Loss: 0.9616 (Avg: 0.8998) Dice: 0.1998 (Avg: 0.3285) IoU: 0.1127 (Avg: 0.2225)
Train Epoch: [3][15/138] Loss: 0.8660 (Avg: 0.8976) Dice: 0.4347 (Avg: 0.3356) IoU: 0.2985 (Avg: 0.2275)
Train Epoch: [3][16/138] Loss: 0.8305 (Avg: 0.8934) Dice: 0.3983 (Avg: 0.3395) IoU: 0.2581 (Avg: 0.2294)
Train Epoch: [3][17/138] Loss: 0.9082 (Avg: 0.8942) Dice: 0.2605 (Avg: 0.3349) IoU: 0.1598 (Avg: 0.2253)
Train Epoch: [3][18/138] Loss: 0.9095 (Avg: 0.8951) Dice: 0.3032 (Avg: 0.3331) IoU: 0.1992 (Avg: 0.2239)
Train Epoch: [3][19/138] Loss: 0.8094 (Avg: 0.8906) Dice: 0.4731 (Avg: 0.3405) IoU: 0.3203 (Avg: 0.2290)
Train Epoch: [3][20/138] Loss: 0.9419 (Avg: 0.8931) Dice: 0.1765 (Avg: 0.3323) IoU: 0.1135 (Avg: 0.2232)
Train Epoch: [3][21/138] Loss: 0.8441 (Avg: 0.8908) Dice: 0.4745 (Avg: 0.3391) IoU: 0.3177 (Avg: 0.2277)
Train Epoch: [3][22/138] Loss: 0.9313 (Avg: 0.8926) Dice: 0.2430 (Avg: 0.3347) IoU: 0.1420 (Avg: 0.2238)
Train Epoch: [3][23/138] Loss: 0.8627 (Avg: 0.8913) Dice: 0.3770 (Avg: 0.3365) IoU: 0.2383 (Avg: 0.2244)
Train Epoch: [3][24/138] Loss: 0.9207 (Avg: 0.8926) Dice: 0.2280 (Avg: 0.3320) IoU: 0.1337 (Avg: 0.2206)
Train Epoch: [3][25/138] Loss: 0.8473 (Avg: 0.8908) Dice: 0.4977 (Avg: 0.3386) IoU: 0.3480 (Avg: 0.2257)
Train Epoch: [3][26/138] Loss: 0.9425 (Avg: 0.8927) Dice: 0.2381 (Avg: 0.3348) IoU: 0.1411 (Avg: 0.2225)
Train Epoch: [3][27/138] Loss: 0.8742 (Avg: 0.8921) Dice: 0.2965 (Avg: 0.3334) IoU: 0.1970 (Avg: 0.2215)
Train Epoch: [3][28/138] Loss: 0.8588 (Avg: 0.8909) Dice: 0.4013 (Avg: 0.3358) IoU: 0.2552 (Avg: 0.2227)
Train Epoch: [3][29/138] Loss: 0.8334 (Avg: 0.8889) Dice: 0.3859 (Avg: 0.3375) IoU: 0.2911 (Avg: 0.2251)
Train Epoch: [3][30/138] Loss: 0.9068 (Avg: 0.8895) Dice: 0.3125 (Avg: 0.3367) IoU: 0.1968 (Avg: 0.2242)
Train Epoch: [3][31/138] Loss: 0.7725 (Avg: 0.8857) Dice: 0.5527 (Avg: 0.3437) IoU: 0.3904 (Avg: 0.2295)
Train Epoch: [3][32/138] Loss: 0.8400 (Avg: 0.8843) Dice: 0.5263 (Avg: 0.3494) IoU: 0.3908 (Avg: 0.2346)
Train Epoch: [3][33/138] Loss: 0.8714 (Avg: 0.8839) Dice: 0.3704 (Avg: 0.3500) IoU: 0.2596 (Avg: 0.2353)
Train Epoch: [3][34/138] Loss: 0.8163 (Avg: 0.8819) Dice: 0.3085 (Avg: 0.3488) IoU: 0.1955 (Avg: 0.2341)
Train Epoch: [3][35/138] Loss: 0.9212 (Avg: 0.8830) Dice: 0.1850 (Avg: 0.3441) IoU: 0.1085 (Avg: 0.2306)
Train Epoch: [3][36/138] Loss: 0.9720 (Avg: 0.8855) Dice: 0.0306 (Avg: 0.3354) IoU: 0.0163 (Avg: 0.2246)
Train Epoch: [3][37/138] Loss: 0.8972 (Avg: 0.8858) Dice: 0.3183 (Avg: 0.3349) IoU: 0.2154 (Avg: 0.2244)
Train Epoch: [3][38/138] Loss: 0.8961 (Avg: 0.8861) Dice: 0.2838 (Avg: 0.3336) IoU: 0.1796 (Avg: 0.2232)
Train Epoch: [3][39/138] Loss: 0.9480 (Avg: 0.8877) Dice: 0.1156 (Avg: 0.3280) IoU: 0.0619 (Avg: 0.2190)
Train Epoch: [3][40/138] Loss: 0.8979 (Avg: 0.8879) Dice: 0.3647 (Avg: 0.3289) IoU: 0.2823 (Avg: 0.2206)
Train Epoch: [3][41/138] Loss: 0.9146 (Avg: 0.8886) Dice: 0.2501 (Avg: 0.3270) IoU: 0.1534 (Avg: 0.2190)
Train Epoch: [3][42/138] Loss: 0.9404 (Avg: 0.8898) Dice: 0.2214 (Avg: 0.3245) IoU: 0.1259 (Avg: 0.2168)
Train Epoch: [3][43/138] Loss: 0.8257 (Avg: 0.8883) Dice: 0.3538 (Avg: 0.3252) IoU: 0.2308 (Avg: 0.2171)
Train Epoch: [3][44/138] Loss: 0.9468 (Avg: 0.8897) Dice: 0.1178 (Avg: 0.3204) IoU: 0.0663 (Avg: 0.2137)
Train Epoch: [3][45/138] Loss: 0.9124 (Avg: 0.8902) Dice: 0.2567 (Avg: 0.3190) IoU: 0.1493 (Avg: 0.2122)
Train Epoch: [3][46/138] Loss: 0.7937 (Avg: 0.8881) Dice: 0.5446 (Avg: 0.3239) IoU: 0.3807 (Avg: 0.2159)
Train Epoch: [3][47/138] Loss: 0.8635 (Avg: 0.8875) Dice: 0.4561 (Avg: 0.3267) IoU: 0.3098 (Avg: 0.2179)
Train Epoch: [3][48/138] Loss: 0.8416 (Avg: 0.8866) Dice: 0.3885 (Avg: 0.3280) IoU: 0.2619 (Avg: 0.2188)
Train Epoch: [3][49/138] Loss: 0.7657 (Avg: 0.8841) Dice: 0.6563 (Avg: 0.3347) IoU: 0.4939 (Avg: 0.2244)
Train Epoch: [3][50/138] Loss: 0.9319 (Avg: 0.8851) Dice: 0.1256 (Avg: 0.3305) IoU: 0.0711 (Avg: 0.2214)
Train Epoch: [3][51/138] Loss: 0.9297 (Avg: 0.8859) Dice: 0.1962 (Avg: 0.3279) IoU: 0.1157 (Avg: 0.2193)
Train Epoch: [3][52/138] Loss: 0.9218 (Avg: 0.8866) Dice: 0.2634 (Avg: 0.3267) IoU: 0.1598 (Avg: 0.2181)
Train Epoch: [3][53/138] Loss: 0.7917 (Avg: 0.8848) Dice: 0.5154 (Avg: 0.3302) IoU: 0.3687 (Avg: 0.2210)
Train Epoch: [3][54/138] Loss: 0.9366 (Avg: 0.8858) Dice: 0.1808 (Avg: 0.3275) IoU: 0.1077 (Avg: 0.2189)
Train Epoch: [3][55/138] Loss: 0.9168 (Avg: 0.8864) Dice: 0.2663 (Avg: 0.3264) IoU: 0.1693 (Avg: 0.2180)
Train Epoch: [3][56/138] Loss: 0.8527 (Avg: 0.8858) Dice: 0.4435 (Avg: 0.3284) IoU: 0.2932 (Avg: 0.2193)
Train Epoch: [3][57/138] Loss: 0.9096 (Avg: 0.8862) Dice: 0.5501 (Avg: 0.3323) IoU: 0.2201 (Avg: 0.2193)
Train Epoch: [3][58/138] Loss: 0.8263 (Avg: 0.8852) Dice: 0.4385 (Avg: 0.3342) IoU: 0.3140 (Avg: 0.2210)
Train Epoch: [3][59/138] Loss: 0.9162 (Avg: 0.8857) Dice: 0.2506 (Avg: 0.3327) IoU: 0.1727 (Avg: 0.2202)
Train Epoch: [3][60/138] Loss: 0.8882 (Avg: 0.8857) Dice: 0.3153 (Avg: 0.3325) IoU: 0.1989 (Avg: 0.2198)
Train Epoch: [3][61/138] Loss: 0.8437 (Avg: 0.8850) Dice: 0.4386 (Avg: 0.3342) IoU: 0.3038 (Avg: 0.2212)
Train Epoch: [3][62/138] Loss: 0.9051 (Avg: 0.8854) Dice: 0.3980 (Avg: 0.3352) IoU: 0.2715 (Avg: 0.2220)
Train Epoch: [3][63/138] Loss: 0.7802 (Avg: 0.8837) Dice: 0.5429 (Avg: 0.3385) IoU: 0.3898 (Avg: 0.2247)
Train Epoch: [3][64/138] Loss: 0.7903 (Avg: 0.8822) Dice: 0.4887 (Avg: 0.3409) IoU: 0.3740 (Avg: 0.2270)
Train Epoch: [3][65/138] Loss: 0.8378 (Avg: 0.8815) Dice: 0.4419 (Avg: 0.3424) IoU: 0.2896 (Avg: 0.2279)
Train Epoch: [3][66/138] Loss: 0.9279 (Avg: 0.8822) Dice: 0.2034 (Avg: 0.3403) IoU: 0.1184 (Avg: 0.2263)
Train Epoch: [3][67/138] Loss: 0.8653 (Avg: 0.8820) Dice: 0.4215 (Avg: 0.3415) IoU: 0.2881 (Avg: 0.2272)
Train Epoch: [3][68/138] Loss: 0.8341 (Avg: 0.8813) Dice: 0.4054 (Avg: 0.3425) IoU: 0.2888 (Avg: 0.2281)
Train Epoch: [3][69/138] Loss: 0.9460 (Avg: 0.8822) Dice: 0.1756 (Avg: 0.3400) IoU: 0.0980 (Avg: 0.2262)
Train Epoch: [3][70/138] Loss: 0.9292 (Avg: 0.8829) Dice: 0.2059 (Avg: 0.3381) IoU: 0.1171 (Avg: 0.2247)
Train Epoch: [3][71/138] Loss: 0.8959 (Avg: 0.8831) Dice: 0.2992 (Avg: 0.3376) IoU: 0.1768 (Avg: 0.2240)
Train Epoch: [3][72/138] Loss: 0.8295 (Avg: 0.8823) Dice: 0.4866 (Avg: 0.3397) IoU: 0.3450 (Avg: 0.2257)
Train Epoch: [3][73/138] Loss: 0.8264 (Avg: 0.8816) Dice: 0.3988 (Avg: 0.3405) IoU: 0.2519 (Avg: 0.2260)
Train Epoch: [3][74/138] Loss: 0.9878 (Avg: 0.8830) Dice: 0.0258 (Avg: 0.3362) IoU: 0.0132 (Avg: 0.2232)
Train Epoch: [3][75/138] Loss: 0.7890 (Avg: 0.8818) Dice: 0.5362 (Avg: 0.3389) IoU: 0.3907 (Avg: 0.2254)
Train Epoch: [3][76/138] Loss: 0.8606 (Avg: 0.8815) Dice: 0.4166 (Avg: 0.3399) IoU: 0.2771 (Avg: 0.2261)
Train Epoch: [3][77/138] Loss: 0.8362 (Avg: 0.8809) Dice: 0.3394 (Avg: 0.3399) IoU: 0.2186 (Avg: 0.2260)
Train Epoch: [3][78/138] Loss: 0.9174 (Avg: 0.8814) Dice: 0.2198 (Avg: 0.3384) IoU: 0.1292 (Avg: 0.2247)
Train Epoch: [3][79/138] Loss: 0.9335 (Avg: 0.8820) Dice: 0.2759 (Avg: 0.3376) IoU: 0.1675 (Avg: 0.2240)
Train Epoch: [3][80/138] Loss: 0.8812 (Avg: 0.8820) Dice: 0.3170 (Avg: 0.3373) IoU: 0.2098 (Avg: 0.2238)
Train Epoch: [3][81/138] Loss: 0.8325 (Avg: 0.8814) Dice: 0.3500 (Avg: 0.3375) IoU: 0.2186 (Avg: 0.2238)
Train Epoch: [3][82/138] Loss: 0.8682 (Avg: 0.8812) Dice: 0.3727 (Avg: 0.3379) IoU: 0.2655 (Avg: 0.2243)
Train Epoch: [3][83/138] Loss: 0.8719 (Avg: 0.8811) Dice: 0.3013 (Avg: 0.3375) IoU: 0.1815 (Avg: 0.2238)
Train Epoch: [3][84/138] Loss: 0.9407 (Avg: 0.8818) Dice: 0.2541 (Avg: 0.3365) IoU: 0.1812 (Avg: 0.2233)
Train Epoch: [3][85/138] Loss: 0.7844 (Avg: 0.8807) Dice: 0.5333 (Avg: 0.3388) IoU: 0.3707 (Avg: 0.2250)
Train Epoch: [3][86/138] Loss: 0.8550 (Avg: 0.8804) Dice: 0.3661 (Avg: 0.3391) IoU: 0.2594 (Avg: 0.2254)
Train Epoch: [3][87/138] Loss: 0.8749 (Avg: 0.8803) Dice: 0.3391 (Avg: 0.3391) IoU: 0.2576 (Avg: 0.2258)
Train Epoch: [3][88/138] Loss: 0.8879 (Avg: 0.8804) Dice: 0.3594 (Avg: 0.3393) IoU: 0.2293 (Avg: 0.2258)
Train Epoch: [3][89/138] Loss: 0.8170 (Avg: 0.8797) Dice: 0.5569 (Avg: 0.3418) IoU: 0.3880 (Avg: 0.2276)
Train Epoch: [3][90/138] Loss: 0.8559 (Avg: 0.8794) Dice: 0.4248 (Avg: 0.3427) IoU: 0.2838 (Avg: 0.2282)
Train Epoch: [3][91/138] Loss: 0.8911 (Avg: 0.8796) Dice: 0.2992 (Avg: 0.3422) IoU: 0.1892 (Avg: 0.2278)
Train Epoch: [3][92/138] Loss: 0.7448 (Avg: 0.8781) Dice: 0.6547 (Avg: 0.3456) IoU: 0.4952 (Avg: 0.2307)
Train Epoch: [3][93/138] Loss: 0.8686 (Avg: 0.8780) Dice: 0.4619 (Avg: 0.3469) IoU: 0.3050 (Avg: 0.2315)
Train Epoch: [3][94/138] Loss: 0.8526 (Avg: 0.8777) Dice: 0.3560 (Avg: 0.3470) IoU: 0.2200 (Avg: 0.2314)
Train Epoch: [3][95/138] Loss: 0.9445 (Avg: 0.8784) Dice: 0.2602 (Avg: 0.3460) IoU: 0.1570 (Avg: 0.2306)
Train Epoch: [3][96/138] Loss: 0.9631 (Avg: 0.8793) Dice: 0.1791 (Avg: 0.3443) IoU: 0.1016 (Avg: 0.2293)
Train Epoch: [3][97/138] Loss: 0.7881 (Avg: 0.8784) Dice: 0.4352 (Avg: 0.3452) IoU: 0.3378 (Avg: 0.2304)
Train Epoch: [3][98/138] Loss: 0.9210 (Avg: 0.8788) Dice: 0.2128 (Avg: 0.3439) IoU: 0.1493 (Avg: 0.2296)
Train Epoch: [3][99/138] Loss: 0.8863 (Avg: 0.8789) Dice: 0.3520 (Avg: 0.3440) IoU: 0.2369 (Avg: 0.2296)
Train Epoch: [3][100/138] Loss: 0.9029 (Avg: 0.8791) Dice: 0.2691 (Avg: 0.3432) IoU: 0.1744 (Avg: 0.2291)
Train Epoch: [3][101/138] Loss: 0.9291 (Avg: 0.8796) Dice: 0.1542 (Avg: 0.3414) IoU: 0.0892 (Avg: 0.2277)
Train Epoch: [3][102/138] Loss: 0.8718 (Avg: 0.8795) Dice: 0.3317 (Avg: 0.3413) IoU: 0.2043 (Avg: 0.2275)
Train Epoch: [3][103/138] Loss: 0.8692 (Avg: 0.8794) Dice: 0.3905 (Avg: 0.3417) IoU: 0.2583 (Avg: 0.2278)
Train Epoch: [3][104/138] Loss: 0.7813 (Avg: 0.8785) Dice: 0.4532 (Avg: 0.3428) IoU: 0.3296 (Avg: 0.2288)
Train Epoch: [3][105/138] Loss: 0.9177 (Avg: 0.8789) Dice: 0.1713 (Avg: 0.3412) IoU: 0.1009 (Avg: 0.2275)
Train Epoch: [3][106/138] Loss: 0.9182 (Avg: 0.8792) Dice: 0.2704 (Avg: 0.3405) IoU: 0.1626 (Avg: 0.2269)
Train Epoch: [3][107/138] Loss: 0.8478 (Avg: 0.8789) Dice: 0.3685 (Avg: 0.3408) IoU: 0.2387 (Avg: 0.2270)
Train Epoch: [3][108/138] Loss: 0.9039 (Avg: 0.8792) Dice: 0.2420 (Avg: 0.3399) IoU: 0.1458 (Avg: 0.2263)
Train Epoch: [3][109/138] Loss: 0.8866 (Avg: 0.8792) Dice: 0.2735 (Avg: 0.3392) IoU: 0.1915 (Avg: 0.2260)
Train Epoch: [3][110/138] Loss: 0.9034 (Avg: 0.8795) Dice: 0.1488 (Avg: 0.3375) IoU: 0.0851 (Avg: 0.2247)
Train Epoch: [3][111/138] Loss: 0.9630 (Avg: 0.8802) Dice: 0.1204 (Avg: 0.3356) IoU: 0.0650 (Avg: 0.2232)
Train Epoch: [3][112/138] Loss: 0.8850 (Avg: 0.8803) Dice: 0.4156 (Avg: 0.3363) IoU: 0.2762 (Avg: 0.2237)
Train Epoch: [3][113/138] Loss: 0.9193 (Avg: 0.8806) Dice: 0.3180 (Avg: 0.3361) IoU: 0.2000 (Avg: 0.2235)
Train Epoch: [3][114/138] Loss: 0.8581 (Avg: 0.8804) Dice: 0.3836 (Avg: 0.3365) IoU: 0.2476 (Avg: 0.2237)
Train Epoch: [3][115/138] Loss: 0.8278 (Avg: 0.8799) Dice: 0.4428 (Avg: 0.3375) IoU: 0.2902 (Avg: 0.2243)
Train Epoch: [3][116/138] Loss: 0.9243 (Avg: 0.8803) Dice: 0.2871 (Avg: 0.3370) IoU: 0.1874 (Avg: 0.2240)
Train Epoch: [3][117/138] Loss: 0.9005 (Avg: 0.8805) Dice: 0.3792 (Avg: 0.3374) IoU: 0.2454 (Avg: 0.2242)
Train Epoch: [3][118/138] Loss: 0.9833 (Avg: 0.8814) Dice: 0.0551 (Avg: 0.3350) IoU: 0.0292 (Avg: 0.2225)
Train Epoch: [3][119/138] Loss: 0.7689 (Avg: 0.8804) Dice: 0.6073 (Avg: 0.3373) IoU: 0.4439 (Avg: 0.2244)
Train Epoch: [3][120/138] Loss: 0.9071 (Avg: 0.8807) Dice: 0.3001 (Avg: 0.3370) IoU: 0.1827 (Avg: 0.2240)
Train Epoch: [3][121/138] Loss: 0.9454 (Avg: 0.8812) Dice: 0.1839 (Avg: 0.3357) IoU: 0.1035 (Avg: 0.2230)
Train Epoch: [3][122/138] Loss: 0.8368 (Avg: 0.8808) Dice: 0.4780 (Avg: 0.3369) IoU: 0.3232 (Avg: 0.2238)
Train Epoch: [3][123/138] Loss: 0.9494 (Avg: 0.8814) Dice: 0.1460 (Avg: 0.3353) IoU: 0.0808 (Avg: 0.2227)
Train Epoch: [3][124/138] Loss: 0.9094 (Avg: 0.8816) Dice: 0.2452 (Avg: 0.3346) IoU: 0.1660 (Avg: 0.2222)
Train Epoch: [3][125/138] Loss: 0.9074 (Avg: 0.8818) Dice: 0.2067 (Avg: 0.3336) IoU: 0.1194 (Avg: 0.2214)
Train Epoch: [3][126/138] Loss: 0.8699 (Avg: 0.8817) Dice: 0.3670 (Avg: 0.3338) IoU: 0.2460 (Avg: 0.2216)
Train Epoch: [3][127/138] Loss: 0.9296 (Avg: 0.8821) Dice: 0.1762 (Avg: 0.3326) IoU: 0.1010 (Avg: 0.2206)
Train Epoch: [3][128/138] Loss: 0.8868 (Avg: 0.8821) Dice: 0.4212 (Avg: 0.3333) IoU: 0.2777 (Avg: 0.2211)
Train Epoch: [3][129/138] Loss: 0.7532 (Avg: 0.8811) Dice: 0.5409 (Avg: 0.3349) IoU: 0.3771 (Avg: 0.2223)
Train Epoch: [3][130/138] Loss: 0.8625 (Avg: 0.8810) Dice: 0.4312 (Avg: 0.3356) IoU: 0.2943 (Avg: 0.2229)
Train Epoch: [3][131/138] Loss: 0.8682 (Avg: 0.8809) Dice: 0.2219 (Avg: 0.3348) IoU: 0.1486 (Avg: 0.2223)
Train Epoch: [3][132/138] Loss: 0.8586 (Avg: 0.8807) Dice: 0.3604 (Avg: 0.3350) IoU: 0.2427 (Avg: 0.2224)
Train Epoch: [3][133/138] Loss: 0.9191 (Avg: 0.8810) Dice: 0.1923 (Avg: 0.3339) IoU: 0.1082 (Avg: 0.2216)
Train Epoch: [3][134/138] Loss: 0.8812 (Avg: 0.8810) Dice: 0.2793 (Avg: 0.3335) IoU: 0.1661 (Avg: 0.2212)
Train Epoch: [3][135/138] Loss: 0.8830 (Avg: 0.8810) Dice: 0.4424 (Avg: 0.3343) IoU: 0.2955 (Avg: 0.2217)
Train Epoch: [3][136/138] Loss: 0.8337 (Avg: 0.8807) Dice: 0.3879 (Avg: 0.3347) IoU: 0.2677 (Avg: 0.2221)
Train Epoch: [3][137/138] Loss: 0.8889 (Avg: 0.8807) Dice: 0.3268 (Avg: 0.3346) IoU: 0.1985 (Avg: 0.2219)
Train Epoch: [3][138/138] Loss: 0.9489 (Avg: 0.8761) Dice: 0.2573 (Avg: 0.3327) IoU: 0.1476 (Avg: 0.2205)
Validation Epoch: [3] Avg Loss: 0.8862 Avg Dice: 0.3856 Avg IoU: 0.2691
	 Best dice improved from 0.3552 to 0.3856
	 Model saved to ImageEncoder_Pretrain\UNet\Pretrain_05.25_10h55\models\best_model-UNet.pth.tar

========= Epoch [4/50] =========
Train Epoch: [4][1/138] Loss: 0.9563 (Avg: 0.9563) Dice: 0.1970 (Avg: 0.1970) IoU: 0.1098 (Avg: 0.1098)
Train Epoch: [4][2/138] Loss: 0.8881 (Avg: 0.9222) Dice: 0.3738 (Avg: 0.2854) IoU: 0.2539 (Avg: 0.1819)
Train Epoch: [4][3/138] Loss: 0.8322 (Avg: 0.8922) Dice: 0.5871 (Avg: 0.3860) IoU: 0.4236 (Avg: 0.2624)
Train Epoch: [4][4/138] Loss: 0.8043 (Avg: 0.8702) Dice: 0.6142 (Avg: 0.4430) IoU: 0.4506 (Avg: 0.3095)
Train Epoch: [4][5/138] Loss: 0.8214 (Avg: 0.8605) Dice: 0.4784 (Avg: 0.4501) IoU: 0.3608 (Avg: 0.3197)
Train Epoch: [4][6/138] Loss: 0.8766 (Avg: 0.8631) Dice: 0.3568 (Avg: 0.4345) IoU: 0.2183 (Avg: 0.3028)
Train Epoch: [4][7/138] Loss: 0.9387 (Avg: 0.8739) Dice: 0.1718 (Avg: 0.3970) IoU: 0.1034 (Avg: 0.2743)
Train Epoch: [4][8/138] Loss: 0.9100 (Avg: 0.8784) Dice: 0.2962 (Avg: 0.3844) IoU: 0.1766 (Avg: 0.2621)
Train Epoch: [4][9/138] Loss: 0.9121 (Avg: 0.8822) Dice: 0.2870 (Avg: 0.3736) IoU: 0.1760 (Avg: 0.2525)
Train Epoch: [4][10/138] Loss: 0.9014 (Avg: 0.8841) Dice: 0.2508 (Avg: 0.3613) IoU: 0.1508 (Avg: 0.2424)
Train Epoch: [4][11/138] Loss: 0.8986 (Avg: 0.8854) Dice: 0.2604 (Avg: 0.3521) IoU: 0.1697 (Avg: 0.2358)
Train Epoch: [4][12/138] Loss: 0.8772 (Avg: 0.8847) Dice: 0.3249 (Avg: 0.3499) IoU: 0.2102 (Avg: 0.2336)
Train Epoch: [4][13/138] Loss: 0.8435 (Avg: 0.8816) Dice: 0.3817 (Avg: 0.3523) IoU: 0.2423 (Avg: 0.2343)
Train Epoch: [4][14/138] Loss: 0.8983 (Avg: 0.8828) Dice: 0.3117 (Avg: 0.3494) IoU: 0.2165 (Avg: 0.2330)
Train Epoch: [4][15/138] Loss: 0.7550 (Avg: 0.8742) Dice: 0.6452 (Avg: 0.3691) IoU: 0.4919 (Avg: 0.2503)
Train Epoch: [4][16/138] Loss: 0.9255 (Avg: 0.8774) Dice: 0.3903 (Avg: 0.3705) IoU: 0.2435 (Avg: 0.2499)
Train Epoch: [4][17/138] Loss: 0.8606 (Avg: 0.8765) Dice: 0.5500 (Avg: 0.3810) IoU: 0.3838 (Avg: 0.2577)
Train Epoch: [4][18/138] Loss: 0.8398 (Avg: 0.8744) Dice: 0.4452 (Avg: 0.3846) IoU: 0.2952 (Avg: 0.2598)
Train Epoch: [4][19/138] Loss: 0.7902 (Avg: 0.8700) Dice: 0.5369 (Avg: 0.3926) IoU: 0.4032 (Avg: 0.2674)
Train Epoch: [4][20/138] Loss: 0.8627 (Avg: 0.8696) Dice: 0.3415 (Avg: 0.3900) IoU: 0.2268 (Avg: 0.2653)
Train Epoch: [4][21/138] Loss: 0.8109 (Avg: 0.8668) Dice: 0.5132 (Avg: 0.3959) IoU: 0.3921 (Avg: 0.2714)
Train Epoch: [4][22/138] Loss: 0.8861 (Avg: 0.8677) Dice: 0.3988 (Avg: 0.3960) IoU: 0.2667 (Avg: 0.2712)
Train Epoch: [4][23/138] Loss: 0.9468 (Avg: 0.8711) Dice: 0.1358 (Avg: 0.3847) IoU: 0.0745 (Avg: 0.2626)
Train Epoch: [4][24/138] Loss: 0.8395 (Avg: 0.8698) Dice: 0.4258 (Avg: 0.3864) IoU: 0.2915 (Avg: 0.2638)
Train Epoch: [4][25/138] Loss: 0.8083 (Avg: 0.8674) Dice: 0.5185 (Avg: 0.3917) IoU: 0.3904 (Avg: 0.2689)
Train Epoch: [4][26/138] Loss: 0.7473 (Avg: 0.8627) Dice: 0.6596 (Avg: 0.4020) IoU: 0.5176 (Avg: 0.2784)
Train Epoch: [4][27/138] Loss: 0.9322 (Avg: 0.8653) Dice: 0.2683 (Avg: 0.3971) IoU: 0.1785 (Avg: 0.2747)
Train Epoch: [4][28/138] Loss: 0.9212 (Avg: 0.8673) Dice: 0.2154 (Avg: 0.3906) IoU: 0.1244 (Avg: 0.2694)
Train Epoch: [4][29/138] Loss: 0.7628 (Avg: 0.8637) Dice: 0.6154 (Avg: 0.3983) IoU: 0.4552 (Avg: 0.2758)
Train Epoch: [4][30/138] Loss: 0.9561 (Avg: 0.8668) Dice: 0.2147 (Avg: 0.3922) IoU: 0.1267 (Avg: 0.2708)
Train Epoch: [4][31/138] Loss: 0.8032 (Avg: 0.8647) Dice: 0.5976 (Avg: 0.3988) IoU: 0.4487 (Avg: 0.2766)
Train Epoch: [4][32/138] Loss: 0.8614 (Avg: 0.8646) Dice: 0.3353 (Avg: 0.3968) IoU: 0.2204 (Avg: 0.2748)
Train Epoch: [4][33/138] Loss: 0.8969 (Avg: 0.8656) Dice: 0.2410 (Avg: 0.3921) IoU: 0.1525 (Avg: 0.2711)
Train Epoch: [4][34/138] Loss: 0.8271 (Avg: 0.8645) Dice: 0.5085 (Avg: 0.3955) IoU: 0.3670 (Avg: 0.2739)
Train Epoch: [4][35/138] Loss: 0.9198 (Avg: 0.8661) Dice: 0.3674 (Avg: 0.3947) IoU: 0.2617 (Avg: 0.2736)
Train Epoch: [4][36/138] Loss: 0.9067 (Avg: 0.8672) Dice: 0.2537 (Avg: 0.3908) IoU: 0.1617 (Avg: 0.2705)
Train Epoch: [4][37/138] Loss: 0.8950 (Avg: 0.8679) Dice: 0.3929 (Avg: 0.3909) IoU: 0.2671 (Avg: 0.2704)
Train Epoch: [4][38/138] Loss: 0.7839 (Avg: 0.8657) Dice: 0.4606 (Avg: 0.3927) IoU: 0.3219 (Avg: 0.2717)
Train Epoch: [4][39/138] Loss: 0.7733 (Avg: 0.8634) Dice: 0.5898 (Avg: 0.3978) IoU: 0.4723 (Avg: 0.2769)
Train Epoch: [4][40/138] Loss: 0.8128 (Avg: 0.8621) Dice: 0.4973 (Avg: 0.4003) IoU: 0.3454 (Avg: 0.2786)
Train Epoch: [4][41/138] Loss: 0.9340 (Avg: 0.8638) Dice: 0.3830 (Avg: 0.3998) IoU: 0.2741 (Avg: 0.2785)
Train Epoch: [4][42/138] Loss: 0.7442 (Avg: 0.8610) Dice: 0.4903 (Avg: 0.4020) IoU: 0.3407 (Avg: 0.2800)
Train Epoch: [4][43/138] Loss: 0.8508 (Avg: 0.8608) Dice: 0.3766 (Avg: 0.4014) IoU: 0.2431 (Avg: 0.2791)
Train Epoch: [4][44/138] Loss: 0.8945 (Avg: 0.8615) Dice: 0.1906 (Avg: 0.3966) IoU: 0.1132 (Avg: 0.2753)
Train Epoch: [4][45/138] Loss: 0.8603 (Avg: 0.8615) Dice: 0.2996 (Avg: 0.3944) IoU: 0.1944 (Avg: 0.2735)
Train Epoch: [4][46/138] Loss: 0.7789 (Avg: 0.8597) Dice: 0.4434 (Avg: 0.3955) IoU: 0.3051 (Avg: 0.2742)
Train Epoch: [4][47/138] Loss: 0.7700 (Avg: 0.8578) Dice: 0.4817 (Avg: 0.3973) IoU: 0.3305 (Avg: 0.2754)
Train Epoch: [4][48/138] Loss: 0.8539 (Avg: 0.8577) Dice: 0.3303 (Avg: 0.3959) IoU: 0.2228 (Avg: 0.2743)
Train Epoch: [4][49/138] Loss: 0.7933 (Avg: 0.8564) Dice: 0.5226 (Avg: 0.3985) IoU: 0.3574 (Avg: 0.2760)
Train Epoch: [4][50/138] Loss: 0.8609 (Avg: 0.8565) Dice: 0.3613 (Avg: 0.3978) IoU: 0.2359 (Avg: 0.2752)
Train Epoch: [4][51/138] Loss: 0.8997 (Avg: 0.8573) Dice: 0.2176 (Avg: 0.3943) IoU: 0.1341 (Avg: 0.2724)
Train Epoch: [4][52/138] Loss: 0.8675 (Avg: 0.8575) Dice: 0.3803 (Avg: 0.3940) IoU: 0.2456 (Avg: 0.2719)
Train Epoch: [4][53/138] Loss: 0.8968 (Avg: 0.8583) Dice: 0.2364 (Avg: 0.3910) IoU: 0.1449 (Avg: 0.2695)
Train Epoch: [4][54/138] Loss: 0.8695 (Avg: 0.8585) Dice: 0.4417 (Avg: 0.3920) IoU: 0.3124 (Avg: 0.2703)
Train Epoch: [4][55/138] Loss: 0.9585 (Avg: 0.8603) Dice: 0.0716 (Avg: 0.3861) IoU: 0.0375 (Avg: 0.2661)
Train Epoch: [4][56/138] Loss: 0.8324 (Avg: 0.8598) Dice: 0.5325 (Avg: 0.3887) IoU: 0.3846 (Avg: 0.2682)
Train Epoch: [4][57/138] Loss: 0.7803 (Avg: 0.8584) Dice: 0.5306 (Avg: 0.3912) IoU: 0.3969 (Avg: 0.2705)
Train Epoch: [4][58/138] Loss: 0.9427 (Avg: 0.8599) Dice: 0.2176 (Avg: 0.3882) IoU: 0.1449 (Avg: 0.2683)
Train Epoch: [4][59/138] Loss: 0.7566 (Avg: 0.8581) Dice: 0.6934 (Avg: 0.3934) IoU: 0.5459 (Avg: 0.2730)
Train Epoch: [4][60/138] Loss: 0.8797 (Avg: 0.8585) Dice: 0.2849 (Avg: 0.3916) IoU: 0.1848 (Avg: 0.2715)
Train Epoch: [4][61/138] Loss: 0.8863 (Avg: 0.8589) Dice: 0.3963 (Avg: 0.3917) IoU: 0.2606 (Avg: 0.2714)
Train Epoch: [4][62/138] Loss: 0.8632 (Avg: 0.8590) Dice: 0.4779 (Avg: 0.3931) IoU: 0.3258 (Avg: 0.2722)
Train Epoch: [4][63/138] Loss: 0.9448 (Avg: 0.8604) Dice: 0.1651 (Avg: 0.3894) IoU: 0.1016 (Avg: 0.2695)
Train Epoch: [4][64/138] Loss: 0.9345 (Avg: 0.8615) Dice: 0.1464 (Avg: 0.3857) IoU: 0.0944 (Avg: 0.2668)
Train Epoch: [4][65/138] Loss: 0.8584 (Avg: 0.8615) Dice: 0.5221 (Avg: 0.3878) IoU: 0.3640 (Avg: 0.2683)
Train Epoch: [4][66/138] Loss: 0.8451 (Avg: 0.8612) Dice: 0.5911 (Avg: 0.3908) IoU: 0.4238 (Avg: 0.2706)
Train Epoch: [4][67/138] Loss: 0.7462 (Avg: 0.8595) Dice: 0.5958 (Avg: 0.3939) IoU: 0.4372 (Avg: 0.2731)
Train Epoch: [4][68/138] Loss: 0.7507 (Avg: 0.8579) Dice: 0.6375 (Avg: 0.3975) IoU: 0.4870 (Avg: 0.2763)
Train Epoch: [4][69/138] Loss: 0.9360 (Avg: 0.8590) Dice: 0.2411 (Avg: 0.3952) IoU: 0.1499 (Avg: 0.2744)
Train Epoch: [4][70/138] Loss: 0.7913 (Avg: 0.8581) Dice: 0.4587 (Avg: 0.3961) IoU: 0.3380 (Avg: 0.2753)
Train Epoch: [4][71/138] Loss: 0.8228 (Avg: 0.8576) Dice: 0.4198 (Avg: 0.3964) IoU: 0.2940 (Avg: 0.2756)
Train Epoch: [4][72/138] Loss: 0.9079 (Avg: 0.8583) Dice: 0.2798 (Avg: 0.3948) IoU: 0.1750 (Avg: 0.2742)
Train Epoch: [4][73/138] Loss: 0.8839 (Avg: 0.8586) Dice: 0.2631 (Avg: 0.3930) IoU: 0.1677 (Avg: 0.2728)
Train Epoch: [4][74/138] Loss: 0.8640 (Avg: 0.8587) Dice: 0.3687 (Avg: 0.3927) IoU: 0.2380 (Avg: 0.2723)
Train Epoch: [4][75/138] Loss: 0.7842 (Avg: 0.8577) Dice: 0.4713 (Avg: 0.3937) IoU: 0.3237 (Avg: 0.2730)
Train Epoch: [4][76/138] Loss: 0.8685 (Avg: 0.8578) Dice: 0.2841 (Avg: 0.3923) IoU: 0.1795 (Avg: 0.2717)
Train Epoch: [4][77/138] Loss: 0.8480 (Avg: 0.8577) Dice: 0.2896 (Avg: 0.3910) IoU: 0.1765 (Avg: 0.2705)
Train Epoch: [4][78/138] Loss: 0.9291 (Avg: 0.8586) Dice: 0.2235 (Avg: 0.3888) IoU: 0.1420 (Avg: 0.2689)
Train Epoch: [4][79/138] Loss: 0.9367 (Avg: 0.8596) Dice: 0.1429 (Avg: 0.3857) IoU: 0.0789 (Avg: 0.2665)
Train Epoch: [4][80/138] Loss: 0.8492 (Avg: 0.8595) Dice: 0.3845 (Avg: 0.3857) IoU: 0.2578 (Avg: 0.2663)
Train Epoch: [4][81/138] Loss: 0.8693 (Avg: 0.8596) Dice: 0.2233 (Avg: 0.3837) IoU: 0.1664 (Avg: 0.2651)
Train Epoch: [4][82/138] Loss: 0.9061 (Avg: 0.8602) Dice: 0.3777 (Avg: 0.3836) IoU: 0.2584 (Avg: 0.2650)
Train Epoch: [4][83/138] Loss: 0.8835 (Avg: 0.8605) Dice: 0.2642 (Avg: 0.3822) IoU: 0.1795 (Avg: 0.2640)
Train Epoch: [4][84/138] Loss: 0.8727 (Avg: 0.8606) Dice: 0.3941 (Avg: 0.3823) IoU: 0.2685 (Avg: 0.2641)
Train Epoch: [4][85/138] Loss: 0.8894 (Avg: 0.8609) Dice: 0.2633 (Avg: 0.3809) IoU: 0.1750 (Avg: 0.2630)
Train Epoch: [4][86/138] Loss: 0.8496 (Avg: 0.8608) Dice: 0.4065 (Avg: 0.3812) IoU: 0.2801 (Avg: 0.2632)
Train Epoch: [4][87/138] Loss: 0.9767 (Avg: 0.8621) Dice: 0.0704 (Avg: 0.3776) IoU: 0.0370 (Avg: 0.2606)
Train Epoch: [4][88/138] Loss: 0.9105 (Avg: 0.8627) Dice: 0.1333 (Avg: 0.3749) IoU: 0.0907 (Avg: 0.2587)
Train Epoch: [4][89/138] Loss: 0.8852 (Avg: 0.8629) Dice: 0.2729 (Avg: 0.3737) IoU: 0.1732 (Avg: 0.2577)
Train Epoch: [4][90/138] Loss: 0.9256 (Avg: 0.8636) Dice: 0.3441 (Avg: 0.3734) IoU: 0.2316 (Avg: 0.2574)
Train Epoch: [4][91/138] Loss: 0.8136 (Avg: 0.8631) Dice: 0.4159 (Avg: 0.3739) IoU: 0.2964 (Avg: 0.2579)
Train Epoch: [4][92/138] Loss: 0.8345 (Avg: 0.8628) Dice: 0.4928 (Avg: 0.3751) IoU: 0.3473 (Avg: 0.2588)
Train Epoch: [4][93/138] Loss: 0.9225 (Avg: 0.8634) Dice: 0.2029 (Avg: 0.3733) IoU: 0.1289 (Avg: 0.2574)
Train Epoch: [4][94/138] Loss: 0.8740 (Avg: 0.8635) Dice: 0.3941 (Avg: 0.3735) IoU: 0.2718 (Avg: 0.2576)
Train Epoch: [4][95/138] Loss: 0.8815 (Avg: 0.8637) Dice: 0.4941 (Avg: 0.3748) IoU: 0.3478 (Avg: 0.2585)
Train Epoch: [4][96/138] Loss: 0.8307 (Avg: 0.8634) Dice: 0.3416 (Avg: 0.3744) IoU: 0.2316 (Avg: 0.2583)
Train Epoch: [4][97/138] Loss: 0.9309 (Avg: 0.8641) Dice: 0.2025 (Avg: 0.3727) IoU: 0.1131 (Avg: 0.2568)
Train Epoch: [4][98/138] Loss: 0.7048 (Avg: 0.8625) Dice: 0.5116 (Avg: 0.3741) IoU: 0.3717 (Avg: 0.2579)
Train Epoch: [4][99/138] Loss: 0.8316 (Avg: 0.8621) Dice: 0.4049 (Avg: 0.3744) IoU: 0.2629 (Avg: 0.2580)
Train Epoch: [4][100/138] Loss: 0.8377 (Avg: 0.8619) Dice: 0.3580 (Avg: 0.3742) IoU: 0.2350 (Avg: 0.2577)
Train Epoch: [4][101/138] Loss: 0.8694 (Avg: 0.8620) Dice: 0.2100 (Avg: 0.3726) IoU: 0.1413 (Avg: 0.2566)
Train Epoch: [4][102/138] Loss: 0.7999 (Avg: 0.8614) Dice: 0.4330 (Avg: 0.3732) IoU: 0.3819 (Avg: 0.2578)
Train Epoch: [4][103/138] Loss: 0.9050 (Avg: 0.8618) Dice: 0.3045 (Avg: 0.3725) IoU: 0.1968 (Avg: 0.2572)
Train Epoch: [4][104/138] Loss: 0.8497 (Avg: 0.8617) Dice: 0.3563 (Avg: 0.3724) IoU: 0.2246 (Avg: 0.2569)
Train Epoch: [4][105/138] Loss: 0.8601 (Avg: 0.8617) Dice: 0.2916 (Avg: 0.3716) IoU: 0.1900 (Avg: 0.2563)
Train Epoch: [4][106/138] Loss: 0.8127 (Avg: 0.8612) Dice: 0.4097 (Avg: 0.3720) IoU: 0.2773 (Avg: 0.2565)
Train Epoch: [4][107/138] Loss: 0.8903 (Avg: 0.8615) Dice: 0.2811 (Avg: 0.3711) IoU: 0.1854 (Avg: 0.2558)
Train Epoch: [4][108/138] Loss: 0.7987 (Avg: 0.8609) Dice: 0.4530 (Avg: 0.3719) IoU: 0.3335 (Avg: 0.2565)
Train Epoch: [4][109/138] Loss: 0.9075 (Avg: 0.8613) Dice: 0.2053 (Avg: 0.3703) IoU: 0.1199 (Avg: 0.2553)
Train Epoch: [4][110/138] Loss: 0.8684 (Avg: 0.8614) Dice: 0.3351 (Avg: 0.3700) IoU: 0.2022 (Avg: 0.2548)
Train Epoch: [4][111/138] Loss: 0.8729 (Avg: 0.8615) Dice: 0.2804 (Avg: 0.3692) IoU: 0.1678 (Avg: 0.2540)
Train Epoch: [4][112/138] Loss: 0.8375 (Avg: 0.8613) Dice: 0.3957 (Avg: 0.3695) IoU: 0.2712 (Avg: 0.2542)
Train Epoch: [4][113/138] Loss: 0.8492 (Avg: 0.8612) Dice: 0.2689 (Avg: 0.3686) IoU: 0.1836 (Avg: 0.2535)
Train Epoch: [4][114/138] Loss: 0.9162 (Avg: 0.8616) Dice: 0.1941 (Avg: 0.3670) IoU: 0.1086 (Avg: 0.2523)
Train Epoch: [4][115/138] Loss: 0.8325 (Avg: 0.8614) Dice: 0.3720 (Avg: 0.3671) IoU: 0.2508 (Avg: 0.2523)
Train Epoch: [4][116/138] Loss: 0.8236 (Avg: 0.8611) Dice: 0.4849 (Avg: 0.3681) IoU: 0.3286 (Avg: 0.2529)
Train Epoch: [4][117/138] Loss: 0.8589 (Avg: 0.8610) Dice: 0.3334 (Avg: 0.3678) IoU: 0.2126 (Avg: 0.2526)
Train Epoch: [4][118/138] Loss: 0.8433 (Avg: 0.8609) Dice: 0.3994 (Avg: 0.3681) IoU: 0.2707 (Avg: 0.2527)
Train Epoch: [4][119/138] Loss: 0.7545 (Avg: 0.8600) Dice: 0.4504 (Avg: 0.3688) IoU: 0.3297 (Avg: 0.2534)
Train Epoch: [4][120/138] Loss: 0.8829 (Avg: 0.8602) Dice: 0.3354 (Avg: 0.3685) IoU: 0.2053 (Avg: 0.2530)
Train Epoch: [4][121/138] Loss: 0.8252 (Avg: 0.8599) Dice: 0.4309 (Avg: 0.3690) IoU: 0.2844 (Avg: 0.2532)
Train Epoch: [4][122/138] Loss: 0.8513 (Avg: 0.8598) Dice: 0.3118 (Avg: 0.3685) IoU: 0.1911 (Avg: 0.2527)
Train Epoch: [4][123/138] Loss: 0.8550 (Avg: 0.8598) Dice: 0.3210 (Avg: 0.3681) IoU: 0.1969 (Avg: 0.2523)
Train Epoch: [4][124/138] Loss: 0.8842 (Avg: 0.8600) Dice: 0.2308 (Avg: 0.3670) IoU: 0.1382 (Avg: 0.2513)
Train Epoch: [4][125/138] Loss: 0.8151 (Avg: 0.8596) Dice: 0.4456 (Avg: 0.3677) IoU: 0.2933 (Avg: 0.2517)
Train Epoch: [4][126/138] Loss: 0.6864 (Avg: 0.8583) Dice: 0.7316 (Avg: 0.3706) IoU: 0.5928 (Avg: 0.2544)
Train Epoch: [4][127/138] Loss: 0.7220 (Avg: 0.8572) Dice: 0.5354 (Avg: 0.3718) IoU: 0.4230 (Avg: 0.2557)
Train Epoch: [4][128/138] Loss: 0.8145 (Avg: 0.8568) Dice: 0.3794 (Avg: 0.3719) IoU: 0.2505 (Avg: 0.2557)
Train Epoch: [4][129/138] Loss: 0.9215 (Avg: 0.8573) Dice: 0.2062 (Avg: 0.3706) IoU: 0.1455 (Avg: 0.2548)
Train Epoch: [4][130/138] Loss: 0.9384 (Avg: 0.8580) Dice: 0.2429 (Avg: 0.3696) IoU: 0.1414 (Avg: 0.2540)
Train Epoch: [4][131/138] Loss: 0.7688 (Avg: 0.8573) Dice: 0.4233 (Avg: 0.3701) IoU: 0.3149 (Avg: 0.2544)
Train Epoch: [4][132/138] Loss: 0.8623 (Avg: 0.8573) Dice: 0.2906 (Avg: 0.3694) IoU: 0.1795 (Avg: 0.2538)
Train Epoch: [4][133/138] Loss: 0.7988 (Avg: 0.8569) Dice: 0.5980 (Avg: 0.3712) IoU: 0.4308 (Avg: 0.2552)
Train Epoch: [4][134/138] Loss: 0.8451 (Avg: 0.8568) Dice: 0.3984 (Avg: 0.3714) IoU: 0.2621 (Avg: 0.2552)
Train Epoch: [4][135/138] Loss: 0.8430 (Avg: 0.8567) Dice: 0.3845 (Avg: 0.3715) IoU: 0.2512 (Avg: 0.2552)
Train Epoch: [4][136/138] Loss: 0.8005 (Avg: 0.8563) Dice: 0.4841 (Avg: 0.3723) IoU: 0.3441 (Avg: 0.2559)
Train Epoch: [4][137/138] Loss: 0.8156 (Avg: 0.8560) Dice: 0.3788 (Avg: 0.3723) IoU: 0.2357 (Avg: 0.2557)
Train Epoch: [4][138/138] Loss: 0.7051 (Avg: 0.8511) Dice: 0.4627 (Avg: 0.3705) IoU: 0.3010 (Avg: 0.2544)
Validation Epoch: [4] Avg Loss: 0.8303 Avg Dice: 0.4083 Avg IoU: 0.2837
	 Best dice improved from 0.3856 to 0.4083
	 Model saved to ImageEncoder_Pretrain\UNet\Pretrain_05.25_10h55\models\best_model-UNet.pth.tar

========= Epoch [5/50] =========
Train Epoch: [5][1/138] Loss: 0.7517 (Avg: 0.7517) Dice: 0.5487 (Avg: 0.5487) IoU: 0.4398 (Avg: 0.4398)
Train Epoch: [5][2/138] Loss: 0.9315 (Avg: 0.8416) Dice: 0.1420 (Avg: 0.3453) IoU: 0.0770 (Avg: 0.2584)
Train Epoch: [5][3/138] Loss: 0.9224 (Avg: 0.8686) Dice: 0.1348 (Avg: 0.2752) IoU: 0.0741 (Avg: 0.1970)
Train Epoch: [5][4/138] Loss: 0.9394 (Avg: 0.8863) Dice: 0.0986 (Avg: 0.2310) IoU: 0.0522 (Avg: 0.1608)
Train Epoch: [5][5/138] Loss: 0.9832 (Avg: 0.9056) Dice: 0.0216 (Avg: 0.1891) IoU: 0.0111 (Avg: 0.1309)
Train Epoch: [5][6/138] Loss: 0.9251 (Avg: 0.9089) Dice: 0.0937 (Avg: 0.1732) IoU: 0.0520 (Avg: 0.1177)
Train Epoch: [5][7/138] Loss: 0.9309 (Avg: 0.9120) Dice: 0.1576 (Avg: 0.1710) IoU: 0.0927 (Avg: 0.1141)
Train Epoch: [5][8/138] Loss: 0.7894 (Avg: 0.8967) Dice: 0.3417 (Avg: 0.1923) IoU: 0.2173 (Avg: 0.1270)
Train Epoch: [5][9/138] Loss: 0.7984 (Avg: 0.8858) Dice: 0.3438 (Avg: 0.2092) IoU: 0.2191 (Avg: 0.1373)
Train Epoch: [5][10/138] Loss: 0.8658 (Avg: 0.8838) Dice: 0.2231 (Avg: 0.2106) IoU: 0.1401 (Avg: 0.1375)
Train Epoch: [5][11/138] Loss: 0.9037 (Avg: 0.8856) Dice: 0.2432 (Avg: 0.2135) IoU: 0.1476 (Avg: 0.1385)
Train Epoch: [5][12/138] Loss: 0.7631 (Avg: 0.8754) Dice: 0.4575 (Avg: 0.2339) IoU: 0.3084 (Avg: 0.1526)
Train Epoch: [5][13/138] Loss: 0.8772 (Avg: 0.8755) Dice: 0.2223 (Avg: 0.2330) IoU: 0.1457 (Avg: 0.1521)
Train Epoch: [5][14/138] Loss: 0.9006 (Avg: 0.8773) Dice: 0.3128 (Avg: 0.2387) IoU: 0.2127 (Avg: 0.1564)
Train Epoch: [5][15/138] Loss: 0.7575 (Avg: 0.8693) Dice: 0.4419 (Avg: 0.2522) IoU: 0.3164 (Avg: 0.1671)
Train Epoch: [5][16/138] Loss: 0.9311 (Avg: 0.8732) Dice: 0.1843 (Avg: 0.2480) IoU: 0.1320 (Avg: 0.1649)
Train Epoch: [5][17/138] Loss: 0.8721 (Avg: 0.8731) Dice: 0.2949 (Avg: 0.2507) IoU: 0.1875 (Avg: 0.1662)
Train Epoch: [5][18/138] Loss: 0.8283 (Avg: 0.8706) Dice: 0.3517 (Avg: 0.2563) IoU: 0.2299 (Avg: 0.1698)
Train Epoch: [5][19/138] Loss: 0.8535 (Avg: 0.8697) Dice: 0.2261 (Avg: 0.2548) IoU: 0.1427 (Avg: 0.1683)
Train Epoch: [5][20/138] Loss: 0.8628 (Avg: 0.8694) Dice: 0.2543 (Avg: 0.2547) IoU: 0.1532 (Avg: 0.1676)
Train Epoch: [5][21/138] Loss: 0.9628 (Avg: 0.8738) Dice: 0.0684 (Avg: 0.2459) IoU: 0.0368 (Avg: 0.1613)
Train Epoch: [5][22/138] Loss: 0.7572 (Avg: 0.8685) Dice: 0.5047 (Avg: 0.2576) IoU: 0.3511 (Avg: 0.1700)
Train Epoch: [5][23/138] Loss: 0.6966 (Avg: 0.8611) Dice: 0.5820 (Avg: 0.2717) IoU: 0.4169 (Avg: 0.1807)
Train Epoch: [5][24/138] Loss: 0.8943 (Avg: 0.8624) Dice: 0.2663 (Avg: 0.2715) IoU: 0.1582 (Avg: 0.1798)
Train Epoch: [5][25/138] Loss: 0.8529 (Avg: 0.8621) Dice: 0.3044 (Avg: 0.2728) IoU: 0.1915 (Avg: 0.1802)
Train Epoch: [5][26/138] Loss: 0.7858 (Avg: 0.8591) Dice: 0.5215 (Avg: 0.2824) IoU: 0.4056 (Avg: 0.1889)
Train Epoch: [5][27/138] Loss: 0.7949 (Avg: 0.8568) Dice: 0.4020 (Avg: 0.2868) IoU: 0.2987 (Avg: 0.1930)
Train Epoch: [5][28/138] Loss: 0.8254 (Avg: 0.8556) Dice: 0.4268 (Avg: 0.2918) IoU: 0.3136 (Avg: 0.1973)
Train Epoch: [5][29/138] Loss: 0.7910 (Avg: 0.8534) Dice: 0.6149 (Avg: 0.3029) IoU: 0.4546 (Avg: 0.2062)
Train Epoch: [5][30/138] Loss: 0.7671 (Avg: 0.8505) Dice: 0.5984 (Avg: 0.3128) IoU: 0.4756 (Avg: 0.2151)
Train Epoch: [5][31/138] Loss: 0.9537 (Avg: 0.8539) Dice: 0.0906 (Avg: 0.3056) IoU: 0.0512 (Avg: 0.2099)
Train Epoch: [5][32/138] Loss: 0.6523 (Avg: 0.8476) Dice: 0.7279 (Avg: 0.3188) IoU: 0.5864 (Avg: 0.2216)
Train Epoch: [5][33/138] Loss: 0.8163 (Avg: 0.8466) Dice: 0.4494 (Avg: 0.3228) IoU: 0.3273 (Avg: 0.2248)
Train Epoch: [5][34/138] Loss: 0.9408 (Avg: 0.8494) Dice: 0.2917 (Avg: 0.3219) IoU: 0.1791 (Avg: 0.2235)
Train Epoch: [5][35/138] Loss: 0.7750 (Avg: 0.8473) Dice: 0.5655 (Avg: 0.3288) IoU: 0.4225 (Avg: 0.2292)
Train Epoch: [5][36/138] Loss: 0.9475 (Avg: 0.8500) Dice: 0.3073 (Avg: 0.3282) IoU: 0.2042 (Avg: 0.2285)
Train Epoch: [5][37/138] Loss: 0.8087 (Avg: 0.8489) Dice: 0.4489 (Avg: 0.3315) IoU: 0.3269 (Avg: 0.2311)
Train Epoch: [5][38/138] Loss: 0.8573 (Avg: 0.8491) Dice: 0.4717 (Avg: 0.3352) IoU: 0.3234 (Avg: 0.2336)
Train Epoch: [5][39/138] Loss: 0.7641 (Avg: 0.8470) Dice: 0.4542 (Avg: 0.3382) IoU: 0.3299 (Avg: 0.2360)
Train Epoch: [5][40/138] Loss: 0.8716 (Avg: 0.8476) Dice: 0.3245 (Avg: 0.3379) IoU: 0.2255 (Avg: 0.2358)
Train Epoch: [5][41/138] Loss: 0.7896 (Avg: 0.8462) Dice: 0.4201 (Avg: 0.3399) IoU: 0.2950 (Avg: 0.2372)
Train Epoch: [5][42/138] Loss: 0.7905 (Avg: 0.8448) Dice: 0.5654 (Avg: 0.3453) IoU: 0.4178 (Avg: 0.2415)
Train Epoch: [5][43/138] Loss: 0.8647 (Avg: 0.8453) Dice: 0.2410 (Avg: 0.3428) IoU: 0.1620 (Avg: 0.2397)
Train Epoch: [5][44/138] Loss: 0.8551 (Avg: 0.8455) Dice: 0.3260 (Avg: 0.3425) IoU: 0.2023 (Avg: 0.2388)
Train Epoch: [5][45/138] Loss: 0.8087 (Avg: 0.8447) Dice: 0.5423 (Avg: 0.3469) IoU: 0.3847 (Avg: 0.2421)
Train Epoch: [5][46/138] Loss: 0.7939 (Avg: 0.8436) Dice: 0.4363 (Avg: 0.3488) IoU: 0.2876 (Avg: 0.2430)
Train Epoch: [5][47/138] Loss: 0.9465 (Avg: 0.8458) Dice: 0.1205 (Avg: 0.3440) IoU: 0.0699 (Avg: 0.2394)
Train Epoch: [5][48/138] Loss: 0.8525 (Avg: 0.8459) Dice: 0.3493 (Avg: 0.3441) IoU: 0.2417 (Avg: 0.2394)
Train Epoch: [5][49/138] Loss: 0.7487 (Avg: 0.8439) Dice: 0.5373 (Avg: 0.3480) IoU: 0.3874 (Avg: 0.2424)
Train Epoch: [5][50/138] Loss: 0.7989 (Avg: 0.8430) Dice: 0.4854 (Avg: 0.3508) IoU: 0.3273 (Avg: 0.2441)
Train Epoch: [5][51/138] Loss: 0.8464 (Avg: 0.8431) Dice: 0.3842 (Avg: 0.3514) IoU: 0.2453 (Avg: 0.2441)
Train Epoch: [5][52/138] Loss: 0.8801 (Avg: 0.8438) Dice: 0.2901 (Avg: 0.3503) IoU: 0.1926 (Avg: 0.2432)
Train Epoch: [5][53/138] Loss: 0.9086 (Avg: 0.8450) Dice: 0.1994 (Avg: 0.3474) IoU: 0.1565 (Avg: 0.2415)
Train Epoch: [5][54/138] Loss: 0.8371 (Avg: 0.8449) Dice: 0.3794 (Avg: 0.3480) IoU: 0.2489 (Avg: 0.2417)
Train Epoch: [5][55/138] Loss: 0.8848 (Avg: 0.8456) Dice: 0.2815 (Avg: 0.3468) IoU: 0.1760 (Avg: 0.2405)
Train Epoch: [5][56/138] Loss: 0.8677 (Avg: 0.8460) Dice: 0.3328 (Avg: 0.3465) IoU: 0.2291 (Avg: 0.2403)
Train Epoch: [5][57/138] Loss: 0.7201 (Avg: 0.8438) Dice: 0.5427 (Avg: 0.3500) IoU: 0.3773 (Avg: 0.2427)
Train Epoch: [5][58/138] Loss: 0.9441 (Avg: 0.8455) Dice: 0.1440 (Avg: 0.3464) IoU: 0.0808 (Avg: 0.2399)
Train Epoch: [5][59/138] Loss: 0.8588 (Avg: 0.8458) Dice: 0.3196 (Avg: 0.3460) IoU: 0.2118 (Avg: 0.2394)
Train Epoch: [5][60/138] Loss: 0.7588 (Avg: 0.8443) Dice: 0.4672 (Avg: 0.3480) IoU: 0.3050 (Avg: 0.2405)
Train Epoch: [5][61/138] Loss: 0.6946 (Avg: 0.8419) Dice: 0.5101 (Avg: 0.3507) IoU: 0.3720 (Avg: 0.2427)
Train Epoch: [5][62/138] Loss: 0.8648 (Avg: 0.8422) Dice: 0.2407 (Avg: 0.3489) IoU: 0.1490 (Avg: 0.2411)
Train Epoch: [5][63/138] Loss: 0.8668 (Avg: 0.8426) Dice: 0.2926 (Avg: 0.3480) IoU: 0.1837 (Avg: 0.2402)
Train Epoch: [5][64/138] Loss: 0.9168 (Avg: 0.8438) Dice: 0.2686 (Avg: 0.3468) IoU: 0.1623 (Avg: 0.2390)
Train Epoch: [5][65/138] Loss: 0.8687 (Avg: 0.8442) Dice: 0.2964 (Avg: 0.3460) IoU: 0.2002 (Avg: 0.2384)
Train Epoch: [5][66/138] Loss: 0.8016 (Avg: 0.8435) Dice: 0.4866 (Avg: 0.3481) IoU: 0.3381 (Avg: 0.2399)
Train Epoch: [5][67/138] Loss: 0.7964 (Avg: 0.8428) Dice: 0.4022 (Avg: 0.3489) IoU: 0.2832 (Avg: 0.2406)
Train Epoch: [5][68/138] Loss: 0.9016 (Avg: 0.8437) Dice: 0.1622 (Avg: 0.3462) IoU: 0.1145 (Avg: 0.2387)
Train Epoch: [5][69/138] Loss: 0.8225 (Avg: 0.8434) Dice: 0.4790 (Avg: 0.3481) IoU: 0.3257 (Avg: 0.2400)
Train Epoch: [5][70/138] Loss: 0.8577 (Avg: 0.8436) Dice: 0.4484 (Avg: 0.3495) IoU: 0.3219 (Avg: 0.2411)
Train Epoch: [5][71/138] Loss: 0.7856 (Avg: 0.8428) Dice: 0.4727 (Avg: 0.3513) IoU: 0.3716 (Avg: 0.2430)
Train Epoch: [5][72/138] Loss: 0.9123 (Avg: 0.8437) Dice: 0.2414 (Avg: 0.3497) IoU: 0.1609 (Avg: 0.2418)
Train Epoch: [5][73/138] Loss: 0.7063 (Avg: 0.8418) Dice: 0.5208 (Avg: 0.3521) IoU: 0.4051 (Avg: 0.2441)
Train Epoch: [5][74/138] Loss: 0.7580 (Avg: 0.8407) Dice: 0.5454 (Avg: 0.3547) IoU: 0.4019 (Avg: 0.2462)
Train Epoch: [5][75/138] Loss: 0.7991 (Avg: 0.8402) Dice: 0.5188 (Avg: 0.3569) IoU: 0.3899 (Avg: 0.2481)
Train Epoch: [5][76/138] Loss: 0.8666 (Avg: 0.8405) Dice: 0.3126 (Avg: 0.3563) IoU: 0.1935 (Avg: 0.2474)
Train Epoch: [5][77/138] Loss: 0.7573 (Avg: 0.8394) Dice: 0.3829 (Avg: 0.3566) IoU: 0.2659 (Avg: 0.2476)
Train Epoch: [5][78/138] Loss: 0.7734 (Avg: 0.8386) Dice: 0.4987 (Avg: 0.3585) IoU: 0.3848 (Avg: 0.2494)
Train Epoch: [5][79/138] Loss: 0.8750 (Avg: 0.8390) Dice: 0.3403 (Avg: 0.3582) IoU: 0.2171 (Avg: 0.2490)
Train Epoch: [5][80/138] Loss: 0.8075 (Avg: 0.8386) Dice: 0.4586 (Avg: 0.3595) IoU: 0.3197 (Avg: 0.2499)
Train Epoch: [5][81/138] Loss: 0.9082 (Avg: 0.8395) Dice: 0.2633 (Avg: 0.3583) IoU: 0.1579 (Avg: 0.2487)
Train Epoch: [5][82/138] Loss: 0.9078 (Avg: 0.8403) Dice: 0.1908 (Avg: 0.3563) IoU: 0.1082 (Avg: 0.2470)
Train Epoch: [5][83/138] Loss: 0.9173 (Avg: 0.8413) Dice: 0.2855 (Avg: 0.3554) IoU: 0.1745 (Avg: 0.2462)
Train Epoch: [5][84/138] Loss: 0.8471 (Avg: 0.8413) Dice: 0.3593 (Avg: 0.3555) IoU: 0.2263 (Avg: 0.2459)
Train Epoch: [5][85/138] Loss: 0.7407 (Avg: 0.8401) Dice: 0.4964 (Avg: 0.3571) IoU: 0.3589 (Avg: 0.2473)
Train Epoch: [5][86/138] Loss: 0.8655 (Avg: 0.8404) Dice: 0.2988 (Avg: 0.3564) IoU: 0.1794 (Avg: 0.2465)
Train Epoch: [5][87/138] Loss: 0.8233 (Avg: 0.8402) Dice: 0.3599 (Avg: 0.3565) IoU: 0.2466 (Avg: 0.2465)
Train Epoch: [5][88/138] Loss: 0.7679 (Avg: 0.8394) Dice: 0.4883 (Avg: 0.3580) IoU: 0.3393 (Avg: 0.2475)
Train Epoch: [5][89/138] Loss: 0.8822 (Avg: 0.8399) Dice: 0.2473 (Avg: 0.3567) IoU: 0.1566 (Avg: 0.2465)
Train Epoch: [5][90/138] Loss: 0.7450 (Avg: 0.8388) Dice: 0.5271 (Avg: 0.3586) IoU: 0.3941 (Avg: 0.2481)
Train Epoch: [5][91/138] Loss: 0.7369 (Avg: 0.8377) Dice: 0.4638 (Avg: 0.3598) IoU: 0.3157 (Avg: 0.2489)
Train Epoch: [5][92/138] Loss: 0.9127 (Avg: 0.8385) Dice: 0.1416 (Avg: 0.3574) IoU: 0.0802 (Avg: 0.2470)
Train Epoch: [5][93/138] Loss: 0.7800 (Avg: 0.8379) Dice: 0.4632 (Avg: 0.3585) IoU: 0.3162 (Avg: 0.2478)
Train Epoch: [5][94/138] Loss: 0.7256 (Avg: 0.8367) Dice: 0.5849 (Avg: 0.3610) IoU: 0.4187 (Avg: 0.2496)
Train Epoch: [5][95/138] Loss: 0.7479 (Avg: 0.8358) Dice: 0.5336 (Avg: 0.3628) IoU: 0.3660 (Avg: 0.2508)
Train Epoch: [5][96/138] Loss: 0.8609 (Avg: 0.8360) Dice: 0.3395 (Avg: 0.3625) IoU: 0.2129 (Avg: 0.2504)
Train Epoch: [5][97/138] Loss: 0.8048 (Avg: 0.8357) Dice: 0.5105 (Avg: 0.3641) IoU: 0.3826 (Avg: 0.2518)
Train Epoch: [5][98/138] Loss: 0.8236 (Avg: 0.8356) Dice: 0.4278 (Avg: 0.3647) IoU: 0.2913 (Avg: 0.2522)
Train Epoch: [5][99/138] Loss: 0.8337 (Avg: 0.8356) Dice: 0.3484 (Avg: 0.3645) IoU: 0.2566 (Avg: 0.2522)
Train Epoch: [5][100/138] Loss: 0.7765 (Avg: 0.8350) Dice: 0.4887 (Avg: 0.3658) IoU: 0.3442 (Avg: 0.2532)
Train Epoch: [5][101/138] Loss: 0.9031 (Avg: 0.8357) Dice: 0.3391 (Avg: 0.3655) IoU: 0.2140 (Avg: 0.2528)
Train Epoch: [5][102/138] Loss: 0.8824 (Avg: 0.8361) Dice: 0.3829 (Avg: 0.3657) IoU: 0.2401 (Avg: 0.2527)
Train Epoch: [5][103/138] Loss: 0.7994 (Avg: 0.8358) Dice: 0.4148 (Avg: 0.3662) IoU: 0.2876 (Avg: 0.2530)
Train Epoch: [5][104/138] Loss: 0.7689 (Avg: 0.8351) Dice: 0.5004 (Avg: 0.3675) IoU: 0.3453 (Avg: 0.2539)
Train Epoch: [5][105/138] Loss: 0.8281 (Avg: 0.8351) Dice: 0.4923 (Avg: 0.3686) IoU: 0.3348 (Avg: 0.2547)
Train Epoch: [5][106/138] Loss: 0.7761 (Avg: 0.8345) Dice: 0.5188 (Avg: 0.3701) IoU: 0.3825 (Avg: 0.2559)
Train Epoch: [5][107/138] Loss: 0.7994 (Avg: 0.8342) Dice: 0.4878 (Avg: 0.3712) IoU: 0.3474 (Avg: 0.2567)
Train Epoch: [5][108/138] Loss: 0.6569 (Avg: 0.8325) Dice: 0.6101 (Avg: 0.3734) IoU: 0.4570 (Avg: 0.2586)
Train Epoch: [5][109/138] Loss: 0.7560 (Avg: 0.8318) Dice: 0.4111 (Avg: 0.3737) IoU: 0.2840 (Avg: 0.2588)
Train Epoch: [5][110/138] Loss: 0.7909 (Avg: 0.8315) Dice: 0.3520 (Avg: 0.3735) IoU: 0.2192 (Avg: 0.2584)
Train Epoch: [5][111/138] Loss: 0.7463 (Avg: 0.8307) Dice: 0.4967 (Avg: 0.3746) IoU: 0.3899 (Avg: 0.2596)
Train Epoch: [5][112/138] Loss: 0.7252 (Avg: 0.8297) Dice: 0.5904 (Avg: 0.3766) IoU: 0.4219 (Avg: 0.2611)
Train Epoch: [5][113/138] Loss: 0.8970 (Avg: 0.8303) Dice: 0.2666 (Avg: 0.3756) IoU: 0.1580 (Avg: 0.2602)
Train Epoch: [5][114/138] Loss: 0.6829 (Avg: 0.8290) Dice: 0.5874 (Avg: 0.3774) IoU: 0.4793 (Avg: 0.2621)
Train Epoch: [5][115/138] Loss: 0.7982 (Avg: 0.8288) Dice: 0.4106 (Avg: 0.3777) IoU: 0.2905 (Avg: 0.2623)
Train Epoch: [5][116/138] Loss: 0.8431 (Avg: 0.8289) Dice: 0.2757 (Avg: 0.3768) IoU: 0.1751 (Avg: 0.2616)
Train Epoch: [5][117/138] Loss: 0.8841 (Avg: 0.8294) Dice: 0.3238 (Avg: 0.3764) IoU: 0.2402 (Avg: 0.2614)
Train Epoch: [5][118/138] Loss: 0.9210 (Avg: 0.8302) Dice: 0.3134 (Avg: 0.3759) IoU: 0.2170 (Avg: 0.2610)
Train Epoch: [5][119/138] Loss: 0.8443 (Avg: 0.8303) Dice: 0.3080 (Avg: 0.3753) IoU: 0.2275 (Avg: 0.2607)
Train Epoch: [5][120/138] Loss: 0.7761 (Avg: 0.8298) Dice: 0.4605 (Avg: 0.3760) IoU: 0.3265 (Avg: 0.2613)
Train Epoch: [5][121/138] Loss: 0.8029 (Avg: 0.8296) Dice: 0.5845 (Avg: 0.3777) IoU: 0.4405 (Avg: 0.2628)
Train Epoch: [5][122/138] Loss: 0.6166 (Avg: 0.8279) Dice: 0.6831 (Avg: 0.3802) IoU: 0.5374 (Avg: 0.2650)
Train Epoch: [5][123/138] Loss: 0.7818 (Avg: 0.8275) Dice: 0.4090 (Avg: 0.3805) IoU: 0.3162 (Avg: 0.2654)
Train Epoch: [5][124/138] Loss: 0.7516 (Avg: 0.8269) Dice: 0.5389 (Avg: 0.3817) IoU: 0.3762 (Avg: 0.2663)
Train Epoch: [5][125/138] Loss: 0.8702 (Avg: 0.8272) Dice: 0.2134 (Avg: 0.3804) IoU: 0.1327 (Avg: 0.2653)
Train Epoch: [5][126/138] Loss: 0.7804 (Avg: 0.8268) Dice: 0.4203 (Avg: 0.3807) IoU: 0.2855 (Avg: 0.2654)
Train Epoch: [5][127/138] Loss: 0.7730 (Avg: 0.8264) Dice: 0.4682 (Avg: 0.3814) IoU: 0.3534 (Avg: 0.2661)
Train Epoch: [5][128/138] Loss: 0.8041 (Avg: 0.8262) Dice: 0.3676 (Avg: 0.3813) IoU: 0.2691 (Avg: 0.2661)
Train Epoch: [5][129/138] Loss: 0.8937 (Avg: 0.8268) Dice: 0.3817 (Avg: 0.3813) IoU: 0.2616 (Avg: 0.2661)
Train Epoch: [5][130/138] Loss: 0.8766 (Avg: 0.8271) Dice: 0.2243 (Avg: 0.3801) IoU: 0.1358 (Avg: 0.2651)
Train Epoch: [5][131/138] Loss: 0.8424 (Avg: 0.8273) Dice: 0.3802 (Avg: 0.3801) IoU: 0.2432 (Avg: 0.2649)
Train Epoch: [5][132/138] Loss: 0.8270 (Avg: 0.8273) Dice: 0.3687 (Avg: 0.3800) IoU: 0.2416 (Avg: 0.2648)
Train Epoch: [5][133/138] Loss: 0.7645 (Avg: 0.8268) Dice: 0.3678 (Avg: 0.3799) IoU: 0.2430 (Avg: 0.2646)
Train Epoch: [5][134/138] Loss: 0.8777 (Avg: 0.8272) Dice: 0.2834 (Avg: 0.3792) IoU: 0.1703 (Avg: 0.2639)
Train Epoch: [5][135/138] Loss: 0.9441 (Avg: 0.8280) Dice: 0.1699 (Avg: 0.3776) IoU: 0.0962 (Avg: 0.2626)
Train Epoch: [5][136/138] Loss: 0.6448 (Avg: 0.8267) Dice: 0.6429 (Avg: 0.3796) IoU: 0.4964 (Avg: 0.2644)
Train Epoch: [5][137/138] Loss: 0.8311 (Avg: 0.8267) Dice: 0.3193 (Avg: 0.3791) IoU: 0.2092 (Avg: 0.2640)
Train Epoch: [5][138/138] Loss: 0.7270 (Avg: 0.8220) Dice: 0.4778 (Avg: 0.3773) IoU: 0.3139 (Avg: 0.2626)
Validation Epoch: [5] Avg Loss: 0.8017 Avg Dice: 0.4667 Avg IoU: 0.3349
	 Best dice improved from 0.4083 to 0.4667
	 Model saved to ImageEncoder_Pretrain\UNet\Pretrain_05.25_10h55\models\best_model-UNet.pth.tar

========= Epoch [6/50] =========
Train Epoch: [6][1/138] Loss: 0.7805 (Avg: 0.7805) Dice: 0.4436 (Avg: 0.4436) IoU: 0.3127 (Avg: 0.3127)
Train Epoch: [6][2/138] Loss: 0.6516 (Avg: 0.7160) Dice: 0.5777 (Avg: 0.5106) IoU: 0.4244 (Avg: 0.3685)
Train Epoch: [6][3/138] Loss: 0.7229 (Avg: 0.7183) Dice: 0.5511 (Avg: 0.5241) IoU: 0.4347 (Avg: 0.3906)
Train Epoch: [6][4/138] Loss: 0.8602 (Avg: 0.7538) Dice: 0.2848 (Avg: 0.4643) IoU: 0.1859 (Avg: 0.3394)
Train Epoch: [6][5/138] Loss: 0.8147 (Avg: 0.7660) Dice: 0.3565 (Avg: 0.4427) IoU: 0.2309 (Avg: 0.3177)
Train Epoch: [6][6/138] Loss: 0.7209 (Avg: 0.7584) Dice: 0.5857 (Avg: 0.4666) IoU: 0.4311 (Avg: 0.3366)
Train Epoch: [6][7/138] Loss: 0.6623 (Avg: 0.7447) Dice: 0.6245 (Avg: 0.4891) IoU: 0.5021 (Avg: 0.3602)
Train Epoch: [6][8/138] Loss: 0.7889 (Avg: 0.7502) Dice: 0.4250 (Avg: 0.4811) IoU: 0.3060 (Avg: 0.3535)
Train Epoch: [6][9/138] Loss: 0.8209 (Avg: 0.7581) Dice: 0.5095 (Avg: 0.4843) IoU: 0.3734 (Avg: 0.3557)
Train Epoch: [6][10/138] Loss: 0.7464 (Avg: 0.7569) Dice: 0.4594 (Avg: 0.4818) IoU: 0.3202 (Avg: 0.3521)
Train Epoch: [6][11/138] Loss: 0.8917 (Avg: 0.7692) Dice: 0.2831 (Avg: 0.4637) IoU: 0.1937 (Avg: 0.3377)
Train Epoch: [6][12/138] Loss: 0.8405 (Avg: 0.7751) Dice: 0.3509 (Avg: 0.4543) IoU: 0.2275 (Avg: 0.3285)
Train Epoch: [6][13/138] Loss: 0.6309 (Avg: 0.7640) Dice: 0.5299 (Avg: 0.4601) IoU: 0.4104 (Avg: 0.3348)
Train Epoch: [6][14/138] Loss: 0.8144 (Avg: 0.7676) Dice: 0.3115 (Avg: 0.4495) IoU: 0.1974 (Avg: 0.3250)
Train Epoch: [6][15/138] Loss: 0.6515 (Avg: 0.7599) Dice: 0.6680 (Avg: 0.4641) IoU: 0.5068 (Avg: 0.3371)
Train Epoch: [6][16/138] Loss: 0.7306 (Avg: 0.7580) Dice: 0.5500 (Avg: 0.4694) IoU: 0.4100 (Avg: 0.3417)
Train Epoch: [6][17/138] Loss: 0.7361 (Avg: 0.7568) Dice: 0.4557 (Avg: 0.4686) IoU: 0.3292 (Avg: 0.3410)
Train Epoch: [6][18/138] Loss: 0.8758 (Avg: 0.7634) Dice: 0.2563 (Avg: 0.4568) IoU: 0.1679 (Avg: 0.3313)
Train Epoch: [6][19/138] Loss: 0.7419 (Avg: 0.7622) Dice: 0.5838 (Avg: 0.4635) IoU: 0.4378 (Avg: 0.3369)
Train Epoch: [6][20/138] Loss: 0.8130 (Avg: 0.7648) Dice: 0.4768 (Avg: 0.4642) IoU: 0.3275 (Avg: 0.3365)
Train Epoch: [6][21/138] Loss: 0.8117 (Avg: 0.7670) Dice: 0.4369 (Avg: 0.4629) IoU: 0.2901 (Avg: 0.3343)
Train Epoch: [6][22/138] Loss: 0.9361 (Avg: 0.7747) Dice: 0.1837 (Avg: 0.4502) IoU: 0.1086 (Avg: 0.3240)
Train Epoch: [6][23/138] Loss: 0.8354 (Avg: 0.7773) Dice: 0.4786 (Avg: 0.4514) IoU: 0.3173 (Avg: 0.3237)
Train Epoch: [6][24/138] Loss: 0.6347 (Avg: 0.7714) Dice: 0.6712 (Avg: 0.4606) IoU: 0.5144 (Avg: 0.3317)
Train Epoch: [6][25/138] Loss: 0.9134 (Avg: 0.7771) Dice: 0.0894 (Avg: 0.4457) IoU: 0.0495 (Avg: 0.3204)
Train Epoch: [6][26/138] Loss: 0.8631 (Avg: 0.7804) Dice: 0.3319 (Avg: 0.4414) IoU: 0.2058 (Avg: 0.3160)
Train Epoch: [6][27/138] Loss: 0.7873 (Avg: 0.7806) Dice: 0.3854 (Avg: 0.4393) IoU: 0.2712 (Avg: 0.3143)
Train Epoch: [6][28/138] Loss: 0.6288 (Avg: 0.7752) Dice: 0.6562 (Avg: 0.4470) IoU: 0.5044 (Avg: 0.3211)
Train Epoch: [6][29/138] Loss: 0.6877 (Avg: 0.7722) Dice: 0.6183 (Avg: 0.4529) IoU: 0.4524 (Avg: 0.3256)
Train Epoch: [6][30/138] Loss: 0.8757 (Avg: 0.7757) Dice: 0.2710 (Avg: 0.4469) IoU: 0.1828 (Avg: 0.3209)
Train Epoch: [6][31/138] Loss: 0.8482 (Avg: 0.7780) Dice: 0.3729 (Avg: 0.4445) IoU: 0.2426 (Avg: 0.3183)
Train Epoch: [6][32/138] Loss: 0.7512 (Avg: 0.7772) Dice: 0.6340 (Avg: 0.4504) IoU: 0.4789 (Avg: 0.3234)
Train Epoch: [6][33/138] Loss: 0.7337 (Avg: 0.7758) Dice: 0.3947 (Avg: 0.4487) IoU: 0.3334 (Avg: 0.3237)
Train Epoch: [6][34/138] Loss: 0.7907 (Avg: 0.7763) Dice: 0.4194 (Avg: 0.4479) IoU: 0.2973 (Avg: 0.3229)
Train Epoch: [6][35/138] Loss: 0.7339 (Avg: 0.7751) Dice: 0.4594 (Avg: 0.4482) IoU: 0.3298 (Avg: 0.3231)
Train Epoch: [6][36/138] Loss: 0.6746 (Avg: 0.7723) Dice: 0.6141 (Avg: 0.4528) IoU: 0.4478 (Avg: 0.3266)
Train Epoch: [6][37/138] Loss: 0.6258 (Avg: 0.7683) Dice: 0.6284 (Avg: 0.4575) IoU: 0.4764 (Avg: 0.3306)
Train Epoch: [6][38/138] Loss: 0.8302 (Avg: 0.7699) Dice: 0.3215 (Avg: 0.4540) IoU: 0.2056 (Avg: 0.3273)
Train Epoch: [6][39/138] Loss: 0.8704 (Avg: 0.7725) Dice: 0.3131 (Avg: 0.4504) IoU: 0.2102 (Avg: 0.3243)
Train Epoch: [6][40/138] Loss: 0.7245 (Avg: 0.7713) Dice: 0.5503 (Avg: 0.4529) IoU: 0.3848 (Avg: 0.3258)
Train Epoch: [6][41/138] Loss: 0.7283 (Avg: 0.7703) Dice: 0.4906 (Avg: 0.4538) IoU: 0.3496 (Avg: 0.3264)
Train Epoch: [6][42/138] Loss: 0.6644 (Avg: 0.7677) Dice: 0.5850 (Avg: 0.4569) IoU: 0.4517 (Avg: 0.3294)
Train Epoch: [6][43/138] Loss: 0.6659 (Avg: 0.7654) Dice: 0.5467 (Avg: 0.4590) IoU: 0.4390 (Avg: 0.3319)
Train Epoch: [6][44/138] Loss: 0.9188 (Avg: 0.7689) Dice: 0.2014 (Avg: 0.4531) IoU: 0.1233 (Avg: 0.3272)
Train Epoch: [6][45/138] Loss: 0.9067 (Avg: 0.7719) Dice: 0.1870 (Avg: 0.4472) IoU: 0.1075 (Avg: 0.3223)
Train Epoch: [6][46/138] Loss: 0.7090 (Avg: 0.7706) Dice: 0.5606 (Avg: 0.4497) IoU: 0.4183 (Avg: 0.3244)
Train Epoch: [6][47/138] Loss: 0.8966 (Avg: 0.7732) Dice: 0.2653 (Avg: 0.4458) IoU: 0.1660 (Avg: 0.3210)
Train Epoch: [6][48/138] Loss: 0.7493 (Avg: 0.7727) Dice: 0.4792 (Avg: 0.4465) IoU: 0.3551 (Avg: 0.3217)
Train Epoch: [6][49/138] Loss: 0.8721 (Avg: 0.7748) Dice: 0.3115 (Avg: 0.4437) IoU: 0.1936 (Avg: 0.3191)
Train Epoch: [6][50/138] Loss: 0.8242 (Avg: 0.7758) Dice: 0.3570 (Avg: 0.4420) IoU: 0.2467 (Avg: 0.3177)
Train Epoch: [6][51/138] Loss: 0.9061 (Avg: 0.7783) Dice: 0.2794 (Avg: 0.4388) IoU: 0.1721 (Avg: 0.3148)
Train Epoch: [6][52/138] Loss: 0.6969 (Avg: 0.7768) Dice: 0.5307 (Avg: 0.4405) IoU: 0.3883 (Avg: 0.3162)
Train Epoch: [6][53/138] Loss: 0.7873 (Avg: 0.7770) Dice: 0.5753 (Avg: 0.4431) IoU: 0.4047 (Avg: 0.3179)
Train Epoch: [6][54/138] Loss: 0.7473 (Avg: 0.7764) Dice: 0.4554 (Avg: 0.4433) IoU: 0.3007 (Avg: 0.3176)
Train Epoch: [6][55/138] Loss: 0.8013 (Avg: 0.7769) Dice: 0.4488 (Avg: 0.4434) IoU: 0.3081 (Avg: 0.3174)
Train Epoch: [6][56/138] Loss: 0.8446 (Avg: 0.7781) Dice: 0.4004 (Avg: 0.4427) IoU: 0.2647 (Avg: 0.3165)
Train Epoch: [6][57/138] Loss: 0.7821 (Avg: 0.7781) Dice: 0.5153 (Avg: 0.4439) IoU: 0.3875 (Avg: 0.3177)
Train Epoch: [6][58/138] Loss: 0.7507 (Avg: 0.7777) Dice: 0.5420 (Avg: 0.4456) IoU: 0.3999 (Avg: 0.3191)
Train Epoch: [6][59/138] Loss: 0.7847 (Avg: 0.7778) Dice: 0.5216 (Avg: 0.4469) IoU: 0.3803 (Avg: 0.3202)
Train Epoch: [6][60/138] Loss: 0.9186 (Avg: 0.7801) Dice: 0.1889 (Avg: 0.4426) IoU: 0.1093 (Avg: 0.3167)
Train Epoch: [6][61/138] Loss: 0.8838 (Avg: 0.7818) Dice: 0.3857 (Avg: 0.4417) IoU: 0.2685 (Avg: 0.3159)
Train Epoch: [6][62/138] Loss: 0.6631 (Avg: 0.7799) Dice: 0.6013 (Avg: 0.4442) IoU: 0.4441 (Avg: 0.3179)
Train Epoch: [6][63/138] Loss: 0.7257 (Avg: 0.7791) Dice: 0.5207 (Avg: 0.4455) IoU: 0.3608 (Avg: 0.3186)
Train Epoch: [6][64/138] Loss: 0.8429 (Avg: 0.7801) Dice: 0.4181 (Avg: 0.4450) IoU: 0.2747 (Avg: 0.3179)
Train Epoch: [6][65/138] Loss: 0.7233 (Avg: 0.7792) Dice: 0.6655 (Avg: 0.4484) IoU: 0.5176 (Avg: 0.3210)
Train Epoch: [6][66/138] Loss: 0.6636 (Avg: 0.7774) Dice: 0.4563 (Avg: 0.4485) IoU: 0.3348 (Avg: 0.3212)
Train Epoch: [6][67/138] Loss: 0.7800 (Avg: 0.7775) Dice: 0.4262 (Avg: 0.4482) IoU: 0.3168 (Avg: 0.3211)
Train Epoch: [6][68/138] Loss: 0.6583 (Avg: 0.7757) Dice: 0.5042 (Avg: 0.4490) IoU: 0.3861 (Avg: 0.3221)
Train Epoch: [6][69/138] Loss: 0.8821 (Avg: 0.7773) Dice: 0.3570 (Avg: 0.4477) IoU: 0.2406 (Avg: 0.3209)
Train Epoch: [6][70/138] Loss: 0.8846 (Avg: 0.7788) Dice: 0.3170 (Avg: 0.4458) IoU: 0.1929 (Avg: 0.3191)
Train Epoch: [6][71/138] Loss: 0.6980 (Avg: 0.7777) Dice: 0.5215 (Avg: 0.4469) IoU: 0.3558 (Avg: 0.3196)
Train Epoch: [6][72/138] Loss: 0.8919 (Avg: 0.7792) Dice: 0.2399 (Avg: 0.4440) IoU: 0.1723 (Avg: 0.3176)
Train Epoch: [6][73/138] Loss: 0.7640 (Avg: 0.7790) Dice: 0.3605 (Avg: 0.4429) IoU: 0.2663 (Avg: 0.3169)
Train Epoch: [6][74/138] Loss: 0.5761 (Avg: 0.7763) Dice: 0.6400 (Avg: 0.4455) IoU: 0.5588 (Avg: 0.3201)
Train Epoch: [6][75/138] Loss: 0.7850 (Avg: 0.7764) Dice: 0.4526 (Avg: 0.4456) IoU: 0.3273 (Avg: 0.3202)
Train Epoch: [6][76/138] Loss: 0.7721 (Avg: 0.7763) Dice: 0.6974 (Avg: 0.4490) IoU: 0.5454 (Avg: 0.3232)
Train Epoch: [6][77/138] Loss: 0.7399 (Avg: 0.7759) Dice: 0.5265 (Avg: 0.4500) IoU: 0.3590 (Avg: 0.3236)
Train Epoch: [6][78/138] Loss: 0.8633 (Avg: 0.7770) Dice: 0.2622 (Avg: 0.4476) IoU: 0.1590 (Avg: 0.3215)
Train Epoch: [6][79/138] Loss: 0.7884 (Avg: 0.7771) Dice: 0.3739 (Avg: 0.4466) IoU: 0.2573 (Avg: 0.3207)
Train Epoch: [6][80/138] Loss: 0.7690 (Avg: 0.7770) Dice: 0.5662 (Avg: 0.4481) IoU: 0.3988 (Avg: 0.3217)
Train Epoch: [6][81/138] Loss: 0.8155 (Avg: 0.7775) Dice: 0.2696 (Avg: 0.4459) IoU: 0.1734 (Avg: 0.3199)
Train Epoch: [6][82/138] Loss: 0.8651 (Avg: 0.7786) Dice: 0.2522 (Avg: 0.4435) IoU: 0.1517 (Avg: 0.3178)
Train Epoch: [6][83/138] Loss: 0.7329 (Avg: 0.7780) Dice: 0.3637 (Avg: 0.4426) IoU: 0.2701 (Avg: 0.3172)
Train Epoch: [6][84/138] Loss: 0.6595 (Avg: 0.7766) Dice: 0.6826 (Avg: 0.4454) IoU: 0.5208 (Avg: 0.3197)
Train Epoch: [6][85/138] Loss: 0.6581 (Avg: 0.7752) Dice: 0.5816 (Avg: 0.4470) IoU: 0.4176 (Avg: 0.3208)
Train Epoch: [6][86/138] Loss: 0.9607 (Avg: 0.7774) Dice: 0.0223 (Avg: 0.4421) IoU: 0.0117 (Avg: 0.3172)
Train Epoch: [6][87/138] Loss: 0.8247 (Avg: 0.7779) Dice: 0.2906 (Avg: 0.4404) IoU: 0.1864 (Avg: 0.3157)
Train Epoch: [6][88/138] Loss: 0.7918 (Avg: 0.7781) Dice: 0.4490 (Avg: 0.4405) IoU: 0.3270 (Avg: 0.3158)
Train Epoch: [6][89/138] Loss: 0.7741 (Avg: 0.7780) Dice: 0.3542 (Avg: 0.4395) IoU: 0.2337 (Avg: 0.3149)
Train Epoch: [6][90/138] Loss: 0.6975 (Avg: 0.7771) Dice: 0.5595 (Avg: 0.4408) IoU: 0.4159 (Avg: 0.3160)
Train Epoch: [6][91/138] Loss: 0.8304 (Avg: 0.7777) Dice: 0.2988 (Avg: 0.4393) IoU: 0.1822 (Avg: 0.3146)
Train Epoch: [6][92/138] Loss: 0.8465 (Avg: 0.7785) Dice: 0.3821 (Avg: 0.4386) IoU: 0.2475 (Avg: 0.3138)
Train Epoch: [6][93/138] Loss: 0.8231 (Avg: 0.7790) Dice: 0.3097 (Avg: 0.4373) IoU: 0.1932 (Avg: 0.3125)
Train Epoch: [6][94/138] Loss: 0.7988 (Avg: 0.7792) Dice: 0.4317 (Avg: 0.4372) IoU: 0.3053 (Avg: 0.3125)
Train Epoch: [6][95/138] Loss: 0.5872 (Avg: 0.7771) Dice: 0.6137 (Avg: 0.4391) IoU: 0.4465 (Avg: 0.3139)
Train Epoch: [6][96/138] Loss: 0.8830 (Avg: 0.7782) Dice: 0.2571 (Avg: 0.4372) IoU: 0.1570 (Avg: 0.3122)
Train Epoch: [6][97/138] Loss: 0.8586 (Avg: 0.7791) Dice: 0.2542 (Avg: 0.4353) IoU: 0.1600 (Avg: 0.3107)
Train Epoch: [6][98/138] Loss: 0.8827 (Avg: 0.7801) Dice: 0.2268 (Avg: 0.4331) IoU: 0.1447 (Avg: 0.3090)
Train Epoch: [6][99/138] Loss: 0.6864 (Avg: 0.7792) Dice: 0.5029 (Avg: 0.4339) IoU: 0.3822 (Avg: 0.3097)
Train Epoch: [6][100/138] Loss: 0.8339 (Avg: 0.7797) Dice: 0.2734 (Avg: 0.4322) IoU: 0.1735 (Avg: 0.3084)
Train Epoch: [6][101/138] Loss: 0.6345 (Avg: 0.7783) Dice: 0.5753 (Avg: 0.4337) IoU: 0.4100 (Avg: 0.3094)
Train Epoch: [6][102/138] Loss: 0.7768 (Avg: 0.7783) Dice: 0.4335 (Avg: 0.4337) IoU: 0.3246 (Avg: 0.3095)
Train Epoch: [6][103/138] Loss: 0.6633 (Avg: 0.7772) Dice: 0.5031 (Avg: 0.4343) IoU: 0.3658 (Avg: 0.3101)
Train Epoch: [6][104/138] Loss: 0.7602 (Avg: 0.7770) Dice: 0.4030 (Avg: 0.4340) IoU: 0.2917 (Avg: 0.3099)
Train Epoch: [6][105/138] Loss: 0.8704 (Avg: 0.7779) Dice: 0.3477 (Avg: 0.4332) IoU: 0.2277 (Avg: 0.3091)
Train Epoch: [6][106/138] Loss: 0.9091 (Avg: 0.7791) Dice: 0.1668 (Avg: 0.4307) IoU: 0.0955 (Avg: 0.3071)
Train Epoch: [6][107/138] Loss: 0.8714 (Avg: 0.7800) Dice: 0.2009 (Avg: 0.4286) IoU: 0.1248 (Avg: 0.3054)
Train Epoch: [6][108/138] Loss: 0.8373 (Avg: 0.7805) Dice: 0.3041 (Avg: 0.4274) IoU: 0.2034 (Avg: 0.3044)
Train Epoch: [6][109/138] Loss: 0.8316 (Avg: 0.7810) Dice: 0.3747 (Avg: 0.4269) IoU: 0.2586 (Avg: 0.3040)
Train Epoch: [6][110/138] Loss: 0.6170 (Avg: 0.7795) Dice: 0.6618 (Avg: 0.4291) IoU: 0.5129 (Avg: 0.3059)
Train Epoch: [6][111/138] Loss: 0.8201 (Avg: 0.7799) Dice: 0.4039 (Avg: 0.4288) IoU: 0.2782 (Avg: 0.3057)
Train Epoch: [6][112/138] Loss: 0.6954 (Avg: 0.7791) Dice: 0.5691 (Avg: 0.4301) IoU: 0.4067 (Avg: 0.3066)
Train Epoch: [6][113/138] Loss: 0.7408 (Avg: 0.7788) Dice: 0.4720 (Avg: 0.4305) IoU: 0.3450 (Avg: 0.3069)
Train Epoch: [6][114/138] Loss: 0.7638 (Avg: 0.7786) Dice: 0.5676 (Avg: 0.4317) IoU: 0.3995 (Avg: 0.3077)
Train Epoch: [6][115/138] Loss: 0.7326 (Avg: 0.7782) Dice: 0.5972 (Avg: 0.4331) IoU: 0.4275 (Avg: 0.3088)
Train Epoch: [6][116/138] Loss: 0.7884 (Avg: 0.7783) Dice: 0.4284 (Avg: 0.4331) IoU: 0.3135 (Avg: 0.3088)
Train Epoch: [6][117/138] Loss: 0.7315 (Avg: 0.7779) Dice: 0.5174 (Avg: 0.4338) IoU: 0.3727 (Avg: 0.3094)
Train Epoch: [6][118/138] Loss: 0.7611 (Avg: 0.7778) Dice: 0.4184 (Avg: 0.4336) IoU: 0.3154 (Avg: 0.3094)
Train Epoch: [6][119/138] Loss: 0.7261 (Avg: 0.7774) Dice: 0.4925 (Avg: 0.4341) IoU: 0.3760 (Avg: 0.3100)
Train Epoch: [6][120/138] Loss: 0.7714 (Avg: 0.7773) Dice: 0.3713 (Avg: 0.4336) IoU: 0.2405 (Avg: 0.3094)
Train Epoch: [6][121/138] Loss: 0.6730 (Avg: 0.7764) Dice: 0.6956 (Avg: 0.4358) IoU: 0.5522 (Avg: 0.3114)
Train Epoch: [6][122/138] Loss: 0.8604 (Avg: 0.7771) Dice: 0.3151 (Avg: 0.4348) IoU: 0.2010 (Avg: 0.3105)
Train Epoch: [6][123/138] Loss: 0.8493 (Avg: 0.7777) Dice: 0.2305 (Avg: 0.4331) IoU: 0.1433 (Avg: 0.3091)
Train Epoch: [6][124/138] Loss: 0.7351 (Avg: 0.7774) Dice: 0.4298 (Avg: 0.4331) IoU: 0.3038 (Avg: 0.3091)
Train Epoch: [6][125/138] Loss: 0.8022 (Avg: 0.7776) Dice: 0.4628 (Avg: 0.4333) IoU: 0.3492 (Avg: 0.3094)
Train Epoch: [6][126/138] Loss: 0.7972 (Avg: 0.7777) Dice: 0.5289 (Avg: 0.4341) IoU: 0.3624 (Avg: 0.3098)
Train Epoch: [6][127/138] Loss: 0.6934 (Avg: 0.7771) Dice: 0.7088 (Avg: 0.4363) IoU: 0.5680 (Avg: 0.3119)
Train Epoch: [6][128/138] Loss: 0.7898 (Avg: 0.7772) Dice: 0.3987 (Avg: 0.4360) IoU: 0.2650 (Avg: 0.3115)
Train Epoch: [6][129/138] Loss: 0.5745 (Avg: 0.7756) Dice: 0.6919 (Avg: 0.4380) IoU: 0.5424 (Avg: 0.3133)
Train Epoch: [6][130/138] Loss: 0.6744 (Avg: 0.7748) Dice: 0.4926 (Avg: 0.4384) IoU: 0.3682 (Avg: 0.3137)
Train Epoch: [6][131/138] Loss: 0.6185 (Avg: 0.7736) Dice: 0.6196 (Avg: 0.4398) IoU: 0.4633 (Avg: 0.3148)
Train Epoch: [6][132/138] Loss: 0.5550 (Avg: 0.7720) Dice: 0.6685 (Avg: 0.4415) IoU: 0.5195 (Avg: 0.3164)
Train Epoch: [6][133/138] Loss: 0.5690 (Avg: 0.7704) Dice: 0.6952 (Avg: 0.4434) IoU: 0.5527 (Avg: 0.3182)
Train Epoch: [6][134/138] Loss: 0.9082 (Avg: 0.7715) Dice: 0.2438 (Avg: 0.4419) IoU: 0.1533 (Avg: 0.3169)
Train Epoch: [6][135/138] Loss: 0.7923 (Avg: 0.7716) Dice: 0.3211 (Avg: 0.4410) IoU: 0.1979 (Avg: 0.3161)
Train Epoch: [6][136/138] Loss: 0.9098 (Avg: 0.7726) Dice: 0.1535 (Avg: 0.4389) IoU: 0.0865 (Avg: 0.3144)
Train Epoch: [6][137/138] Loss: 0.9624 (Avg: 0.7740) Dice: 0.0984 (Avg: 0.4364) IoU: 0.0560 (Avg: 0.3125)
Train Epoch: [6][138/138] Loss: 0.6082 (Avg: 0.7695) Dice: 0.5421 (Avg: 0.4342) IoU: 0.3718 (Avg: 0.3109)
Validation Epoch: [6] Avg Loss: 0.7549 Avg Dice: 0.4291 Avg IoU: 0.3017

========= Epoch [7/50] =========
Train Epoch: [7][1/138] Loss: 0.6478 (Avg: 0.6478) Dice: 0.4517 (Avg: 0.4517) IoU: 0.3067 (Avg: 0.3067)
Train Epoch: [7][2/138] Loss: 0.7949 (Avg: 0.7214) Dice: 0.3742 (Avg: 0.4129) IoU: 0.2508 (Avg: 0.2788)
Train Epoch: [7][3/138] Loss: 0.6914 (Avg: 0.7114) Dice: 0.6242 (Avg: 0.4833) IoU: 0.4985 (Avg: 0.3520)
Train Epoch: [7][4/138] Loss: 0.7438 (Avg: 0.7195) Dice: 0.5419 (Avg: 0.4980) IoU: 0.3778 (Avg: 0.3585)
Train Epoch: [7][5/138] Loss: 0.8401 (Avg: 0.7436) Dice: 0.2808 (Avg: 0.4545) IoU: 0.1861 (Avg: 0.3240)
Train Epoch: [7][6/138] Loss: 0.8694 (Avg: 0.7646) Dice: 0.2517 (Avg: 0.4207) IoU: 0.1548 (Avg: 0.2958)
Train Epoch: [7][7/138] Loss: 0.6036 (Avg: 0.7416) Dice: 0.6067 (Avg: 0.4473) IoU: 0.4493 (Avg: 0.3177)
Train Epoch: [7][8/138] Loss: 0.6206 (Avg: 0.7265) Dice: 0.4971 (Avg: 0.4535) IoU: 0.3422 (Avg: 0.3208)
Train Epoch: [7][9/138] Loss: 0.7634 (Avg: 0.7306) Dice: 0.3843 (Avg: 0.4458) IoU: 0.2385 (Avg: 0.3116)
Train Epoch: [7][10/138] Loss: 0.7057 (Avg: 0.7281) Dice: 0.4948 (Avg: 0.4507) IoU: 0.3592 (Avg: 0.3164)
Train Epoch: [7][11/138] Loss: 0.8244 (Avg: 0.7368) Dice: 0.4418 (Avg: 0.4499) IoU: 0.3105 (Avg: 0.3159)
Train Epoch: [7][12/138] Loss: 0.8707 (Avg: 0.7480) Dice: 0.1442 (Avg: 0.4244) IoU: 0.0885 (Avg: 0.2969)
Train Epoch: [7][13/138] Loss: 0.7074 (Avg: 0.7449) Dice: 0.4591 (Avg: 0.4271) IoU: 0.3242 (Avg: 0.2990)
Train Epoch: [7][14/138] Loss: 0.9245 (Avg: 0.7577) Dice: 0.1213 (Avg: 0.4053) IoU: 0.0700 (Avg: 0.2827)
Train Epoch: [7][15/138] Loss: 0.8166 (Avg: 0.7616) Dice: 0.3232 (Avg: 0.3998) IoU: 0.2106 (Avg: 0.2778)
Train Epoch: [7][16/138] Loss: 0.8581 (Avg: 0.7677) Dice: 0.3074 (Avg: 0.3940) IoU: 0.1822 (Avg: 0.2719)
Train Epoch: [7][17/138] Loss: 0.9729 (Avg: 0.7797) Dice: 0.0005 (Avg: 0.3709) IoU: 0.0003 (Avg: 0.2559)
Train Epoch: [7][18/138] Loss: 0.6264 (Avg: 0.7712) Dice: 0.5486 (Avg: 0.3807) IoU: 0.4464 (Avg: 0.2665)
Train Epoch: [7][19/138] Loss: 0.8158 (Avg: 0.7736) Dice: 0.2606 (Avg: 0.3744) IoU: 0.1574 (Avg: 0.2607)
Train Epoch: [7][20/138] Loss: 0.7142 (Avg: 0.7706) Dice: 0.4789 (Avg: 0.3796) IoU: 0.3518 (Avg: 0.2653)
Train Epoch: [7][21/138] Loss: 0.6578 (Avg: 0.7652) Dice: 0.5583 (Avg: 0.3882) IoU: 0.4146 (Avg: 0.2724)
Train Epoch: [7][22/138] Loss: 0.7605 (Avg: 0.7650) Dice: 0.3579 (Avg: 0.3868) IoU: 0.2247 (Avg: 0.2702)
Train Epoch: [7][23/138] Loss: 0.6985 (Avg: 0.7621) Dice: 0.4294 (Avg: 0.3886) IoU: 0.3049 (Avg: 0.2717)
Train Epoch: [7][24/138] Loss: 0.6945 (Avg: 0.7593) Dice: 0.4787 (Avg: 0.3924) IoU: 0.3595 (Avg: 0.2754)
Train Epoch: [7][25/138] Loss: 0.7243 (Avg: 0.7579) Dice: 0.4747 (Avg: 0.3957) IoU: 0.3282 (Avg: 0.2775)
Train Epoch: [7][26/138] Loss: 0.7274 (Avg: 0.7567) Dice: 0.4699 (Avg: 0.3985) IoU: 0.3212 (Avg: 0.2792)
Train Epoch: [7][27/138] Loss: 0.6841 (Avg: 0.7540) Dice: 0.5957 (Avg: 0.4058) IoU: 0.4361 (Avg: 0.2850)
Train Epoch: [7][28/138] Loss: 0.8757 (Avg: 0.7584) Dice: 0.3520 (Avg: 0.4039) IoU: 0.2214 (Avg: 0.2827)
Train Epoch: [7][29/138] Loss: 0.7509 (Avg: 0.7581) Dice: 0.4315 (Avg: 0.4049) IoU: 0.2820 (Avg: 0.2827)
Train Epoch: [7][30/138] Loss: 0.8423 (Avg: 0.7609) Dice: 0.3123 (Avg: 0.4018) IoU: 0.2032 (Avg: 0.2800)
Train Epoch: [7][31/138] Loss: 0.8550 (Avg: 0.7640) Dice: 0.3800 (Avg: 0.4011) IoU: 0.2535 (Avg: 0.2792)
Train Epoch: [7][32/138] Loss: 0.9230 (Avg: 0.7689) Dice: 0.1081 (Avg: 0.3919) IoU: 0.0620 (Avg: 0.2724)
Train Epoch: [7][33/138] Loss: 0.7035 (Avg: 0.7669) Dice: 0.5347 (Avg: 0.3962) IoU: 0.3793 (Avg: 0.2756)
Train Epoch: [7][34/138] Loss: 0.7220 (Avg: 0.7656) Dice: 0.4292 (Avg: 0.3972) IoU: 0.3093 (Avg: 0.2766)
Train Epoch: [7][35/138] Loss: 0.7630 (Avg: 0.7656) Dice: 0.5143 (Avg: 0.4006) IoU: 0.3594 (Avg: 0.2790)
Train Epoch: [7][36/138] Loss: 0.6020 (Avg: 0.7610) Dice: 0.5162 (Avg: 0.4038) IoU: 0.3962 (Avg: 0.2823)
Train Epoch: [7][37/138] Loss: 0.7448 (Avg: 0.7606) Dice: 0.3512 (Avg: 0.4024) IoU: 0.2466 (Avg: 0.2813)
Train Epoch: [7][38/138] Loss: 0.5671 (Avg: 0.7555) Dice: 0.6713 (Avg: 0.4094) IoU: 0.5265 (Avg: 0.2877)
Train Epoch: [7][39/138] Loss: 0.9306 (Avg: 0.7600) Dice: 0.1083 (Avg: 0.4017) IoU: 0.0590 (Avg: 0.2819)
Train Epoch: [7][40/138] Loss: 0.5739 (Avg: 0.7553) Dice: 0.6203 (Avg: 0.4072) IoU: 0.4540 (Avg: 0.2862)
Train Epoch: [7][41/138] Loss: 0.7975 (Avg: 0.7563) Dice: 0.3738 (Avg: 0.4064) IoU: 0.2435 (Avg: 0.2851)
Train Epoch: [7][42/138] Loss: 0.9221 (Avg: 0.7603) Dice: 0.1636 (Avg: 0.4006) IoU: 0.1007 (Avg: 0.2808)
Train Epoch: [7][43/138] Loss: 0.7225 (Avg: 0.7594) Dice: 0.4431 (Avg: 0.4016) IoU: 0.3018 (Avg: 0.2812)
Train Epoch: [7][44/138] Loss: 0.7670 (Avg: 0.7596) Dice: 0.2817 (Avg: 0.3988) IoU: 0.1875 (Avg: 0.2791)
Train Epoch: [7][45/138] Loss: 0.7812 (Avg: 0.7601) Dice: 0.3229 (Avg: 0.3972) IoU: 0.2039 (Avg: 0.2774)
Train Epoch: [7][46/138] Loss: 0.7462 (Avg: 0.7598) Dice: 0.4077 (Avg: 0.3974) IoU: 0.2607 (Avg: 0.2771)
Train Epoch: [7][47/138] Loss: 0.9201 (Avg: 0.7632) Dice: 0.2806 (Avg: 0.3949) IoU: 0.1686 (Avg: 0.2748)
Train Epoch: [7][48/138] Loss: 0.7867 (Avg: 0.7637) Dice: 0.3004 (Avg: 0.3929) IoU: 0.2038 (Avg: 0.2733)
Train Epoch: [7][49/138] Loss: 0.7205 (Avg: 0.7628) Dice: 0.5202 (Avg: 0.3955) IoU: 0.3719 (Avg: 0.2753)
Train Epoch: [7][50/138] Loss: 0.8691 (Avg: 0.7649) Dice: 0.2316 (Avg: 0.3922) IoU: 0.1583 (Avg: 0.2730)
Train Epoch: [7][51/138] Loss: 0.6642 (Avg: 0.7629) Dice: 0.5839 (Avg: 0.3960) IoU: 0.4525 (Avg: 0.2765)
Train Epoch: [7][52/138] Loss: 0.7678 (Avg: 0.7630) Dice: 0.3508 (Avg: 0.3951) IoU: 0.2280 (Avg: 0.2756)
Train Epoch: [7][53/138] Loss: 0.8186 (Avg: 0.7641) Dice: 0.3964 (Avg: 0.3952) IoU: 0.2695 (Avg: 0.2754)
Train Epoch: [7][54/138] Loss: 0.7810 (Avg: 0.7644) Dice: 0.2755 (Avg: 0.3929) IoU: 0.1615 (Avg: 0.2733)
Train Epoch: [7][55/138] Loss: 0.5508 (Avg: 0.7605) Dice: 0.7025 (Avg: 0.3986) IoU: 0.5602 (Avg: 0.2785)
Train Epoch: [7][56/138] Loss: 0.6722 (Avg: 0.7589) Dice: 0.6081 (Avg: 0.4023) IoU: 0.4494 (Avg: 0.2816)
Train Epoch: [7][57/138] Loss: 0.8416 (Avg: 0.7604) Dice: 0.3290 (Avg: 0.4010) IoU: 0.1992 (Avg: 0.2801)
Train Epoch: [7][58/138] Loss: 0.5794 (Avg: 0.7573) Dice: 0.5828 (Avg: 0.4042) IoU: 0.4830 (Avg: 0.2836)
Train Epoch: [7][59/138] Loss: 0.8495 (Avg: 0.7588) Dice: 0.2683 (Avg: 0.4019) IoU: 0.1803 (Avg: 0.2819)
Train Epoch: [7][60/138] Loss: 0.6258 (Avg: 0.7566) Dice: 0.5405 (Avg: 0.4042) IoU: 0.4010 (Avg: 0.2839)
Train Epoch: [7][61/138] Loss: 0.7163 (Avg: 0.7559) Dice: 0.6046 (Avg: 0.4075) IoU: 0.4442 (Avg: 0.2865)
Train Epoch: [7][62/138] Loss: 0.6175 (Avg: 0.7537) Dice: 0.6050 (Avg: 0.4106) IoU: 0.4734 (Avg: 0.2895)
Train Epoch: [7][63/138] Loss: 0.8290 (Avg: 0.7549) Dice: 0.3837 (Avg: 0.4102) IoU: 0.2585 (Avg: 0.2890)
Train Epoch: [7][64/138] Loss: 0.6816 (Avg: 0.7538) Dice: 0.5195 (Avg: 0.4119) IoU: 0.3871 (Avg: 0.2906)
Train Epoch: [7][65/138] Loss: 0.7224 (Avg: 0.7533) Dice: 0.4062 (Avg: 0.4118) IoU: 0.2579 (Avg: 0.2901)
Train Epoch: [7][66/138] Loss: 0.6429 (Avg: 0.7516) Dice: 0.5638 (Avg: 0.4141) IoU: 0.3952 (Avg: 0.2916)
Train Epoch: [7][67/138] Loss: 0.4454 (Avg: 0.7470) Dice: 0.7257 (Avg: 0.4188) IoU: 0.5823 (Avg: 0.2960)
Train Epoch: [7][68/138] Loss: 0.7393 (Avg: 0.7469) Dice: 0.4552 (Avg: 0.4193) IoU: 0.3108 (Avg: 0.2962)
Train Epoch: [7][69/138] Loss: 0.6226 (Avg: 0.7451) Dice: 0.5696 (Avg: 0.4215) IoU: 0.4020 (Avg: 0.2977)
Train Epoch: [7][70/138] Loss: 0.6735 (Avg: 0.7441) Dice: 0.5062 (Avg: 0.4227) IoU: 0.3612 (Avg: 0.2986)
Train Epoch: [7][71/138] Loss: 0.4791 (Avg: 0.7404) Dice: 0.6709 (Avg: 0.4262) IoU: 0.5271 (Avg: 0.3019)
Train Epoch: [7][72/138] Loss: 0.7205 (Avg: 0.7401) Dice: 0.4471 (Avg: 0.4265) IoU: 0.3039 (Avg: 0.3019)
Train Epoch: [7][73/138] Loss: 0.6096 (Avg: 0.7383) Dice: 0.7398 (Avg: 0.4308) IoU: 0.5942 (Avg: 0.3059)
Train Epoch: [7][74/138] Loss: 0.8223 (Avg: 0.7394) Dice: 0.2276 (Avg: 0.4280) IoU: 0.1443 (Avg: 0.3037)
Train Epoch: [7][75/138] Loss: 0.8376 (Avg: 0.7407) Dice: 0.2799 (Avg: 0.4261) IoU: 0.1923 (Avg: 0.3022)
Train Epoch: [7][76/138] Loss: 0.7438 (Avg: 0.7408) Dice: 0.3903 (Avg: 0.4256) IoU: 0.2654 (Avg: 0.3017)
Train Epoch: [7][77/138] Loss: 0.9095 (Avg: 0.7430) Dice: 0.1952 (Avg: 0.4226) IoU: 0.1245 (Avg: 0.2994)
Train Epoch: [7][78/138] Loss: 0.6320 (Avg: 0.7416) Dice: 0.4850 (Avg: 0.4234) IoU: 0.3554 (Avg: 0.3002)
Train Epoch: [7][79/138] Loss: 0.8174 (Avg: 0.7425) Dice: 0.2660 (Avg: 0.4214) IoU: 0.1796 (Avg: 0.2986)
Train Epoch: [7][80/138] Loss: 0.5874 (Avg: 0.7406) Dice: 0.6686 (Avg: 0.4245) IoU: 0.5337 (Avg: 0.3016)
Train Epoch: [7][81/138] Loss: 0.6368 (Avg: 0.7393) Dice: 0.4646 (Avg: 0.4250) IoU: 0.3303 (Avg: 0.3019)
Train Epoch: [7][82/138] Loss: 0.7863 (Avg: 0.7399) Dice: 0.3631 (Avg: 0.4242) IoU: 0.2338 (Avg: 0.3011)
Train Epoch: [7][83/138] Loss: 0.7361 (Avg: 0.7398) Dice: 0.4783 (Avg: 0.4249) IoU: 0.3529 (Avg: 0.3017)
Train Epoch: [7][84/138] Loss: 0.4840 (Avg: 0.7368) Dice: 0.7221 (Avg: 0.4284) IoU: 0.5794 (Avg: 0.3050)
Train Epoch: [7][85/138] Loss: 0.6469 (Avg: 0.7357) Dice: 0.6700 (Avg: 0.4313) IoU: 0.5367 (Avg: 0.3078)
Train Epoch: [7][86/138] Loss: 0.8172 (Avg: 0.7367) Dice: 0.3018 (Avg: 0.4298) IoU: 0.1789 (Avg: 0.3063)
Train Epoch: [7][87/138] Loss: 0.7043 (Avg: 0.7363) Dice: 0.4113 (Avg: 0.4296) IoU: 0.3076 (Avg: 0.3063)
Train Epoch: [7][88/138] Loss: 0.7661 (Avg: 0.7366) Dice: 0.2503 (Avg: 0.4275) IoU: 0.1637 (Avg: 0.3046)
Train Epoch: [7][89/138] Loss: 0.6528 (Avg: 0.7357) Dice: 0.7076 (Avg: 0.4307) IoU: 0.5697 (Avg: 0.3076)
Train Epoch: [7][90/138] Loss: 0.5149 (Avg: 0.7332) Dice: 0.7145 (Avg: 0.4338) IoU: 0.5642 (Avg: 0.3105)
Train Epoch: [7][91/138] Loss: 0.4774 (Avg: 0.7304) Dice: 0.6635 (Avg: 0.4363) IoU: 0.4965 (Avg: 0.3125)
Train Epoch: [7][92/138] Loss: 0.6458 (Avg: 0.7295) Dice: 0.6419 (Avg: 0.4386) IoU: 0.4903 (Avg: 0.3145)
Train Epoch: [7][93/138] Loss: 0.6513 (Avg: 0.7287) Dice: 0.4851 (Avg: 0.4391) IoU: 0.3444 (Avg: 0.3148)
Train Epoch: [7][94/138] Loss: 0.8144 (Avg: 0.7296) Dice: 0.3885 (Avg: 0.4385) IoU: 0.2595 (Avg: 0.3142)
Train Epoch: [7][95/138] Loss: 0.5607 (Avg: 0.7278) Dice: 0.5889 (Avg: 0.4401) IoU: 0.4381 (Avg: 0.3155)
Train Epoch: [7][96/138] Loss: 0.6371 (Avg: 0.7269) Dice: 0.5665 (Avg: 0.4414) IoU: 0.4033 (Avg: 0.3164)
Train Epoch: [7][97/138] Loss: 0.4972 (Avg: 0.7245) Dice: 0.6649 (Avg: 0.4437) IoU: 0.5040 (Avg: 0.3183)
Train Epoch: [7][98/138] Loss: 0.6009 (Avg: 0.7232) Dice: 0.5719 (Avg: 0.4450) IoU: 0.4498 (Avg: 0.3197)
Train Epoch: [7][99/138] Loss: 0.8898 (Avg: 0.7249) Dice: 0.2803 (Avg: 0.4434) IoU: 0.1828 (Avg: 0.3183)
Train Epoch: [7][100/138] Loss: 0.5428 (Avg: 0.7231) Dice: 0.6286 (Avg: 0.4452) IoU: 0.4888 (Avg: 0.3200)
Train Epoch: [7][101/138] Loss: 0.8315 (Avg: 0.7242) Dice: 0.2882 (Avg: 0.4437) IoU: 0.1991 (Avg: 0.3188)
Train Epoch: [7][102/138] Loss: 0.7107 (Avg: 0.7240) Dice: 0.5173 (Avg: 0.4444) IoU: 0.3704 (Avg: 0.3193)
Train Epoch: [7][103/138] Loss: 0.6576 (Avg: 0.7234) Dice: 0.5991 (Avg: 0.4459) IoU: 0.4389 (Avg: 0.3205)
Train Epoch: [7][104/138] Loss: 0.8197 (Avg: 0.7243) Dice: 0.3944 (Avg: 0.4454) IoU: 0.2576 (Avg: 0.3199)
Train Epoch: [7][105/138] Loss: 0.7584 (Avg: 0.7246) Dice: 0.3989 (Avg: 0.4450) IoU: 0.2560 (Avg: 0.3193)
Train Epoch: [7][106/138] Loss: 0.7753 (Avg: 0.7251) Dice: 0.4283 (Avg: 0.4448) IoU: 0.3066 (Avg: 0.3191)
Train Epoch: [7][107/138] Loss: 0.7041 (Avg: 0.7249) Dice: 0.4043 (Avg: 0.4444) IoU: 0.2835 (Avg: 0.3188)
Train Epoch: [7][108/138] Loss: 0.8154 (Avg: 0.7258) Dice: 0.3423 (Avg: 0.4435) IoU: 0.2173 (Avg: 0.3179)
Train Epoch: [7][109/138] Loss: 0.5630 (Avg: 0.7243) Dice: 0.6005 (Avg: 0.4449) IoU: 0.4426 (Avg: 0.3190)
Train Epoch: [7][110/138] Loss: 0.8069 (Avg: 0.7250) Dice: 0.4083 (Avg: 0.4446) IoU: 0.2778 (Avg: 0.3186)
Train Epoch: [7][111/138] Loss: 0.5773 (Avg: 0.7237) Dice: 0.6189 (Avg: 0.4462) IoU: 0.4865 (Avg: 0.3201)
Train Epoch: [7][112/138] Loss: 0.7983 (Avg: 0.7244) Dice: 0.2464 (Avg: 0.4444) IoU: 0.1670 (Avg: 0.3188)
Train Epoch: [7][113/138] Loss: 0.5193 (Avg: 0.7225) Dice: 0.7344 (Avg: 0.4469) IoU: 0.5875 (Avg: 0.3212)
Train Epoch: [7][114/138] Loss: 0.7701 (Avg: 0.7230) Dice: 0.5243 (Avg: 0.4476) IoU: 0.3757 (Avg: 0.3216)
Train Epoch: [7][115/138] Loss: 0.5730 (Avg: 0.7216) Dice: 0.4975 (Avg: 0.4481) IoU: 0.3912 (Avg: 0.3222)
Train Epoch: [7][116/138] Loss: 0.7531 (Avg: 0.7219) Dice: 0.3251 (Avg: 0.4470) IoU: 0.2030 (Avg: 0.3212)
Train Epoch: [7][117/138] Loss: 0.7719 (Avg: 0.7223) Dice: 0.2850 (Avg: 0.4456) IoU: 0.2035 (Avg: 0.3202)
Train Epoch: [7][118/138] Loss: 0.5098 (Avg: 0.7205) Dice: 0.6683 (Avg: 0.4475) IoU: 0.5448 (Avg: 0.3221)
Train Epoch: [7][119/138] Loss: 0.7178 (Avg: 0.7205) Dice: 0.4150 (Avg: 0.4472) IoU: 0.2906 (Avg: 0.3218)
Train Epoch: [7][120/138] Loss: 0.4785 (Avg: 0.7185) Dice: 0.6732 (Avg: 0.4491) IoU: 0.5146 (Avg: 0.3235)
Train Epoch: [7][121/138] Loss: 0.9566 (Avg: 0.7205) Dice: 0.0741 (Avg: 0.4460) IoU: 0.0393 (Avg: 0.3211)
Train Epoch: [7][122/138] Loss: 0.6262 (Avg: 0.7197) Dice: 0.6070 (Avg: 0.4473) IoU: 0.4416 (Avg: 0.3221)
Train Epoch: [7][123/138] Loss: 0.5678 (Avg: 0.7185) Dice: 0.6026 (Avg: 0.4486) IoU: 0.4415 (Avg: 0.3231)
Train Epoch: [7][124/138] Loss: 0.6416 (Avg: 0.7178) Dice: 0.5400 (Avg: 0.4493) IoU: 0.3744 (Avg: 0.3235)
Train Epoch: [7][125/138] Loss: 0.7825 (Avg: 0.7184) Dice: 0.3215 (Avg: 0.4483) IoU: 0.2480 (Avg: 0.3229)
Train Epoch: [7][126/138] Loss: 0.7911 (Avg: 0.7189) Dice: 0.4237 (Avg: 0.4481) IoU: 0.2688 (Avg: 0.3224)
Train Epoch: [7][127/138] Loss: 0.6748 (Avg: 0.7186) Dice: 0.3842 (Avg: 0.4476) IoU: 0.2654 (Avg: 0.3220)
Train Epoch: [7][128/138] Loss: 0.5721 (Avg: 0.7174) Dice: 0.6835 (Avg: 0.4495) IoU: 0.5345 (Avg: 0.3237)
Train Epoch: [7][129/138] Loss: 0.6961 (Avg: 0.7173) Dice: 0.5455 (Avg: 0.4502) IoU: 0.3974 (Avg: 0.3242)
Train Epoch: [7][130/138] Loss: 0.6683 (Avg: 0.7169) Dice: 0.5415 (Avg: 0.4509) IoU: 0.3903 (Avg: 0.3247)
Train Epoch: [7][131/138] Loss: 0.8764 (Avg: 0.7181) Dice: 0.2467 (Avg: 0.4493) IoU: 0.1535 (Avg: 0.3234)
Train Epoch: [7][132/138] Loss: 0.6942 (Avg: 0.7179) Dice: 0.4774 (Avg: 0.4496) IoU: 0.3570 (Avg: 0.3237)
Train Epoch: [7][133/138] Loss: 0.6008 (Avg: 0.7171) Dice: 0.7122 (Avg: 0.4515) IoU: 0.5617 (Avg: 0.3255)
Train Epoch: [7][134/138] Loss: 0.6341 (Avg: 0.7164) Dice: 0.5451 (Avg: 0.4522) IoU: 0.3999 (Avg: 0.3260)
Train Epoch: [7][135/138] Loss: 0.4955 (Avg: 0.7148) Dice: 0.7211 (Avg: 0.4542) IoU: 0.5743 (Avg: 0.3279)
Train Epoch: [7][136/138] Loss: 0.7322 (Avg: 0.7149) Dice: 0.3280 (Avg: 0.4533) IoU: 0.2262 (Avg: 0.3271)
Train Epoch: [7][137/138] Loss: 0.7510 (Avg: 0.7152) Dice: 0.4131 (Avg: 0.4530) IoU: 0.2979 (Avg: 0.3269)
Train Epoch: [7][138/138] Loss: 0.8329 (Avg: 0.7115) Dice: 0.3516 (Avg: 0.4504) IoU: 0.2133 (Avg: 0.3249)
Validation Epoch: [7] Avg Loss: 0.6729 Avg Dice: 0.4981 Avg IoU: 0.3645
	 Best dice improved from 0.4667 to 0.4981
	 Model saved to ImageEncoder_Pretrain\UNet\Pretrain_05.25_10h55\models\best_model-UNet.pth.tar

========= Epoch [8/50] =========
Train Epoch: [8][1/138] Loss: 0.5475 (Avg: 0.5475) Dice: 0.6324 (Avg: 0.6324) IoU: 0.4657 (Avg: 0.4657)
Train Epoch: [8][2/138] Loss: 0.7915 (Avg: 0.6695) Dice: 0.3524 (Avg: 0.4924) IoU: 0.2355 (Avg: 0.3506)
Train Epoch: [8][3/138] Loss: 0.7752 (Avg: 0.7047) Dice: 0.3931 (Avg: 0.4593) IoU: 0.2705 (Avg: 0.3239)
Train Epoch: [8][4/138] Loss: 0.7094 (Avg: 0.7059) Dice: 0.4418 (Avg: 0.4549) IoU: 0.3092 (Avg: 0.3202)
Train Epoch: [8][5/138] Loss: 0.5660 (Avg: 0.6779) Dice: 0.6898 (Avg: 0.5019) IoU: 0.5401 (Avg: 0.3642)
Train Epoch: [8][6/138] Loss: 0.5404 (Avg: 0.6550) Dice: 0.6441 (Avg: 0.5256) IoU: 0.5090 (Avg: 0.3883)
Train Epoch: [8][7/138] Loss: 0.7961 (Avg: 0.6752) Dice: 0.1685 (Avg: 0.4746) IoU: 0.1270 (Avg: 0.3510)
Train Epoch: [8][8/138] Loss: 0.5450 (Avg: 0.6589) Dice: 0.7206 (Avg: 0.5053) IoU: 0.5678 (Avg: 0.3781)
Train Epoch: [8][9/138] Loss: 0.6210 (Avg: 0.6547) Dice: 0.5068 (Avg: 0.5055) IoU: 0.3751 (Avg: 0.3778)
Train Epoch: [8][10/138] Loss: 0.8549 (Avg: 0.6747) Dice: 0.1654 (Avg: 0.4715) IoU: 0.1021 (Avg: 0.3502)
Train Epoch: [8][11/138] Loss: 0.5470 (Avg: 0.6631) Dice: 0.6784 (Avg: 0.4903) IoU: 0.5439 (Avg: 0.3678)
Train Epoch: [8][12/138] Loss: 0.7344 (Avg: 0.6690) Dice: 0.3492 (Avg: 0.4785) IoU: 0.2349 (Avg: 0.3567)
Train Epoch: [8][13/138] Loss: 0.6990 (Avg: 0.6713) Dice: 0.4208 (Avg: 0.4741) IoU: 0.2953 (Avg: 0.3520)
Train Epoch: [8][14/138] Loss: 0.6392 (Avg: 0.6690) Dice: 0.4247 (Avg: 0.4706) IoU: 0.2759 (Avg: 0.3466)
Train Epoch: [8][15/138] Loss: 0.5803 (Avg: 0.6631) Dice: 0.6490 (Avg: 0.4825) IoU: 0.4938 (Avg: 0.3564)
Train Epoch: [8][16/138] Loss: 0.5681 (Avg: 0.6572) Dice: 0.6429 (Avg: 0.4925) IoU: 0.5062 (Avg: 0.3658)
Train Epoch: [8][17/138] Loss: 0.6110 (Avg: 0.6545) Dice: 0.5237 (Avg: 0.4943) IoU: 0.3755 (Avg: 0.3663)
Train Epoch: [8][18/138] Loss: 0.7341 (Avg: 0.6589) Dice: 0.4352 (Avg: 0.4910) IoU: 0.2852 (Avg: 0.3618)
Train Epoch: [8][19/138] Loss: 0.5880 (Avg: 0.6552) Dice: 0.5544 (Avg: 0.4944) IoU: 0.4278 (Avg: 0.3653)
Train Epoch: [8][20/138] Loss: 0.6485 (Avg: 0.6548) Dice: 0.5315 (Avg: 0.4962) IoU: 0.3797 (Avg: 0.3660)
Train Epoch: [8][21/138] Loss: 0.9316 (Avg: 0.6680) Dice: 0.0917 (Avg: 0.4770) IoU: 0.0499 (Avg: 0.3510)
Train Epoch: [8][22/138] Loss: 0.5969 (Avg: 0.6648) Dice: 0.6016 (Avg: 0.4826) IoU: 0.4565 (Avg: 0.3558)
Train Epoch: [8][23/138] Loss: 0.7689 (Avg: 0.6693) Dice: 0.3613 (Avg: 0.4774) IoU: 0.2311 (Avg: 0.3503)
Train Epoch: [8][24/138] Loss: 0.6915 (Avg: 0.6702) Dice: 0.4267 (Avg: 0.4752) IoU: 0.2876 (Avg: 0.3477)
Train Epoch: [8][25/138] Loss: 0.6403 (Avg: 0.6690) Dice: 0.5549 (Avg: 0.4784) IoU: 0.4037 (Avg: 0.3500)
Train Epoch: [8][26/138] Loss: 0.7199 (Avg: 0.6710) Dice: 0.4725 (Avg: 0.4782) IoU: 0.3154 (Avg: 0.3486)
Train Epoch: [8][27/138] Loss: 0.7143 (Avg: 0.6726) Dice: 0.4770 (Avg: 0.4782) IoU: 0.3474 (Avg: 0.3486)
Train Epoch: [8][28/138] Loss: 0.6535 (Avg: 0.6719) Dice: 0.4762 (Avg: 0.4781) IoU: 0.3447 (Avg: 0.3485)
Train Epoch: [8][29/138] Loss: 0.5736 (Avg: 0.6685) Dice: 0.6534 (Avg: 0.4841) IoU: 0.5090 (Avg: 0.3540)
Train Epoch: [8][30/138] Loss: 0.8161 (Avg: 0.6734) Dice: 0.4872 (Avg: 0.4842) IoU: 0.3394 (Avg: 0.3535)
Train Epoch: [8][31/138] Loss: 0.6156 (Avg: 0.6716) Dice: 0.5266 (Avg: 0.4856) IoU: 0.4086 (Avg: 0.3553)
Train Epoch: [8][32/138] Loss: 0.7866 (Avg: 0.6752) Dice: 0.5358 (Avg: 0.4872) IoU: 0.3768 (Avg: 0.3560)
Train Epoch: [8][33/138] Loss: 0.7538 (Avg: 0.6775) Dice: 0.3024 (Avg: 0.4816) IoU: 0.2167 (Avg: 0.3517)
Train Epoch: [8][34/138] Loss: 0.4753 (Avg: 0.6716) Dice: 0.6427 (Avg: 0.4863) IoU: 0.5044 (Avg: 0.3562)
Train Epoch: [8][35/138] Loss: 0.6511 (Avg: 0.6710) Dice: 0.5045 (Avg: 0.4868) IoU: 0.3392 (Avg: 0.3557)
Train Epoch: [8][36/138] Loss: 0.6383 (Avg: 0.6701) Dice: 0.5316 (Avg: 0.4881) IoU: 0.4190 (Avg: 0.3575)
Train Epoch: [8][37/138] Loss: 0.7596 (Avg: 0.6725) Dice: 0.2854 (Avg: 0.4826) IoU: 0.2132 (Avg: 0.3536)
Train Epoch: [8][38/138] Loss: 0.6302 (Avg: 0.6714) Dice: 0.4478 (Avg: 0.4817) IoU: 0.3331 (Avg: 0.3531)
Train Epoch: [8][39/138] Loss: 0.6911 (Avg: 0.6719) Dice: 0.3927 (Avg: 0.4794) IoU: 0.2595 (Avg: 0.3507)
Train Epoch: [8][40/138] Loss: 0.6683 (Avg: 0.6718) Dice: 0.4018 (Avg: 0.4775) IoU: 0.2910 (Avg: 0.3492)
Train Epoch: [8][41/138] Loss: 0.5265 (Avg: 0.6683) Dice: 0.6932 (Avg: 0.4827) IoU: 0.5336 (Avg: 0.3537)
Train Epoch: [8][42/138] Loss: 0.4713 (Avg: 0.6636) Dice: 0.6401 (Avg: 0.4865) IoU: 0.5004 (Avg: 0.3572)
Train Epoch: [8][43/138] Loss: 0.4229 (Avg: 0.6580) Dice: 0.7713 (Avg: 0.4931) IoU: 0.6620 (Avg: 0.3642)
Train Epoch: [8][44/138] Loss: 0.5431 (Avg: 0.6554) Dice: 0.6934 (Avg: 0.4976) IoU: 0.5529 (Avg: 0.3685)
Train Epoch: [8][45/138] Loss: 0.5477 (Avg: 0.6530) Dice: 0.5286 (Avg: 0.4983) IoU: 0.3600 (Avg: 0.3683)
Train Epoch: [8][46/138] Loss: 0.6833 (Avg: 0.6536) Dice: 0.4484 (Avg: 0.4972) IoU: 0.3275 (Avg: 0.3675)
Train Epoch: [8][47/138] Loss: 0.9246 (Avg: 0.6594) Dice: 0.1388 (Avg: 0.4896) IoU: 0.0771 (Avg: 0.3613)
Train Epoch: [8][48/138] Loss: 0.6921 (Avg: 0.6601) Dice: 0.4572 (Avg: 0.4889) IoU: 0.3492 (Avg: 0.3610)
Train Epoch: [8][49/138] Loss: 0.5789 (Avg: 0.6584) Dice: 0.5813 (Avg: 0.4908) IoU: 0.4764 (Avg: 0.3634)
Train Epoch: [8][50/138] Loss: 0.6271 (Avg: 0.6578) Dice: 0.5360 (Avg: 0.4917) IoU: 0.3761 (Avg: 0.3636)
Train Epoch: [8][51/138] Loss: 0.7166 (Avg: 0.6590) Dice: 0.4687 (Avg: 0.4913) IoU: 0.3227 (Avg: 0.3628)
Train Epoch: [8][52/138] Loss: 0.7249 (Avg: 0.6602) Dice: 0.5721 (Avg: 0.4928) IoU: 0.2297 (Avg: 0.3603)
Train Epoch: [8][53/138] Loss: 0.7915 (Avg: 0.6627) Dice: 0.2733 (Avg: 0.4887) IoU: 0.1815 (Avg: 0.3569)
Train Epoch: [8][54/138] Loss: 0.6479 (Avg: 0.6624) Dice: 0.4667 (Avg: 0.4883) IoU: 0.3398 (Avg: 0.3566)
Train Epoch: [8][55/138] Loss: 0.7204 (Avg: 0.6635) Dice: 0.3267 (Avg: 0.4853) IoU: 0.2278 (Avg: 0.3542)
Train Epoch: [8][56/138] Loss: 0.6390 (Avg: 0.6631) Dice: 0.5012 (Avg: 0.4856) IoU: 0.3444 (Avg: 0.3541)
Train Epoch: [8][57/138] Loss: 0.6260 (Avg: 0.6624) Dice: 0.5437 (Avg: 0.4866) IoU: 0.4006 (Avg: 0.3549)
Train Epoch: [8][58/138] Loss: 0.7118 (Avg: 0.6633) Dice: 0.3874 (Avg: 0.4849) IoU: 0.2787 (Avg: 0.3536)
Train Epoch: [8][59/138] Loss: 0.7804 (Avg: 0.6652) Dice: 0.3298 (Avg: 0.4823) IoU: 0.2243 (Avg: 0.3514)
Train Epoch: [8][60/138] Loss: 0.5157 (Avg: 0.6627) Dice: 0.6976 (Avg: 0.4859) IoU: 0.5465 (Avg: 0.3546)
Train Epoch: [8][61/138] Loss: 0.5350 (Avg: 0.6607) Dice: 0.5821 (Avg: 0.4875) IoU: 0.4217 (Avg: 0.3557)
Train Epoch: [8][62/138] Loss: 0.5885 (Avg: 0.6595) Dice: 0.5244 (Avg: 0.4881) IoU: 0.4048 (Avg: 0.3565)
Train Epoch: [8][63/138] Loss: 0.7168 (Avg: 0.6604) Dice: 0.3274 (Avg: 0.4855) IoU: 0.2227 (Avg: 0.3544)
Train Epoch: [8][64/138] Loss: 0.6224 (Avg: 0.6598) Dice: 0.4704 (Avg: 0.4853) IoU: 0.3387 (Avg: 0.3541)
Train Epoch: [8][65/138] Loss: 0.7242 (Avg: 0.6608) Dice: 0.3551 (Avg: 0.4833) IoU: 0.2267 (Avg: 0.3522)
Train Epoch: [8][66/138] Loss: 0.4754 (Avg: 0.6580) Dice: 0.5711 (Avg: 0.4846) IoU: 0.4519 (Avg: 0.3537)
Train Epoch: [8][67/138] Loss: 0.6763 (Avg: 0.6583) Dice: 0.4537 (Avg: 0.4841) IoU: 0.2992 (Avg: 0.3529)
Train Epoch: [8][68/138] Loss: 0.6990 (Avg: 0.6589) Dice: 0.3475 (Avg: 0.4821) IoU: 0.2476 (Avg: 0.3513)
Train Epoch: [8][69/138] Loss: 0.4416 (Avg: 0.6557) Dice: 0.6858 (Avg: 0.4851) IoU: 0.5262 (Avg: 0.3539)
Train Epoch: [8][70/138] Loss: 0.7760 (Avg: 0.6574) Dice: 0.2209 (Avg: 0.4813) IoU: 0.1468 (Avg: 0.3509)
Train Epoch: [8][71/138] Loss: 0.8958 (Avg: 0.6608) Dice: 0.1873 (Avg: 0.4772) IoU: 0.1061 (Avg: 0.3475)
Train Epoch: [8][72/138] Loss: 0.5080 (Avg: 0.6587) Dice: 0.6412 (Avg: 0.4795) IoU: 0.4785 (Avg: 0.3493)
Train Epoch: [8][73/138] Loss: 0.6409 (Avg: 0.6584) Dice: 0.4187 (Avg: 0.4786) IoU: 0.3328 (Avg: 0.3491)
Train Epoch: [8][74/138] Loss: 0.7144 (Avg: 0.6592) Dice: 0.3832 (Avg: 0.4773) IoU: 0.2850 (Avg: 0.3482)
Train Epoch: [8][75/138] Loss: 0.4946 (Avg: 0.6570) Dice: 0.6663 (Avg: 0.4799) IoU: 0.5082 (Avg: 0.3503)
Train Epoch: [8][76/138] Loss: 0.6337 (Avg: 0.6567) Dice: 0.4667 (Avg: 0.4797) IoU: 0.3452 (Avg: 0.3503)
Train Epoch: [8][77/138] Loss: 0.6710 (Avg: 0.6569) Dice: 0.4361 (Avg: 0.4791) IoU: 0.3077 (Avg: 0.3497)
Train Epoch: [8][78/138] Loss: 0.6966 (Avg: 0.6574) Dice: 0.3613 (Avg: 0.4776) IoU: 0.2479 (Avg: 0.3484)
Train Epoch: [8][79/138] Loss: 0.7676 (Avg: 0.6588) Dice: 0.4072 (Avg: 0.4767) IoU: 0.2852 (Avg: 0.3476)
Train Epoch: [8][80/138] Loss: 0.6531 (Avg: 0.6587) Dice: 0.5202 (Avg: 0.4773) IoU: 0.4045 (Avg: 0.3483)
Train Epoch: [8][81/138] Loss: 0.5908 (Avg: 0.6579) Dice: 0.5720 (Avg: 0.4784) IoU: 0.4031 (Avg: 0.3490)
Train Epoch: [8][82/138] Loss: 0.6651 (Avg: 0.6579) Dice: 0.4769 (Avg: 0.4784) IoU: 0.3321 (Avg: 0.3488)
Train Epoch: [8][83/138] Loss: 0.5921 (Avg: 0.6572) Dice: 0.5275 (Avg: 0.4790) IoU: 0.3898 (Avg: 0.3493)
Train Epoch: [8][84/138] Loss: 0.5269 (Avg: 0.6556) Dice: 0.5234 (Avg: 0.4795) IoU: 0.4283 (Avg: 0.3502)
Train Epoch: [8][85/138] Loss: 0.6671 (Avg: 0.6557) Dice: 0.4690 (Avg: 0.4794) IoU: 0.3508 (Avg: 0.3502)
Train Epoch: [8][86/138] Loss: 0.5994 (Avg: 0.6551) Dice: 0.5359 (Avg: 0.4801) IoU: 0.4043 (Avg: 0.3509)
Train Epoch: [8][87/138] Loss: 0.4800 (Avg: 0.6531) Dice: 0.6272 (Avg: 0.4817) IoU: 0.4912 (Avg: 0.3525)
Train Epoch: [8][88/138] Loss: 0.6118 (Avg: 0.6526) Dice: 0.6030 (Avg: 0.4831) IoU: 0.4330 (Avg: 0.3534)
Train Epoch: [8][89/138] Loss: 0.5680 (Avg: 0.6517) Dice: 0.5383 (Avg: 0.4837) IoU: 0.3900 (Avg: 0.3538)
Train Epoch: [8][90/138] Loss: 0.6863 (Avg: 0.6520) Dice: 0.4382 (Avg: 0.4832) IoU: 0.3199 (Avg: 0.3534)
Train Epoch: [8][91/138] Loss: 0.8432 (Avg: 0.6541) Dice: 0.2707 (Avg: 0.4809) IoU: 0.1574 (Avg: 0.3513)
Train Epoch: [8][92/138] Loss: 0.5721 (Avg: 0.6532) Dice: 0.4881 (Avg: 0.4810) IoU: 0.3692 (Avg: 0.3515)
Train Epoch: [8][93/138] Loss: 0.6204 (Avg: 0.6529) Dice: 0.4485 (Avg: 0.4806) IoU: 0.3214 (Avg: 0.3511)
Train Epoch: [8][94/138] Loss: 0.7092 (Avg: 0.6535) Dice: 0.3839 (Avg: 0.4796) IoU: 0.3003 (Avg: 0.3506)
Train Epoch: [8][95/138] Loss: 0.5172 (Avg: 0.6521) Dice: 0.6072 (Avg: 0.4809) IoU: 0.4447 (Avg: 0.3516)
Train Epoch: [8][96/138] Loss: 0.7370 (Avg: 0.6529) Dice: 0.3606 (Avg: 0.4797) IoU: 0.2219 (Avg: 0.3502)
Train Epoch: [8][97/138] Loss: 0.5800 (Avg: 0.6522) Dice: 0.4541 (Avg: 0.4794) IoU: 0.3023 (Avg: 0.3497)
Train Epoch: [8][98/138] Loss: 0.9154 (Avg: 0.6549) Dice: 0.1039 (Avg: 0.4756) IoU: 0.0564 (Avg: 0.3467)
Train Epoch: [8][99/138] Loss: 0.3867 (Avg: 0.6522) Dice: 0.6843 (Avg: 0.4777) IoU: 0.5324 (Avg: 0.3486)
Train Epoch: [8][100/138] Loss: 0.4797 (Avg: 0.6504) Dice: 0.6363 (Avg: 0.4793) IoU: 0.4762 (Avg: 0.3499)
Train Epoch: [8][101/138] Loss: 0.3094 (Avg: 0.6471) Dice: 0.8095 (Avg: 0.4826) IoU: 0.6820 (Avg: 0.3532)
Train Epoch: [8][102/138] Loss: 0.5685 (Avg: 0.6463) Dice: 0.5235 (Avg: 0.4830) IoU: 0.3791 (Avg: 0.3534)
Train Epoch: [8][103/138] Loss: 0.7517 (Avg: 0.6473) Dice: 0.3583 (Avg: 0.4818) IoU: 0.2301 (Avg: 0.3522)
Train Epoch: [8][104/138] Loss: 0.8711 (Avg: 0.6495) Dice: 0.1689 (Avg: 0.4787) IoU: 0.0952 (Avg: 0.3498)
Train Epoch: [8][105/138] Loss: 0.6287 (Avg: 0.6493) Dice: 0.5617 (Avg: 0.4795) IoU: 0.4188 (Avg: 0.3504)
Train Epoch: [8][106/138] Loss: 0.5314 (Avg: 0.6482) Dice: 0.5715 (Avg: 0.4804) IoU: 0.4311 (Avg: 0.3512)
Train Epoch: [8][107/138] Loss: 0.7042 (Avg: 0.6487) Dice: 0.5183 (Avg: 0.4808) IoU: 0.3753 (Avg: 0.3514)
Train Epoch: [8][108/138] Loss: 0.8555 (Avg: 0.6506) Dice: 0.2243 (Avg: 0.4784) IoU: 0.1355 (Avg: 0.3494)
Train Epoch: [8][109/138] Loss: 0.5399 (Avg: 0.6496) Dice: 0.5761 (Avg: 0.4793) IoU: 0.4446 (Avg: 0.3503)
Train Epoch: [8][110/138] Loss: 0.5793 (Avg: 0.6489) Dice: 0.6002 (Avg: 0.4804) IoU: 0.4420 (Avg: 0.3511)
Train Epoch: [8][111/138] Loss: 0.7020 (Avg: 0.6494) Dice: 0.4586 (Avg: 0.4802) IoU: 0.3255 (Avg: 0.3509)
Train Epoch: [8][112/138] Loss: 0.6214 (Avg: 0.6492) Dice: 0.5044 (Avg: 0.4804) IoU: 0.3589 (Avg: 0.3510)
Train Epoch: [8][113/138] Loss: 0.6258 (Avg: 0.6490) Dice: 0.4799 (Avg: 0.4804) IoU: 0.3552 (Avg: 0.3510)
Train Epoch: [8][114/138] Loss: 0.6176 (Avg: 0.6487) Dice: 0.4238 (Avg: 0.4799) IoU: 0.2933 (Avg: 0.3505)
Train Epoch: [8][115/138] Loss: 0.5431 (Avg: 0.6478) Dice: 0.5602 (Avg: 0.4806) IoU: 0.4052 (Avg: 0.3510)
Train Epoch: [8][116/138] Loss: 0.4715 (Avg: 0.6463) Dice: 0.6841 (Avg: 0.4824) IoU: 0.5226 (Avg: 0.3524)
Train Epoch: [8][117/138] Loss: 0.7236 (Avg: 0.6469) Dice: 0.3383 (Avg: 0.4811) IoU: 0.2277 (Avg: 0.3514)
Train Epoch: [8][118/138] Loss: 0.8883 (Avg: 0.6490) Dice: 0.1269 (Avg: 0.4781) IoU: 0.0695 (Avg: 0.3490)
Train Epoch: [8][119/138] Loss: 0.5695 (Avg: 0.6483) Dice: 0.5479 (Avg: 0.4787) IoU: 0.4033 (Avg: 0.3494)
Train Epoch: [8][120/138] Loss: 0.4404 (Avg: 0.6466) Dice: 0.7221 (Avg: 0.4807) IoU: 0.5760 (Avg: 0.3513)
Train Epoch: [8][121/138] Loss: 0.6724 (Avg: 0.6468) Dice: 0.4194 (Avg: 0.4802) IoU: 0.2936 (Avg: 0.3509)
Train Epoch: [8][122/138] Loss: 0.4625 (Avg: 0.6453) Dice: 0.6224 (Avg: 0.4814) IoU: 0.4554 (Avg: 0.3517)
Train Epoch: [8][123/138] Loss: 0.8059 (Avg: 0.6466) Dice: 0.2788 (Avg: 0.4797) IoU: 0.1938 (Avg: 0.3504)
Train Epoch: [8][124/138] Loss: 0.7937 (Avg: 0.6478) Dice: 0.2862 (Avg: 0.4782) IoU: 0.1753 (Avg: 0.3490)
Train Epoch: [8][125/138] Loss: 0.3939 (Avg: 0.6457) Dice: 0.7607 (Avg: 0.4804) IoU: 0.6195 (Avg: 0.3512)
Train Epoch: [8][126/138] Loss: 0.4556 (Avg: 0.6442) Dice: 0.6224 (Avg: 0.4816) IoU: 0.4718 (Avg: 0.3521)
Train Epoch: [8][127/138] Loss: 0.5448 (Avg: 0.6434) Dice: 0.5646 (Avg: 0.4822) IoU: 0.4180 (Avg: 0.3527)
Train Epoch: [8][128/138] Loss: 0.7847 (Avg: 0.6445) Dice: 0.2992 (Avg: 0.4808) IoU: 0.2034 (Avg: 0.3515)
Train Epoch: [8][129/138] Loss: 0.7139 (Avg: 0.6451) Dice: 0.4106 (Avg: 0.4802) IoU: 0.2920 (Avg: 0.3510)
Train Epoch: [8][130/138] Loss: 0.5024 (Avg: 0.6440) Dice: 0.4959 (Avg: 0.4804) IoU: 0.3929 (Avg: 0.3514)
Train Epoch: [8][131/138] Loss: 0.4710 (Avg: 0.6427) Dice: 0.6470 (Avg: 0.4816) IoU: 0.4833 (Avg: 0.3524)
Train Epoch: [8][132/138] Loss: 0.5392 (Avg: 0.6419) Dice: 0.5951 (Avg: 0.4825) IoU: 0.4486 (Avg: 0.3531)
Train Epoch: [8][133/138] Loss: 0.6125 (Avg: 0.6417) Dice: 0.4296 (Avg: 0.4821) IoU: 0.3238 (Avg: 0.3529)
Train Epoch: [8][134/138] Loss: 0.8058 (Avg: 0.6429) Dice: 0.3762 (Avg: 0.4813) IoU: 0.2645 (Avg: 0.3522)
Train Epoch: [8][135/138] Loss: 0.6374 (Avg: 0.6428) Dice: 0.3666 (Avg: 0.4805) IoU: 0.2308 (Avg: 0.3513)
Train Epoch: [8][136/138] Loss: 0.5955 (Avg: 0.6425) Dice: 0.5259 (Avg: 0.4808) IoU: 0.4228 (Avg: 0.3518)
Train Epoch: [8][137/138] Loss: 0.6707 (Avg: 0.6427) Dice: 0.3716 (Avg: 0.4800) IoU: 0.2345 (Avg: 0.3510)
Train Epoch: [8][138/138] Loss: 0.5254 (Avg: 0.6390) Dice: 0.6089 (Avg: 0.4776) IoU: 0.4377 (Avg: 0.3492)
Validation Epoch: [8] Avg Loss: 0.6602 Avg Dice: 0.3952 Avg IoU: 0.2782

========= Epoch [9/50] =========
Train Epoch: [9][1/138] Loss: 0.6422 (Avg: 0.6422) Dice: 0.4256 (Avg: 0.4256) IoU: 0.2928 (Avg: 0.2928)
Train Epoch: [9][2/138] Loss: 0.5964 (Avg: 0.6193) Dice: 0.5354 (Avg: 0.4805) IoU: 0.4003 (Avg: 0.3465)
Train Epoch: [9][3/138] Loss: 0.7988 (Avg: 0.6791) Dice: 0.2198 (Avg: 0.3936) IoU: 0.1366 (Avg: 0.2766)
Train Epoch: [9][4/138] Loss: 0.5143 (Avg: 0.6379) Dice: 0.5782 (Avg: 0.4397) IoU: 0.4269 (Avg: 0.3142)
Train Epoch: [9][5/138] Loss: 0.5466 (Avg: 0.6197) Dice: 0.5120 (Avg: 0.4542) IoU: 0.3613 (Avg: 0.3236)
Train Epoch: [9][6/138] Loss: 0.5592 (Avg: 0.6096) Dice: 0.5073 (Avg: 0.4630) IoU: 0.3562 (Avg: 0.3290)
Train Epoch: [9][7/138] Loss: 0.4810 (Avg: 0.5912) Dice: 0.7125 (Avg: 0.4987) IoU: 0.5661 (Avg: 0.3629)
Train Epoch: [9][8/138] Loss: 0.7152 (Avg: 0.6067) Dice: 0.3630 (Avg: 0.4817) IoU: 0.2242 (Avg: 0.3456)
Train Epoch: [9][9/138] Loss: 0.5864 (Avg: 0.6045) Dice: 0.4945 (Avg: 0.4831) IoU: 0.3435 (Avg: 0.3453)
Train Epoch: [9][10/138] Loss: 0.7728 (Avg: 0.6213) Dice: 0.3217 (Avg: 0.4670) IoU: 0.2056 (Avg: 0.3314)
Train Epoch: [9][11/138] Loss: 0.4957 (Avg: 0.6099) Dice: 0.5625 (Avg: 0.4757) IoU: 0.4567 (Avg: 0.3427)
Train Epoch: [9][12/138] Loss: 0.8273 (Avg: 0.6280) Dice: 0.1791 (Avg: 0.4510) IoU: 0.1112 (Avg: 0.3235)
Train Epoch: [9][13/138] Loss: 0.6104 (Avg: 0.6267) Dice: 0.4309 (Avg: 0.4494) IoU: 0.2970 (Avg: 0.3214)
Train Epoch: [9][14/138] Loss: 0.5648 (Avg: 0.6222) Dice: 0.5698 (Avg: 0.4580) IoU: 0.4508 (Avg: 0.3307)
Train Epoch: [9][15/138] Loss: 0.4122 (Avg: 0.6082) Dice: 0.6955 (Avg: 0.4739) IoU: 0.5431 (Avg: 0.3448)
Train Epoch: [9][16/138] Loss: 0.6782 (Avg: 0.6126) Dice: 0.3280 (Avg: 0.4647) IoU: 0.2166 (Avg: 0.3368)
Train Epoch: [9][17/138] Loss: 0.6263 (Avg: 0.6134) Dice: 0.5044 (Avg: 0.4671) IoU: 0.3604 (Avg: 0.3382)
Train Epoch: [9][18/138] Loss: 0.4777 (Avg: 0.6059) Dice: 0.7309 (Avg: 0.4817) IoU: 0.5818 (Avg: 0.3517)
Train Epoch: [9][19/138] Loss: 0.7086 (Avg: 0.6113) Dice: 0.4049 (Avg: 0.4777) IoU: 0.2829 (Avg: 0.3481)
Train Epoch: [9][20/138] Loss: 0.5707 (Avg: 0.6093) Dice: 0.5097 (Avg: 0.4793) IoU: 0.3635 (Avg: 0.3489)
Train Epoch: [9][21/138] Loss: 0.5096 (Avg: 0.6045) Dice: 0.5729 (Avg: 0.4837) IoU: 0.4247 (Avg: 0.3525)
Train Epoch: [9][22/138] Loss: 0.6749 (Avg: 0.6077) Dice: 0.3461 (Avg: 0.4775) IoU: 0.2567 (Avg: 0.3481)
Train Epoch: [9][23/138] Loss: 0.7331 (Avg: 0.6132) Dice: 0.2764 (Avg: 0.4687) IoU: 0.1829 (Avg: 0.3410)
Train Epoch: [9][24/138] Loss: 0.4919 (Avg: 0.6081) Dice: 0.6242 (Avg: 0.4752) IoU: 0.4745 (Avg: 0.3465)
Train Epoch: [9][25/138] Loss: 0.5238 (Avg: 0.6047) Dice: 0.5401 (Avg: 0.4778) IoU: 0.3950 (Avg: 0.3485)
Train Epoch: [9][26/138] Loss: 0.5929 (Avg: 0.6043) Dice: 0.5057 (Avg: 0.4789) IoU: 0.3537 (Avg: 0.3487)
Train Epoch: [9][27/138] Loss: 0.3658 (Avg: 0.5954) Dice: 0.6958 (Avg: 0.4869) IoU: 0.5358 (Avg: 0.3556)
Train Epoch: [9][28/138] Loss: 0.7275 (Avg: 0.6002) Dice: 0.3511 (Avg: 0.4821) IoU: 0.2341 (Avg: 0.3513)
Train Epoch: [9][29/138] Loss: 0.7519 (Avg: 0.6054) Dice: 0.2848 (Avg: 0.4753) IoU: 0.1787 (Avg: 0.3453)
Train Epoch: [9][30/138] Loss: 0.5585 (Avg: 0.6038) Dice: 0.5408 (Avg: 0.4775) IoU: 0.3822 (Avg: 0.3465)
Train Epoch: [9][31/138] Loss: 0.7818 (Avg: 0.6096) Dice: 0.2497 (Avg: 0.4701) IoU: 0.1431 (Avg: 0.3400)
Train Epoch: [9][32/138] Loss: 0.6060 (Avg: 0.6095) Dice: 0.4061 (Avg: 0.4681) IoU: 0.2601 (Avg: 0.3375)
Train Epoch: [9][33/138] Loss: 0.6049 (Avg: 0.6093) Dice: 0.4245 (Avg: 0.4668) IoU: 0.2931 (Avg: 0.3361)
Train Epoch: [9][34/138] Loss: 0.4263 (Avg: 0.6039) Dice: 0.6497 (Avg: 0.4722) IoU: 0.5198 (Avg: 0.3415)
Train Epoch: [9][35/138] Loss: 0.5783 (Avg: 0.6032) Dice: 0.6164 (Avg: 0.4763) IoU: 0.2572 (Avg: 0.3391)
Train Epoch: [9][36/138] Loss: 0.5122 (Avg: 0.6007) Dice: 0.5950 (Avg: 0.4796) IoU: 0.4443 (Avg: 0.3420)
Train Epoch: [9][37/138] Loss: 0.6584 (Avg: 0.6022) Dice: 0.5505 (Avg: 0.4815) IoU: 0.3895 (Avg: 0.3433)
Train Epoch: [9][38/138] Loss: 0.4175 (Avg: 0.5974) Dice: 0.6514 (Avg: 0.4860) IoU: 0.4856 (Avg: 0.3471)
Train Epoch: [9][39/138] Loss: 0.4090 (Avg: 0.5925) Dice: 0.6843 (Avg: 0.4911) IoU: 0.5513 (Avg: 0.3523)
Train Epoch: [9][40/138] Loss: 0.5900 (Avg: 0.5925) Dice: 0.4715 (Avg: 0.4906) IoU: 0.3227 (Avg: 0.3516)
Train Epoch: [9][41/138] Loss: 0.6888 (Avg: 0.5948) Dice: 0.4130 (Avg: 0.4887) IoU: 0.3410 (Avg: 0.3513)
Train Epoch: [9][42/138] Loss: 0.5869 (Avg: 0.5946) Dice: 0.4759 (Avg: 0.4884) IoU: 0.3216 (Avg: 0.3506)
Train Epoch: [9][43/138] Loss: 0.4502 (Avg: 0.5913) Dice: 0.6072 (Avg: 0.4911) IoU: 0.4542 (Avg: 0.3530)
Train Epoch: [9][44/138] Loss: 0.5769 (Avg: 0.5910) Dice: 0.4756 (Avg: 0.4908) IoU: 0.3284 (Avg: 0.3525)
Train Epoch: [9][45/138] Loss: 0.4845 (Avg: 0.5886) Dice: 0.5852 (Avg: 0.4929) IoU: 0.4537 (Avg: 0.3547)
Train Epoch: [9][46/138] Loss: 0.5279 (Avg: 0.5873) Dice: 0.5853 (Avg: 0.4949) IoU: 0.4313 (Avg: 0.3564)
Train Epoch: [9][47/138] Loss: 0.5122 (Avg: 0.5857) Dice: 0.5927 (Avg: 0.4970) IoU: 0.4390 (Avg: 0.3581)
Train Epoch: [9][48/138] Loss: 0.4583 (Avg: 0.5830) Dice: 0.6818 (Avg: 0.5008) IoU: 0.5197 (Avg: 0.3615)
Train Epoch: [9][49/138] Loss: 0.4230 (Avg: 0.5798) Dice: 0.6593 (Avg: 0.5041) IoU: 0.5063 (Avg: 0.3645)
Train Epoch: [9][50/138] Loss: 0.5956 (Avg: 0.5801) Dice: 0.5424 (Avg: 0.5048) IoU: 0.3872 (Avg: 0.3649)
Train Epoch: [9][51/138] Loss: 0.5841 (Avg: 0.5801) Dice: 0.4707 (Avg: 0.5042) IoU: 0.3583 (Avg: 0.3648)
Train Epoch: [9][52/138] Loss: 0.3257 (Avg: 0.5753) Dice: 0.7086 (Avg: 0.5081) IoU: 0.5805 (Avg: 0.3689)
Train Epoch: [9][53/138] Loss: 0.6576 (Avg: 0.5768) Dice: 0.3801 (Avg: 0.5057) IoU: 0.2943 (Avg: 0.3675)
Train Epoch: [9][54/138] Loss: 0.6774 (Avg: 0.5787) Dice: 0.4133 (Avg: 0.5040) IoU: 0.2636 (Avg: 0.3656)
Train Epoch: [9][55/138] Loss: 0.7343 (Avg: 0.5815) Dice: 0.3197 (Avg: 0.5006) IoU: 0.2241 (Avg: 0.3630)
Train Epoch: [9][56/138] Loss: 0.6072 (Avg: 0.5820) Dice: 0.4736 (Avg: 0.5001) IoU: 0.3406 (Avg: 0.3626)
Train Epoch: [9][57/138] Loss: 0.4935 (Avg: 0.5804) Dice: 0.5147 (Avg: 0.5004) IoU: 0.3802 (Avg: 0.3629)
Train Epoch: [9][58/138] Loss: 0.7146 (Avg: 0.5827) Dice: 0.3132 (Avg: 0.4972) IoU: 0.2388 (Avg: 0.3608)
Train Epoch: [9][59/138] Loss: 0.4194 (Avg: 0.5800) Dice: 0.7360 (Avg: 0.5012) IoU: 0.5848 (Avg: 0.3646)
Train Epoch: [9][60/138] Loss: 0.4797 (Avg: 0.5783) Dice: 0.5379 (Avg: 0.5018) IoU: 0.3907 (Avg: 0.3650)
Train Epoch: [9][61/138] Loss: 0.5018 (Avg: 0.5770) Dice: 0.5656 (Avg: 0.5029) IoU: 0.4447 (Avg: 0.3663)
Train Epoch: [9][62/138] Loss: 0.4602 (Avg: 0.5751) Dice: 0.5516 (Avg: 0.5036) IoU: 0.4030 (Avg: 0.3669)
Train Epoch: [9][63/138] Loss: 0.7299 (Avg: 0.5776) Dice: 0.3482 (Avg: 0.5012) IoU: 0.2363 (Avg: 0.3648)
Train Epoch: [9][64/138] Loss: 0.5501 (Avg: 0.5772) Dice: 0.5173 (Avg: 0.5014) IoU: 0.3858 (Avg: 0.3652)
Train Epoch: [9][65/138] Loss: 0.4958 (Avg: 0.5759) Dice: 0.5414 (Avg: 0.5020) IoU: 0.3962 (Avg: 0.3657)
Train Epoch: [9][66/138] Loss: 0.7002 (Avg: 0.5778) Dice: 0.3206 (Avg: 0.4993) IoU: 0.2196 (Avg: 0.3634)
Train Epoch: [9][67/138] Loss: 0.4746 (Avg: 0.5763) Dice: 0.5622 (Avg: 0.5002) IoU: 0.4051 (Avg: 0.3641)
Train Epoch: [9][68/138] Loss: 0.5404 (Avg: 0.5757) Dice: 0.5598 (Avg: 0.5011) IoU: 0.4111 (Avg: 0.3648)
Train Epoch: [9][69/138] Loss: 0.6663 (Avg: 0.5770) Dice: 0.5150 (Avg: 0.5013) IoU: 0.3646 (Avg: 0.3648)
Train Epoch: [9][70/138] Loss: 0.7299 (Avg: 0.5792) Dice: 0.3307 (Avg: 0.4989) IoU: 0.2403 (Avg: 0.3630)
Train Epoch: [9][71/138] Loss: 0.5022 (Avg: 0.5781) Dice: 0.5629 (Avg: 0.4998) IoU: 0.4560 (Avg: 0.3643)
Train Epoch: [9][72/138] Loss: 0.7013 (Avg: 0.5799) Dice: 0.4304 (Avg: 0.4988) IoU: 0.2806 (Avg: 0.3631)
Train Epoch: [9][73/138] Loss: 0.4081 (Avg: 0.5775) Dice: 0.6408 (Avg: 0.5008) IoU: 0.5166 (Avg: 0.3652)
Train Epoch: [9][74/138] Loss: 0.4477 (Avg: 0.5758) Dice: 0.6288 (Avg: 0.5025) IoU: 0.4711 (Avg: 0.3667)
Train Epoch: [9][75/138] Loss: 0.3581 (Avg: 0.5728) Dice: 0.6578 (Avg: 0.5046) IoU: 0.5071 (Avg: 0.3685)
Train Epoch: [9][76/138] Loss: 0.5754 (Avg: 0.5729) Dice: 0.5040 (Avg: 0.5046) IoU: 0.3399 (Avg: 0.3681)
Train Epoch: [9][77/138] Loss: 0.4723 (Avg: 0.5716) Dice: 0.5306 (Avg: 0.5049) IoU: 0.4197 (Avg: 0.3688)
Train Epoch: [9][78/138] Loss: 0.5457 (Avg: 0.5712) Dice: 0.4469 (Avg: 0.5041) IoU: 0.3416 (Avg: 0.3685)
Train Epoch: [9][79/138] Loss: 0.5644 (Avg: 0.5712) Dice: 0.5420 (Avg: 0.5046) IoU: 0.4090 (Avg: 0.3690)
Train Epoch: [9][80/138] Loss: 0.4718 (Avg: 0.5699) Dice: 0.5878 (Avg: 0.5057) IoU: 0.4171 (Avg: 0.3696)
Train Epoch: [9][81/138] Loss: 0.5819 (Avg: 0.5701) Dice: 0.5083 (Avg: 0.5057) IoU: 0.3943 (Avg: 0.3699)
Train Epoch: [9][82/138] Loss: 0.5343 (Avg: 0.5696) Dice: 0.4564 (Avg: 0.5051) IoU: 0.3585 (Avg: 0.3698)
Train Epoch: [9][83/138] Loss: 0.6509 (Avg: 0.5706) Dice: 0.4775 (Avg: 0.5048) IoU: 0.3163 (Avg: 0.3691)
Train Epoch: [9][84/138] Loss: 0.5479 (Avg: 0.5703) Dice: 0.5022 (Avg: 0.5047) IoU: 0.3824 (Avg: 0.3693)
Train Epoch: [9][85/138] Loss: 0.5410 (Avg: 0.5700) Dice: 0.4972 (Avg: 0.5046) IoU: 0.3837 (Avg: 0.3694)
Train Epoch: [9][86/138] Loss: 0.8170 (Avg: 0.5729) Dice: 0.2057 (Avg: 0.5012) IoU: 0.1295 (Avg: 0.3666)
Train Epoch: [9][87/138] Loss: 0.3769 (Avg: 0.5706) Dice: 0.6641 (Avg: 0.5030) IoU: 0.5091 (Avg: 0.3683)
Train Epoch: [9][88/138] Loss: 0.5259 (Avg: 0.5701) Dice: 0.5286 (Avg: 0.5033) IoU: 0.3987 (Avg: 0.3686)
Train Epoch: [9][89/138] Loss: 0.4087 (Avg: 0.5683) Dice: 0.6409 (Avg: 0.5049) IoU: 0.4870 (Avg: 0.3700)
Train Epoch: [9][90/138] Loss: 0.4891 (Avg: 0.5674) Dice: 0.5614 (Avg: 0.5055) IoU: 0.3990 (Avg: 0.3703)
Train Epoch: [9][91/138] Loss: 0.5181 (Avg: 0.5669) Dice: 0.5068 (Avg: 0.5055) IoU: 0.3606 (Avg: 0.3702)
Train Epoch: [9][92/138] Loss: 0.4863 (Avg: 0.5660) Dice: 0.6380 (Avg: 0.5070) IoU: 0.4941 (Avg: 0.3715)
Train Epoch: [9][93/138] Loss: 0.6733 (Avg: 0.5671) Dice: 0.4739 (Avg: 0.5066) IoU: 0.3114 (Avg: 0.3709)
Train Epoch: [9][94/138] Loss: 0.4781 (Avg: 0.5662) Dice: 0.5642 (Avg: 0.5072) IoU: 0.4478 (Avg: 0.3717)
Train Epoch: [9][95/138] Loss: 0.4608 (Avg: 0.5651) Dice: 0.5587 (Avg: 0.5078) IoU: 0.4062 (Avg: 0.3721)
Train Epoch: [9][96/138] Loss: 0.3847 (Avg: 0.5632) Dice: 0.7012 (Avg: 0.5098) IoU: 0.5442 (Avg: 0.3738)
Train Epoch: [9][97/138] Loss: 0.4161 (Avg: 0.5617) Dice: 0.6632 (Avg: 0.5114) IoU: 0.5118 (Avg: 0.3753)
Train Epoch: [9][98/138] Loss: 0.4535 (Avg: 0.5606) Dice: 0.5849 (Avg: 0.5121) IoU: 0.4307 (Avg: 0.3758)
Train Epoch: [9][99/138] Loss: 0.3716 (Avg: 0.5587) Dice: 0.6698 (Avg: 0.5137) IoU: 0.5146 (Avg: 0.3772)
Train Epoch: [9][100/138] Loss: 0.6205 (Avg: 0.5593) Dice: 0.4596 (Avg: 0.5132) IoU: 0.3284 (Avg: 0.3767)
Train Epoch: [9][101/138] Loss: 0.6108 (Avg: 0.5598) Dice: 0.4358 (Avg: 0.5124) IoU: 0.3155 (Avg: 0.3761)
Train Epoch: [9][102/138] Loss: 0.5971 (Avg: 0.5602) Dice: 0.5164 (Avg: 0.5124) IoU: 0.3545 (Avg: 0.3759)
Train Epoch: [9][103/138] Loss: 0.4437 (Avg: 0.5590) Dice: 0.5975 (Avg: 0.5133) IoU: 0.4449 (Avg: 0.3766)
Train Epoch: [9][104/138] Loss: 0.7382 (Avg: 0.5608) Dice: 0.2401 (Avg: 0.5106) IoU: 0.2004 (Avg: 0.3749)
Train Epoch: [9][105/138] Loss: 0.5818 (Avg: 0.5610) Dice: 0.5194 (Avg: 0.5107) IoU: 0.4026 (Avg: 0.3752)
Train Epoch: [9][106/138] Loss: 0.5492 (Avg: 0.5609) Dice: 0.4391 (Avg: 0.5100) IoU: 0.3271 (Avg: 0.3747)
Train Epoch: [9][107/138] Loss: 0.5795 (Avg: 0.5610) Dice: 0.4947 (Avg: 0.5099) IoU: 0.3736 (Avg: 0.3747)
Train Epoch: [9][108/138] Loss: 0.6089 (Avg: 0.5615) Dice: 0.3831 (Avg: 0.5087) IoU: 0.2948 (Avg: 0.3740)
Train Epoch: [9][109/138] Loss: 0.5340 (Avg: 0.5612) Dice: 0.5526 (Avg: 0.5091) IoU: 0.3966 (Avg: 0.3742)
Train Epoch: [9][110/138] Loss: 0.4080 (Avg: 0.5598) Dice: 0.6230 (Avg: 0.5102) IoU: 0.4929 (Avg: 0.3753)
Train Epoch: [9][111/138] Loss: 0.5445 (Avg: 0.5597) Dice: 0.5273 (Avg: 0.5103) IoU: 0.3657 (Avg: 0.3752)
Train Epoch: [9][112/138] Loss: 0.6714 (Avg: 0.5607) Dice: 0.4198 (Avg: 0.5095) IoU: 0.2909 (Avg: 0.3744)
Train Epoch: [9][113/138] Loss: 0.2857 (Avg: 0.5583) Dice: 0.7404 (Avg: 0.5116) IoU: 0.5926 (Avg: 0.3763)
Train Epoch: [9][114/138] Loss: 0.6375 (Avg: 0.5589) Dice: 0.5046 (Avg: 0.5115) IoU: 0.3492 (Avg: 0.3761)
Train Epoch: [9][115/138] Loss: 0.4872 (Avg: 0.5583) Dice: 0.5314 (Avg: 0.5117) IoU: 0.3872 (Avg: 0.3762)
Train Epoch: [9][116/138] Loss: 0.4673 (Avg: 0.5575) Dice: 0.6541 (Avg: 0.5129) IoU: 0.4914 (Avg: 0.3772)
Train Epoch: [9][117/138] Loss: 0.4768 (Avg: 0.5568) Dice: 0.6031 (Avg: 0.5137) IoU: 0.4439 (Avg: 0.3778)
Train Epoch: [9][118/138] Loss: 0.5293 (Avg: 0.5566) Dice: 0.5267 (Avg: 0.5138) IoU: 0.4123 (Avg: 0.3781)
Train Epoch: [9][119/138] Loss: 0.5853 (Avg: 0.5569) Dice: 0.4141 (Avg: 0.5129) IoU: 0.3131 (Avg: 0.3775)
Train Epoch: [9][120/138] Loss: 0.4692 (Avg: 0.5561) Dice: 0.6487 (Avg: 0.5141) IoU: 0.4916 (Avg: 0.3785)
Train Epoch: [9][121/138] Loss: 0.6623 (Avg: 0.5570) Dice: 0.3416 (Avg: 0.5126) IoU: 0.2712 (Avg: 0.3776)
Train Epoch: [9][122/138] Loss: 0.6607 (Avg: 0.5579) Dice: 0.3570 (Avg: 0.5114) IoU: 0.2794 (Avg: 0.3768)
Train Epoch: [9][123/138] Loss: 0.5361 (Avg: 0.5577) Dice: 0.5565 (Avg: 0.5117) IoU: 0.3927 (Avg: 0.3769)
Train Epoch: [9][124/138] Loss: 0.6123 (Avg: 0.5581) Dice: 0.4220 (Avg: 0.5110) IoU: 0.2772 (Avg: 0.3761)
Train Epoch: [9][125/138] Loss: 0.5949 (Avg: 0.5584) Dice: 0.4439 (Avg: 0.5105) IoU: 0.3248 (Avg: 0.3757)
Train Epoch: [9][126/138] Loss: 0.3294 (Avg: 0.5566) Dice: 0.6894 (Avg: 0.5119) IoU: 0.5462 (Avg: 0.3770)
Train Epoch: [9][127/138] Loss: 0.7936 (Avg: 0.5585) Dice: 0.2089 (Avg: 0.5095) IoU: 0.1365 (Avg: 0.3751)
Train Epoch: [9][128/138] Loss: 0.4515 (Avg: 0.5576) Dice: 0.6581 (Avg: 0.5107) IoU: 0.4952 (Avg: 0.3761)
Train Epoch: [9][129/138] Loss: 0.4984 (Avg: 0.5572) Dice: 0.5161 (Avg: 0.5107) IoU: 0.3603 (Avg: 0.3760)
Train Epoch: [9][130/138] Loss: 0.5376 (Avg: 0.5570) Dice: 0.4922 (Avg: 0.5106) IoU: 0.3892 (Avg: 0.3761)
Train Epoch: [9][131/138] Loss: 0.3557 (Avg: 0.5555) Dice: 0.6430 (Avg: 0.5116) IoU: 0.4788 (Avg: 0.3768)
Train Epoch: [9][132/138] Loss: 0.6700 (Avg: 0.5563) Dice: 0.3125 (Avg: 0.5101) IoU: 0.2262 (Avg: 0.3757)
Train Epoch: [9][133/138] Loss: 0.6361 (Avg: 0.5569) Dice: 0.4154 (Avg: 0.5094) IoU: 0.2805 (Avg: 0.3750)
Train Epoch: [9][134/138] Loss: 0.5519 (Avg: 0.5569) Dice: 0.4991 (Avg: 0.5093) IoU: 0.3643 (Avg: 0.3749)
Train Epoch: [9][135/138] Loss: 0.7634 (Avg: 0.5584) Dice: 0.2783 (Avg: 0.5076) IoU: 0.1789 (Avg: 0.3735)
Train Epoch: [9][136/138] Loss: 0.3569 (Avg: 0.5570) Dice: 0.6491 (Avg: 0.5086) IoU: 0.4826 (Avg: 0.3743)
Train Epoch: [9][137/138] Loss: 0.5821 (Avg: 0.5571) Dice: 0.4333 (Avg: 0.5081) IoU: 0.3264 (Avg: 0.3739)
Train Epoch: [9][138/138] Loss: 0.2960 (Avg: 0.5536) Dice: 0.7719 (Avg: 0.5058) IoU: 0.6285 (Avg: 0.3723)
Validation Epoch: [9] Avg Loss: 0.5491 Avg Dice: 0.4987 Avg IoU: 0.3714
	 Best dice improved from 0.4981 to 0.4987
	 Model saved to ImageEncoder_Pretrain\UNet\Pretrain_05.25_10h55\models\best_model-UNet.pth.tar

========= Epoch [10/50] =========
Train Epoch: [10][1/138] Loss: 0.6759 (Avg: 0.6759) Dice: 0.3461 (Avg: 0.3461) IoU: 0.2402 (Avg: 0.2402)
Train Epoch: [10][2/138] Loss: 0.4229 (Avg: 0.5494) Dice: 0.5874 (Avg: 0.4667) IoU: 0.4839 (Avg: 0.3620)
Train Epoch: [10][3/138] Loss: 0.5610 (Avg: 0.5532) Dice: 0.3941 (Avg: 0.4425) IoU: 0.2567 (Avg: 0.3269)
Train Epoch: [10][4/138] Loss: 0.3237 (Avg: 0.4959) Dice: 0.6824 (Avg: 0.5025) IoU: 0.5272 (Avg: 0.3770)
Train Epoch: [10][5/138] Loss: 0.4132 (Avg: 0.4793) Dice: 0.6307 (Avg: 0.5281) IoU: 0.4810 (Avg: 0.3978)
Train Epoch: [10][6/138] Loss: 0.5510 (Avg: 0.4913) Dice: 0.5357 (Avg: 0.5294) IoU: 0.3697 (Avg: 0.3931)
Train Epoch: [10][7/138] Loss: 0.7340 (Avg: 0.5260) Dice: 0.1873 (Avg: 0.4805) IoU: 0.1497 (Avg: 0.3583)
Train Epoch: [10][8/138] Loss: 0.4644 (Avg: 0.5183) Dice: 0.6443 (Avg: 0.5010) IoU: 0.4844 (Avg: 0.3741)
Train Epoch: [10][9/138] Loss: 0.6215 (Avg: 0.5297) Dice: 0.4371 (Avg: 0.4939) IoU: 0.3163 (Avg: 0.3677)
Train Epoch: [10][10/138] Loss: 0.4249 (Avg: 0.5192) Dice: 0.5591 (Avg: 0.5004) IoU: 0.4108 (Avg: 0.3720)
Train Epoch: [10][11/138] Loss: 0.5000 (Avg: 0.5175) Dice: 0.5191 (Avg: 0.5021) IoU: 0.3889 (Avg: 0.3735)
Train Epoch: [10][12/138] Loss: 0.5843 (Avg: 0.5231) Dice: 0.3685 (Avg: 0.4910) IoU: 0.2595 (Avg: 0.3640)
Train Epoch: [10][13/138] Loss: 0.5080 (Avg: 0.5219) Dice: 0.5531 (Avg: 0.4957) IoU: 0.4369 (Avg: 0.3696)
Train Epoch: [10][14/138] Loss: 0.5797 (Avg: 0.5260) Dice: 0.4492 (Avg: 0.4924) IoU: 0.3065 (Avg: 0.3651)
Train Epoch: [10][15/138] Loss: 0.5092 (Avg: 0.5249) Dice: 0.5120 (Avg: 0.4937) IoU: 0.3953 (Avg: 0.3671)
Train Epoch: [10][16/138] Loss: 0.4172 (Avg: 0.5182) Dice: 0.6011 (Avg: 0.5004) IoU: 0.4664 (Avg: 0.3733)
Train Epoch: [10][17/138] Loss: 0.4839 (Avg: 0.5162) Dice: 0.5670 (Avg: 0.5044) IoU: 0.4004 (Avg: 0.3749)
Train Epoch: [10][18/138] Loss: 0.3365 (Avg: 0.5062) Dice: 0.6654 (Avg: 0.5133) IoU: 0.5263 (Avg: 0.3833)
Train Epoch: [10][19/138] Loss: 0.7225 (Avg: 0.5176) Dice: 0.2571 (Avg: 0.4998) IoU: 0.2125 (Avg: 0.3744)
Train Epoch: [10][20/138] Loss: 0.6384 (Avg: 0.5236) Dice: 0.3383 (Avg: 0.4917) IoU: 0.2166 (Avg: 0.3665)
Train Epoch: [10][21/138] Loss: 0.5436 (Avg: 0.5246) Dice: 0.4568 (Avg: 0.4901) IoU: 0.3141 (Avg: 0.3640)
Train Epoch: [10][22/138] Loss: 0.3763 (Avg: 0.5178) Dice: 0.6415 (Avg: 0.4970) IoU: 0.4930 (Avg: 0.3698)
Train Epoch: [10][23/138] Loss: 0.4007 (Avg: 0.5127) Dice: 0.6513 (Avg: 0.5037) IoU: 0.4938 (Avg: 0.3752)
Train Epoch: [10][24/138] Loss: 0.4910 (Avg: 0.5118) Dice: 0.6361 (Avg: 0.5092) IoU: 0.4779 (Avg: 0.3795)
Train Epoch: [10][25/138] Loss: 0.4831 (Avg: 0.5107) Dice: 0.5610 (Avg: 0.5113) IoU: 0.4567 (Avg: 0.3826)
Train Epoch: [10][26/138] Loss: 0.4956 (Avg: 0.5101) Dice: 0.5360 (Avg: 0.5122) IoU: 0.4055 (Avg: 0.3835)
Train Epoch: [10][27/138] Loss: 0.5080 (Avg: 0.5100) Dice: 0.5486 (Avg: 0.5136) IoU: 0.4441 (Avg: 0.3857)
Train Epoch: [10][28/138] Loss: 0.6987 (Avg: 0.5168) Dice: 0.4222 (Avg: 0.5103) IoU: 0.3013 (Avg: 0.3827)
Train Epoch: [10][29/138] Loss: 0.4899 (Avg: 0.5158) Dice: 0.5872 (Avg: 0.5130) IoU: 0.4379 (Avg: 0.3846)
Train Epoch: [10][30/138] Loss: 0.5289 (Avg: 0.5163) Dice: 0.6045 (Avg: 0.5160) IoU: 0.4370 (Avg: 0.3864)
Train Epoch: [10][31/138] Loss: 0.4532 (Avg: 0.5142) Dice: 0.6388 (Avg: 0.5200) IoU: 0.4742 (Avg: 0.3892)
Train Epoch: [10][32/138] Loss: 0.6908 (Avg: 0.5197) Dice: 0.3614 (Avg: 0.5150) IoU: 0.2306 (Avg: 0.3842)
Train Epoch: [10][33/138] Loss: 0.4806 (Avg: 0.5186) Dice: 0.5204 (Avg: 0.5152) IoU: 0.3626 (Avg: 0.3836)
Train Epoch: [10][34/138] Loss: 0.5064 (Avg: 0.5182) Dice: 0.5083 (Avg: 0.5150) IoU: 0.3932 (Avg: 0.3839)
Train Epoch: [10][35/138] Loss: 0.3758 (Avg: 0.5141) Dice: 0.6415 (Avg: 0.5186) IoU: 0.4904 (Avg: 0.3869)
Train Epoch: [10][36/138] Loss: 0.6392 (Avg: 0.5176) Dice: 0.3404 (Avg: 0.5136) IoU: 0.2580 (Avg: 0.3833)
Train Epoch: [10][37/138] Loss: 0.5635 (Avg: 0.5189) Dice: 0.4741 (Avg: 0.5126) IoU: 0.3372 (Avg: 0.3821)
Train Epoch: [10][38/138] Loss: 0.6251 (Avg: 0.5216) Dice: 0.3839 (Avg: 0.5092) IoU: 0.2762 (Avg: 0.3793)
Train Epoch: [10][39/138] Loss: 0.6701 (Avg: 0.5255) Dice: 0.3136 (Avg: 0.5042) IoU: 0.2359 (Avg: 0.3756)
Train Epoch: [10][40/138] Loss: 0.4219 (Avg: 0.5229) Dice: 0.5341 (Avg: 0.5049) IoU: 0.4194 (Avg: 0.3767)
Train Epoch: [10][41/138] Loss: 0.5645 (Avg: 0.5239) Dice: 0.4740 (Avg: 0.5042) IoU: 0.3398 (Avg: 0.3758)
Train Epoch: [10][42/138] Loss: 0.3669 (Avg: 0.5201) Dice: 0.6752 (Avg: 0.5082) IoU: 0.5396 (Avg: 0.3797)
Train Epoch: [10][43/138] Loss: 0.6815 (Avg: 0.5239) Dice: 0.3375 (Avg: 0.5043) IoU: 0.2152 (Avg: 0.3759)
Train Epoch: [10][44/138] Loss: 0.3663 (Avg: 0.5203) Dice: 0.6813 (Avg: 0.5083) IoU: 0.5293 (Avg: 0.3794)
Train Epoch: [10][45/138] Loss: 0.5897 (Avg: 0.5219) Dice: 0.4307 (Avg: 0.5066) IoU: 0.3084 (Avg: 0.3778)
Train Epoch: [10][46/138] Loss: 0.4868 (Avg: 0.5211) Dice: 0.4997 (Avg: 0.5064) IoU: 0.3705 (Avg: 0.3776)
Train Epoch: [10][47/138] Loss: 0.5390 (Avg: 0.5215) Dice: 0.5241 (Avg: 0.5068) IoU: 0.3875 (Avg: 0.3778)
Train Epoch: [10][48/138] Loss: 0.4968 (Avg: 0.5210) Dice: 0.5273 (Avg: 0.5072) IoU: 0.3893 (Avg: 0.3781)
Train Epoch: [10][49/138] Loss: 0.4461 (Avg: 0.5194) Dice: 0.5524 (Avg: 0.5081) IoU: 0.4323 (Avg: 0.3792)
Train Epoch: [10][50/138] Loss: 0.5951 (Avg: 0.5209) Dice: 0.4407 (Avg: 0.5068) IoU: 0.3258 (Avg: 0.3781)
Train Epoch: [10][51/138] Loss: 0.4574 (Avg: 0.5197) Dice: 0.6017 (Avg: 0.5087) IoU: 0.4631 (Avg: 0.3798)
Train Epoch: [10][52/138] Loss: 0.5392 (Avg: 0.5201) Dice: 0.4726 (Avg: 0.5080) IoU: 0.3324 (Avg: 0.3789)
Train Epoch: [10][53/138] Loss: 0.4386 (Avg: 0.5185) Dice: 0.6053 (Avg: 0.5098) IoU: 0.4635 (Avg: 0.3805)
Train Epoch: [10][54/138] Loss: 0.5732 (Avg: 0.5196) Dice: 0.4312 (Avg: 0.5083) IoU: 0.3093 (Avg: 0.3792)
Train Epoch: [10][55/138] Loss: 0.3382 (Avg: 0.5163) Dice: 0.7014 (Avg: 0.5118) IoU: 0.5659 (Avg: 0.3826)
Train Epoch: [10][56/138] Loss: 0.5562 (Avg: 0.5170) Dice: 0.5703 (Avg: 0.5129) IoU: 0.4125 (Avg: 0.3831)
Train Epoch: [10][57/138] Loss: 0.3288 (Avg: 0.5137) Dice: 0.7602 (Avg: 0.5172) IoU: 0.6192 (Avg: 0.3872)
Train Epoch: [10][58/138] Loss: 0.4717 (Avg: 0.5129) Dice: 0.5535 (Avg: 0.5179) IoU: 0.4111 (Avg: 0.3876)
Train Epoch: [10][59/138] Loss: 0.6459 (Avg: 0.5152) Dice: 0.4211 (Avg: 0.5162) IoU: 0.3065 (Avg: 0.3863)
Train Epoch: [10][60/138] Loss: 0.6544 (Avg: 0.5175) Dice: 0.3272 (Avg: 0.5131) IoU: 0.2205 (Avg: 0.3835)
Train Epoch: [10][61/138] Loss: 0.4185 (Avg: 0.5159) Dice: 0.6101 (Avg: 0.5147) IoU: 0.4697 (Avg: 0.3849)
Train Epoch: [10][62/138] Loss: 0.6800 (Avg: 0.5185) Dice: 0.3813 (Avg: 0.5125) IoU: 0.2582 (Avg: 0.3829)
Train Epoch: [10][63/138] Loss: 0.4683 (Avg: 0.5177) Dice: 0.5635 (Avg: 0.5133) IoU: 0.4164 (Avg: 0.3834)
Train Epoch: [10][64/138] Loss: 0.5481 (Avg: 0.5182) Dice: 0.4684 (Avg: 0.5126) IoU: 0.3162 (Avg: 0.3824)
Train Epoch: [10][65/138] Loss: 0.6804 (Avg: 0.5207) Dice: 0.2960 (Avg: 0.5093) IoU: 0.2050 (Avg: 0.3796)
Train Epoch: [10][66/138] Loss: 0.5579 (Avg: 0.5213) Dice: 0.4720 (Avg: 0.5087) IoU: 0.3527 (Avg: 0.3792)
Train Epoch: [10][67/138] Loss: 0.4699 (Avg: 0.5205) Dice: 0.5591 (Avg: 0.5095) IoU: 0.3985 (Avg: 0.3795)
Train Epoch: [10][68/138] Loss: 0.4060 (Avg: 0.5188) Dice: 0.6216 (Avg: 0.5111) IoU: 0.4571 (Avg: 0.3806)
Train Epoch: [10][69/138] Loss: 0.3689 (Avg: 0.5167) Dice: 0.6990 (Avg: 0.5138) IoU: 0.5761 (Avg: 0.3835)
Train Epoch: [10][70/138] Loss: 0.3285 (Avg: 0.5140) Dice: 0.6924 (Avg: 0.5164) IoU: 0.5354 (Avg: 0.3856)
Train Epoch: [10][71/138] Loss: 0.4572 (Avg: 0.5132) Dice: 0.6015 (Avg: 0.5176) IoU: 0.4481 (Avg: 0.3865)
Train Epoch: [10][72/138] Loss: 0.5144 (Avg: 0.5132) Dice: 0.4664 (Avg: 0.5169) IoU: 0.3630 (Avg: 0.3862)
Train Epoch: [10][73/138] Loss: 0.4897 (Avg: 0.5129) Dice: 0.5354 (Avg: 0.5171) IoU: 0.3795 (Avg: 0.3861)
Train Epoch: [10][74/138] Loss: 0.4690 (Avg: 0.5123) Dice: 0.5112 (Avg: 0.5171) IoU: 0.3733 (Avg: 0.3859)
Train Epoch: [10][75/138] Loss: 0.5497 (Avg: 0.5128) Dice: 0.4626 (Avg: 0.5163) IoU: 0.3448 (Avg: 0.3854)
Train Epoch: [10][76/138] Loss: 0.4053 (Avg: 0.5114) Dice: 0.6050 (Avg: 0.5175) IoU: 0.4889 (Avg: 0.3867)
Train Epoch: [10][77/138] Loss: 0.4629 (Avg: 0.5107) Dice: 0.5382 (Avg: 0.5178) IoU: 0.3789 (Avg: 0.3866)
Train Epoch: [10][78/138] Loss: 0.7135 (Avg: 0.5133) Dice: 0.2842 (Avg: 0.5148) IoU: 0.1888 (Avg: 0.3841)
Train Epoch: [10][79/138] Loss: 0.6499 (Avg: 0.5151) Dice: 0.3208 (Avg: 0.5123) IoU: 0.2219 (Avg: 0.3821)
Train Epoch: [10][80/138] Loss: 0.4498 (Avg: 0.5142) Dice: 0.5186 (Avg: 0.5124) IoU: 0.3581 (Avg: 0.3818)
Train Epoch: [10][81/138] Loss: 0.5689 (Avg: 0.5149) Dice: 0.4487 (Avg: 0.5116) IoU: 0.3383 (Avg: 0.3812)
Train Epoch: [10][82/138] Loss: 0.4688 (Avg: 0.5143) Dice: 0.5576 (Avg: 0.5122) IoU: 0.4445 (Avg: 0.3820)
Train Epoch: [10][83/138] Loss: 0.4948 (Avg: 0.5141) Dice: 0.5165 (Avg: 0.5122) IoU: 0.4131 (Avg: 0.3824)
Train Epoch: [10][84/138] Loss: 0.3532 (Avg: 0.5122) Dice: 0.6532 (Avg: 0.5139) IoU: 0.4940 (Avg: 0.3837)
Train Epoch: [10][85/138] Loss: 0.4711 (Avg: 0.5117) Dice: 0.5488 (Avg: 0.5143) IoU: 0.3893 (Avg: 0.3838)
Train Epoch: [10][86/138] Loss: 0.4815 (Avg: 0.5114) Dice: 0.5401 (Avg: 0.5146) IoU: 0.4325 (Avg: 0.3843)
Train Epoch: [10][87/138] Loss: 0.4181 (Avg: 0.5103) Dice: 0.5947 (Avg: 0.5155) IoU: 0.4735 (Avg: 0.3854)
Train Epoch: [10][88/138] Loss: 0.4759 (Avg: 0.5099) Dice: 0.5016 (Avg: 0.5154) IoU: 0.3523 (Avg: 0.3850)
Train Epoch: [10][89/138] Loss: 0.9290 (Avg: 0.5146) Dice: 0.0284 (Avg: 0.5099) IoU: 0.0150 (Avg: 0.3808)
Train Epoch: [10][90/138] Loss: 0.4378 (Avg: 0.5138) Dice: 0.5076 (Avg: 0.5099) IoU: 0.3920 (Avg: 0.3809)
Train Epoch: [10][91/138] Loss: 0.6184 (Avg: 0.5149) Dice: 0.3605 (Avg: 0.5082) IoU: 0.2590 (Avg: 0.3796)
Train Epoch: [10][92/138] Loss: 0.5092 (Avg: 0.5148) Dice: 0.5355 (Avg: 0.5085) IoU: 0.3690 (Avg: 0.3795)
Train Epoch: [10][93/138] Loss: 0.5093 (Avg: 0.5148) Dice: 0.5129 (Avg: 0.5086) IoU: 0.3754 (Avg: 0.3794)
Train Epoch: [10][94/138] Loss: 0.2792 (Avg: 0.5123) Dice: 0.7236 (Avg: 0.5109) IoU: 0.5829 (Avg: 0.3816)
Train Epoch: [10][95/138] Loss: 0.7508 (Avg: 0.5148) Dice: 0.2387 (Avg: 0.5080) IoU: 0.1599 (Avg: 0.3793)
Train Epoch: [10][96/138] Loss: 0.6967 (Avg: 0.5167) Dice: 0.3787 (Avg: 0.5067) IoU: 0.2619 (Avg: 0.3781)
Train Epoch: [10][97/138] Loss: 0.4252 (Avg: 0.5157) Dice: 0.5524 (Avg: 0.5071) IoU: 0.4361 (Avg: 0.3787)
Train Epoch: [10][98/138] Loss: 0.5953 (Avg: 0.5166) Dice: 0.3784 (Avg: 0.5058) IoU: 0.2726 (Avg: 0.3776)
Train Epoch: [10][99/138] Loss: 0.4182 (Avg: 0.5156) Dice: 0.5348 (Avg: 0.5061) IoU: 0.4122 (Avg: 0.3779)
Train Epoch: [10][100/138] Loss: 0.3611 (Avg: 0.5140) Dice: 0.5977 (Avg: 0.5070) IoU: 0.4436 (Avg: 0.3786)
Train Epoch: [10][101/138] Loss: 0.4031 (Avg: 0.5129) Dice: 0.6312 (Avg: 0.5082) IoU: 0.4740 (Avg: 0.3795)
Train Epoch: [10][102/138] Loss: 0.4244 (Avg: 0.5120) Dice: 0.6208 (Avg: 0.5094) IoU: 0.4979 (Avg: 0.3807)
Train Epoch: [10][103/138] Loss: 0.3269 (Avg: 0.5103) Dice: 0.6742 (Avg: 0.5110) IoU: 0.5158 (Avg: 0.3820)
Train Epoch: [10][104/138] Loss: 0.8193 (Avg: 0.5132) Dice: 0.1865 (Avg: 0.5078) IoU: 0.1078 (Avg: 0.3794)
Train Epoch: [10][105/138] Loss: 0.4856 (Avg: 0.5130) Dice: 0.5564 (Avg: 0.5083) IoU: 0.3973 (Avg: 0.3795)
Train Epoch: [10][106/138] Loss: 0.5398 (Avg: 0.5132) Dice: 0.4553 (Avg: 0.5078) IoU: 0.3547 (Avg: 0.3793)
Train Epoch: [10][107/138] Loss: 0.6199 (Avg: 0.5142) Dice: 0.3422 (Avg: 0.5062) IoU: 0.2606 (Avg: 0.3782)
Train Epoch: [10][108/138] Loss: 0.4986 (Avg: 0.5141) Dice: 0.5704 (Avg: 0.5068) IoU: 0.4544 (Avg: 0.3789)
Train Epoch: [10][109/138] Loss: 0.3411 (Avg: 0.5125) Dice: 0.6591 (Avg: 0.5082) IoU: 0.5183 (Avg: 0.3802)
Train Epoch: [10][110/138] Loss: 0.4197 (Avg: 0.5116) Dice: 0.5951 (Avg: 0.5090) IoU: 0.4650 (Avg: 0.3809)
Train Epoch: [10][111/138] Loss: 0.4608 (Avg: 0.5112) Dice: 0.4884 (Avg: 0.5088) IoU: 0.3264 (Avg: 0.3804)
Train Epoch: [10][112/138] Loss: 0.5382 (Avg: 0.5114) Dice: 0.4731 (Avg: 0.5085) IoU: 0.3562 (Avg: 0.3802)
Train Epoch: [10][113/138] Loss: 0.4727 (Avg: 0.5111) Dice: 0.5322 (Avg: 0.5087) IoU: 0.4045 (Avg: 0.3804)
Train Epoch: [10][114/138] Loss: 0.4994 (Avg: 0.5110) Dice: 0.5772 (Avg: 0.5093) IoU: 0.4198 (Avg: 0.3808)
Train Epoch: [10][115/138] Loss: 0.6161 (Avg: 0.5119) Dice: 0.4365 (Avg: 0.5087) IoU: 0.2997 (Avg: 0.3801)
Train Epoch: [10][116/138] Loss: 0.4366 (Avg: 0.5112) Dice: 0.5938 (Avg: 0.5094) IoU: 0.4448 (Avg: 0.3806)
Train Epoch: [10][117/138] Loss: 0.6065 (Avg: 0.5121) Dice: 0.3831 (Avg: 0.5084) IoU: 0.2721 (Avg: 0.3797)
Train Epoch: [10][118/138] Loss: 0.3732 (Avg: 0.5109) Dice: 0.6802 (Avg: 0.5098) IoU: 0.5298 (Avg: 0.3810)
Train Epoch: [10][119/138] Loss: 0.4364 (Avg: 0.5102) Dice: 0.5274 (Avg: 0.5100) IoU: 0.4070 (Avg: 0.3812)
Train Epoch: [10][120/138] Loss: 0.6506 (Avg: 0.5114) Dice: 0.3146 (Avg: 0.5083) IoU: 0.2205 (Avg: 0.3799)
Train Epoch: [10][121/138] Loss: 0.5019 (Avg: 0.5113) Dice: 0.5326 (Avg: 0.5085) IoU: 0.3881 (Avg: 0.3799)
Train Epoch: [10][122/138] Loss: 0.4597 (Avg: 0.5109) Dice: 0.5417 (Avg: 0.5088) IoU: 0.3920 (Avg: 0.3800)
Train Epoch: [10][123/138] Loss: 0.6404 (Avg: 0.5120) Dice: 0.3353 (Avg: 0.5074) IoU: 0.2317 (Avg: 0.3788)
Train Epoch: [10][124/138] Loss: 0.3568 (Avg: 0.5107) Dice: 0.6418 (Avg: 0.5085) IoU: 0.4736 (Avg: 0.3796)
Train Epoch: [10][125/138] Loss: 0.4338 (Avg: 0.5101) Dice: 0.6239 (Avg: 0.5094) IoU: 0.4581 (Avg: 0.3802)
Train Epoch: [10][126/138] Loss: 0.4739 (Avg: 0.5098) Dice: 0.5291 (Avg: 0.5096) IoU: 0.3730 (Avg: 0.3802)
Train Epoch: [10][127/138] Loss: 0.6820 (Avg: 0.5112) Dice: 0.2687 (Avg: 0.5077) IoU: 0.1862 (Avg: 0.3786)
Train Epoch: [10][128/138] Loss: 0.2726 (Avg: 0.5093) Dice: 0.7598 (Avg: 0.5096) IoU: 0.6176 (Avg: 0.3805)
Train Epoch: [10][129/138] Loss: 0.5535 (Avg: 0.5096) Dice: 0.4933 (Avg: 0.5095) IoU: 0.3734 (Avg: 0.3804)
Train Epoch: [10][130/138] Loss: 0.5629 (Avg: 0.5101) Dice: 0.4371 (Avg: 0.5089) IoU: 0.3270 (Avg: 0.3800)
Train Epoch: [10][131/138] Loss: 0.6991 (Avg: 0.5115) Dice: 0.3215 (Avg: 0.5075) IoU: 0.2166 (Avg: 0.3788)
Train Epoch: [10][132/138] Loss: 0.4268 (Avg: 0.5109) Dice: 0.5439 (Avg: 0.5078) IoU: 0.4123 (Avg: 0.3790)
Train Epoch: [10][133/138] Loss: 0.4107 (Avg: 0.5101) Dice: 0.5536 (Avg: 0.5081) IoU: 0.4040 (Avg: 0.3792)
Train Epoch: [10][134/138] Loss: 0.6631 (Avg: 0.5112) Dice: 0.3405 (Avg: 0.5069) IoU: 0.2315 (Avg: 0.3781)
Train Epoch: [10][135/138] Loss: 0.4165 (Avg: 0.5105) Dice: 0.6587 (Avg: 0.5080) IoU: 0.5081 (Avg: 0.3791)
Train Epoch: [10][136/138] Loss: 0.3704 (Avg: 0.5095) Dice: 0.5866 (Avg: 0.5086) IoU: 0.4819 (Avg: 0.3798)
Train Epoch: [10][137/138] Loss: 0.5299 (Avg: 0.5097) Dice: 0.4759 (Avg: 0.5083) IoU: 0.3174 (Avg: 0.3794)
Train Epoch: [10][138/138] Loss: 0.9501 (Avg: 0.5077) Dice: 0.0000 (Avg: 0.5047) IoU: 0.0000 (Avg: 0.3766)
Validation Epoch: [10] Avg Loss: 0.5011 Avg Dice: 0.4975 Avg IoU: 0.3712

========= Epoch [11/50] =========
Train Epoch: [11][1/138] Loss: 0.3462 (Avg: 0.3462) Dice: 0.6329 (Avg: 0.6329) IoU: 0.4796 (Avg: 0.4796)
Train Epoch: [11][2/138] Loss: 0.4202 (Avg: 0.3832) Dice: 0.5839 (Avg: 0.6084) IoU: 0.4808 (Avg: 0.4802)
Train Epoch: [11][3/138] Loss: 0.3957 (Avg: 0.3874) Dice: 0.5903 (Avg: 0.6024) IoU: 0.4556 (Avg: 0.4720)
Train Epoch: [11][4/138] Loss: 0.5297 (Avg: 0.4229) Dice: 0.5077 (Avg: 0.5787) IoU: 0.3822 (Avg: 0.4496)
Train Epoch: [11][5/138] Loss: 0.4396 (Avg: 0.4263) Dice: 0.5579 (Avg: 0.5745) IoU: 0.4661 (Avg: 0.4529)
Train Epoch: [11][6/138] Loss: 0.5042 (Avg: 0.4393) Dice: 0.5135 (Avg: 0.5644) IoU: 0.3807 (Avg: 0.4408)
Train Epoch: [11][7/138] Loss: 0.5224 (Avg: 0.4511) Dice: 0.4584 (Avg: 0.5492) IoU: 0.3410 (Avg: 0.4266)
Train Epoch: [11][8/138] Loss: 0.2869 (Avg: 0.4306) Dice: 0.7541 (Avg: 0.5748) IoU: 0.6076 (Avg: 0.4492)
Train Epoch: [11][9/138] Loss: 0.2791 (Avg: 0.4138) Dice: 0.7012 (Avg: 0.5889) IoU: 0.5426 (Avg: 0.4596)
Train Epoch: [11][10/138] Loss: 0.4679 (Avg: 0.4192) Dice: 0.5603 (Avg: 0.5860) IoU: 0.4480 (Avg: 0.4584)
Train Epoch: [11][11/138] Loss: 0.4663 (Avg: 0.4235) Dice: 0.5560 (Avg: 0.5833) IoU: 0.4201 (Avg: 0.4549)
Train Epoch: [11][12/138] Loss: 0.4075 (Avg: 0.4221) Dice: 0.5714 (Avg: 0.5823) IoU: 0.4236 (Avg: 0.4523)
Train Epoch: [11][13/138] Loss: 0.4166 (Avg: 0.4217) Dice: 0.5565 (Avg: 0.5803) IoU: 0.3903 (Avg: 0.4476)
Train Epoch: [11][14/138] Loss: 0.4638 (Avg: 0.4247) Dice: 0.5511 (Avg: 0.5782) IoU: 0.4097 (Avg: 0.4448)
Train Epoch: [11][15/138] Loss: 0.5947 (Avg: 0.4360) Dice: 0.4036 (Avg: 0.5666) IoU: 0.2831 (Avg: 0.4341)
Train Epoch: [11][16/138] Loss: 0.6216 (Avg: 0.4476) Dice: 0.5098 (Avg: 0.5630) IoU: 0.3524 (Avg: 0.4290)
Train Epoch: [11][17/138] Loss: 0.4191 (Avg: 0.4460) Dice: 0.6045 (Avg: 0.5655) IoU: 0.4559 (Avg: 0.4305)
Train Epoch: [11][18/138] Loss: 0.7165 (Avg: 0.4610) Dice: 0.3556 (Avg: 0.5538) IoU: 0.2348 (Avg: 0.4197)
Train Epoch: [11][19/138] Loss: 0.5571 (Avg: 0.4661) Dice: 0.5067 (Avg: 0.5513) IoU: 0.3802 (Avg: 0.4176)
Train Epoch: [11][20/138] Loss: 0.3682 (Avg: 0.4612) Dice: 0.6272 (Avg: 0.5551) IoU: 0.4587 (Avg: 0.4196)
Train Epoch: [11][21/138] Loss: 0.4184 (Avg: 0.4591) Dice: 0.5362 (Avg: 0.5542) IoU: 0.4202 (Avg: 0.4197)
Train Epoch: [11][22/138] Loss: 0.4735 (Avg: 0.4598) Dice: 0.5275 (Avg: 0.5530) IoU: 0.4145 (Avg: 0.4194)
Train Epoch: [11][23/138] Loss: 0.4917 (Avg: 0.4612) Dice: 0.5303 (Avg: 0.5520) IoU: 0.4124 (Avg: 0.4191)
Train Epoch: [11][24/138] Loss: 0.4465 (Avg: 0.4606) Dice: 0.5630 (Avg: 0.5525) IoU: 0.4234 (Avg: 0.4193)
Train Epoch: [11][25/138] Loss: 0.4179 (Avg: 0.4588) Dice: 0.5655 (Avg: 0.5530) IoU: 0.4312 (Avg: 0.4198)
Train Epoch: [11][26/138] Loss: 0.3324 (Avg: 0.4540) Dice: 0.7049 (Avg: 0.5588) IoU: 0.5715 (Avg: 0.4256)
Train Epoch: [11][27/138] Loss: 0.2399 (Avg: 0.4461) Dice: 0.7750 (Avg: 0.5669) IoU: 0.6360 (Avg: 0.4334)
Train Epoch: [11][28/138] Loss: 0.6967 (Avg: 0.4550) Dice: 0.4189 (Avg: 0.5616) IoU: 0.3055 (Avg: 0.4288)
Train Epoch: [11][29/138] Loss: 0.6721 (Avg: 0.4625) Dice: 0.2877 (Avg: 0.5521) IoU: 0.1890 (Avg: 0.4206)
Train Epoch: [11][30/138] Loss: 0.3384 (Avg: 0.4584) Dice: 0.6449 (Avg: 0.5552) IoU: 0.4899 (Avg: 0.4229)
Train Epoch: [11][31/138] Loss: 0.4476 (Avg: 0.4580) Dice: 0.5376 (Avg: 0.5547) IoU: 0.4137 (Avg: 0.4226)
Train Epoch: [11][32/138] Loss: 0.3653 (Avg: 0.4551) Dice: 0.6407 (Avg: 0.5573) IoU: 0.5038 (Avg: 0.4251)
Train Epoch: [11][33/138] Loss: 0.4408 (Avg: 0.4547) Dice: 0.6207 (Avg: 0.5593) IoU: 0.4952 (Avg: 0.4272)
Train Epoch: [11][34/138] Loss: 0.4835 (Avg: 0.4555) Dice: 0.4913 (Avg: 0.5573) IoU: 0.3260 (Avg: 0.4243)
Train Epoch: [11][35/138] Loss: 0.4380 (Avg: 0.4550) Dice: 0.5852 (Avg: 0.5581) IoU: 0.4844 (Avg: 0.4260)
Train Epoch: [11][36/138] Loss: 0.5020 (Avg: 0.4563) Dice: 0.4797 (Avg: 0.5559) IoU: 0.3739 (Avg: 0.4245)
Train Epoch: [11][37/138] Loss: 0.4958 (Avg: 0.4574) Dice: 0.5155 (Avg: 0.5548) IoU: 0.3933 (Avg: 0.4237)
Train Epoch: [11][38/138] Loss: 0.3588 (Avg: 0.4548) Dice: 0.6570 (Avg: 0.5575) IoU: 0.5008 (Avg: 0.4257)
Train Epoch: [11][39/138] Loss: 0.6469 (Avg: 0.4597) Dice: 0.3596 (Avg: 0.5524) IoU: 0.2455 (Avg: 0.4211)
Train Epoch: [11][40/138] Loss: 0.3968 (Avg: 0.4582) Dice: 0.6007 (Avg: 0.5536) IoU: 0.4551 (Avg: 0.4220)
Train Epoch: [11][41/138] Loss: 0.3767 (Avg: 0.4562) Dice: 0.6684 (Avg: 0.5564) IoU: 0.5152 (Avg: 0.4242)
Train Epoch: [11][42/138] Loss: 0.5468 (Avg: 0.4583) Dice: 0.5188 (Avg: 0.5555) IoU: 0.3989 (Avg: 0.4236)
Train Epoch: [11][43/138] Loss: 0.3241 (Avg: 0.4552) Dice: 0.6177 (Avg: 0.5570) IoU: 0.5007 (Avg: 0.4254)
Train Epoch: [11][44/138] Loss: 0.3718 (Avg: 0.4533) Dice: 0.6702 (Avg: 0.5595) IoU: 0.5317 (Avg: 0.4278)
Train Epoch: [11][45/138] Loss: 0.3069 (Avg: 0.4501) Dice: 0.7617 (Avg: 0.5640) IoU: 0.6350 (Avg: 0.4324)
Train Epoch: [11][46/138] Loss: 0.4032 (Avg: 0.4490) Dice: 0.6067 (Avg: 0.5650) IoU: 0.5163 (Avg: 0.4343)
Train Epoch: [11][47/138] Loss: 0.4839 (Avg: 0.4498) Dice: 0.5172 (Avg: 0.5639) IoU: 0.3590 (Avg: 0.4327)
Train Epoch: [11][48/138] Loss: 0.3717 (Avg: 0.4482) Dice: 0.6516 (Avg: 0.5658) IoU: 0.4906 (Avg: 0.4339)
Train Epoch: [11][49/138] Loss: 0.6150 (Avg: 0.4516) Dice: 0.3856 (Avg: 0.5621) IoU: 0.2519 (Avg: 0.4302)
Train Epoch: [11][50/138] Loss: 0.3888 (Avg: 0.4503) Dice: 0.5973 (Avg: 0.5628) IoU: 0.4506 (Avg: 0.4306)
Train Epoch: [11][51/138] Loss: 0.4151 (Avg: 0.4496) Dice: 0.5677 (Avg: 0.5629) IoU: 0.4214 (Avg: 0.4304)
Train Epoch: [11][52/138] Loss: 0.3694 (Avg: 0.4481) Dice: 0.5859 (Avg: 0.5633) IoU: 0.4692 (Avg: 0.4311)
Train Epoch: [11][53/138] Loss: 0.5249 (Avg: 0.4495) Dice: 0.5258 (Avg: 0.5626) IoU: 0.3756 (Avg: 0.4301)
Train Epoch: [11][54/138] Loss: 0.6536 (Avg: 0.4533) Dice: 0.3384 (Avg: 0.5585) IoU: 0.2277 (Avg: 0.4263)
Train Epoch: [11][55/138] Loss: 0.4131 (Avg: 0.4526) Dice: 0.5546 (Avg: 0.5584) IoU: 0.3856 (Avg: 0.4256)
Train Epoch: [11][56/138] Loss: 0.6797 (Avg: 0.4566) Dice: 0.3111 (Avg: 0.5540) IoU: 0.2055 (Avg: 0.4217)
Train Epoch: [11][57/138] Loss: 0.4891 (Avg: 0.4572) Dice: 0.5413 (Avg: 0.5538) IoU: 0.4089 (Avg: 0.4214)
Train Epoch: [11][58/138] Loss: 0.4243 (Avg: 0.4566) Dice: 0.5743 (Avg: 0.5541) IoU: 0.4416 (Avg: 0.4218)
Train Epoch: [11][59/138] Loss: 0.5586 (Avg: 0.4584) Dice: 0.4308 (Avg: 0.5520) IoU: 0.3014 (Avg: 0.4197)
Train Epoch: [11][60/138] Loss: 0.2449 (Avg: 0.4548) Dice: 0.7673 (Avg: 0.5556) IoU: 0.6324 (Avg: 0.4233)
Train Epoch: [11][61/138] Loss: 0.2858 (Avg: 0.4520) Dice: 0.6998 (Avg: 0.5580) IoU: 0.5539 (Avg: 0.4254)
Train Epoch: [11][62/138] Loss: 0.5031 (Avg: 0.4529) Dice: 0.4816 (Avg: 0.5567) IoU: 0.3403 (Avg: 0.4241)
Train Epoch: [11][63/138] Loss: 0.4949 (Avg: 0.4535) Dice: 0.4904 (Avg: 0.5557) IoU: 0.3387 (Avg: 0.4227)
Train Epoch: [11][64/138] Loss: 0.4929 (Avg: 0.4541) Dice: 0.5262 (Avg: 0.5552) IoU: 0.3845 (Avg: 0.4221)
Train Epoch: [11][65/138] Loss: 0.4813 (Avg: 0.4546) Dice: 0.4813 (Avg: 0.5541) IoU: 0.3710 (Avg: 0.4213)
Train Epoch: [11][66/138] Loss: 0.3379 (Avg: 0.4528) Dice: 0.6263 (Avg: 0.5552) IoU: 0.4640 (Avg: 0.4220)
Train Epoch: [11][67/138] Loss: 0.4062 (Avg: 0.4521) Dice: 0.5822 (Avg: 0.5556) IoU: 0.4230 (Avg: 0.4220)
Train Epoch: [11][68/138] Loss: 0.4743 (Avg: 0.4524) Dice: 0.5218 (Avg: 0.5551) IoU: 0.3931 (Avg: 0.4216)
Train Epoch: [11][69/138] Loss: 0.6441 (Avg: 0.4552) Dice: 0.3449 (Avg: 0.5520) IoU: 0.2606 (Avg: 0.4192)
Train Epoch: [11][70/138] Loss: 0.2884 (Avg: 0.4528) Dice: 0.7477 (Avg: 0.5548) IoU: 0.6011 (Avg: 0.4218)
Train Epoch: [11][71/138] Loss: 0.3388 (Avg: 0.4512) Dice: 0.6537 (Avg: 0.5562) IoU: 0.4875 (Avg: 0.4227)
Train Epoch: [11][72/138] Loss: 0.3545 (Avg: 0.4499) Dice: 0.6272 (Avg: 0.5572) IoU: 0.4779 (Avg: 0.4235)
Train Epoch: [11][73/138] Loss: 0.6456 (Avg: 0.4525) Dice: 0.3260 (Avg: 0.5541) IoU: 0.2114 (Avg: 0.4206)
Train Epoch: [11][74/138] Loss: 0.7073 (Avg: 0.4560) Dice: 0.3093 (Avg: 0.5507) IoU: 0.2350 (Avg: 0.4181)
Train Epoch: [11][75/138] Loss: 0.5754 (Avg: 0.4576) Dice: 0.4605 (Avg: 0.5495) IoU: 0.3117 (Avg: 0.4167)
Train Epoch: [11][76/138] Loss: 0.6868 (Avg: 0.4606) Dice: 0.3109 (Avg: 0.5464) IoU: 0.2108 (Avg: 0.4140)
Train Epoch: [11][77/138] Loss: 0.5765 (Avg: 0.4621) Dice: 0.4443 (Avg: 0.5451) IoU: 0.3164 (Avg: 0.4127)
Train Epoch: [11][78/138] Loss: 0.4448 (Avg: 0.4619) Dice: 0.5448 (Avg: 0.5451) IoU: 0.3876 (Avg: 0.4124)
Train Epoch: [11][79/138] Loss: 0.4937 (Avg: 0.4623) Dice: 0.4976 (Avg: 0.5445) IoU: 0.3849 (Avg: 0.4120)
Train Epoch: [11][80/138] Loss: 0.5386 (Avg: 0.4632) Dice: 0.4939 (Avg: 0.5438) IoU: 0.3506 (Avg: 0.4113)
Train Epoch: [11][81/138] Loss: 0.3986 (Avg: 0.4624) Dice: 0.5416 (Avg: 0.5438) IoU: 0.3727 (Avg: 0.4108)
Train Epoch: [11][82/138] Loss: 0.4892 (Avg: 0.4628) Dice: 0.5293 (Avg: 0.5436) IoU: 0.4023 (Avg: 0.4107)
Train Epoch: [11][83/138] Loss: 0.2622 (Avg: 0.4603) Dice: 0.7139 (Avg: 0.5457) IoU: 0.5683 (Avg: 0.4126)
Train Epoch: [11][84/138] Loss: 0.5085 (Avg: 0.4609) Dice: 0.5185 (Avg: 0.5454) IoU: 0.3999 (Avg: 0.4124)
Train Epoch: [11][85/138] Loss: 0.2644 (Avg: 0.4586) Dice: 0.7491 (Avg: 0.5478) IoU: 0.6111 (Avg: 0.4148)
Train Epoch: [11][86/138] Loss: 0.5778 (Avg: 0.4600) Dice: 0.3901 (Avg: 0.5459) IoU: 0.3228 (Avg: 0.4137)
Train Epoch: [11][87/138] Loss: 0.4683 (Avg: 0.4601) Dice: 0.5800 (Avg: 0.5463) IoU: 0.4271 (Avg: 0.4139)
Train Epoch: [11][88/138] Loss: 0.6145 (Avg: 0.4618) Dice: 0.3507 (Avg: 0.5441) IoU: 0.2523 (Avg: 0.4120)
Train Epoch: [11][89/138] Loss: 0.4410 (Avg: 0.4616) Dice: 0.5571 (Avg: 0.5442) IoU: 0.4190 (Avg: 0.4121)
Train Epoch: [11][90/138] Loss: 0.5385 (Avg: 0.4625) Dice: 0.5245 (Avg: 0.5440) IoU: 0.3820 (Avg: 0.4118)
Train Epoch: [11][91/138] Loss: 0.4256 (Avg: 0.4621) Dice: 0.5516 (Avg: 0.5441) IoU: 0.4061 (Avg: 0.4117)
Train Epoch: [11][92/138] Loss: 0.4289 (Avg: 0.4617) Dice: 0.5647 (Avg: 0.5443) IoU: 0.4213 (Avg: 0.4118)
Train Epoch: [11][93/138] Loss: 0.2233 (Avg: 0.4591) Dice: 0.7447 (Avg: 0.5465) IoU: 0.5988 (Avg: 0.4138)
Train Epoch: [11][94/138] Loss: 0.3747 (Avg: 0.4582) Dice: 0.6600 (Avg: 0.5477) IoU: 0.4969 (Avg: 0.4147)
Train Epoch: [11][95/138] Loss: 0.6675 (Avg: 0.4604) Dice: 0.3386 (Avg: 0.5455) IoU: 0.2642 (Avg: 0.4131)
Train Epoch: [11][96/138] Loss: 0.4936 (Avg: 0.4608) Dice: 0.5601 (Avg: 0.5456) IoU: 0.3966 (Avg: 0.4129)
Train Epoch: [11][97/138] Loss: 0.3379 (Avg: 0.4595) Dice: 0.6720 (Avg: 0.5469) IoU: 0.5202 (Avg: 0.4141)
Train Epoch: [11][98/138] Loss: 0.3861 (Avg: 0.4588) Dice: 0.5630 (Avg: 0.5471) IoU: 0.4193 (Avg: 0.4141)
Train Epoch: [11][99/138] Loss: 0.4972 (Avg: 0.4592) Dice: 0.4863 (Avg: 0.5465) IoU: 0.3698 (Avg: 0.4137)
Train Epoch: [11][100/138] Loss: 0.3819 (Avg: 0.4584) Dice: 0.5919 (Avg: 0.5469) IoU: 0.4296 (Avg: 0.4138)
Train Epoch: [11][101/138] Loss: 0.2708 (Avg: 0.4565) Dice: 0.6710 (Avg: 0.5482) IoU: 0.5081 (Avg: 0.4148)
Train Epoch: [11][102/138] Loss: 0.4695 (Avg: 0.4567) Dice: 0.5467 (Avg: 0.5482) IoU: 0.4139 (Avg: 0.4147)
Train Epoch: [11][103/138] Loss: 0.4721 (Avg: 0.4568) Dice: 0.5244 (Avg: 0.5479) IoU: 0.4036 (Avg: 0.4146)
Train Epoch: [11][104/138] Loss: 0.3380 (Avg: 0.4557) Dice: 0.7100 (Avg: 0.5495) IoU: 0.5667 (Avg: 0.4161)
Train Epoch: [11][105/138] Loss: 0.2858 (Avg: 0.4540) Dice: 0.7104 (Avg: 0.5510) IoU: 0.5667 (Avg: 0.4175)
Train Epoch: [11][106/138] Loss: 0.7506 (Avg: 0.4568) Dice: 0.2482 (Avg: 0.5482) IoU: 0.1531 (Avg: 0.4150)
Train Epoch: [11][107/138] Loss: 0.5305 (Avg: 0.4575) Dice: 0.5133 (Avg: 0.5478) IoU: 0.3608 (Avg: 0.4145)
Train Epoch: [11][108/138] Loss: 0.3623 (Avg: 0.4566) Dice: 0.7125 (Avg: 0.5494) IoU: 0.5748 (Avg: 0.4160)
Train Epoch: [11][109/138] Loss: 0.4183 (Avg: 0.4563) Dice: 0.5627 (Avg: 0.5495) IoU: 0.4181 (Avg: 0.4160)
Train Epoch: [11][110/138] Loss: 0.2267 (Avg: 0.4542) Dice: 0.7714 (Avg: 0.5515) IoU: 0.6385 (Avg: 0.4181)
Train Epoch: [11][111/138] Loss: 0.4655 (Avg: 0.4543) Dice: 0.5285 (Avg: 0.5513) IoU: 0.3840 (Avg: 0.4177)
Train Epoch: [11][112/138] Loss: 0.3198 (Avg: 0.4531) Dice: 0.6679 (Avg: 0.5523) IoU: 0.5146 (Avg: 0.4186)
Train Epoch: [11][113/138] Loss: 0.4224 (Avg: 0.4528) Dice: 0.5560 (Avg: 0.5524) IoU: 0.4146 (Avg: 0.4186)
Train Epoch: [11][114/138] Loss: 0.3624 (Avg: 0.4520) Dice: 0.5761 (Avg: 0.5526) IoU: 0.4623 (Avg: 0.4190)
Train Epoch: [11][115/138] Loss: 0.4707 (Avg: 0.4522) Dice: 0.5228 (Avg: 0.5523) IoU: 0.3610 (Avg: 0.4185)
Train Epoch: [11][116/138] Loss: 0.3604 (Avg: 0.4514) Dice: 0.6399 (Avg: 0.5531) IoU: 0.4836 (Avg: 0.4190)
Train Epoch: [11][117/138] Loss: 0.6360 (Avg: 0.4530) Dice: 0.3767 (Avg: 0.5516) IoU: 0.2514 (Avg: 0.4176)
Train Epoch: [11][118/138] Loss: 0.3315 (Avg: 0.4520) Dice: 0.6202 (Avg: 0.5522) IoU: 0.4628 (Avg: 0.4180)
Train Epoch: [11][119/138] Loss: 0.2220 (Avg: 0.4500) Dice: 0.7626 (Avg: 0.5539) IoU: 0.6187 (Avg: 0.4197)
Train Epoch: [11][120/138] Loss: 0.4908 (Avg: 0.4504) Dice: 0.5884 (Avg: 0.5542) IoU: 0.4434 (Avg: 0.4199)
Train Epoch: [11][121/138] Loss: 0.5636 (Avg: 0.4513) Dice: 0.3938 (Avg: 0.5529) IoU: 0.2904 (Avg: 0.4188)
Train Epoch: [11][122/138] Loss: 0.5083 (Avg: 0.4518) Dice: 0.5156 (Avg: 0.5526) IoU: 0.3763 (Avg: 0.4184)
Train Epoch: [11][123/138] Loss: 0.3510 (Avg: 0.4510) Dice: 0.7002 (Avg: 0.5538) IoU: 0.5729 (Avg: 0.4197)
Train Epoch: [11][124/138] Loss: 0.5424 (Avg: 0.4517) Dice: 0.5400 (Avg: 0.5537) IoU: 0.3919 (Avg: 0.4195)
Train Epoch: [11][125/138] Loss: 0.2190 (Avg: 0.4498) Dice: 0.7591 (Avg: 0.5553) IoU: 0.6141 (Avg: 0.4210)
Train Epoch: [11][126/138] Loss: 0.3123 (Avg: 0.4487) Dice: 0.6856 (Avg: 0.5563) IoU: 0.5303 (Avg: 0.4219)
Train Epoch: [11][127/138] Loss: 0.5917 (Avg: 0.4499) Dice: 0.4539 (Avg: 0.5555) IoU: 0.3393 (Avg: 0.4212)
Train Epoch: [11][128/138] Loss: 0.6162 (Avg: 0.4512) Dice: 0.3779 (Avg: 0.5541) IoU: 0.2378 (Avg: 0.4198)
Train Epoch: [11][129/138] Loss: 0.4169 (Avg: 0.4509) Dice: 0.5672 (Avg: 0.5542) IoU: 0.3975 (Avg: 0.4196)
Train Epoch: [11][130/138] Loss: 0.5567 (Avg: 0.4517) Dice: 0.4825 (Avg: 0.5537) IoU: 0.3576 (Avg: 0.4192)
Train Epoch: [11][131/138] Loss: 0.3355 (Avg: 0.4508) Dice: 0.6717 (Avg: 0.5546) IoU: 0.5104 (Avg: 0.4199)
Train Epoch: [11][132/138] Loss: 0.5963 (Avg: 0.4519) Dice: 0.4018 (Avg: 0.5534) IoU: 0.2846 (Avg: 0.4188)
Train Epoch: [11][133/138] Loss: 0.2917 (Avg: 0.4507) Dice: 0.7012 (Avg: 0.5545) IoU: 0.5527 (Avg: 0.4198)
Train Epoch: [11][134/138] Loss: 0.4466 (Avg: 0.4507) Dice: 0.5434 (Avg: 0.5545) IoU: 0.4072 (Avg: 0.4197)
Train Epoch: [11][135/138] Loss: 0.3789 (Avg: 0.4502) Dice: 0.5910 (Avg: 0.5547) IoU: 0.4512 (Avg: 0.4200)
Train Epoch: [11][136/138] Loss: 0.4664 (Avg: 0.4503) Dice: 0.5477 (Avg: 0.5547) IoU: 0.3874 (Avg: 0.4197)
Train Epoch: [11][137/138] Loss: 0.2393 (Avg: 0.4487) Dice: 0.7861 (Avg: 0.5564) IoU: 0.6512 (Avg: 0.4214)
Train Epoch: [11][138/138] Loss: 0.4603 (Avg: 0.4463) Dice: 0.4626 (Avg: 0.5532) IoU: 0.3009 (Avg: 0.4189)
Validation Epoch: [11] Avg Loss: 0.4630 Avg Dice: 0.5278 Avg IoU: 0.3976
	 Best dice improved from 0.4987 to 0.5278
	 Model saved to ImageEncoder_Pretrain\UNet\Pretrain_05.25_10h55\models\best_model-UNet.pth.tar

========= Epoch [12/50] =========
Train Epoch: [12][1/138] Loss: 0.3883 (Avg: 0.3883) Dice: 0.5788 (Avg: 0.5788) IoU: 0.4301 (Avg: 0.4301)
Train Epoch: [12][2/138] Loss: 0.4472 (Avg: 0.4177) Dice: 0.5536 (Avg: 0.5662) IoU: 0.4621 (Avg: 0.4461)
Train Epoch: [12][3/138] Loss: 0.3170 (Avg: 0.3842) Dice: 0.6362 (Avg: 0.5895) IoU: 0.4728 (Avg: 0.4550)
Train Epoch: [12][4/138] Loss: 0.4565 (Avg: 0.4022) Dice: 0.5023 (Avg: 0.5677) IoU: 0.3469 (Avg: 0.4280)
Train Epoch: [12][5/138] Loss: 0.5880 (Avg: 0.4394) Dice: 0.4230 (Avg: 0.5388) IoU: 0.3110 (Avg: 0.4046)
Train Epoch: [12][6/138] Loss: 0.5773 (Avg: 0.4624) Dice: 0.4262 (Avg: 0.5200) IoU: 0.2810 (Avg: 0.3840)
Train Epoch: [12][7/138] Loss: 0.5320 (Avg: 0.4723) Dice: 0.4714 (Avg: 0.5131) IoU: 0.3165 (Avg: 0.3744)
Train Epoch: [12][8/138] Loss: 0.3869 (Avg: 0.4616) Dice: 0.6543 (Avg: 0.5307) IoU: 0.4992 (Avg: 0.3900)
Train Epoch: [12][9/138] Loss: 0.3851 (Avg: 0.4531) Dice: 0.6544 (Avg: 0.5445) IoU: 0.4887 (Avg: 0.4009)
Train Epoch: [12][10/138] Loss: 0.3512 (Avg: 0.4429) Dice: 0.6265 (Avg: 0.5527) IoU: 0.4710 (Avg: 0.4079)
Train Epoch: [12][11/138] Loss: 0.4859 (Avg: 0.4468) Dice: 0.5345 (Avg: 0.5510) IoU: 0.4145 (Avg: 0.4085)
Train Epoch: [12][12/138] Loss: 0.4443 (Avg: 0.4466) Dice: 0.5395 (Avg: 0.5501) IoU: 0.3996 (Avg: 0.4078)
Train Epoch: [12][13/138] Loss: 0.4428 (Avg: 0.4463) Dice: 0.5551 (Avg: 0.5504) IoU: 0.4063 (Avg: 0.4077)
Train Epoch: [12][14/138] Loss: 0.6499 (Avg: 0.4609) Dice: 0.3463 (Avg: 0.5359) IoU: 0.2652 (Avg: 0.3975)
Train Epoch: [12][15/138] Loss: 0.4508 (Avg: 0.4602) Dice: 0.5614 (Avg: 0.5376) IoU: 0.4341 (Avg: 0.3999)
Train Epoch: [12][16/138] Loss: 0.5127 (Avg: 0.4635) Dice: 0.4479 (Avg: 0.5320) IoU: 0.3443 (Avg: 0.3965)
Train Epoch: [12][17/138] Loss: 0.2642 (Avg: 0.4518) Dice: 0.7150 (Avg: 0.5427) IoU: 0.5690 (Avg: 0.4066)
Train Epoch: [12][18/138] Loss: 0.4428 (Avg: 0.4513) Dice: 0.7262 (Avg: 0.5529) IoU: 0.5737 (Avg: 0.4159)
Train Epoch: [12][19/138] Loss: 0.6124 (Avg: 0.4597) Dice: 0.3837 (Avg: 0.5440) IoU: 0.2586 (Avg: 0.4076)
Train Epoch: [12][20/138] Loss: 0.3532 (Avg: 0.4544) Dice: 0.6016 (Avg: 0.5469) IoU: 0.4401 (Avg: 0.4092)
Train Epoch: [12][21/138] Loss: 0.6686 (Avg: 0.4646) Dice: 0.4642 (Avg: 0.5430) IoU: 0.3363 (Avg: 0.4058)
Train Epoch: [12][22/138] Loss: 0.3234 (Avg: 0.4582) Dice: 0.6378 (Avg: 0.5473) IoU: 0.4854 (Avg: 0.4094)
Train Epoch: [12][23/138] Loss: 0.3139 (Avg: 0.4519) Dice: 0.6887 (Avg: 0.5534) IoU: 0.5333 (Avg: 0.4148)
Train Epoch: [12][24/138] Loss: 0.1936 (Avg: 0.4412) Dice: 0.8050 (Avg: 0.5639) IoU: 0.6771 (Avg: 0.4257)
Train Epoch: [12][25/138] Loss: 0.3303 (Avg: 0.4367) Dice: 0.6915 (Avg: 0.5690) IoU: 0.5395 (Avg: 0.4303)
Train Epoch: [12][26/138] Loss: 0.4909 (Avg: 0.4388) Dice: 0.5181 (Avg: 0.5670) IoU: 0.4009 (Avg: 0.4291)
Train Epoch: [12][27/138] Loss: 0.3486 (Avg: 0.4355) Dice: 0.6295 (Avg: 0.5694) IoU: 0.4764 (Avg: 0.4309)
Train Epoch: [12][28/138] Loss: 0.2941 (Avg: 0.4304) Dice: 0.6934 (Avg: 0.5738) IoU: 0.5358 (Avg: 0.4346)
Train Epoch: [12][29/138] Loss: 0.4407 (Avg: 0.4308) Dice: 0.5298 (Avg: 0.5723) IoU: 0.4101 (Avg: 0.4338)
Train Epoch: [12][30/138] Loss: 0.2984 (Avg: 0.4264) Dice: 0.6718 (Avg: 0.5756) IoU: 0.5185 (Avg: 0.4366)
Train Epoch: [12][31/138] Loss: 0.4559 (Avg: 0.4273) Dice: 0.5567 (Avg: 0.5750) IoU: 0.4379 (Avg: 0.4367)
Train Epoch: [12][32/138] Loss: 0.3574 (Avg: 0.4251) Dice: 0.6800 (Avg: 0.5783) IoU: 0.5313 (Avg: 0.4396)
Train Epoch: [12][33/138] Loss: 0.4216 (Avg: 0.4250) Dice: 0.5828 (Avg: 0.5784) IoU: 0.4391 (Avg: 0.4396)
Train Epoch: [12][34/138] Loss: 0.3752 (Avg: 0.4236) Dice: 0.5618 (Avg: 0.5779) IoU: 0.4323 (Avg: 0.4394)
Train Epoch: [12][35/138] Loss: 0.3907 (Avg: 0.4226) Dice: 0.6486 (Avg: 0.5799) IoU: 0.5106 (Avg: 0.4414)
Train Epoch: [12][36/138] Loss: 0.3979 (Avg: 0.4219) Dice: 0.6065 (Avg: 0.5807) IoU: 0.4545 (Avg: 0.4418)
Train Epoch: [12][37/138] Loss: 0.7102 (Avg: 0.4297) Dice: 0.2624 (Avg: 0.5721) IoU: 0.1717 (Avg: 0.4345)
Train Epoch: [12][38/138] Loss: 0.6812 (Avg: 0.4363) Dice: 0.3318 (Avg: 0.5657) IoU: 0.2225 (Avg: 0.4289)
Train Epoch: [12][39/138] Loss: 0.4509 (Avg: 0.4367) Dice: 0.5703 (Avg: 0.5659) IoU: 0.4200 (Avg: 0.4287)
Train Epoch: [12][40/138] Loss: 0.5161 (Avg: 0.4387) Dice: 0.4865 (Avg: 0.5639) IoU: 0.3408 (Avg: 0.4265)
Train Epoch: [12][41/138] Loss: 0.2064 (Avg: 0.4330) Dice: 0.7903 (Avg: 0.5694) IoU: 0.6599 (Avg: 0.4322)
Train Epoch: [12][42/138] Loss: 0.2149 (Avg: 0.4278) Dice: 0.8109 (Avg: 0.5752) IoU: 0.6927 (Avg: 0.4384)
Train Epoch: [12][43/138] Loss: 0.3792 (Avg: 0.4267) Dice: 0.5435 (Avg: 0.5744) IoU: 0.3845 (Avg: 0.4371)
Train Epoch: [12][44/138] Loss: 0.2068 (Avg: 0.4217) Dice: 0.7758 (Avg: 0.5790) IoU: 0.6478 (Avg: 0.4419)
Train Epoch: [12][45/138] Loss: 0.2634 (Avg: 0.4182) Dice: 0.7355 (Avg: 0.5825) IoU: 0.5989 (Avg: 0.4454)
Train Epoch: [12][46/138] Loss: 0.5277 (Avg: 0.4206) Dice: 0.4852 (Avg: 0.5804) IoU: 0.3544 (Avg: 0.4434)
Train Epoch: [12][47/138] Loss: 0.3482 (Avg: 0.4190) Dice: 0.6332 (Avg: 0.5815) IoU: 0.5145 (Avg: 0.4449)
Train Epoch: [12][48/138] Loss: 0.2369 (Avg: 0.4152) Dice: 0.7626 (Avg: 0.5853) IoU: 0.6252 (Avg: 0.4487)
Train Epoch: [12][49/138] Loss: 0.6463 (Avg: 0.4200) Dice: 0.3334 (Avg: 0.5801) IoU: 0.2572 (Avg: 0.4448)
Train Epoch: [12][50/138] Loss: 0.3706 (Avg: 0.4190) Dice: 0.6218 (Avg: 0.5809) IoU: 0.4561 (Avg: 0.4450)
Train Epoch: [12][51/138] Loss: 0.5370 (Avg: 0.4213) Dice: 0.4671 (Avg: 0.5787) IoU: 0.3640 (Avg: 0.4434)
Train Epoch: [12][52/138] Loss: 0.2965 (Avg: 0.4189) Dice: 0.7188 (Avg: 0.5814) IoU: 0.5696 (Avg: 0.4458)
Train Epoch: [12][53/138] Loss: 0.4299 (Avg: 0.4191) Dice: 0.5629 (Avg: 0.5811) IoU: 0.4036 (Avg: 0.4450)
Train Epoch: [12][54/138] Loss: 0.5986 (Avg: 0.4224) Dice: 0.3858 (Avg: 0.5774) IoU: 0.2735 (Avg: 0.4419)
Train Epoch: [12][55/138] Loss: 0.3679 (Avg: 0.4214) Dice: 0.6315 (Avg: 0.5784) IoU: 0.4738 (Avg: 0.4424)
Train Epoch: [12][56/138] Loss: 0.4525 (Avg: 0.4220) Dice: 0.6304 (Avg: 0.5794) IoU: 0.4690 (Avg: 0.4429)
Train Epoch: [12][57/138] Loss: 0.3721 (Avg: 0.4211) Dice: 0.6074 (Avg: 0.5798) IoU: 0.4531 (Avg: 0.4431)
Train Epoch: [12][58/138] Loss: 0.3390 (Avg: 0.4197) Dice: 0.7262 (Avg: 0.5824) IoU: 0.5791 (Avg: 0.4454)
Train Epoch: [12][59/138] Loss: 0.5380 (Avg: 0.4217) Dice: 0.5357 (Avg: 0.5816) IoU: 0.4303 (Avg: 0.4452)
Train Epoch: [12][60/138] Loss: 0.3958 (Avg: 0.4213) Dice: 0.5492 (Avg: 0.5810) IoU: 0.3979 (Avg: 0.4444)
Train Epoch: [12][61/138] Loss: 0.4171 (Avg: 0.4212) Dice: 0.5964 (Avg: 0.5813) IoU: 0.4466 (Avg: 0.4444)
Train Epoch: [12][62/138] Loss: 0.4918 (Avg: 0.4223) Dice: 0.5479 (Avg: 0.5808) IoU: 0.4326 (Avg: 0.4442)
Train Epoch: [12][63/138] Loss: 0.2879 (Avg: 0.4202) Dice: 0.7157 (Avg: 0.5829) IoU: 0.5673 (Avg: 0.4462)
Train Epoch: [12][64/138] Loss: 0.4198 (Avg: 0.4202) Dice: 0.5968 (Avg: 0.5831) IoU: 0.4483 (Avg: 0.4462)
Train Epoch: [12][65/138] Loss: 0.2604 (Avg: 0.4177) Dice: 0.6918 (Avg: 0.5848) IoU: 0.5540 (Avg: 0.4479)
Train Epoch: [12][66/138] Loss: 0.4807 (Avg: 0.4187) Dice: 0.5588 (Avg: 0.5844) IoU: 0.4076 (Avg: 0.4473)
Train Epoch: [12][67/138] Loss: 0.3985 (Avg: 0.4184) Dice: 0.6287 (Avg: 0.5851) IoU: 0.4893 (Avg: 0.4479)
Train Epoch: [12][68/138] Loss: 0.3073 (Avg: 0.4168) Dice: 0.7282 (Avg: 0.5872) IoU: 0.5800 (Avg: 0.4499)
Train Epoch: [12][69/138] Loss: 0.4172 (Avg: 0.4168) Dice: 0.5753 (Avg: 0.5870) IoU: 0.4247 (Avg: 0.4495)
Train Epoch: [12][70/138] Loss: 0.2761 (Avg: 0.4147) Dice: 0.6963 (Avg: 0.5885) IoU: 0.5365 (Avg: 0.4507)
Train Epoch: [12][71/138] Loss: 0.4772 (Avg: 0.4156) Dice: 0.5340 (Avg: 0.5878) IoU: 0.4246 (Avg: 0.4504)
Train Epoch: [12][72/138] Loss: 0.2697 (Avg: 0.4136) Dice: 0.7172 (Avg: 0.5896) IoU: 0.5670 (Avg: 0.4520)
Train Epoch: [12][73/138] Loss: 0.4333 (Avg: 0.4139) Dice: 0.5197 (Avg: 0.5886) IoU: 0.3840 (Avg: 0.4510)
Train Epoch: [12][74/138] Loss: 0.2598 (Avg: 0.4118) Dice: 0.7262 (Avg: 0.5905) IoU: 0.5823 (Avg: 0.4528)
Train Epoch: [12][75/138] Loss: 0.3210 (Avg: 0.4106) Dice: 0.6540 (Avg: 0.5913) IoU: 0.4944 (Avg: 0.4534)
Train Epoch: [12][76/138] Loss: 0.4767 (Avg: 0.4115) Dice: 0.5039 (Avg: 0.5902) IoU: 0.4064 (Avg: 0.4528)
Train Epoch: [12][77/138] Loss: 0.3165 (Avg: 0.4102) Dice: 0.6924 (Avg: 0.5915) IoU: 0.5332 (Avg: 0.4538)
Train Epoch: [12][78/138] Loss: 0.4547 (Avg: 0.4108) Dice: 0.5046 (Avg: 0.5904) IoU: 0.3519 (Avg: 0.4525)
Train Epoch: [12][79/138] Loss: 0.3614 (Avg: 0.4102) Dice: 0.6710 (Avg: 0.5914) IoU: 0.5155 (Avg: 0.4533)
Train Epoch: [12][80/138] Loss: 0.3000 (Avg: 0.4088) Dice: 0.6611 (Avg: 0.5923) IoU: 0.5081 (Avg: 0.4540)
Train Epoch: [12][81/138] Loss: 0.7159 (Avg: 0.4126) Dice: 0.2474 (Avg: 0.5880) IoU: 0.1592 (Avg: 0.4503)
Train Epoch: [12][82/138] Loss: 0.6043 (Avg: 0.4149) Dice: 0.4422 (Avg: 0.5862) IoU: 0.3126 (Avg: 0.4487)
Train Epoch: [12][83/138] Loss: 0.4214 (Avg: 0.4150) Dice: 0.5887 (Avg: 0.5863) IoU: 0.5006 (Avg: 0.4493)
Train Epoch: [12][84/138] Loss: 0.4005 (Avg: 0.4148) Dice: 0.6319 (Avg: 0.5868) IoU: 0.4914 (Avg: 0.4498)
Train Epoch: [12][85/138] Loss: 0.4126 (Avg: 0.4148) Dice: 0.5508 (Avg: 0.5864) IoU: 0.4058 (Avg: 0.4493)
Train Epoch: [12][86/138] Loss: 0.5298 (Avg: 0.4161) Dice: 0.4622 (Avg: 0.5850) IoU: 0.3037 (Avg: 0.4476)
Train Epoch: [12][87/138] Loss: 0.3057 (Avg: 0.4149) Dice: 0.7434 (Avg: 0.5868) IoU: 0.5977 (Avg: 0.4493)
Train Epoch: [12][88/138] Loss: 0.7052 (Avg: 0.4182) Dice: 0.3191 (Avg: 0.5837) IoU: 0.2088 (Avg: 0.4466)
Train Epoch: [12][89/138] Loss: 0.4195 (Avg: 0.4182) Dice: 0.6497 (Avg: 0.5845) IoU: 0.5034 (Avg: 0.4472)
Train Epoch: [12][90/138] Loss: 0.6036 (Avg: 0.4202) Dice: 0.3858 (Avg: 0.5823) IoU: 0.2576 (Avg: 0.4451)
Train Epoch: [12][91/138] Loss: 0.5040 (Avg: 0.4212) Dice: 0.4921 (Avg: 0.5813) IoU: 0.3425 (Avg: 0.4440)
Train Epoch: [12][92/138] Loss: 0.4311 (Avg: 0.4213) Dice: 0.5983 (Avg: 0.5815) IoU: 0.4501 (Avg: 0.4440)
Train Epoch: [12][93/138] Loss: 0.3679 (Avg: 0.4207) Dice: 0.6809 (Avg: 0.5825) IoU: 0.5305 (Avg: 0.4450)
Train Epoch: [12][94/138] Loss: 0.6575 (Avg: 0.4232) Dice: 0.3920 (Avg: 0.5805) IoU: 0.2534 (Avg: 0.4429)
Train Epoch: [12][95/138] Loss: 0.3343 (Avg: 0.4223) Dice: 0.7011 (Avg: 0.5818) IoU: 0.5571 (Avg: 0.4441)
Train Epoch: [12][96/138] Loss: 0.3186 (Avg: 0.4212) Dice: 0.6473 (Avg: 0.5825) IoU: 0.4896 (Avg: 0.4446)
Train Epoch: [12][97/138] Loss: 0.4720 (Avg: 0.4217) Dice: 0.4643 (Avg: 0.5812) IoU: 0.3280 (Avg: 0.4434)
Train Epoch: [12][98/138] Loss: 0.6077 (Avg: 0.4236) Dice: 0.3569 (Avg: 0.5789) IoU: 0.2634 (Avg: 0.4416)
Train Epoch: [12][99/138] Loss: 0.4728 (Avg: 0.4241) Dice: 0.4982 (Avg: 0.5781) IoU: 0.3613 (Avg: 0.4408)
Train Epoch: [12][100/138] Loss: 0.4703 (Avg: 0.4246) Dice: 0.5018 (Avg: 0.5774) IoU: 0.3399 (Avg: 0.4397)
Train Epoch: [12][101/138] Loss: 0.4787 (Avg: 0.4251) Dice: 0.5833 (Avg: 0.5774) IoU: 0.4790 (Avg: 0.4401)
Train Epoch: [12][102/138] Loss: 0.3657 (Avg: 0.4245) Dice: 0.6564 (Avg: 0.5782) IoU: 0.5186 (Avg: 0.4409)
Train Epoch: [12][103/138] Loss: 0.3229 (Avg: 0.4235) Dice: 0.6542 (Avg: 0.5789) IoU: 0.4881 (Avg: 0.4414)
Train Epoch: [12][104/138] Loss: 0.5040 (Avg: 0.4243) Dice: 0.4409 (Avg: 0.5776) IoU: 0.3154 (Avg: 0.4402)
Train Epoch: [12][105/138] Loss: 0.3111 (Avg: 0.4232) Dice: 0.7042 (Avg: 0.5788) IoU: 0.5506 (Avg: 0.4412)
Train Epoch: [12][106/138] Loss: 0.3704 (Avg: 0.4227) Dice: 0.6036 (Avg: 0.5790) IoU: 0.4475 (Avg: 0.4413)
Train Epoch: [12][107/138] Loss: 0.4916 (Avg: 0.4234) Dice: 0.4856 (Avg: 0.5782) IoU: 0.3255 (Avg: 0.4402)
Train Epoch: [12][108/138] Loss: 0.3515 (Avg: 0.4227) Dice: 0.6669 (Avg: 0.5790) IoU: 0.5242 (Avg: 0.4410)
Train Epoch: [12][109/138] Loss: 0.3072 (Avg: 0.4217) Dice: 0.6700 (Avg: 0.5798) IoU: 0.5219 (Avg: 0.4417)
Train Epoch: [12][110/138] Loss: 0.4379 (Avg: 0.4218) Dice: 0.5658 (Avg: 0.5797) IoU: 0.4211 (Avg: 0.4415)
Train Epoch: [12][111/138] Loss: 0.6547 (Avg: 0.4239) Dice: 0.2993 (Avg: 0.5772) IoU: 0.1827 (Avg: 0.4392)
Train Epoch: [12][112/138] Loss: 0.3206 (Avg: 0.4230) Dice: 0.6371 (Avg: 0.5777) IoU: 0.4863 (Avg: 0.4396)
Train Epoch: [12][113/138] Loss: 0.4901 (Avg: 0.4236) Dice: 0.4829 (Avg: 0.5769) IoU: 0.3672 (Avg: 0.4390)
Train Epoch: [12][114/138] Loss: 0.4035 (Avg: 0.4234) Dice: 0.5615 (Avg: 0.5767) IoU: 0.4012 (Avg: 0.4386)
Train Epoch: [12][115/138] Loss: 0.2366 (Avg: 0.4218) Dice: 0.7379 (Avg: 0.5781) IoU: 0.5964 (Avg: 0.4400)
Train Epoch: [12][116/138] Loss: 0.4159 (Avg: 0.4217) Dice: 0.6230 (Avg: 0.5785) IoU: 0.5016 (Avg: 0.4405)
Train Epoch: [12][117/138] Loss: 0.5991 (Avg: 0.4232) Dice: 0.3933 (Avg: 0.5769) IoU: 0.2547 (Avg: 0.4389)
Train Epoch: [12][118/138] Loss: 0.3888 (Avg: 0.4229) Dice: 0.6453 (Avg: 0.5775) IoU: 0.4861 (Avg: 0.4393)
Train Epoch: [12][119/138] Loss: 0.6029 (Avg: 0.4245) Dice: 0.3692 (Avg: 0.5758) IoU: 0.2536 (Avg: 0.4378)
Train Epoch: [12][120/138] Loss: 0.4279 (Avg: 0.4245) Dice: 0.6210 (Avg: 0.5762) IoU: 0.4687 (Avg: 0.4380)
Train Epoch: [12][121/138] Loss: 0.3761 (Avg: 0.4241) Dice: 0.5611 (Avg: 0.5760) IoU: 0.3910 (Avg: 0.4377)
Train Epoch: [12][122/138] Loss: 0.5288 (Avg: 0.4249) Dice: 0.4996 (Avg: 0.5754) IoU: 0.3651 (Avg: 0.4371)
Train Epoch: [12][123/138] Loss: 0.3831 (Avg: 0.4246) Dice: 0.5867 (Avg: 0.5755) IoU: 0.4370 (Avg: 0.4371)
Train Epoch: [12][124/138] Loss: 0.3946 (Avg: 0.4244) Dice: 0.5832 (Avg: 0.5756) IoU: 0.4340 (Avg: 0.4370)
Train Epoch: [12][125/138] Loss: 0.3782 (Avg: 0.4240) Dice: 0.6422 (Avg: 0.5761) IoU: 0.4827 (Avg: 0.4374)
Train Epoch: [12][126/138] Loss: 0.5511 (Avg: 0.4250) Dice: 0.4405 (Avg: 0.5750) IoU: 0.3159 (Avg: 0.4364)
Train Epoch: [12][127/138] Loss: 0.6286 (Avg: 0.4266) Dice: 0.4292 (Avg: 0.5739) IoU: 0.3263 (Avg: 0.4356)
Train Epoch: [12][128/138] Loss: 0.7145 (Avg: 0.4289) Dice: 0.3177 (Avg: 0.5719) IoU: 0.2332 (Avg: 0.4340)
Train Epoch: [12][129/138] Loss: 0.5071 (Avg: 0.4295) Dice: 0.5498 (Avg: 0.5717) IoU: 0.4330 (Avg: 0.4340)
Train Epoch: [12][130/138] Loss: 0.4668 (Avg: 0.4298) Dice: 0.4584 (Avg: 0.5708) IoU: 0.3486 (Avg: 0.4333)
Train Epoch: [12][131/138] Loss: 0.3163 (Avg: 0.4289) Dice: 0.6864 (Avg: 0.5717) IoU: 0.5354 (Avg: 0.4341)
Train Epoch: [12][132/138] Loss: 0.6433 (Avg: 0.4305) Dice: 0.3185 (Avg: 0.5698) IoU: 0.2375 (Avg: 0.4326)
Train Epoch: [12][133/138] Loss: 0.5378 (Avg: 0.4313) Dice: 0.4285 (Avg: 0.5687) IoU: 0.2883 (Avg: 0.4315)
Train Epoch: [12][134/138] Loss: 0.2959 (Avg: 0.4303) Dice: 0.7434 (Avg: 0.5700) IoU: 0.6000 (Avg: 0.4328)
Train Epoch: [12][135/138] Loss: 0.4341 (Avg: 0.4303) Dice: 0.6032 (Avg: 0.5703) IoU: 0.4430 (Avg: 0.4329)
Train Epoch: [12][136/138] Loss: 0.3102 (Avg: 0.4294) Dice: 0.6837 (Avg: 0.5711) IoU: 0.5481 (Avg: 0.4337)
Train Epoch: [12][137/138] Loss: 0.3791 (Avg: 0.4291) Dice: 0.6260 (Avg: 0.5715) IoU: 0.4558 (Avg: 0.4339)
Train Epoch: [12][138/138] Loss: 0.6062 (Avg: 0.4271) Dice: 0.4143 (Avg: 0.5681) IoU: 0.2613 (Avg: 0.4312)
Validation Epoch: [12] Avg Loss: 0.4363 Avg Dice: 0.5520 Avg IoU: 0.4188
	 Best dice improved from 0.5278 to 0.5520
	 Model saved to ImageEncoder_Pretrain\UNet\Pretrain_05.25_10h55\models\best_model-UNet.pth.tar

========= Epoch [13/50] =========
Train Epoch: [13][1/138] Loss: 0.4256 (Avg: 0.4256) Dice: 0.5685 (Avg: 0.5685) IoU: 0.4397 (Avg: 0.4397)
Train Epoch: [13][2/138] Loss: 0.4038 (Avg: 0.4147) Dice: 0.6156 (Avg: 0.5920) IoU: 0.5052 (Avg: 0.4724)
Train Epoch: [13][3/138] Loss: 0.3616 (Avg: 0.3970) Dice: 0.6548 (Avg: 0.6130) IoU: 0.4993 (Avg: 0.4814)
Train Epoch: [13][4/138] Loss: 0.3914 (Avg: 0.3956) Dice: 0.6061 (Avg: 0.6112) IoU: 0.5115 (Avg: 0.4889)
Train Epoch: [13][5/138] Loss: 0.3472 (Avg: 0.3859) Dice: 0.6263 (Avg: 0.6142) IoU: 0.4675 (Avg: 0.4846)
Train Epoch: [13][6/138] Loss: 0.6413 (Avg: 0.4285) Dice: 0.3128 (Avg: 0.5640) IoU: 0.2148 (Avg: 0.4397)
Train Epoch: [13][7/138] Loss: 0.6686 (Avg: 0.4628) Dice: 0.3273 (Avg: 0.5302) IoU: 0.2452 (Avg: 0.4119)
Train Epoch: [13][8/138] Loss: 0.4840 (Avg: 0.4654) Dice: 0.4985 (Avg: 0.5262) IoU: 0.3716 (Avg: 0.4068)
Train Epoch: [13][9/138] Loss: 0.3282 (Avg: 0.4502) Dice: 0.6518 (Avg: 0.5402) IoU: 0.4964 (Avg: 0.4168)
Train Epoch: [13][10/138] Loss: 0.4413 (Avg: 0.4493) Dice: 0.5583 (Avg: 0.5420) IoU: 0.3889 (Avg: 0.4140)
Train Epoch: [13][11/138] Loss: 0.3712 (Avg: 0.4422) Dice: 0.5872 (Avg: 0.5461) IoU: 0.4258 (Avg: 0.4151)
Train Epoch: [13][12/138] Loss: 0.3272 (Avg: 0.4326) Dice: 0.6527 (Avg: 0.5550) IoU: 0.4855 (Avg: 0.4209)
Train Epoch: [13][13/138] Loss: 0.7601 (Avg: 0.4578) Dice: 0.2822 (Avg: 0.5340) IoU: 0.1815 (Avg: 0.4025)
Train Epoch: [13][14/138] Loss: 0.3023 (Avg: 0.4467) Dice: 0.6962 (Avg: 0.5456) IoU: 0.5478 (Avg: 0.4129)
Train Epoch: [13][15/138] Loss: 0.3373 (Avg: 0.4394) Dice: 0.7044 (Avg: 0.5562) IoU: 0.5463 (Avg: 0.4218)
Train Epoch: [13][16/138] Loss: 0.5512 (Avg: 0.4464) Dice: 0.4265 (Avg: 0.5481) IoU: 0.2917 (Avg: 0.4137)
Train Epoch: [13][17/138] Loss: 0.3038 (Avg: 0.4380) Dice: 0.6885 (Avg: 0.5563) IoU: 0.5279 (Avg: 0.4204)
Train Epoch: [13][18/138] Loss: 0.4026 (Avg: 0.4360) Dice: 0.5592 (Avg: 0.5565) IoU: 0.4259 (Avg: 0.4207)
Train Epoch: [13][19/138] Loss: 0.3901 (Avg: 0.4336) Dice: 0.6201 (Avg: 0.5598) IoU: 0.4821 (Avg: 0.4239)
Train Epoch: [13][20/138] Loss: 0.4073 (Avg: 0.4323) Dice: 0.6113 (Avg: 0.5624) IoU: 0.4695 (Avg: 0.4262)
Train Epoch: [13][21/138] Loss: 0.6467 (Avg: 0.4425) Dice: 0.3746 (Avg: 0.5535) IoU: 0.3004 (Avg: 0.4202)
Train Epoch: [13][22/138] Loss: 0.4555 (Avg: 0.4431) Dice: 0.5376 (Avg: 0.5527) IoU: 0.4219 (Avg: 0.4203)
Train Epoch: [13][23/138] Loss: 0.4584 (Avg: 0.4438) Dice: 0.6047 (Avg: 0.5550) IoU: 0.4367 (Avg: 0.4210)
Train Epoch: [13][24/138] Loss: 0.2778 (Avg: 0.4369) Dice: 0.7397 (Avg: 0.5627) IoU: 0.5908 (Avg: 0.4281)
Train Epoch: [13][25/138] Loss: 0.2752 (Avg: 0.4304) Dice: 0.7062 (Avg: 0.5684) IoU: 0.5679 (Avg: 0.4337)
Train Epoch: [13][26/138] Loss: 0.2712 (Avg: 0.4243) Dice: 0.7619 (Avg: 0.5759) IoU: 0.6299 (Avg: 0.4412)
Train Epoch: [13][27/138] Loss: 0.3034 (Avg: 0.4198) Dice: 0.7316 (Avg: 0.5816) IoU: 0.5927 (Avg: 0.4468)
Train Epoch: [13][28/138] Loss: 0.4293 (Avg: 0.4201) Dice: 0.5864 (Avg: 0.5818) IoU: 0.4427 (Avg: 0.4467)
Train Epoch: [13][29/138] Loss: 0.6363 (Avg: 0.4276) Dice: 0.3946 (Avg: 0.5754) IoU: 0.3038 (Avg: 0.4418)
Train Epoch: [13][30/138] Loss: 0.2921 (Avg: 0.4231) Dice: 0.6826 (Avg: 0.5789) IoU: 0.5246 (Avg: 0.4445)
Train Epoch: [13][31/138] Loss: 0.4789 (Avg: 0.4249) Dice: 0.5261 (Avg: 0.5772) IoU: 0.3690 (Avg: 0.4421)
Train Epoch: [13][32/138] Loss: 0.5025 (Avg: 0.4273) Dice: 0.6559 (Avg: 0.5797) IoU: 0.4890 (Avg: 0.4435)
Train Epoch: [13][33/138] Loss: 0.4118 (Avg: 0.4268) Dice: 0.5517 (Avg: 0.5788) IoU: 0.4237 (Avg: 0.4429)
Train Epoch: [13][34/138] Loss: 0.3159 (Avg: 0.4236) Dice: 0.6868 (Avg: 0.5820) IoU: 0.5324 (Avg: 0.4456)
Train Epoch: [13][35/138] Loss: 0.2428 (Avg: 0.4184) Dice: 0.7223 (Avg: 0.5860) IoU: 0.5718 (Avg: 0.4492)
Train Epoch: [13][36/138] Loss: 0.4998 (Avg: 0.4207) Dice: 0.4514 (Avg: 0.5823) IoU: 0.3164 (Avg: 0.4455)
Train Epoch: [13][37/138] Loss: 0.2440 (Avg: 0.4159) Dice: 0.7888 (Avg: 0.5879) IoU: 0.6567 (Avg: 0.4512)
Train Epoch: [13][38/138] Loss: 0.4343 (Avg: 0.4164) Dice: 0.5023 (Avg: 0.5856) IoU: 0.3468 (Avg: 0.4485)
Train Epoch: [13][39/138] Loss: 0.5636 (Avg: 0.4201) Dice: 0.4315 (Avg: 0.5817) IoU: 0.3003 (Avg: 0.4447)
Train Epoch: [13][40/138] Loss: 0.2809 (Avg: 0.4167) Dice: 0.7039 (Avg: 0.5847) IoU: 0.5612 (Avg: 0.4476)
Train Epoch: [13][41/138] Loss: 0.3094 (Avg: 0.4141) Dice: 0.6429 (Avg: 0.5861) IoU: 0.4754 (Avg: 0.4482)
Train Epoch: [13][42/138] Loss: 0.6025 (Avg: 0.4185) Dice: 0.4271 (Avg: 0.5824) IoU: 0.2892 (Avg: 0.4445)
Train Epoch: [13][43/138] Loss: 0.3458 (Avg: 0.4168) Dice: 0.6420 (Avg: 0.5837) IoU: 0.4799 (Avg: 0.4453)
Train Epoch: [13][44/138] Loss: 0.4802 (Avg: 0.4183) Dice: 0.5250 (Avg: 0.5824) IoU: 0.4227 (Avg: 0.4448)
Train Epoch: [13][45/138] Loss: 0.3222 (Avg: 0.4162) Dice: 0.6796 (Avg: 0.5846) IoU: 0.5200 (Avg: 0.4464)
Train Epoch: [13][46/138] Loss: 0.5051 (Avg: 0.4181) Dice: 0.5051 (Avg: 0.5828) IoU: 0.3575 (Avg: 0.4445)
Train Epoch: [13][47/138] Loss: 0.5231 (Avg: 0.4203) Dice: 0.5090 (Avg: 0.5813) IoU: 0.3553 (Avg: 0.4426)
Train Epoch: [13][48/138] Loss: 0.4086 (Avg: 0.4201) Dice: 0.5692 (Avg: 0.5810) IoU: 0.4138 (Avg: 0.4420)
Train Epoch: [13][49/138] Loss: 0.3156 (Avg: 0.4179) Dice: 0.6814 (Avg: 0.5831) IoU: 0.5426 (Avg: 0.4441)
Train Epoch: [13][50/138] Loss: 0.6056 (Avg: 0.4217) Dice: 0.3289 (Avg: 0.5780) IoU: 0.2449 (Avg: 0.4401)
Train Epoch: [13][51/138] Loss: 0.4999 (Avg: 0.4232) Dice: 0.4856 (Avg: 0.5762) IoU: 0.3699 (Avg: 0.4387)
Train Epoch: [13][52/138] Loss: 0.2832 (Avg: 0.4205) Dice: 0.7228 (Avg: 0.5790) IoU: 0.5727 (Avg: 0.4413)
Train Epoch: [13][53/138] Loss: 0.3166 (Avg: 0.4186) Dice: 0.6481 (Avg: 0.5803) IoU: 0.5072 (Avg: 0.4425)
Train Epoch: [13][54/138] Loss: 0.3904 (Avg: 0.4181) Dice: 0.6130 (Avg: 0.5809) IoU: 0.4785 (Avg: 0.4432)
Train Epoch: [13][55/138] Loss: 0.4141 (Avg: 0.4180) Dice: 0.5858 (Avg: 0.5810) IoU: 0.4167 (Avg: 0.4427)
Train Epoch: [13][56/138] Loss: 0.3963 (Avg: 0.4176) Dice: 0.5882 (Avg: 0.5811) IoU: 0.4576 (Avg: 0.4430)
Train Epoch: [13][57/138] Loss: 0.4805 (Avg: 0.4187) Dice: 0.4769 (Avg: 0.5793) IoU: 0.3441 (Avg: 0.4412)
Train Epoch: [13][58/138] Loss: 0.4403 (Avg: 0.4191) Dice: 0.5819 (Avg: 0.5793) IoU: 0.4423 (Avg: 0.4413)
Train Epoch: [13][59/138] Loss: 0.6804 (Avg: 0.4235) Dice: 0.2697 (Avg: 0.5741) IoU: 0.1880 (Avg: 0.4370)
Train Epoch: [13][60/138] Loss: 0.4281 (Avg: 0.4236) Dice: 0.5910 (Avg: 0.5744) IoU: 0.4257 (Avg: 0.4368)
Train Epoch: [13][61/138] Loss: 0.2432 (Avg: 0.4206) Dice: 0.7508 (Avg: 0.5773) IoU: 0.6100 (Avg: 0.4396)
Train Epoch: [13][62/138] Loss: 0.3292 (Avg: 0.4191) Dice: 0.6492 (Avg: 0.5784) IoU: 0.4859 (Avg: 0.4404)
Train Epoch: [13][63/138] Loss: 0.2455 (Avg: 0.4164) Dice: 0.7385 (Avg: 0.5810) IoU: 0.5942 (Avg: 0.4428)
Train Epoch: [13][64/138] Loss: 0.3056 (Avg: 0.4147) Dice: 0.6315 (Avg: 0.5818) IoU: 0.4692 (Avg: 0.4432)
Train Epoch: [13][65/138] Loss: 0.4756 (Avg: 0.4156) Dice: 0.5396 (Avg: 0.5811) IoU: 0.3802 (Avg: 0.4422)
Train Epoch: [13][66/138] Loss: 0.2611 (Avg: 0.4133) Dice: 0.7845 (Avg: 0.5842) IoU: 0.6519 (Avg: 0.4454)
Train Epoch: [13][67/138] Loss: 0.3303 (Avg: 0.4120) Dice: 0.7057 (Avg: 0.5860) IoU: 0.5555 (Avg: 0.4471)
Train Epoch: [13][68/138] Loss: 0.3662 (Avg: 0.4113) Dice: 0.6233 (Avg: 0.5865) IoU: 0.4606 (Avg: 0.4473)
Train Epoch: [13][69/138] Loss: 0.5190 (Avg: 0.4129) Dice: 0.5109 (Avg: 0.5855) IoU: 0.3928 (Avg: 0.4465)
Train Epoch: [13][70/138] Loss: 0.3026 (Avg: 0.4113) Dice: 0.6843 (Avg: 0.5869) IoU: 0.5514 (Avg: 0.4480)
Train Epoch: [13][71/138] Loss: 0.4509 (Avg: 0.4119) Dice: 0.5538 (Avg: 0.5864) IoU: 0.4409 (Avg: 0.4479)
Train Epoch: [13][72/138] Loss: 0.3332 (Avg: 0.4108) Dice: 0.6275 (Avg: 0.5870) IoU: 0.4692 (Avg: 0.4482)
Train Epoch: [13][73/138] Loss: 0.2432 (Avg: 0.4085) Dice: 0.7347 (Avg: 0.5890) IoU: 0.6083 (Avg: 0.4504)
Train Epoch: [13][74/138] Loss: 0.3603 (Avg: 0.4078) Dice: 0.6558 (Avg: 0.5899) IoU: 0.4990 (Avg: 0.4510)
Train Epoch: [13][75/138] Loss: 0.4042 (Avg: 0.4078) Dice: 0.6233 (Avg: 0.5903) IoU: 0.4891 (Avg: 0.4515)
Train Epoch: [13][76/138] Loss: 0.4803 (Avg: 0.4088) Dice: 0.4833 (Avg: 0.5889) IoU: 0.3684 (Avg: 0.4504)
Train Epoch: [13][77/138] Loss: 0.3030 (Avg: 0.4074) Dice: 0.7680 (Avg: 0.5913) IoU: 0.6325 (Avg: 0.4528)
Train Epoch: [13][78/138] Loss: 0.3875 (Avg: 0.4071) Dice: 0.5614 (Avg: 0.5909) IoU: 0.4189 (Avg: 0.4524)
Train Epoch: [13][79/138] Loss: 0.6283 (Avg: 0.4099) Dice: 0.3674 (Avg: 0.5880) IoU: 0.2357 (Avg: 0.4496)
Train Epoch: [13][80/138] Loss: 0.4452 (Avg: 0.4104) Dice: 0.5561 (Avg: 0.5876) IoU: 0.4445 (Avg: 0.4496)
Train Epoch: [13][81/138] Loss: 0.2941 (Avg: 0.4089) Dice: 0.6932 (Avg: 0.5889) IoU: 0.5522 (Avg: 0.4508)
Train Epoch: [13][82/138] Loss: 0.4040 (Avg: 0.4089) Dice: 0.5651 (Avg: 0.5887) IoU: 0.3978 (Avg: 0.4502)
Train Epoch: [13][83/138] Loss: 0.5221 (Avg: 0.4102) Dice: 0.4568 (Avg: 0.5871) IoU: 0.3057 (Avg: 0.4484)
Train Epoch: [13][84/138] Loss: 0.4863 (Avg: 0.4111) Dice: 0.4923 (Avg: 0.5859) IoU: 0.3813 (Avg: 0.4476)
Train Epoch: [13][85/138] Loss: 0.3025 (Avg: 0.4099) Dice: 0.6963 (Avg: 0.5872) IoU: 0.5453 (Avg: 0.4488)
Train Epoch: [13][86/138] Loss: 0.3068 (Avg: 0.4087) Dice: 0.6930 (Avg: 0.5885) IoU: 0.5492 (Avg: 0.4500)
Train Epoch: [13][87/138] Loss: 0.4052 (Avg: 0.4086) Dice: 0.5612 (Avg: 0.5882) IoU: 0.4053 (Avg: 0.4494)
Train Epoch: [13][88/138] Loss: 0.6272 (Avg: 0.4111) Dice: 0.3955 (Avg: 0.5860) IoU: 0.2909 (Avg: 0.4476)
Train Epoch: [13][89/138] Loss: 0.5035 (Avg: 0.4121) Dice: 0.5143 (Avg: 0.5852) IoU: 0.3970 (Avg: 0.4471)
Train Epoch: [13][90/138] Loss: 0.4357 (Avg: 0.4124) Dice: 0.5079 (Avg: 0.5843) IoU: 0.3691 (Avg: 0.4462)
Train Epoch: [13][91/138] Loss: 0.2387 (Avg: 0.4105) Dice: 0.7355 (Avg: 0.5860) IoU: 0.5944 (Avg: 0.4478)
Train Epoch: [13][92/138] Loss: 0.3140 (Avg: 0.4094) Dice: 0.6218 (Avg: 0.5864) IoU: 0.4619 (Avg: 0.4480)
Train Epoch: [13][93/138] Loss: 0.4851 (Avg: 0.4103) Dice: 0.4752 (Avg: 0.5852) IoU: 0.3407 (Avg: 0.4468)
Train Epoch: [13][94/138] Loss: 0.4477 (Avg: 0.4107) Dice: 0.5005 (Avg: 0.5843) IoU: 0.3707 (Avg: 0.4460)
Train Epoch: [13][95/138] Loss: 0.5409 (Avg: 0.4120) Dice: 0.4409 (Avg: 0.5828) IoU: 0.3463 (Avg: 0.4450)
Train Epoch: [13][96/138] Loss: 0.2049 (Avg: 0.4099) Dice: 0.7975 (Avg: 0.5850) IoU: 0.6687 (Avg: 0.4473)
Train Epoch: [13][97/138] Loss: 0.3841 (Avg: 0.4096) Dice: 0.5775 (Avg: 0.5849) IoU: 0.4273 (Avg: 0.4471)
Train Epoch: [13][98/138] Loss: 0.3358 (Avg: 0.4089) Dice: 0.6790 (Avg: 0.5859) IoU: 0.5215 (Avg: 0.4479)
Train Epoch: [13][99/138] Loss: 0.4049 (Avg: 0.4088) Dice: 0.5977 (Avg: 0.5860) IoU: 0.4544 (Avg: 0.4479)
Train Epoch: [13][100/138] Loss: 0.4047 (Avg: 0.4088) Dice: 0.5731 (Avg: 0.5859) IoU: 0.4303 (Avg: 0.4477)
Train Epoch: [13][101/138] Loss: 0.4231 (Avg: 0.4089) Dice: 0.5625 (Avg: 0.5856) IoU: 0.4300 (Avg: 0.4476)
Train Epoch: [13][102/138] Loss: 0.6013 (Avg: 0.4108) Dice: 0.3987 (Avg: 0.5838) IoU: 0.2909 (Avg: 0.4460)
Train Epoch: [13][103/138] Loss: 0.3655 (Avg: 0.4104) Dice: 0.6027 (Avg: 0.5840) IoU: 0.4681 (Avg: 0.4463)
Train Epoch: [13][104/138] Loss: 0.4709 (Avg: 0.4109) Dice: 0.5175 (Avg: 0.5833) IoU: 0.3732 (Avg: 0.4455)
Train Epoch: [13][105/138] Loss: 0.5595 (Avg: 0.4124) Dice: 0.4428 (Avg: 0.5820) IoU: 0.3213 (Avg: 0.4444)
Train Epoch: [13][106/138] Loss: 0.3253 (Avg: 0.4115) Dice: 0.6782 (Avg: 0.5829) IoU: 0.5429 (Avg: 0.4453)
Train Epoch: [13][107/138] Loss: 0.3676 (Avg: 0.4111) Dice: 0.6196 (Avg: 0.5833) IoU: 0.4712 (Avg: 0.4455)
Train Epoch: [13][108/138] Loss: 0.4216 (Avg: 0.4112) Dice: 0.6726 (Avg: 0.5841) IoU: 0.5093 (Avg: 0.4461)
Train Epoch: [13][109/138] Loss: 0.6172 (Avg: 0.4131) Dice: 0.3570 (Avg: 0.5820) IoU: 0.2675 (Avg: 0.4445)
Train Epoch: [13][110/138] Loss: 0.3206 (Avg: 0.4123) Dice: 0.6850 (Avg: 0.5829) IoU: 0.5361 (Avg: 0.4453)
Train Epoch: [13][111/138] Loss: 0.1782 (Avg: 0.4102) Dice: 0.7823 (Avg: 0.5847) IoU: 0.6453 (Avg: 0.4471)
Train Epoch: [13][112/138] Loss: 0.2576 (Avg: 0.4088) Dice: 0.6827 (Avg: 0.5856) IoU: 0.5316 (Avg: 0.4479)
Train Epoch: [13][113/138] Loss: 0.4805 (Avg: 0.4094) Dice: 0.5154 (Avg: 0.5850) IoU: 0.3990 (Avg: 0.4474)
Train Epoch: [13][114/138] Loss: 0.5439 (Avg: 0.4106) Dice: 0.3818 (Avg: 0.5832) IoU: 0.3111 (Avg: 0.4462)
Train Epoch: [13][115/138] Loss: 0.3353 (Avg: 0.4100) Dice: 0.6109 (Avg: 0.5834) IoU: 0.4551 (Avg: 0.4463)
Train Epoch: [13][116/138] Loss: 0.3075 (Avg: 0.4091) Dice: 0.6823 (Avg: 0.5843) IoU: 0.5318 (Avg: 0.4471)
Train Epoch: [13][117/138] Loss: 0.3388 (Avg: 0.4085) Dice: 0.6259 (Avg: 0.5847) IoU: 0.4912 (Avg: 0.4474)
Train Epoch: [13][118/138] Loss: 0.3788 (Avg: 0.4082) Dice: 0.6449 (Avg: 0.5852) IoU: 0.4936 (Avg: 0.4478)
Train Epoch: [13][119/138] Loss: 0.4347 (Avg: 0.4084) Dice: 0.5378 (Avg: 0.5848) IoU: 0.3799 (Avg: 0.4473)
Train Epoch: [13][120/138] Loss: 0.3252 (Avg: 0.4078) Dice: 0.6539 (Avg: 0.5853) IoU: 0.5185 (Avg: 0.4479)
Train Epoch: [13][121/138] Loss: 0.6226 (Avg: 0.4095) Dice: 0.3841 (Avg: 0.5837) IoU: 0.2808 (Avg: 0.4465)
Train Epoch: [13][122/138] Loss: 0.3670 (Avg: 0.4092) Dice: 0.6227 (Avg: 0.5840) IoU: 0.4563 (Avg: 0.4466)
Train Epoch: [13][123/138] Loss: 0.4086 (Avg: 0.4092) Dice: 0.5709 (Avg: 0.5839) IoU: 0.4417 (Avg: 0.4465)
Train Epoch: [13][124/138] Loss: 0.5987 (Avg: 0.4107) Dice: 0.3712 (Avg: 0.5822) IoU: 0.2310 (Avg: 0.4448)
Train Epoch: [13][125/138] Loss: 0.3773 (Avg: 0.4104) Dice: 0.6123 (Avg: 0.5824) IoU: 0.4665 (Avg: 0.4449)
Train Epoch: [13][126/138] Loss: 0.4160 (Avg: 0.4105) Dice: 0.5718 (Avg: 0.5823) IoU: 0.4654 (Avg: 0.4451)
Train Epoch: [13][127/138] Loss: 0.4753 (Avg: 0.4110) Dice: 0.4798 (Avg: 0.5815) IoU: 0.3653 (Avg: 0.4445)
Train Epoch: [13][128/138] Loss: 0.4256 (Avg: 0.4111) Dice: 0.5973 (Avg: 0.5816) IoU: 0.4456 (Avg: 0.4445)
Train Epoch: [13][129/138] Loss: 0.4719 (Avg: 0.4116) Dice: 0.5544 (Avg: 0.5814) IoU: 0.4267 (Avg: 0.4444)
Train Epoch: [13][130/138] Loss: 0.5280 (Avg: 0.4125) Dice: 0.4787 (Avg: 0.5806) IoU: 0.3653 (Avg: 0.4437)
Train Epoch: [13][131/138] Loss: 0.5496 (Avg: 0.4135) Dice: 0.4396 (Avg: 0.5796) IoU: 0.3099 (Avg: 0.4427)
Train Epoch: [13][132/138] Loss: 0.4245 (Avg: 0.4136) Dice: 0.6057 (Avg: 0.5798) IoU: 0.4624 (Avg: 0.4429)
Train Epoch: [13][133/138] Loss: 0.4061 (Avg: 0.4135) Dice: 0.6219 (Avg: 0.5801) IoU: 0.4823 (Avg: 0.4432)
Train Epoch: [13][134/138] Loss: 0.2853 (Avg: 0.4126) Dice: 0.7253 (Avg: 0.5812) IoU: 0.5762 (Avg: 0.4442)
Train Epoch: [13][135/138] Loss: 0.4225 (Avg: 0.4127) Dice: 0.5877 (Avg: 0.5812) IoU: 0.4324 (Avg: 0.4441)
Train Epoch: [13][136/138] Loss: 0.5218 (Avg: 0.4135) Dice: 0.4540 (Avg: 0.5803) IoU: 0.3291 (Avg: 0.4432)
Train Epoch: [13][137/138] Loss: 0.4397 (Avg: 0.4137) Dice: 0.5481 (Avg: 0.5800) IoU: 0.4019 (Avg: 0.4429)
Train Epoch: [13][138/138] Loss: 0.3377 (Avg: 0.4113) Dice: 0.8333 (Avg: 0.5774) IoU: 0.7143 (Avg: 0.4410)
Validation Epoch: [13] Avg Loss: 0.4486 Avg Dice: 0.5251 Avg IoU: 0.3930

========= Epoch [14/50] =========
Train Epoch: [14][1/138] Loss: 0.4487 (Avg: 0.4487) Dice: 0.5448 (Avg: 0.5448) IoU: 0.3816 (Avg: 0.3816)
Train Epoch: [14][2/138] Loss: 0.2850 (Avg: 0.3668) Dice: 0.7068 (Avg: 0.6258) IoU: 0.5590 (Avg: 0.4703)
Train Epoch: [14][3/138] Loss: 0.3908 (Avg: 0.3748) Dice: 0.5983 (Avg: 0.6166) IoU: 0.4463 (Avg: 0.4623)
Train Epoch: [14][4/138] Loss: 0.2387 (Avg: 0.3408) Dice: 0.7691 (Avg: 0.6547) IoU: 0.6256 (Avg: 0.5031)
Train Epoch: [14][5/138] Loss: 0.4453 (Avg: 0.3617) Dice: 0.5603 (Avg: 0.6359) IoU: 0.4026 (Avg: 0.4830)
Train Epoch: [14][6/138] Loss: 0.3288 (Avg: 0.3562) Dice: 0.6538 (Avg: 0.6388) IoU: 0.5214 (Avg: 0.4894)
Train Epoch: [14][7/138] Loss: 0.3034 (Avg: 0.3487) Dice: 0.6837 (Avg: 0.6452) IoU: 0.5392 (Avg: 0.4965)
Train Epoch: [14][8/138] Loss: 0.3944 (Avg: 0.3544) Dice: 0.5759 (Avg: 0.6366) IoU: 0.4178 (Avg: 0.4867)
Train Epoch: [14][9/138] Loss: 0.2360 (Avg: 0.3412) Dice: 0.7772 (Avg: 0.6522) IoU: 0.6414 (Avg: 0.5039)
Train Epoch: [14][10/138] Loss: 0.4945 (Avg: 0.3566) Dice: 0.5277 (Avg: 0.6397) IoU: 0.3636 (Avg: 0.4899)
Train Epoch: [14][11/138] Loss: 0.2601 (Avg: 0.3478) Dice: 0.7020 (Avg: 0.6454) IoU: 0.5511 (Avg: 0.4954)
Train Epoch: [14][12/138] Loss: 0.3321 (Avg: 0.3465) Dice: 0.6356 (Avg: 0.6446) IoU: 0.4859 (Avg: 0.4946)
Train Epoch: [14][13/138] Loss: 0.4685 (Avg: 0.3559) Dice: 0.5053 (Avg: 0.6339) IoU: 0.3560 (Avg: 0.4840)
Train Epoch: [14][14/138] Loss: 0.4125 (Avg: 0.3599) Dice: 0.5621 (Avg: 0.6287) IoU: 0.4215 (Avg: 0.4795)
Train Epoch: [14][15/138] Loss: 0.5164 (Avg: 0.3703) Dice: 0.5894 (Avg: 0.6261) IoU: 0.4238 (Avg: 0.4758)
Train Epoch: [14][16/138] Loss: 0.3546 (Avg: 0.3694) Dice: 0.6583 (Avg: 0.6281) IoU: 0.4938 (Avg: 0.4769)
Train Epoch: [14][17/138] Loss: 0.3575 (Avg: 0.3687) Dice: 0.6555 (Avg: 0.6297) IoU: 0.5027 (Avg: 0.4784)
Train Epoch: [14][18/138] Loss: 0.4436 (Avg: 0.3728) Dice: 0.6024 (Avg: 0.6282) IoU: 0.4663 (Avg: 0.4778)
Train Epoch: [14][19/138] Loss: 0.6970 (Avg: 0.3899) Dice: 0.2866 (Avg: 0.6102) IoU: 0.1829 (Avg: 0.4622)
Train Epoch: [14][20/138] Loss: 0.2176 (Avg: 0.3813) Dice: 0.7403 (Avg: 0.6167) IoU: 0.6040 (Avg: 0.4693)
Train Epoch: [14][21/138] Loss: 0.5640 (Avg: 0.3900) Dice: 0.4257 (Avg: 0.6076) IoU: 0.2825 (Avg: 0.4604)
Train Epoch: [14][22/138] Loss: 0.4725 (Avg: 0.3937) Dice: 0.5253 (Avg: 0.6039) IoU: 0.4199 (Avg: 0.4586)
Train Epoch: [14][23/138] Loss: 0.2640 (Avg: 0.3881) Dice: 0.7151 (Avg: 0.6087) IoU: 0.5590 (Avg: 0.4630)
Train Epoch: [14][24/138] Loss: 0.5488 (Avg: 0.3948) Dice: 0.4685 (Avg: 0.6029) IoU: 0.3126 (Avg: 0.4567)
Train Epoch: [14][25/138] Loss: 0.5036 (Avg: 0.3991) Dice: 0.4802 (Avg: 0.5980) IoU: 0.3266 (Avg: 0.4515)
Train Epoch: [14][26/138] Loss: 0.2900 (Avg: 0.3949) Dice: 0.6916 (Avg: 0.6016) IoU: 0.5434 (Avg: 0.4550)
Train Epoch: [14][27/138] Loss: 0.5045 (Avg: 0.3990) Dice: 0.5153 (Avg: 0.5984) IoU: 0.3652 (Avg: 0.4517)
Train Epoch: [14][28/138] Loss: 0.4243 (Avg: 0.3999) Dice: 0.5377 (Avg: 0.5962) IoU: 0.4161 (Avg: 0.4504)
Train Epoch: [14][29/138] Loss: 0.3982 (Avg: 0.3998) Dice: 0.5349 (Avg: 0.5941) IoU: 0.3821 (Avg: 0.4481)
Train Epoch: [14][30/138] Loss: 0.2803 (Avg: 0.3959) Dice: 0.6863 (Avg: 0.5972) IoU: 0.5301 (Avg: 0.4508)
Train Epoch: [14][31/138] Loss: 0.3827 (Avg: 0.3954) Dice: 0.5747 (Avg: 0.5965) IoU: 0.4053 (Avg: 0.4493)
Train Epoch: [14][32/138] Loss: 0.5688 (Avg: 0.4009) Dice: 0.6839 (Avg: 0.5992) IoU: 0.3234 (Avg: 0.4454)
Train Epoch: [14][33/138] Loss: 0.5136 (Avg: 0.4043) Dice: 0.4769 (Avg: 0.5955) IoU: 0.3541 (Avg: 0.4426)
Train Epoch: [14][34/138] Loss: 0.5267 (Avg: 0.4079) Dice: 0.4876 (Avg: 0.5923) IoU: 0.3299 (Avg: 0.4393)
Train Epoch: [14][35/138] Loss: 0.3582 (Avg: 0.4065) Dice: 0.5911 (Avg: 0.5923) IoU: 0.4283 (Avg: 0.4390)
Train Epoch: [14][36/138] Loss: 0.3509 (Avg: 0.4049) Dice: 0.6371 (Avg: 0.5935) IoU: 0.5349 (Avg: 0.4417)
Train Epoch: [14][37/138] Loss: 0.4571 (Avg: 0.4063) Dice: 0.5063 (Avg: 0.5912) IoU: 0.3881 (Avg: 0.4402)
Train Epoch: [14][38/138] Loss: 0.2853 (Avg: 0.4031) Dice: 0.6812 (Avg: 0.5935) IoU: 0.5238 (Avg: 0.4424)
Train Epoch: [14][39/138] Loss: 0.2622 (Avg: 0.3995) Dice: 0.7775 (Avg: 0.5982) IoU: 0.6509 (Avg: 0.4478)
Train Epoch: [14][40/138] Loss: 0.5525 (Avg: 0.4033) Dice: 0.4089 (Avg: 0.5935) IoU: 0.2861 (Avg: 0.4437)
Train Epoch: [14][41/138] Loss: 0.2557 (Avg: 0.3997) Dice: 0.7424 (Avg: 0.5971) IoU: 0.5928 (Avg: 0.4474)
Train Epoch: [14][42/138] Loss: 0.4094 (Avg: 0.4000) Dice: 0.5540 (Avg: 0.5961) IoU: 0.4367 (Avg: 0.4471)
Train Epoch: [14][43/138] Loss: 0.4599 (Avg: 0.4014) Dice: 0.5033 (Avg: 0.5940) IoU: 0.3845 (Avg: 0.4456)
Train Epoch: [14][44/138] Loss: 0.4810 (Avg: 0.4032) Dice: 0.5064 (Avg: 0.5920) IoU: 0.3488 (Avg: 0.4434)
Train Epoch: [14][45/138] Loss: 0.4123 (Avg: 0.4034) Dice: 0.5702 (Avg: 0.5915) IoU: 0.4275 (Avg: 0.4431)
Train Epoch: [14][46/138] Loss: 0.5158 (Avg: 0.4058) Dice: 0.4827 (Avg: 0.5891) IoU: 0.3565 (Avg: 0.4412)
Train Epoch: [14][47/138] Loss: 0.4712 (Avg: 0.4072) Dice: 0.5323 (Avg: 0.5879) IoU: 0.3993 (Avg: 0.4403)
Train Epoch: [14][48/138] Loss: 0.6550 (Avg: 0.4124) Dice: 0.3299 (Avg: 0.5825) IoU: 0.2120 (Avg: 0.4356)
Train Epoch: [14][49/138] Loss: 0.5238 (Avg: 0.4147) Dice: 0.4728 (Avg: 0.5803) IoU: 0.3677 (Avg: 0.4342)
Train Epoch: [14][50/138] Loss: 0.2708 (Avg: 0.4118) Dice: 0.7142 (Avg: 0.5830) IoU: 0.5670 (Avg: 0.4368)
Train Epoch: [14][51/138] Loss: 0.2956 (Avg: 0.4095) Dice: 0.6493 (Avg: 0.5843) IoU: 0.4873 (Avg: 0.4378)
Train Epoch: [14][52/138] Loss: 0.4477 (Avg: 0.4102) Dice: 0.5264 (Avg: 0.5832) IoU: 0.3845 (Avg: 0.4368)
Train Epoch: [14][53/138] Loss: 0.3250 (Avg: 0.4086) Dice: 0.6069 (Avg: 0.5836) IoU: 0.4733 (Avg: 0.4375)
Train Epoch: [14][54/138] Loss: 0.4834 (Avg: 0.4100) Dice: 0.4795 (Avg: 0.5817) IoU: 0.3768 (Avg: 0.4364)
Train Epoch: [14][55/138] Loss: 0.2508 (Avg: 0.4071) Dice: 0.7288 (Avg: 0.5844) IoU: 0.5822 (Avg: 0.4390)
Train Epoch: [14][56/138] Loss: 0.6266 (Avg: 0.4110) Dice: 0.4562 (Avg: 0.5821) IoU: 0.3264 (Avg: 0.4370)
Train Epoch: [14][57/138] Loss: 0.3861 (Avg: 0.4106) Dice: 0.6068 (Avg: 0.5825) IoU: 0.4456 (Avg: 0.4372)
Train Epoch: [14][58/138] Loss: 0.6180 (Avg: 0.4142) Dice: 0.3294 (Avg: 0.5781) IoU: 0.2420 (Avg: 0.4338)
Train Epoch: [14][59/138] Loss: 0.3158 (Avg: 0.4125) Dice: 0.6752 (Avg: 0.5798) IoU: 0.5241 (Avg: 0.4353)
Train Epoch: [14][60/138] Loss: 0.4938 (Avg: 0.4139) Dice: 0.5064 (Avg: 0.5786) IoU: 0.3846 (Avg: 0.4345)
Train Epoch: [14][61/138] Loss: 0.2782 (Avg: 0.4116) Dice: 0.7063 (Avg: 0.5807) IoU: 0.5844 (Avg: 0.4369)
Train Epoch: [14][62/138] Loss: 0.4202 (Avg: 0.4118) Dice: 0.5295 (Avg: 0.5798) IoU: 0.3872 (Avg: 0.4361)
Train Epoch: [14][63/138] Loss: 0.2864 (Avg: 0.4098) Dice: 0.7076 (Avg: 0.5819) IoU: 0.5523 (Avg: 0.4380)
Train Epoch: [14][64/138] Loss: 0.6501 (Avg: 0.4135) Dice: 0.2841 (Avg: 0.5772) IoU: 0.1807 (Avg: 0.4340)
Train Epoch: [14][65/138] Loss: 0.5176 (Avg: 0.4151) Dice: 0.4377 (Avg: 0.5751) IoU: 0.3059 (Avg: 0.4320)
Train Epoch: [14][66/138] Loss: 0.3835 (Avg: 0.4147) Dice: 0.6222 (Avg: 0.5758) IoU: 0.4594 (Avg: 0.4324)
Train Epoch: [14][67/138] Loss: 0.4535 (Avg: 0.4152) Dice: 0.5358 (Avg: 0.5752) IoU: 0.3662 (Avg: 0.4314)
Train Epoch: [14][68/138] Loss: 0.3660 (Avg: 0.4145) Dice: 0.6124 (Avg: 0.5757) IoU: 0.4466 (Avg: 0.4316)
Train Epoch: [14][69/138] Loss: 0.4190 (Avg: 0.4146) Dice: 0.5788 (Avg: 0.5758) IoU: 0.4244 (Avg: 0.4315)
Train Epoch: [14][70/138] Loss: 0.3651 (Avg: 0.4139) Dice: 0.6308 (Avg: 0.5766) IoU: 0.5006 (Avg: 0.4325)
Train Epoch: [14][71/138] Loss: 0.4823 (Avg: 0.4148) Dice: 0.4938 (Avg: 0.5754) IoU: 0.3553 (Avg: 0.4314)
Train Epoch: [14][72/138] Loss: 0.7742 (Avg: 0.4198) Dice: 0.1999 (Avg: 0.5702) IoU: 0.1126 (Avg: 0.4270)
Train Epoch: [14][73/138] Loss: 0.2327 (Avg: 0.4173) Dice: 0.7485 (Avg: 0.5726) IoU: 0.6138 (Avg: 0.4296)
Train Epoch: [14][74/138] Loss: 0.4014 (Avg: 0.4171) Dice: 0.5850 (Avg: 0.5728) IoU: 0.4475 (Avg: 0.4298)
Train Epoch: [14][75/138] Loss: 0.4481 (Avg: 0.4175) Dice: 0.5597 (Avg: 0.5726) IoU: 0.4066 (Avg: 0.4295)
Train Epoch: [14][76/138] Loss: 0.2791 (Avg: 0.4156) Dice: 0.7125 (Avg: 0.5745) IoU: 0.5609 (Avg: 0.4312)
Train Epoch: [14][77/138] Loss: 0.3107 (Avg: 0.4143) Dice: 0.6848 (Avg: 0.5759) IoU: 0.5370 (Avg: 0.4326)
Train Epoch: [14][78/138] Loss: 0.3696 (Avg: 0.4137) Dice: 0.6317 (Avg: 0.5766) IoU: 0.5029 (Avg: 0.4335)
Train Epoch: [14][79/138] Loss: 0.4717 (Avg: 0.4144) Dice: 0.5705 (Avg: 0.5765) IoU: 0.4443 (Avg: 0.4336)
Train Epoch: [14][80/138] Loss: 0.3900 (Avg: 0.4141) Dice: 0.5870 (Avg: 0.5767) IoU: 0.4420 (Avg: 0.4337)
Train Epoch: [14][81/138] Loss: 0.4850 (Avg: 0.4150) Dice: 0.5302 (Avg: 0.5761) IoU: 0.3645 (Avg: 0.4329)
Train Epoch: [14][82/138] Loss: 0.4265 (Avg: 0.4152) Dice: 0.5509 (Avg: 0.5758) IoU: 0.4352 (Avg: 0.4329)
Train Epoch: [14][83/138] Loss: 0.5697 (Avg: 0.4170) Dice: 0.4858 (Avg: 0.5747) IoU: 0.3515 (Avg: 0.4319)
Train Epoch: [14][84/138] Loss: 0.4438 (Avg: 0.4173) Dice: 0.6006 (Avg: 0.5750) IoU: 0.4366 (Avg: 0.4320)
Train Epoch: [14][85/138] Loss: 0.3061 (Avg: 0.4160) Dice: 0.6598 (Avg: 0.5760) IoU: 0.4949 (Avg: 0.4327)
Train Epoch: [14][86/138] Loss: 0.6749 (Avg: 0.4190) Dice: 0.2920 (Avg: 0.5727) IoU: 0.1897 (Avg: 0.4299)
Train Epoch: [14][87/138] Loss: 0.2997 (Avg: 0.4177) Dice: 0.6965 (Avg: 0.5741) IoU: 0.5436 (Avg: 0.4312)
Train Epoch: [14][88/138] Loss: 0.4433 (Avg: 0.4180) Dice: 0.5551 (Avg: 0.5739) IoU: 0.3989 (Avg: 0.4308)
Train Epoch: [14][89/138] Loss: 0.4256 (Avg: 0.4180) Dice: 0.5317 (Avg: 0.5734) IoU: 0.4200 (Avg: 0.4307)
Train Epoch: [14][90/138] Loss: 0.4306 (Avg: 0.4182) Dice: 0.5764 (Avg: 0.5735) IoU: 0.4328 (Avg: 0.4307)
Train Epoch: [14][91/138] Loss: 0.5321 (Avg: 0.4194) Dice: 0.4408 (Avg: 0.5720) IoU: 0.3119 (Avg: 0.4294)
Train Epoch: [14][92/138] Loss: 0.3623 (Avg: 0.4188) Dice: 0.6123 (Avg: 0.5724) IoU: 0.4603 (Avg: 0.4298)
Train Epoch: [14][93/138] Loss: 0.3842 (Avg: 0.4184) Dice: 0.5837 (Avg: 0.5726) IoU: 0.4328 (Avg: 0.4298)
Train Epoch: [14][94/138] Loss: 0.2453 (Avg: 0.4166) Dice: 0.7317 (Avg: 0.5743) IoU: 0.5901 (Avg: 0.4315)
Train Epoch: [14][95/138] Loss: 0.2332 (Avg: 0.4147) Dice: 0.7588 (Avg: 0.5762) IoU: 0.6162 (Avg: 0.4335)
Train Epoch: [14][96/138] Loss: 0.3288 (Avg: 0.4138) Dice: 0.6504 (Avg: 0.5770) IoU: 0.4947 (Avg: 0.4341)
Train Epoch: [14][97/138] Loss: 0.2915 (Avg: 0.4125) Dice: 0.7242 (Avg: 0.5785) IoU: 0.5725 (Avg: 0.4355)
Train Epoch: [14][98/138] Loss: 0.4930 (Avg: 0.4133) Dice: 0.4589 (Avg: 0.5773) IoU: 0.3066 (Avg: 0.4342)
Train Epoch: [14][99/138] Loss: 0.2979 (Avg: 0.4122) Dice: 0.7092 (Avg: 0.5786) IoU: 0.5568 (Avg: 0.4354)
Train Epoch: [14][100/138] Loss: 0.5619 (Avg: 0.4137) Dice: 0.4715 (Avg: 0.5775) IoU: 0.3346 (Avg: 0.4344)
Train Epoch: [14][101/138] Loss: 0.5019 (Avg: 0.4145) Dice: 0.4692 (Avg: 0.5765) IoU: 0.3224 (Avg: 0.4333)
Train Epoch: [14][102/138] Loss: 0.3924 (Avg: 0.4143) Dice: 0.5844 (Avg: 0.5765) IoU: 0.4710 (Avg: 0.4337)
Train Epoch: [14][103/138] Loss: 0.5789 (Avg: 0.4159) Dice: 0.3572 (Avg: 0.5744) IoU: 0.2386 (Avg: 0.4318)
Train Epoch: [14][104/138] Loss: 0.5014 (Avg: 0.4167) Dice: 0.5250 (Avg: 0.5739) IoU: 0.3859 (Avg: 0.4314)
Train Epoch: [14][105/138] Loss: 0.4506 (Avg: 0.4171) Dice: 0.4859 (Avg: 0.5731) IoU: 0.3231 (Avg: 0.4303)
Train Epoch: [14][106/138] Loss: 0.3061 (Avg: 0.4160) Dice: 0.7190 (Avg: 0.5745) IoU: 0.5707 (Avg: 0.4316)
Train Epoch: [14][107/138] Loss: 0.3130 (Avg: 0.4151) Dice: 0.6770 (Avg: 0.5754) IoU: 0.5393 (Avg: 0.4327)
Train Epoch: [14][108/138] Loss: 0.7754 (Avg: 0.4184) Dice: 0.2470 (Avg: 0.5724) IoU: 0.1547 (Avg: 0.4301)
Train Epoch: [14][109/138] Loss: 0.3236 (Avg: 0.4175) Dice: 0.6951 (Avg: 0.5735) IoU: 0.5477 (Avg: 0.4312)
Train Epoch: [14][110/138] Loss: 0.3761 (Avg: 0.4171) Dice: 0.5801 (Avg: 0.5736) IoU: 0.4233 (Avg: 0.4311)
Train Epoch: [14][111/138] Loss: 0.3187 (Avg: 0.4163) Dice: 0.6532 (Avg: 0.5743) IoU: 0.5013 (Avg: 0.4317)
Train Epoch: [14][112/138] Loss: 0.2895 (Avg: 0.4151) Dice: 0.7670 (Avg: 0.5760) IoU: 0.6310 (Avg: 0.4335)
Train Epoch: [14][113/138] Loss: 0.2214 (Avg: 0.4134) Dice: 0.7818 (Avg: 0.5778) IoU: 0.6545 (Avg: 0.4355)
Train Epoch: [14][114/138] Loss: 0.5765 (Avg: 0.4148) Dice: 0.3860 (Avg: 0.5761) IoU: 0.2914 (Avg: 0.4342)
Train Epoch: [14][115/138] Loss: 0.3113 (Avg: 0.4139) Dice: 0.7284 (Avg: 0.5775) IoU: 0.5830 (Avg: 0.4355)
Train Epoch: [14][116/138] Loss: 0.5912 (Avg: 0.4155) Dice: 0.3236 (Avg: 0.5753) IoU: 0.2185 (Avg: 0.4336)
Train Epoch: [14][117/138] Loss: 0.3127 (Avg: 0.4146) Dice: 0.6568 (Avg: 0.5760) IoU: 0.4980 (Avg: 0.4342)
Train Epoch: [14][118/138] Loss: 0.3289 (Avg: 0.4139) Dice: 0.6180 (Avg: 0.5763) IoU: 0.4992 (Avg: 0.4347)
Train Epoch: [14][119/138] Loss: 0.4067 (Avg: 0.4138) Dice: 0.6005 (Avg: 0.5765) IoU: 0.4554 (Avg: 0.4349)
Train Epoch: [14][120/138] Loss: 0.4368 (Avg: 0.4140) Dice: 0.5311 (Avg: 0.5762) IoU: 0.4151 (Avg: 0.4347)
Train Epoch: [14][121/138] Loss: 0.4492 (Avg: 0.4143) Dice: 0.5456 (Avg: 0.5759) IoU: 0.4174 (Avg: 0.4346)
Train Epoch: [14][122/138] Loss: 0.2898 (Avg: 0.4133) Dice: 0.6988 (Avg: 0.5769) IoU: 0.5440 (Avg: 0.4355)
Train Epoch: [14][123/138] Loss: 0.8034 (Avg: 0.4164) Dice: 0.1823 (Avg: 0.5737) IoU: 0.1434 (Avg: 0.4331)
Train Epoch: [14][124/138] Loss: 0.3186 (Avg: 0.4156) Dice: 0.7000 (Avg: 0.5747) IoU: 0.5549 (Avg: 0.4341)
Train Epoch: [14][125/138] Loss: 0.2191 (Avg: 0.4141) Dice: 0.7878 (Avg: 0.5764) IoU: 0.6624 (Avg: 0.4359)
Train Epoch: [14][126/138] Loss: 0.2224 (Avg: 0.4126) Dice: 0.7739 (Avg: 0.5780) IoU: 0.6368 (Avg: 0.4375)
Train Epoch: [14][127/138] Loss: 0.3714 (Avg: 0.4122) Dice: 0.6164 (Avg: 0.5783) IoU: 0.4601 (Avg: 0.4377)
Train Epoch: [14][128/138] Loss: 0.7595 (Avg: 0.4149) Dice: 0.1870 (Avg: 0.5752) IoU: 0.1203 (Avg: 0.4352)
Train Epoch: [14][129/138] Loss: 0.3570 (Avg: 0.4145) Dice: 0.6018 (Avg: 0.5754) IoU: 0.4373 (Avg: 0.4352)
Train Epoch: [14][130/138] Loss: 0.4162 (Avg: 0.4145) Dice: 0.5367 (Avg: 0.5752) IoU: 0.4185 (Avg: 0.4351)
Train Epoch: [14][131/138] Loss: 0.3239 (Avg: 0.4138) Dice: 0.6422 (Avg: 0.5757) IoU: 0.4783 (Avg: 0.4354)
Train Epoch: [14][132/138] Loss: 0.4168 (Avg: 0.4138) Dice: 0.5725 (Avg: 0.5756) IoU: 0.4436 (Avg: 0.4355)
Train Epoch: [14][133/138] Loss: 0.3282 (Avg: 0.4132) Dice: 0.6557 (Avg: 0.5762) IoU: 0.5179 (Avg: 0.4361)
Train Epoch: [14][134/138] Loss: 0.1953 (Avg: 0.4116) Dice: 0.7731 (Avg: 0.5777) IoU: 0.6471 (Avg: 0.4377)
Train Epoch: [14][135/138] Loss: 0.3132 (Avg: 0.4108) Dice: 0.6930 (Avg: 0.5786) IoU: 0.5635 (Avg: 0.4386)
Train Epoch: [14][136/138] Loss: 0.4252 (Avg: 0.4109) Dice: 0.5750 (Avg: 0.5785) IoU: 0.4259 (Avg: 0.4385)
Train Epoch: [14][137/138] Loss: 0.5303 (Avg: 0.4118) Dice: 0.4479 (Avg: 0.5776) IoU: 0.3246 (Avg: 0.4377)
Train Epoch: [14][138/138] Loss: 0.2347 (Avg: 0.4093) Dice: 0.6452 (Avg: 0.5746) IoU: 0.4762 (Avg: 0.4354)
Validation Epoch: [14] Avg Loss: 0.4174 Avg Dice: 0.5529 Avg IoU: 0.4174
	 Best dice improved from 0.5520 to 0.5529
	 Model saved to ImageEncoder_Pretrain\UNet\Pretrain_05.25_10h55\models\best_model-UNet.pth.tar

========= Epoch [15/50] =========
Train Epoch: [15][1/138] Loss: 0.5088 (Avg: 0.5088) Dice: 0.5000 (Avg: 0.5000) IoU: 0.3558 (Avg: 0.3558)
Train Epoch: [15][2/138] Loss: 0.2070 (Avg: 0.3579) Dice: 0.7907 (Avg: 0.6454) IoU: 0.6592 (Avg: 0.5075)
Train Epoch: [15][3/138] Loss: 0.3704 (Avg: 0.3621) Dice: 0.6345 (Avg: 0.6417) IoU: 0.4816 (Avg: 0.4989)
Train Epoch: [15][4/138] Loss: 0.4124 (Avg: 0.3746) Dice: 0.5587 (Avg: 0.6210) IoU: 0.4054 (Avg: 0.4755)
Train Epoch: [15][5/138] Loss: 0.4092 (Avg: 0.3815) Dice: 0.5682 (Avg: 0.6104) IoU: 0.4546 (Avg: 0.4713)
Train Epoch: [15][6/138] Loss: 0.4109 (Avg: 0.3864) Dice: 0.5710 (Avg: 0.6038) IoU: 0.4030 (Avg: 0.4599)
Train Epoch: [15][7/138] Loss: 0.3713 (Avg: 0.3843) Dice: 0.6567 (Avg: 0.6114) IoU: 0.4977 (Avg: 0.4653)
Train Epoch: [15][8/138] Loss: 0.3752 (Avg: 0.3832) Dice: 0.5669 (Avg: 0.6058) IoU: 0.4080 (Avg: 0.4582)
Train Epoch: [15][9/138] Loss: 0.2925 (Avg: 0.3731) Dice: 0.6929 (Avg: 0.6155) IoU: 0.5355 (Avg: 0.4668)
Train Epoch: [15][10/138] Loss: 0.3990 (Avg: 0.3757) Dice: 0.6025 (Avg: 0.6142) IoU: 0.4333 (Avg: 0.4634)
Train Epoch: [15][11/138] Loss: 0.4644 (Avg: 0.3837) Dice: 0.4672 (Avg: 0.6008) IoU: 0.3566 (Avg: 0.4537)
Train Epoch: [15][12/138] Loss: 0.2666 (Avg: 0.3740) Dice: 0.7032 (Avg: 0.6094) IoU: 0.5643 (Avg: 0.4629)
Train Epoch: [15][13/138] Loss: 0.2352 (Avg: 0.3633) Dice: 0.7840 (Avg: 0.6228) IoU: 0.6536 (Avg: 0.4776)
Train Epoch: [15][14/138] Loss: 0.3701 (Avg: 0.3638) Dice: 0.6320 (Avg: 0.6235) IoU: 0.5071 (Avg: 0.4797)
Train Epoch: [15][15/138] Loss: 0.5383 (Avg: 0.3754) Dice: 0.4256 (Avg: 0.6103) IoU: 0.3121 (Avg: 0.4685)
Train Epoch: [15][16/138] Loss: 0.4392 (Avg: 0.3794) Dice: 0.5332 (Avg: 0.6055) IoU: 0.4007 (Avg: 0.4643)
Train Epoch: [15][17/138] Loss: 0.3094 (Avg: 0.3753) Dice: 0.6824 (Avg: 0.6100) IoU: 0.5221 (Avg: 0.4677)
Train Epoch: [15][18/138] Loss: 0.3461 (Avg: 0.3737) Dice: 0.6521 (Avg: 0.6123) IoU: 0.5057 (Avg: 0.4698)
Train Epoch: [15][19/138] Loss: 0.4337 (Avg: 0.3768) Dice: 0.5800 (Avg: 0.6106) IoU: 0.4503 (Avg: 0.4688)
Train Epoch: [15][20/138] Loss: 0.2782 (Avg: 0.3719) Dice: 0.6750 (Avg: 0.6138) IoU: 0.5337 (Avg: 0.4720)
Train Epoch: [15][21/138] Loss: 0.2940 (Avg: 0.3682) Dice: 0.7218 (Avg: 0.6190) IoU: 0.5832 (Avg: 0.4773)
Train Epoch: [15][22/138] Loss: 0.2645 (Avg: 0.3635) Dice: 0.7580 (Avg: 0.6253) IoU: 0.6128 (Avg: 0.4835)
Train Epoch: [15][23/138] Loss: 0.2420 (Avg: 0.3582) Dice: 0.7427 (Avg: 0.6304) IoU: 0.5972 (Avg: 0.4884)
Train Epoch: [15][24/138] Loss: 0.2902 (Avg: 0.3554) Dice: 0.6832 (Avg: 0.6326) IoU: 0.5680 (Avg: 0.4917)
Train Epoch: [15][25/138] Loss: 0.6942 (Avg: 0.3689) Dice: 0.2836 (Avg: 0.6187) IoU: 0.1978 (Avg: 0.4800)
Train Epoch: [15][26/138] Loss: 0.5128 (Avg: 0.3744) Dice: 0.4458 (Avg: 0.6120) IoU: 0.2914 (Avg: 0.4727)
Train Epoch: [15][27/138] Loss: 0.4379 (Avg: 0.3768) Dice: 0.5376 (Avg: 0.6092) IoU: 0.4312 (Avg: 0.4712)
Train Epoch: [15][28/138] Loss: 0.2890 (Avg: 0.3737) Dice: 0.7121 (Avg: 0.6129) IoU: 0.5596 (Avg: 0.4743)
Train Epoch: [15][29/138] Loss: 0.2640 (Avg: 0.3699) Dice: 0.6970 (Avg: 0.6158) IoU: 0.5389 (Avg: 0.4766)
Train Epoch: [15][30/138] Loss: 0.4068 (Avg: 0.3711) Dice: 0.6103 (Avg: 0.6156) IoU: 0.4643 (Avg: 0.4762)
Train Epoch: [15][31/138] Loss: 0.3161 (Avg: 0.3693) Dice: 0.6502 (Avg: 0.6168) IoU: 0.5031 (Avg: 0.4770)
Train Epoch: [15][32/138] Loss: 0.4500 (Avg: 0.3718) Dice: 0.5739 (Avg: 0.6154) IoU: 0.4229 (Avg: 0.4753)
Train Epoch: [15][33/138] Loss: 0.4367 (Avg: 0.3738) Dice: 0.5223 (Avg: 0.6126) IoU: 0.3577 (Avg: 0.4718)
Train Epoch: [15][34/138] Loss: 0.6291 (Avg: 0.3813) Dice: 0.3765 (Avg: 0.6056) IoU: 0.2853 (Avg: 0.4663)
Train Epoch: [15][35/138] Loss: 0.2014 (Avg: 0.3762) Dice: 0.7768 (Avg: 0.6105) IoU: 0.6469 (Avg: 0.4715)
Train Epoch: [15][36/138] Loss: 0.3320 (Avg: 0.3750) Dice: 0.6371 (Avg: 0.6113) IoU: 0.4791 (Avg: 0.4717)
Train Epoch: [15][37/138] Loss: 0.3505 (Avg: 0.3743) Dice: 0.6798 (Avg: 0.6131) IoU: 0.5433 (Avg: 0.4736)
Train Epoch: [15][38/138] Loss: 0.6680 (Avg: 0.3820) Dice: 0.2808 (Avg: 0.6044) IoU: 0.2002 (Avg: 0.4664)
Train Epoch: [15][39/138] Loss: 0.4288 (Avg: 0.3832) Dice: 0.5114 (Avg: 0.6020) IoU: 0.3702 (Avg: 0.4639)
Train Epoch: [15][40/138] Loss: 0.2618 (Avg: 0.3802) Dice: 0.7442 (Avg: 0.6056) IoU: 0.5949 (Avg: 0.4672)
Train Epoch: [15][41/138] Loss: 0.2980 (Avg: 0.3782) Dice: 0.7257 (Avg: 0.6085) IoU: 0.5913 (Avg: 0.4702)
Train Epoch: [15][42/138] Loss: 0.2917 (Avg: 0.3761) Dice: 0.6434 (Avg: 0.6093) IoU: 0.5233 (Avg: 0.4715)
Train Epoch: [15][43/138] Loss: 0.4846 (Avg: 0.3786) Dice: 0.4988 (Avg: 0.6067) IoU: 0.3492 (Avg: 0.4687)
Train Epoch: [15][44/138] Loss: 0.5373 (Avg: 0.3823) Dice: 0.4605 (Avg: 0.6034) IoU: 0.3462 (Avg: 0.4659)
Train Epoch: [15][45/138] Loss: 0.3703 (Avg: 0.3820) Dice: 0.5803 (Avg: 0.6029) IoU: 0.4168 (Avg: 0.4648)
Train Epoch: [15][46/138] Loss: 0.3960 (Avg: 0.3823) Dice: 0.5470 (Avg: 0.6017) IoU: 0.3812 (Avg: 0.4630)
Train Epoch: [15][47/138] Loss: 0.6479 (Avg: 0.3879) Dice: 0.3246 (Avg: 0.5958) IoU: 0.2192 (Avg: 0.4578)
Train Epoch: [15][48/138] Loss: 0.3108 (Avg: 0.3863) Dice: 0.6892 (Avg: 0.5977) IoU: 0.5482 (Avg: 0.4597)
Train Epoch: [15][49/138] Loss: 0.4259 (Avg: 0.3871) Dice: 0.5268 (Avg: 0.5963) IoU: 0.4221 (Avg: 0.4589)
Train Epoch: [15][50/138] Loss: 0.5017 (Avg: 0.3894) Dice: 0.4563 (Avg: 0.5935) IoU: 0.3294 (Avg: 0.4563)
Train Epoch: [15][51/138] Loss: 0.4173 (Avg: 0.3900) Dice: 0.5621 (Avg: 0.5929) IoU: 0.4103 (Avg: 0.4554)
Train Epoch: [15][52/138] Loss: 0.2484 (Avg: 0.3873) Dice: 0.7026 (Avg: 0.5950) IoU: 0.5433 (Avg: 0.4571)
Train Epoch: [15][53/138] Loss: 0.4269 (Avg: 0.3880) Dice: 0.5304 (Avg: 0.5938) IoU: 0.4170 (Avg: 0.4563)
Train Epoch: [15][54/138] Loss: 0.2530 (Avg: 0.3855) Dice: 0.7271 (Avg: 0.5962) IoU: 0.5831 (Avg: 0.4587)
Train Epoch: [15][55/138] Loss: 0.5290 (Avg: 0.3881) Dice: 0.4608 (Avg: 0.5938) IoU: 0.3366 (Avg: 0.4565)
Train Epoch: [15][56/138] Loss: 0.6826 (Avg: 0.3934) Dice: 0.2692 (Avg: 0.5880) IoU: 0.1617 (Avg: 0.4512)
Train Epoch: [15][57/138] Loss: 0.4906 (Avg: 0.3951) Dice: 0.4812 (Avg: 0.5861) IoU: 0.3268 (Avg: 0.4490)
Train Epoch: [15][58/138] Loss: 0.6321 (Avg: 0.3992) Dice: 0.3471 (Avg: 0.5820) IoU: 0.2530 (Avg: 0.4456)
Train Epoch: [15][59/138] Loss: 0.2979 (Avg: 0.3974) Dice: 0.7013 (Avg: 0.5840) IoU: 0.5664 (Avg: 0.4477)
Train Epoch: [15][60/138] Loss: 0.2313 (Avg: 0.3947) Dice: 0.7832 (Avg: 0.5873) IoU: 0.6526 (Avg: 0.4511)
Train Epoch: [15][61/138] Loss: 0.4324 (Avg: 0.3953) Dice: 0.5562 (Avg: 0.5868) IoU: 0.4289 (Avg: 0.4507)
Train Epoch: [15][62/138] Loss: 0.4322 (Avg: 0.3959) Dice: 0.5151 (Avg: 0.5857) IoU: 0.3538 (Avg: 0.4492)
Train Epoch: [15][63/138] Loss: 0.8216 (Avg: 0.4027) Dice: 0.1279 (Avg: 0.5784) IoU: 0.0780 (Avg: 0.4433)
Train Epoch: [15][64/138] Loss: 0.2741 (Avg: 0.4006) Dice: 0.6725 (Avg: 0.5799) IoU: 0.5276 (Avg: 0.4446)
Train Epoch: [15][65/138] Loss: 0.2199 (Avg: 0.3979) Dice: 0.7302 (Avg: 0.5822) IoU: 0.5841 (Avg: 0.4468)
Train Epoch: [15][66/138] Loss: 0.5627 (Avg: 0.4004) Dice: 0.3284 (Avg: 0.5783) IoU: 0.2630 (Avg: 0.4440)
Train Epoch: [15][67/138] Loss: 0.3232 (Avg: 0.3992) Dice: 0.6047 (Avg: 0.5787) IoU: 0.5006 (Avg: 0.4448)
Train Epoch: [15][68/138] Loss: 0.6298 (Avg: 0.4026) Dice: 0.3520 (Avg: 0.5754) IoU: 0.2674 (Avg: 0.4422)
Train Epoch: [15][69/138] Loss: 0.2461 (Avg: 0.4003) Dice: 0.7200 (Avg: 0.5775) IoU: 0.5728 (Avg: 0.4441)
Train Epoch: [15][70/138] Loss: 0.4084 (Avg: 0.4004) Dice: 0.5789 (Avg: 0.5775) IoU: 0.4779 (Avg: 0.4446)
Train Epoch: [15][71/138] Loss: 0.3919 (Avg: 0.4003) Dice: 0.6022 (Avg: 0.5779) IoU: 0.4800 (Avg: 0.4451)
Train Epoch: [15][72/138] Loss: 0.5311 (Avg: 0.4021) Dice: 0.4411 (Avg: 0.5760) IoU: 0.3423 (Avg: 0.4437)
Train Epoch: [15][73/138] Loss: 0.5159 (Avg: 0.4037) Dice: 0.4625 (Avg: 0.5744) IoU: 0.3476 (Avg: 0.4423)
Train Epoch: [15][74/138] Loss: 0.3624 (Avg: 0.4031) Dice: 0.6162 (Avg: 0.5750) IoU: 0.4543 (Avg: 0.4425)
Train Epoch: [15][75/138] Loss: 0.2029 (Avg: 0.4005) Dice: 0.8077 (Avg: 0.5781) IoU: 0.6851 (Avg: 0.4457)
Train Epoch: [15][76/138] Loss: 0.4424 (Avg: 0.4010) Dice: 0.5411 (Avg: 0.5776) IoU: 0.3873 (Avg: 0.4450)
Train Epoch: [15][77/138] Loss: 0.4718 (Avg: 0.4019) Dice: 0.4620 (Avg: 0.5761) IoU: 0.3368 (Avg: 0.4436)
Train Epoch: [15][78/138] Loss: 0.3301 (Avg: 0.4010) Dice: 0.6349 (Avg: 0.5768) IoU: 0.4937 (Avg: 0.4442)
Train Epoch: [15][79/138] Loss: 0.4063 (Avg: 0.4011) Dice: 0.5902 (Avg: 0.5770) IoU: 0.4405 (Avg: 0.4442)
Train Epoch: [15][80/138] Loss: 0.2331 (Avg: 0.3990) Dice: 0.7117 (Avg: 0.5787) IoU: 0.5760 (Avg: 0.4458)
Train Epoch: [15][81/138] Loss: 0.2373 (Avg: 0.3970) Dice: 0.7570 (Avg: 0.5809) IoU: 0.6124 (Avg: 0.4479)
Train Epoch: [15][82/138] Loss: 0.4271 (Avg: 0.3974) Dice: 0.5375 (Avg: 0.5804) IoU: 0.3853 (Avg: 0.4471)
Train Epoch: [15][83/138] Loss: 0.4048 (Avg: 0.3974) Dice: 0.5937 (Avg: 0.5805) IoU: 0.4236 (Avg: 0.4468)
Train Epoch: [15][84/138] Loss: 0.3985 (Avg: 0.3975) Dice: 0.5404 (Avg: 0.5800) IoU: 0.4338 (Avg: 0.4467)
Train Epoch: [15][85/138] Loss: 0.4728 (Avg: 0.3983) Dice: 0.5186 (Avg: 0.5793) IoU: 0.3713 (Avg: 0.4458)
Train Epoch: [15][86/138] Loss: 0.3309 (Avg: 0.3976) Dice: 0.6485 (Avg: 0.5801) IoU: 0.4973 (Avg: 0.4464)
Train Epoch: [15][87/138] Loss: 0.3374 (Avg: 0.3969) Dice: 0.6361 (Avg: 0.5808) IoU: 0.4711 (Avg: 0.4467)
Train Epoch: [15][88/138] Loss: 0.3368 (Avg: 0.3962) Dice: 0.6081 (Avg: 0.5811) IoU: 0.4412 (Avg: 0.4466)
Train Epoch: [15][89/138] Loss: 0.4809 (Avg: 0.3971) Dice: 0.5026 (Avg: 0.5802) IoU: 0.3953 (Avg: 0.4460)
Train Epoch: [15][90/138] Loss: 0.5866 (Avg: 0.3992) Dice: 0.3679 (Avg: 0.5778) IoU: 0.2820 (Avg: 0.4442)
Train Epoch: [15][91/138] Loss: 0.3409 (Avg: 0.3986) Dice: 0.6523 (Avg: 0.5787) IoU: 0.5106 (Avg: 0.4449)
Train Epoch: [15][92/138] Loss: 0.6633 (Avg: 0.4015) Dice: 0.3382 (Avg: 0.5760) IoU: 0.2066 (Avg: 0.4423)
Train Epoch: [15][93/138] Loss: 0.5507 (Avg: 0.4031) Dice: 0.4362 (Avg: 0.5745) IoU: 0.3285 (Avg: 0.4411)
Train Epoch: [15][94/138] Loss: 0.2207 (Avg: 0.4011) Dice: 0.7573 (Avg: 0.5765) IoU: 0.6126 (Avg: 0.4429)
Train Epoch: [15][95/138] Loss: 0.2958 (Avg: 0.4000) Dice: 0.6540 (Avg: 0.5773) IoU: 0.5110 (Avg: 0.4436)
Train Epoch: [15][96/138] Loss: 0.5042 (Avg: 0.4011) Dice: 0.4913 (Avg: 0.5764) IoU: 0.3491 (Avg: 0.4427)
Train Epoch: [15][97/138] Loss: 0.5160 (Avg: 0.4023) Dice: 0.5016 (Avg: 0.5756) IoU: 0.3559 (Avg: 0.4418)
Train Epoch: [15][98/138] Loss: 0.5338 (Avg: 0.4037) Dice: 0.4443 (Avg: 0.5743) IoU: 0.3338 (Avg: 0.4407)
Train Epoch: [15][99/138] Loss: 0.4029 (Avg: 0.4036) Dice: 0.5555 (Avg: 0.5741) IoU: 0.4371 (Avg: 0.4406)
Train Epoch: [15][100/138] Loss: 0.5729 (Avg: 0.4053) Dice: 0.4091 (Avg: 0.5725) IoU: 0.2993 (Avg: 0.4392)
Train Epoch: [15][101/138] Loss: 0.4696 (Avg: 0.4060) Dice: 0.4894 (Avg: 0.5716) IoU: 0.3658 (Avg: 0.4385)
Train Epoch: [15][102/138] Loss: 0.3221 (Avg: 0.4052) Dice: 0.6632 (Avg: 0.5725) IoU: 0.5115 (Avg: 0.4392)
Train Epoch: [15][103/138] Loss: 0.2048 (Avg: 0.4032) Dice: 0.8141 (Avg: 0.5749) IoU: 0.6903 (Avg: 0.4416)
Train Epoch: [15][104/138] Loss: 0.2698 (Avg: 0.4019) Dice: 0.7631 (Avg: 0.5767) IoU: 0.6204 (Avg: 0.4434)
Train Epoch: [15][105/138] Loss: 0.5229 (Avg: 0.4031) Dice: 0.4300 (Avg: 0.5753) IoU: 0.3084 (Avg: 0.4421)
Train Epoch: [15][106/138] Loss: 0.3788 (Avg: 0.4028) Dice: 0.5748 (Avg: 0.5753) IoU: 0.4298 (Avg: 0.4420)
Train Epoch: [15][107/138] Loss: 0.5350 (Avg: 0.4041) Dice: 0.4396 (Avg: 0.5740) IoU: 0.3343 (Avg: 0.4410)
Train Epoch: [15][108/138] Loss: 0.4032 (Avg: 0.4041) Dice: 0.6071 (Avg: 0.5743) IoU: 0.4370 (Avg: 0.4409)
Train Epoch: [15][109/138] Loss: 0.5446 (Avg: 0.4054) Dice: 0.4394 (Avg: 0.5731) IoU: 0.3160 (Avg: 0.4398)
Train Epoch: [15][110/138] Loss: 0.3001 (Avg: 0.4044) Dice: 0.6796 (Avg: 0.5741) IoU: 0.5191 (Avg: 0.4405)
Train Epoch: [15][111/138] Loss: 0.3456 (Avg: 0.4039) Dice: 0.6106 (Avg: 0.5744) IoU: 0.5153 (Avg: 0.4412)
Train Epoch: [15][112/138] Loss: 0.6469 (Avg: 0.4060) Dice: 0.3133 (Avg: 0.5721) IoU: 0.2054 (Avg: 0.4391)
Train Epoch: [15][113/138] Loss: 0.4103 (Avg: 0.4061) Dice: 0.5803 (Avg: 0.5721) IoU: 0.4483 (Avg: 0.4391)
Train Epoch: [15][114/138] Loss: 0.2873 (Avg: 0.4050) Dice: 0.7343 (Avg: 0.5735) IoU: 0.5852 (Avg: 0.4404)
Train Epoch: [15][115/138] Loss: 0.3327 (Avg: 0.4044) Dice: 0.6301 (Avg: 0.5740) IoU: 0.4737 (Avg: 0.4407)
Train Epoch: [15][116/138] Loss: 0.3999 (Avg: 0.4044) Dice: 0.5444 (Avg: 0.5738) IoU: 0.3788 (Avg: 0.4402)
Train Epoch: [15][117/138] Loss: 0.3357 (Avg: 0.4038) Dice: 0.6291 (Avg: 0.5743) IoU: 0.4623 (Avg: 0.4404)
Train Epoch: [15][118/138] Loss: 0.2438 (Avg: 0.4024) Dice: 0.7327 (Avg: 0.5756) IoU: 0.5815 (Avg: 0.4416)
Train Epoch: [15][119/138] Loss: 0.5363 (Avg: 0.4036) Dice: 0.4406 (Avg: 0.5745) IoU: 0.3033 (Avg: 0.4404)
Train Epoch: [15][120/138] Loss: 0.4770 (Avg: 0.4042) Dice: 0.4862 (Avg: 0.5737) IoU: 0.3606 (Avg: 0.4397)
Train Epoch: [15][121/138] Loss: 0.2965 (Avg: 0.4033) Dice: 0.6037 (Avg: 0.5740) IoU: 0.4438 (Avg: 0.4398)
Train Epoch: [15][122/138] Loss: 0.5813 (Avg: 0.4047) Dice: 0.4140 (Avg: 0.5727) IoU: 0.2876 (Avg: 0.4385)
Train Epoch: [15][123/138] Loss: 0.2683 (Avg: 0.4036) Dice: 0.7227 (Avg: 0.5739) IoU: 0.5756 (Avg: 0.4396)
Train Epoch: [15][124/138] Loss: 0.3220 (Avg: 0.4030) Dice: 0.6379 (Avg: 0.5744) IoU: 0.4916 (Avg: 0.4401)
Train Epoch: [15][125/138] Loss: 0.4053 (Avg: 0.4030) Dice: 0.5905 (Avg: 0.5745) IoU: 0.4730 (Avg: 0.4403)
Train Epoch: [15][126/138] Loss: 0.2178 (Avg: 0.4015) Dice: 0.7434 (Avg: 0.5759) IoU: 0.6046 (Avg: 0.4416)
Train Epoch: [15][127/138] Loss: 0.3523 (Avg: 0.4011) Dice: 0.6430 (Avg: 0.5764) IoU: 0.4938 (Avg: 0.4420)
Train Epoch: [15][128/138] Loss: 0.3581 (Avg: 0.4008) Dice: 0.5724 (Avg: 0.5764) IoU: 0.4227 (Avg: 0.4419)
Train Epoch: [15][129/138] Loss: 0.3682 (Avg: 0.4005) Dice: 0.5380 (Avg: 0.5761) IoU: 0.4254 (Avg: 0.4418)
Train Epoch: [15][130/138] Loss: 0.3837 (Avg: 0.4004) Dice: 0.6757 (Avg: 0.5768) IoU: 0.5181 (Avg: 0.4423)
Train Epoch: [15][131/138] Loss: 0.2517 (Avg: 0.3993) Dice: 0.7108 (Avg: 0.5779) IoU: 0.5779 (Avg: 0.4434)
Train Epoch: [15][132/138] Loss: 0.4237 (Avg: 0.3995) Dice: 0.5656 (Avg: 0.5778) IoU: 0.4590 (Avg: 0.4435)
Train Epoch: [15][133/138] Loss: 0.6499 (Avg: 0.4013) Dice: 0.3303 (Avg: 0.5759) IoU: 0.2239 (Avg: 0.4418)
Train Epoch: [15][134/138] Loss: 0.5776 (Avg: 0.4027) Dice: 0.3863 (Avg: 0.5745) IoU: 0.2505 (Avg: 0.4404)
Train Epoch: [15][135/138] Loss: 0.6228 (Avg: 0.4043) Dice: 0.3861 (Avg: 0.5731) IoU: 0.2804 (Avg: 0.4392)
Train Epoch: [15][136/138] Loss: 0.4122 (Avg: 0.4044) Dice: 0.5820 (Avg: 0.5732) IoU: 0.4344 (Avg: 0.4392)
Train Epoch: [15][137/138] Loss: 0.2953 (Avg: 0.4036) Dice: 0.6769 (Avg: 0.5739) IoU: 0.5316 (Avg: 0.4399)
Train Epoch: [15][138/138] Loss: 0.6397 (Avg: 0.4018) Dice: 0.2940 (Avg: 0.5703) IoU: 0.1723 (Avg: 0.4370)
Validation Epoch: [15] Avg Loss: 0.4109 Avg Dice: 0.5647 Avg IoU: 0.4264
	 Best dice improved from 0.5529 to 0.5647
	 Model saved to ImageEncoder_Pretrain\UNet\Pretrain_05.25_10h55\models\best_model-UNet.pth.tar

========= Epoch [16/50] =========
Train Epoch: [16][1/138] Loss: 0.4394 (Avg: 0.4394) Dice: 0.5322 (Avg: 0.5322) IoU: 0.3884 (Avg: 0.3884)
Train Epoch: [16][2/138] Loss: 0.2200 (Avg: 0.3297) Dice: 0.7607 (Avg: 0.6465) IoU: 0.6419 (Avg: 0.5151)
Train Epoch: [16][3/138] Loss: 0.6198 (Avg: 0.4264) Dice: 0.3944 (Avg: 0.5624) IoU: 0.2689 (Avg: 0.4330)
Train Epoch: [16][4/138] Loss: 0.3802 (Avg: 0.4149) Dice: 0.6015 (Avg: 0.5722) IoU: 0.4534 (Avg: 0.4381)
Train Epoch: [16][5/138] Loss: 0.5486 (Avg: 0.4416) Dice: 0.4570 (Avg: 0.5492) IoU: 0.3384 (Avg: 0.4182)
Train Epoch: [16][6/138] Loss: 0.2827 (Avg: 0.4151) Dice: 0.6873 (Avg: 0.5722) IoU: 0.5332 (Avg: 0.4374)
Train Epoch: [16][7/138] Loss: 0.5234 (Avg: 0.4306) Dice: 0.4931 (Avg: 0.5609) IoU: 0.3669 (Avg: 0.4273)
Train Epoch: [16][8/138] Loss: 0.5455 (Avg: 0.4450) Dice: 0.4111 (Avg: 0.5422) IoU: 0.2999 (Avg: 0.4114)
Train Epoch: [16][9/138] Loss: 0.4025 (Avg: 0.4402) Dice: 0.5834 (Avg: 0.5468) IoU: 0.4191 (Avg: 0.4122)
Train Epoch: [16][10/138] Loss: 0.3574 (Avg: 0.4319) Dice: 0.6056 (Avg: 0.5526) IoU: 0.4540 (Avg: 0.4164)
Train Epoch: [16][11/138] Loss: 0.2226 (Avg: 0.4129) Dice: 0.7531 (Avg: 0.5709) IoU: 0.6127 (Avg: 0.4343)
Train Epoch: [16][12/138] Loss: 0.4479 (Avg: 0.4158) Dice: 0.5339 (Avg: 0.5678) IoU: 0.4157 (Avg: 0.4327)
Train Epoch: [16][13/138] Loss: 0.3958 (Avg: 0.4143) Dice: 0.5590 (Avg: 0.5671) IoU: 0.4227 (Avg: 0.4319)
Train Epoch: [16][14/138] Loss: 0.4506 (Avg: 0.4169) Dice: 0.5500 (Avg: 0.5659) IoU: 0.4139 (Avg: 0.4306)
Train Epoch: [16][15/138] Loss: 0.3633 (Avg: 0.4133) Dice: 0.5324 (Avg: 0.5637) IoU: 0.3876 (Avg: 0.4278)
Train Epoch: [16][16/138] Loss: 0.2549 (Avg: 0.4034) Dice: 0.6822 (Avg: 0.5711) IoU: 0.5396 (Avg: 0.4348)
Train Epoch: [16][17/138] Loss: 0.2389 (Avg: 0.3937) Dice: 0.7456 (Avg: 0.5813) IoU: 0.6010 (Avg: 0.4445)
Train Epoch: [16][18/138] Loss: 0.3655 (Avg: 0.3922) Dice: 0.6219 (Avg: 0.5836) IoU: 0.4732 (Avg: 0.4461)
Train Epoch: [16][19/138] Loss: 0.4752 (Avg: 0.3965) Dice: 0.5034 (Avg: 0.5794) IoU: 0.3678 (Avg: 0.4420)
Train Epoch: [16][20/138] Loss: 0.3263 (Avg: 0.3930) Dice: 0.6553 (Avg: 0.5832) IoU: 0.4898 (Avg: 0.4444)
Train Epoch: [16][21/138] Loss: 0.3679 (Avg: 0.3918) Dice: 0.6005 (Avg: 0.5840) IoU: 0.4395 (Avg: 0.4442)
Train Epoch: [16][22/138] Loss: 0.5238 (Avg: 0.3978) Dice: 0.4396 (Avg: 0.5774) IoU: 0.2959 (Avg: 0.4374)
Train Epoch: [16][23/138] Loss: 0.4126 (Avg: 0.3985) Dice: 0.5890 (Avg: 0.5779) IoU: 0.4718 (Avg: 0.4389)
Train Epoch: [16][24/138] Loss: 0.3707 (Avg: 0.3973) Dice: 0.6734 (Avg: 0.5819) IoU: 0.5109 (Avg: 0.4419)
Train Epoch: [16][25/138] Loss: 0.5425 (Avg: 0.4031) Dice: 0.5034 (Avg: 0.5788) IoU: 0.3637 (Avg: 0.4388)
Train Epoch: [16][26/138] Loss: 0.2227 (Avg: 0.3962) Dice: 0.7871 (Avg: 0.5868) IoU: 0.6498 (Avg: 0.4469)
Train Epoch: [16][27/138] Loss: 0.4772 (Avg: 0.3992) Dice: 0.4619 (Avg: 0.5822) IoU: 0.3638 (Avg: 0.4438)
Train Epoch: [16][28/138] Loss: 0.2935 (Avg: 0.3954) Dice: 0.6990 (Avg: 0.5863) IoU: 0.5396 (Avg: 0.4472)
Train Epoch: [16][29/138] Loss: 0.3959 (Avg: 0.3954) Dice: 0.5769 (Avg: 0.5860) IoU: 0.4434 (Avg: 0.4471)
Train Epoch: [16][30/138] Loss: 0.4763 (Avg: 0.3981) Dice: 0.4725 (Avg: 0.5822) IoU: 0.3503 (Avg: 0.4439)
Train Epoch: [16][31/138] Loss: 0.3317 (Avg: 0.3960) Dice: 0.6497 (Avg: 0.5844) IoU: 0.4864 (Avg: 0.4453)
Train Epoch: [16][32/138] Loss: 0.6135 (Avg: 0.4028) Dice: 0.3378 (Avg: 0.5767) IoU: 0.2542 (Avg: 0.4393)
Train Epoch: [16][33/138] Loss: 0.3965 (Avg: 0.4026) Dice: 0.6234 (Avg: 0.5781) IoU: 0.4645 (Avg: 0.4401)
Train Epoch: [16][34/138] Loss: 0.3108 (Avg: 0.3999) Dice: 0.6302 (Avg: 0.5796) IoU: 0.4755 (Avg: 0.4411)
Train Epoch: [16][35/138] Loss: 0.4486 (Avg: 0.4013) Dice: 0.5526 (Avg: 0.5789) IoU: 0.4181 (Avg: 0.4404)
Train Epoch: [16][36/138] Loss: 0.3048 (Avg: 0.3986) Dice: 0.6809 (Avg: 0.5817) IoU: 0.5480 (Avg: 0.4434)
Train Epoch: [16][37/138] Loss: 0.4316 (Avg: 0.3995) Dice: 0.5342 (Avg: 0.5804) IoU: 0.3923 (Avg: 0.4420)
Train Epoch: [16][38/138] Loss: 0.3413 (Avg: 0.3980) Dice: 0.6363 (Avg: 0.5819) IoU: 0.4954 (Avg: 0.4435)
Train Epoch: [16][39/138] Loss: 0.4675 (Avg: 0.3997) Dice: 0.5002 (Avg: 0.5798) IoU: 0.3407 (Avg: 0.4408)
Train Epoch: [16][40/138] Loss: 0.2274 (Avg: 0.3954) Dice: 0.7632 (Avg: 0.5844) IoU: 0.6212 (Avg: 0.4453)
Train Epoch: [16][41/138] Loss: 0.2856 (Avg: 0.3928) Dice: 0.6857 (Avg: 0.5868) IoU: 0.5524 (Avg: 0.4479)
Train Epoch: [16][42/138] Loss: 0.3860 (Avg: 0.3926) Dice: 0.6181 (Avg: 0.5876) IoU: 0.4529 (Avg: 0.4481)
Train Epoch: [16][43/138] Loss: 0.2917 (Avg: 0.3903) Dice: 0.6876 (Avg: 0.5899) IoU: 0.5350 (Avg: 0.4501)
Train Epoch: [16][44/138] Loss: 0.4939 (Avg: 0.3926) Dice: 0.4509 (Avg: 0.5868) IoU: 0.3350 (Avg: 0.4475)
Train Epoch: [16][45/138] Loss: 0.3394 (Avg: 0.3914) Dice: 0.6418 (Avg: 0.5880) IoU: 0.5107 (Avg: 0.4489)
Train Epoch: [16][46/138] Loss: 0.5470 (Avg: 0.3948) Dice: 0.3955 (Avg: 0.5838) IoU: 0.2866 (Avg: 0.4453)
Train Epoch: [16][47/138] Loss: 0.5274 (Avg: 0.3976) Dice: 0.4499 (Avg: 0.5809) IoU: 0.3452 (Avg: 0.4432)
Train Epoch: [16][48/138] Loss: 0.2982 (Avg: 0.3956) Dice: 0.6605 (Avg: 0.5826) IoU: 0.5031 (Avg: 0.4445)
Train Epoch: [16][49/138] Loss: 0.1750 (Avg: 0.3911) Dice: 0.7993 (Avg: 0.5870) IoU: 0.6675 (Avg: 0.4490)
Train Epoch: [16][50/138] Loss: 0.3814 (Avg: 0.3909) Dice: 0.5604 (Avg: 0.5865) IoU: 0.4394 (Avg: 0.4488)
Train Epoch: [16][51/138] Loss: 0.3826 (Avg: 0.3907) Dice: 0.5690 (Avg: 0.5862) IoU: 0.4382 (Avg: 0.4486)
Train Epoch: [16][52/138] Loss: 0.3375 (Avg: 0.3897) Dice: 0.6380 (Avg: 0.5871) IoU: 0.4874 (Avg: 0.4494)
Train Epoch: [16][53/138] Loss: 0.2899 (Avg: 0.3878) Dice: 0.6523 (Avg: 0.5884) IoU: 0.4845 (Avg: 0.4500)
Train Epoch: [16][54/138] Loss: 0.7150 (Avg: 0.3939) Dice: 0.2526 (Avg: 0.5822) IoU: 0.1569 (Avg: 0.4446)
Train Epoch: [16][55/138] Loss: 0.2933 (Avg: 0.3920) Dice: 0.6594 (Avg: 0.5836) IoU: 0.5088 (Avg: 0.4458)
Train Epoch: [16][56/138] Loss: 0.4893 (Avg: 0.3938) Dice: 0.4846 (Avg: 0.5818) IoU: 0.3419 (Avg: 0.4439)
Train Epoch: [16][57/138] Loss: 0.2676 (Avg: 0.3915) Dice: 0.6989 (Avg: 0.5839) IoU: 0.5635 (Avg: 0.4460)
Train Epoch: [16][58/138] Loss: 0.7741 (Avg: 0.3981) Dice: 0.2085 (Avg: 0.5774) IoU: 0.1333 (Avg: 0.4406)
Train Epoch: [16][59/138] Loss: 0.3596 (Avg: 0.3975) Dice: 0.5772 (Avg: 0.5774) IoU: 0.4322 (Avg: 0.4405)
Train Epoch: [16][60/138] Loss: 0.4962 (Avg: 0.3991) Dice: 0.4790 (Avg: 0.5757) IoU: 0.3459 (Avg: 0.4389)
Train Epoch: [16][61/138] Loss: 0.4920 (Avg: 0.4007) Dice: 0.4878 (Avg: 0.5743) IoU: 0.3700 (Avg: 0.4378)
Train Epoch: [16][62/138] Loss: 0.5923 (Avg: 0.4037) Dice: 0.3384 (Avg: 0.5705) IoU: 0.2296 (Avg: 0.4344)
Train Epoch: [16][63/138] Loss: 0.3200 (Avg: 0.4024) Dice: 0.6549 (Avg: 0.5718) IoU: 0.5094 (Avg: 0.4356)
Train Epoch: [16][64/138] Loss: 0.4304 (Avg: 0.4029) Dice: 0.5659 (Avg: 0.5717) IoU: 0.4210 (Avg: 0.4354)
Train Epoch: [16][65/138] Loss: 0.3039 (Avg: 0.4013) Dice: 0.6652 (Avg: 0.5732) IoU: 0.5069 (Avg: 0.4365)
Train Epoch: [16][66/138] Loss: 0.2562 (Avg: 0.3991) Dice: 0.6909 (Avg: 0.5750) IoU: 0.5400 (Avg: 0.4380)
Train Epoch: [16][67/138] Loss: 0.3803 (Avg: 0.3989) Dice: 0.6036 (Avg: 0.5754) IoU: 0.4830 (Avg: 0.4387)
Train Epoch: [16][68/138] Loss: 0.3205 (Avg: 0.3977) Dice: 0.6329 (Avg: 0.5762) IoU: 0.5078 (Avg: 0.4397)
Train Epoch: [16][69/138] Loss: 0.4902 (Avg: 0.3990) Dice: 0.4794 (Avg: 0.5748) IoU: 0.3593 (Avg: 0.4386)
Train Epoch: [16][70/138] Loss: 0.3769 (Avg: 0.3987) Dice: 0.5917 (Avg: 0.5751) IoU: 0.4342 (Avg: 0.4385)
Train Epoch: [16][71/138] Loss: 0.2329 (Avg: 0.3964) Dice: 0.7205 (Avg: 0.5771) IoU: 0.5739 (Avg: 0.4404)
Train Epoch: [16][72/138] Loss: 0.7202 (Avg: 0.4009) Dice: 0.2041 (Avg: 0.5719) IoU: 0.1337 (Avg: 0.4361)
Train Epoch: [16][73/138] Loss: 0.2880 (Avg: 0.3993) Dice: 0.6900 (Avg: 0.5736) IoU: 0.5371 (Avg: 0.4375)
Train Epoch: [16][74/138] Loss: 0.2994 (Avg: 0.3980) Dice: 0.6361 (Avg: 0.5744) IoU: 0.4890 (Avg: 0.4382)
Train Epoch: [16][75/138] Loss: 0.2368 (Avg: 0.3958) Dice: 0.7575 (Avg: 0.5768) IoU: 0.6140 (Avg: 0.4406)
Train Epoch: [16][76/138] Loss: 0.2510 (Avg: 0.3939) Dice: 0.7295 (Avg: 0.5789) IoU: 0.5818 (Avg: 0.4424)
Train Epoch: [16][77/138] Loss: 0.5498 (Avg: 0.3960) Dice: 0.4450 (Avg: 0.5771) IoU: 0.3117 (Avg: 0.4407)
Train Epoch: [16][78/138] Loss: 0.4902 (Avg: 0.3972) Dice: 0.5055 (Avg: 0.5762) IoU: 0.3539 (Avg: 0.4396)
Train Epoch: [16][79/138] Loss: 0.3558 (Avg: 0.3966) Dice: 0.5821 (Avg: 0.5763) IoU: 0.4468 (Avg: 0.4397)
Train Epoch: [16][80/138] Loss: 0.3436 (Avg: 0.3960) Dice: 0.6507 (Avg: 0.5772) IoU: 0.5087 (Avg: 0.4406)
Train Epoch: [16][81/138] Loss: 0.5456 (Avg: 0.3978) Dice: 0.4098 (Avg: 0.5751) IoU: 0.2613 (Avg: 0.4384)
Train Epoch: [16][82/138] Loss: 0.3695 (Avg: 0.3975) Dice: 0.6211 (Avg: 0.5757) IoU: 0.4962 (Avg: 0.4391)
Train Epoch: [16][83/138] Loss: 0.3371 (Avg: 0.3968) Dice: 0.6271 (Avg: 0.5763) IoU: 0.4572 (Avg: 0.4393)
Train Epoch: [16][84/138] Loss: 0.4216 (Avg: 0.3971) Dice: 0.5588 (Avg: 0.5761) IoU: 0.4197 (Avg: 0.4390)
Train Epoch: [16][85/138] Loss: 0.3600 (Avg: 0.3966) Dice: 0.6080 (Avg: 0.5765) IoU: 0.4459 (Avg: 0.4391)
Train Epoch: [16][86/138] Loss: 0.2002 (Avg: 0.3943) Dice: 0.7668 (Avg: 0.5787) IoU: 0.6229 (Avg: 0.4413)
Train Epoch: [16][87/138] Loss: 0.3452 (Avg: 0.3938) Dice: 0.6251 (Avg: 0.5792) IoU: 0.4618 (Avg: 0.4415)
Train Epoch: [16][88/138] Loss: 0.2625 (Avg: 0.3923) Dice: 0.6943 (Avg: 0.5805) IoU: 0.5356 (Avg: 0.4426)
Train Epoch: [16][89/138] Loss: 0.2587 (Avg: 0.3908) Dice: 0.6829 (Avg: 0.5817) IoU: 0.5257 (Avg: 0.4435)
Train Epoch: [16][90/138] Loss: 0.2963 (Avg: 0.3897) Dice: 0.6596 (Avg: 0.5825) IoU: 0.5165 (Avg: 0.4443)
Train Epoch: [16][91/138] Loss: 0.4563 (Avg: 0.3905) Dice: 0.5348 (Avg: 0.5820) IoU: 0.3809 (Avg: 0.4436)
Train Epoch: [16][92/138] Loss: 0.2488 (Avg: 0.3889) Dice: 0.7267 (Avg: 0.5836) IoU: 0.5754 (Avg: 0.4450)
Train Epoch: [16][93/138] Loss: 0.2318 (Avg: 0.3872) Dice: 0.7281 (Avg: 0.5851) IoU: 0.5860 (Avg: 0.4466)
Train Epoch: [16][94/138] Loss: 0.3913 (Avg: 0.3873) Dice: 0.5791 (Avg: 0.5851) IoU: 0.4204 (Avg: 0.4463)
Train Epoch: [16][95/138] Loss: 0.4553 (Avg: 0.3880) Dice: 0.5071 (Avg: 0.5843) IoU: 0.3847 (Avg: 0.4456)
Train Epoch: [16][96/138] Loss: 0.4299 (Avg: 0.3884) Dice: 0.5683 (Avg: 0.5841) IoU: 0.4233 (Avg: 0.4454)
Train Epoch: [16][97/138] Loss: 0.4766 (Avg: 0.3893) Dice: 0.5093 (Avg: 0.5833) IoU: 0.3846 (Avg: 0.4448)
Train Epoch: [16][98/138] Loss: 0.2410 (Avg: 0.3878) Dice: 0.7662 (Avg: 0.5852) IoU: 0.6259 (Avg: 0.4466)
Train Epoch: [16][99/138] Loss: 0.3812 (Avg: 0.3878) Dice: 0.6061 (Avg: 0.5854) IoU: 0.4536 (Avg: 0.4467)
Train Epoch: [16][100/138] Loss: 0.4906 (Avg: 0.3888) Dice: 0.4798 (Avg: 0.5843) IoU: 0.3476 (Avg: 0.4457)
Train Epoch: [16][101/138] Loss: 0.3308 (Avg: 0.3882) Dice: 0.6411 (Avg: 0.5849) IoU: 0.4894 (Avg: 0.4461)
Train Epoch: [16][102/138] Loss: 0.2345 (Avg: 0.3867) Dice: 0.7236 (Avg: 0.5863) IoU: 0.5826 (Avg: 0.4475)
Train Epoch: [16][103/138] Loss: 0.5911 (Avg: 0.3887) Dice: 0.3821 (Avg: 0.5843) IoU: 0.2634 (Avg: 0.4457)
Train Epoch: [16][104/138] Loss: 0.3985 (Avg: 0.3888) Dice: 0.5541 (Avg: 0.5840) IoU: 0.4168 (Avg: 0.4454)
Train Epoch: [16][105/138] Loss: 0.3868 (Avg: 0.3888) Dice: 0.6046 (Avg: 0.5842) IoU: 0.4526 (Avg: 0.4455)
Train Epoch: [16][106/138] Loss: 0.4864 (Avg: 0.3897) Dice: 0.4697 (Avg: 0.5831) IoU: 0.3561 (Avg: 0.4446)
Train Epoch: [16][107/138] Loss: 0.4002 (Avg: 0.3898) Dice: 0.5426 (Avg: 0.5827) IoU: 0.3935 (Avg: 0.4442)
Train Epoch: [16][108/138] Loss: 0.6207 (Avg: 0.3919) Dice: 0.3682 (Avg: 0.5807) IoU: 0.2309 (Avg: 0.4422)
Train Epoch: [16][109/138] Loss: 0.6159 (Avg: 0.3940) Dice: 0.3387 (Avg: 0.5785) IoU: 0.2257 (Avg: 0.4402)
Train Epoch: [16][110/138] Loss: 0.3524 (Avg: 0.3936) Dice: 0.6312 (Avg: 0.5790) IoU: 0.4795 (Avg: 0.4406)
Train Epoch: [16][111/138] Loss: 0.6510 (Avg: 0.3959) Dice: 0.3160 (Avg: 0.5766) IoU: 0.2100 (Avg: 0.4385)
Train Epoch: [16][112/138] Loss: 0.3294 (Avg: 0.3953) Dice: 0.5936 (Avg: 0.5768) IoU: 0.4241 (Avg: 0.4384)
Train Epoch: [16][113/138] Loss: 0.4767 (Avg: 0.3960) Dice: 0.5145 (Avg: 0.5762) IoU: 0.3960 (Avg: 0.4380)
Train Epoch: [16][114/138] Loss: 0.4112 (Avg: 0.3962) Dice: 0.5525 (Avg: 0.5760) IoU: 0.4067 (Avg: 0.4377)
Train Epoch: [16][115/138] Loss: 0.4445 (Avg: 0.3966) Dice: 0.5291 (Avg: 0.5756) IoU: 0.3624 (Avg: 0.4370)
Train Epoch: [16][116/138] Loss: 0.2520 (Avg: 0.3953) Dice: 0.7238 (Avg: 0.5769) IoU: 0.5767 (Avg: 0.4383)
Train Epoch: [16][117/138] Loss: 0.4286 (Avg: 0.3956) Dice: 0.5527 (Avg: 0.5767) IoU: 0.4165 (Avg: 0.4381)
Train Epoch: [16][118/138] Loss: 0.5652 (Avg: 0.3971) Dice: 0.4388 (Avg: 0.5755) IoU: 0.3048 (Avg: 0.4369)
Train Epoch: [16][119/138] Loss: 0.6435 (Avg: 0.3991) Dice: 0.3692 (Avg: 0.5738) IoU: 0.2675 (Avg: 0.4355)
Train Epoch: [16][120/138] Loss: 0.4274 (Avg: 0.3994) Dice: 0.5025 (Avg: 0.5732) IoU: 0.4086 (Avg: 0.4353)
Train Epoch: [16][121/138] Loss: 0.1447 (Avg: 0.3973) Dice: 0.8335 (Avg: 0.5753) IoU: 0.7166 (Avg: 0.4376)
Train Epoch: [16][122/138] Loss: 0.4432 (Avg: 0.3976) Dice: 0.4876 (Avg: 0.5746) IoU: 0.3788 (Avg: 0.4371)
Train Epoch: [16][123/138] Loss: 0.3092 (Avg: 0.3969) Dice: 0.6317 (Avg: 0.5751) IoU: 0.4937 (Avg: 0.4376)
Train Epoch: [16][124/138] Loss: 0.4920 (Avg: 0.3977) Dice: 0.4932 (Avg: 0.5744) IoU: 0.3849 (Avg: 0.4372)
Train Epoch: [16][125/138] Loss: 0.2950 (Avg: 0.3969) Dice: 0.7100 (Avg: 0.5755) IoU: 0.5634 (Avg: 0.4382)
Train Epoch: [16][126/138] Loss: 0.3041 (Avg: 0.3961) Dice: 0.6521 (Avg: 0.5761) IoU: 0.4900 (Avg: 0.4386)
Train Epoch: [16][127/138] Loss: 0.6249 (Avg: 0.3979) Dice: 0.3084 (Avg: 0.5740) IoU: 0.2211 (Avg: 0.4369)
Train Epoch: [16][128/138] Loss: 0.3287 (Avg: 0.3974) Dice: 0.6186 (Avg: 0.5744) IoU: 0.4905 (Avg: 0.4373)
Train Epoch: [16][129/138] Loss: 0.2583 (Avg: 0.3963) Dice: 0.7145 (Avg: 0.5754) IoU: 0.5694 (Avg: 0.4383)
Train Epoch: [16][130/138] Loss: 0.3133 (Avg: 0.3957) Dice: 0.7015 (Avg: 0.5764) IoU: 0.5541 (Avg: 0.4392)
Train Epoch: [16][131/138] Loss: 0.4364 (Avg: 0.3960) Dice: 0.5005 (Avg: 0.5758) IoU: 0.3468 (Avg: 0.4385)
Train Epoch: [16][132/138] Loss: 0.3911 (Avg: 0.3960) Dice: 0.5469 (Avg: 0.5756) IoU: 0.4671 (Avg: 0.4387)
Train Epoch: [16][133/138] Loss: 0.4694 (Avg: 0.3965) Dice: 0.4554 (Avg: 0.5747) IoU: 0.3105 (Avg: 0.4378)
Train Epoch: [16][134/138] Loss: 0.4096 (Avg: 0.3966) Dice: 0.5451 (Avg: 0.5745) IoU: 0.4101 (Avg: 0.4375)
Train Epoch: [16][135/138] Loss: 0.3656 (Avg: 0.3964) Dice: 0.6319 (Avg: 0.5749) IoU: 0.5060 (Avg: 0.4381)
Train Epoch: [16][136/138] Loss: 0.2905 (Avg: 0.3956) Dice: 0.6722 (Avg: 0.5756) IoU: 0.5311 (Avg: 0.4387)
Train Epoch: [16][137/138] Loss: 0.3488 (Avg: 0.3953) Dice: 0.6361 (Avg: 0.5761) IoU: 0.4892 (Avg: 0.4391)
Train Epoch: [16][138/138] Loss: 0.1116 (Avg: 0.3926) Dice: 0.8822 (Avg: 0.5735) IoU: 0.7893 (Avg: 0.4374)
Validation Epoch: [16] Avg Loss: 0.4174 Avg Dice: 0.5360 Avg IoU: 0.4064

========= Epoch [17/50] =========
Train Epoch: [17][1/138] Loss: 0.3040 (Avg: 0.3040) Dice: 0.6677 (Avg: 0.6677) IoU: 0.5137 (Avg: 0.5137)
Train Epoch: [17][2/138] Loss: 0.3251 (Avg: 0.3145) Dice: 0.6319 (Avg: 0.6498) IoU: 0.4666 (Avg: 0.4901)
Train Epoch: [17][3/138] Loss: 0.3006 (Avg: 0.3099) Dice: 0.7022 (Avg: 0.6673) IoU: 0.5474 (Avg: 0.5092)
Train Epoch: [17][4/138] Loss: 0.3893 (Avg: 0.3297) Dice: 0.5873 (Avg: 0.6473) IoU: 0.4332 (Avg: 0.4902)
Train Epoch: [17][5/138] Loss: 0.4945 (Avg: 0.3627) Dice: 0.4802 (Avg: 0.6138) IoU: 0.3370 (Avg: 0.4596)
Train Epoch: [17][6/138] Loss: 0.3976 (Avg: 0.3685) Dice: 0.5585 (Avg: 0.6046) IoU: 0.4184 (Avg: 0.4527)
Train Epoch: [17][7/138] Loss: 0.4014 (Avg: 0.3732) Dice: 0.6388 (Avg: 0.6095) IoU: 0.4772 (Avg: 0.4562)
Train Epoch: [17][8/138] Loss: 0.3208 (Avg: 0.3666) Dice: 0.6187 (Avg: 0.6107) IoU: 0.4558 (Avg: 0.4562)
Train Epoch: [17][9/138] Loss: 0.4052 (Avg: 0.3709) Dice: 0.5233 (Avg: 0.6009) IoU: 0.3624 (Avg: 0.4457)
Train Epoch: [17][10/138] Loss: 0.3900 (Avg: 0.3728) Dice: 0.5493 (Avg: 0.5958) IoU: 0.3962 (Avg: 0.4408)
Train Epoch: [17][11/138] Loss: 0.3132 (Avg: 0.3674) Dice: 0.6089 (Avg: 0.5970) IoU: 0.5154 (Avg: 0.4476)
Train Epoch: [17][12/138] Loss: 0.3683 (Avg: 0.3675) Dice: 0.6261 (Avg: 0.5994) IoU: 0.5033 (Avg: 0.4522)
Train Epoch: [17][13/138] Loss: 0.3677 (Avg: 0.3675) Dice: 0.6228 (Avg: 0.6012) IoU: 0.4831 (Avg: 0.4546)
Train Epoch: [17][14/138] Loss: 0.7352 (Avg: 0.3938) Dice: 0.4929 (Avg: 0.5935) IoU: 0.1612 (Avg: 0.4336)
Train Epoch: [17][15/138] Loss: 0.4427 (Avg: 0.3970) Dice: 0.5292 (Avg: 0.5892) IoU: 0.3751 (Avg: 0.4297)
Train Epoch: [17][16/138] Loss: 0.2914 (Avg: 0.3904) Dice: 0.6875 (Avg: 0.5953) IoU: 0.5263 (Avg: 0.4358)
Train Epoch: [17][17/138] Loss: 0.3180 (Avg: 0.3862) Dice: 0.6362 (Avg: 0.5977) IoU: 0.4947 (Avg: 0.4392)
Train Epoch: [17][18/138] Loss: 0.5517 (Avg: 0.3954) Dice: 0.4512 (Avg: 0.5896) IoU: 0.3248 (Avg: 0.4329)
Train Epoch: [17][19/138] Loss: 0.5199 (Avg: 0.4019) Dice: 0.4387 (Avg: 0.5816) IoU: 0.3165 (Avg: 0.4268)
Train Epoch: [17][20/138] Loss: 0.4391 (Avg: 0.4038) Dice: 0.4990 (Avg: 0.5775) IoU: 0.3459 (Avg: 0.4227)
Train Epoch: [17][21/138] Loss: 0.4591 (Avg: 0.4064) Dice: 0.4736 (Avg: 0.5726) IoU: 0.3650 (Avg: 0.4200)
Train Epoch: [17][22/138] Loss: 0.4946 (Avg: 0.4104) Dice: 0.4758 (Avg: 0.5682) IoU: 0.3688 (Avg: 0.4176)
Train Epoch: [17][23/138] Loss: 0.4079 (Avg: 0.4103) Dice: 0.5725 (Avg: 0.5684) IoU: 0.4720 (Avg: 0.4200)
Train Epoch: [17][24/138] Loss: 0.1980 (Avg: 0.4015) Dice: 0.7701 (Avg: 0.5768) IoU: 0.6318 (Avg: 0.4288)
Train Epoch: [17][25/138] Loss: 0.2006 (Avg: 0.3934) Dice: 0.8044 (Avg: 0.5859) IoU: 0.6831 (Avg: 0.4390)
Train Epoch: [17][26/138] Loss: 0.3405 (Avg: 0.3914) Dice: 0.6188 (Avg: 0.5871) IoU: 0.4519 (Avg: 0.4395)
Train Epoch: [17][27/138] Loss: 0.4825 (Avg: 0.3948) Dice: 0.4995 (Avg: 0.5839) IoU: 0.3644 (Avg: 0.4367)
Train Epoch: [17][28/138] Loss: 0.4475 (Avg: 0.3966) Dice: 0.5267 (Avg: 0.5819) IoU: 0.3804 (Avg: 0.4347)
Train Epoch: [17][29/138] Loss: 0.3695 (Avg: 0.3957) Dice: 0.6117 (Avg: 0.5829) IoU: 0.4518 (Avg: 0.4353)
Train Epoch: [17][30/138] Loss: 0.4172 (Avg: 0.3964) Dice: 0.5832 (Avg: 0.5829) IoU: 0.4294 (Avg: 0.4351)
Train Epoch: [17][31/138] Loss: 0.3786 (Avg: 0.3959) Dice: 0.6124 (Avg: 0.5838) IoU: 0.4608 (Avg: 0.4359)
Train Epoch: [17][32/138] Loss: 0.1788 (Avg: 0.3891) Dice: 0.8009 (Avg: 0.5906) IoU: 0.6757 (Avg: 0.4434)
Train Epoch: [17][33/138] Loss: 0.2344 (Avg: 0.3844) Dice: 0.7394 (Avg: 0.5951) IoU: 0.5975 (Avg: 0.4481)
Train Epoch: [17][34/138] Loss: 0.3551 (Avg: 0.3835) Dice: 0.5916 (Avg: 0.5950) IoU: 0.4741 (Avg: 0.4489)
Train Epoch: [17][35/138] Loss: 0.2343 (Avg: 0.3793) Dice: 0.7164 (Avg: 0.5985) IoU: 0.5719 (Avg: 0.4524)
Train Epoch: [17][36/138] Loss: 0.2717 (Avg: 0.3763) Dice: 0.6900 (Avg: 0.6010) IoU: 0.5289 (Avg: 0.4545)
Train Epoch: [17][37/138] Loss: 0.4537 (Avg: 0.3784) Dice: 0.5034 (Avg: 0.5984) IoU: 0.3524 (Avg: 0.4517)
Train Epoch: [17][38/138] Loss: 0.3688 (Avg: 0.3781) Dice: 0.6172 (Avg: 0.5989) IoU: 0.4743 (Avg: 0.4523)
Train Epoch: [17][39/138] Loss: 0.3909 (Avg: 0.3784) Dice: 0.5821 (Avg: 0.5985) IoU: 0.4482 (Avg: 0.4522)
Train Epoch: [17][40/138] Loss: 0.3815 (Avg: 0.3785) Dice: 0.6019 (Avg: 0.5985) IoU: 0.4635 (Avg: 0.4525)
Train Epoch: [17][41/138] Loss: 0.3620 (Avg: 0.3781) Dice: 0.5956 (Avg: 0.5985) IoU: 0.4752 (Avg: 0.4531)
Train Epoch: [17][42/138] Loss: 0.5674 (Avg: 0.3826) Dice: 0.4364 (Avg: 0.5946) IoU: 0.3202 (Avg: 0.4499)
Train Epoch: [17][43/138] Loss: 0.5438 (Avg: 0.3864) Dice: 0.3560 (Avg: 0.5891) IoU: 0.2618 (Avg: 0.4455)
Train Epoch: [17][44/138] Loss: 0.1478 (Avg: 0.3809) Dice: 0.8417 (Avg: 0.5948) IoU: 0.7325 (Avg: 0.4520)
Train Epoch: [17][45/138] Loss: 0.2172 (Avg: 0.3773) Dice: 0.7986 (Avg: 0.5993) IoU: 0.6686 (Avg: 0.4569)
Train Epoch: [17][46/138] Loss: 0.2819 (Avg: 0.3752) Dice: 0.6839 (Avg: 0.6012) IoU: 0.5473 (Avg: 0.4588)
Train Epoch: [17][47/138] Loss: 0.3579 (Avg: 0.3749) Dice: 0.6383 (Avg: 0.6020) IoU: 0.4979 (Avg: 0.4597)
Train Epoch: [17][48/138] Loss: 0.2077 (Avg: 0.3714) Dice: 0.7499 (Avg: 0.6050) IoU: 0.6064 (Avg: 0.4627)
Train Epoch: [17][49/138] Loss: 0.2197 (Avg: 0.3683) Dice: 0.7503 (Avg: 0.6080) IoU: 0.6073 (Avg: 0.4657)
Train Epoch: [17][50/138] Loss: 0.4504 (Avg: 0.3699) Dice: 0.5315 (Avg: 0.6065) IoU: 0.4174 (Avg: 0.4647)
Train Epoch: [17][51/138] Loss: 0.4336 (Avg: 0.3712) Dice: 0.5526 (Avg: 0.6054) IoU: 0.4008 (Avg: 0.4634)
Train Epoch: [17][52/138] Loss: 0.5122 (Avg: 0.3739) Dice: 0.4452 (Avg: 0.6023) IoU: 0.3201 (Avg: 0.4607)
Train Epoch: [17][53/138] Loss: 0.4422 (Avg: 0.3752) Dice: 0.5130 (Avg: 0.6007) IoU: 0.3533 (Avg: 0.4587)
Train Epoch: [17][54/138] Loss: 0.6384 (Avg: 0.3801) Dice: 0.2860 (Avg: 0.5948) IoU: 0.1842 (Avg: 0.4536)
Train Epoch: [17][55/138] Loss: 0.5093 (Avg: 0.3824) Dice: 0.4513 (Avg: 0.5922) IoU: 0.3749 (Avg: 0.4521)
Train Epoch: [17][56/138] Loss: 0.2381 (Avg: 0.3798) Dice: 0.7343 (Avg: 0.5948) IoU: 0.5890 (Avg: 0.4546)
Train Epoch: [17][57/138] Loss: 0.3785 (Avg: 0.3798) Dice: 0.5904 (Avg: 0.5947) IoU: 0.4613 (Avg: 0.4547)
Train Epoch: [17][58/138] Loss: 0.4816 (Avg: 0.3816) Dice: 0.4567 (Avg: 0.5923) IoU: 0.3296 (Avg: 0.4526)
Train Epoch: [17][59/138] Loss: 0.5053 (Avg: 0.3837) Dice: 0.5136 (Avg: 0.5910) IoU: 0.3641 (Avg: 0.4511)
Train Epoch: [17][60/138] Loss: 0.3773 (Avg: 0.3836) Dice: 0.5881 (Avg: 0.5909) IoU: 0.4852 (Avg: 0.4516)
Train Epoch: [17][61/138] Loss: 0.3165 (Avg: 0.3825) Dice: 0.6140 (Avg: 0.5913) IoU: 0.4540 (Avg: 0.4517)
Train Epoch: [17][62/138] Loss: 0.4058 (Avg: 0.3828) Dice: 0.5977 (Avg: 0.5914) IoU: 0.4300 (Avg: 0.4513)
Train Epoch: [17][63/138] Loss: 0.3088 (Avg: 0.3817) Dice: 0.6472 (Avg: 0.5923) IoU: 0.4879 (Avg: 0.4519)
Train Epoch: [17][64/138] Loss: 0.4544 (Avg: 0.3828) Dice: 0.5242 (Avg: 0.5912) IoU: 0.3880 (Avg: 0.4509)
Train Epoch: [17][65/138] Loss: 0.3921 (Avg: 0.3829) Dice: 0.6813 (Avg: 0.5926) IoU: 0.5409 (Avg: 0.4523)
Train Epoch: [17][66/138] Loss: 0.3506 (Avg: 0.3824) Dice: 0.6063 (Avg: 0.5928) IoU: 0.4713 (Avg: 0.4526)
Train Epoch: [17][67/138] Loss: 0.3352 (Avg: 0.3817) Dice: 0.6566 (Avg: 0.5938) IoU: 0.4927 (Avg: 0.4532)
Train Epoch: [17][68/138] Loss: 0.4648 (Avg: 0.3830) Dice: 0.5035 (Avg: 0.5924) IoU: 0.3819 (Avg: 0.4521)
Train Epoch: [17][69/138] Loss: 0.2315 (Avg: 0.3808) Dice: 0.7146 (Avg: 0.5942) IoU: 0.5731 (Avg: 0.4539)
Train Epoch: [17][70/138] Loss: 0.3771 (Avg: 0.3807) Dice: 0.6051 (Avg: 0.5944) IoU: 0.5127 (Avg: 0.4547)
Train Epoch: [17][71/138] Loss: 0.5028 (Avg: 0.3824) Dice: 0.4052 (Avg: 0.5917) IoU: 0.3016 (Avg: 0.4526)
Train Epoch: [17][72/138] Loss: 0.6104 (Avg: 0.3856) Dice: 0.3609 (Avg: 0.5885) IoU: 0.2762 (Avg: 0.4501)
Train Epoch: [17][73/138] Loss: 0.3330 (Avg: 0.3849) Dice: 0.6103 (Avg: 0.5888) IoU: 0.4490 (Avg: 0.4501)
Train Epoch: [17][74/138] Loss: 0.4058 (Avg: 0.3852) Dice: 0.5608 (Avg: 0.5884) IoU: 0.4142 (Avg: 0.4496)
Train Epoch: [17][75/138] Loss: 0.3883 (Avg: 0.3852) Dice: 0.5889 (Avg: 0.5884) IoU: 0.4481 (Avg: 0.4496)
Train Epoch: [17][76/138] Loss: 0.3587 (Avg: 0.3849) Dice: 0.5785 (Avg: 0.5883) IoU: 0.4214 (Avg: 0.4492)
Train Epoch: [17][77/138] Loss: 0.7556 (Avg: 0.3897) Dice: 0.2149 (Avg: 0.5834) IoU: 0.1452 (Avg: 0.4453)
Train Epoch: [17][78/138] Loss: 0.3516 (Avg: 0.3892) Dice: 0.6303 (Avg: 0.5840) IoU: 0.4699 (Avg: 0.4456)
Train Epoch: [17][79/138] Loss: 0.4878 (Avg: 0.3904) Dice: 0.4811 (Avg: 0.5827) IoU: 0.3404 (Avg: 0.4442)
Train Epoch: [17][80/138] Loss: 0.4863 (Avg: 0.3916) Dice: 0.4823 (Avg: 0.5815) IoU: 0.3506 (Avg: 0.4431)
Train Epoch: [17][81/138] Loss: 0.4397 (Avg: 0.3922) Dice: 0.5424 (Avg: 0.5810) IoU: 0.4435 (Avg: 0.4431)
Train Epoch: [17][82/138] Loss: 0.1811 (Avg: 0.3896) Dice: 0.7809 (Avg: 0.5834) IoU: 0.6437 (Avg: 0.4455)
Train Epoch: [17][83/138] Loss: 0.2624 (Avg: 0.3881) Dice: 0.7106 (Avg: 0.5850) IoU: 0.5561 (Avg: 0.4469)
Train Epoch: [17][84/138] Loss: 0.2223 (Avg: 0.3861) Dice: 0.7310 (Avg: 0.5867) IoU: 0.5817 (Avg: 0.4485)
Train Epoch: [17][85/138] Loss: 0.3276 (Avg: 0.3854) Dice: 0.6137 (Avg: 0.5870) IoU: 0.4599 (Avg: 0.4486)
Train Epoch: [17][86/138] Loss: 0.1990 (Avg: 0.3833) Dice: 0.7775 (Avg: 0.5892) IoU: 0.6416 (Avg: 0.4508)
Train Epoch: [17][87/138] Loss: 0.3944 (Avg: 0.3834) Dice: 0.5460 (Avg: 0.5888) IoU: 0.3823 (Avg: 0.4501)
Train Epoch: [17][88/138] Loss: 0.4646 (Avg: 0.3843) Dice: 0.5321 (Avg: 0.5881) IoU: 0.4123 (Avg: 0.4496)
Train Epoch: [17][89/138] Loss: 0.2348 (Avg: 0.3827) Dice: 0.7625 (Avg: 0.5901) IoU: 0.6309 (Avg: 0.4517)
Train Epoch: [17][90/138] Loss: 0.2636 (Avg: 0.3813) Dice: 0.6986 (Avg: 0.5913) IoU: 0.5821 (Avg: 0.4531)
Train Epoch: [17][91/138] Loss: 0.7424 (Avg: 0.3853) Dice: 0.2258 (Avg: 0.5873) IoU: 0.2059 (Avg: 0.4504)
Train Epoch: [17][92/138] Loss: 0.4100 (Avg: 0.3856) Dice: 0.5382 (Avg: 0.5867) IoU: 0.3700 (Avg: 0.4495)
Train Epoch: [17][93/138] Loss: 0.2778 (Avg: 0.3844) Dice: 0.7049 (Avg: 0.5880) IoU: 0.5489 (Avg: 0.4506)
Train Epoch: [17][94/138] Loss: 0.2920 (Avg: 0.3834) Dice: 0.6773 (Avg: 0.5889) IoU: 0.5263 (Avg: 0.4514)
Train Epoch: [17][95/138] Loss: 0.3834 (Avg: 0.3834) Dice: 0.5931 (Avg: 0.5890) IoU: 0.4581 (Avg: 0.4515)
Train Epoch: [17][96/138] Loss: 0.5789 (Avg: 0.3855) Dice: 0.3880 (Avg: 0.5869) IoU: 0.3210 (Avg: 0.4501)
Train Epoch: [17][97/138] Loss: 0.2656 (Avg: 0.3842) Dice: 0.7881 (Avg: 0.5890) IoU: 0.6591 (Avg: 0.4523)
Train Epoch: [17][98/138] Loss: 0.2951 (Avg: 0.3833) Dice: 0.6692 (Avg: 0.5898) IoU: 0.5458 (Avg: 0.4532)
Train Epoch: [17][99/138] Loss: 0.2672 (Avg: 0.3821) Dice: 0.7119 (Avg: 0.5910) IoU: 0.5644 (Avg: 0.4543)
Train Epoch: [17][100/138] Loss: 0.3430 (Avg: 0.3817) Dice: 0.6291 (Avg: 0.5914) IoU: 0.4745 (Avg: 0.4545)
Train Epoch: [17][101/138] Loss: 0.2024 (Avg: 0.3800) Dice: 0.7920 (Avg: 0.5934) IoU: 0.6606 (Avg: 0.4566)
Train Epoch: [17][102/138] Loss: 0.4277 (Avg: 0.3804) Dice: 0.5209 (Avg: 0.5927) IoU: 0.3558 (Avg: 0.4556)
Train Epoch: [17][103/138] Loss: 0.5298 (Avg: 0.3819) Dice: 0.4394 (Avg: 0.5912) IoU: 0.3069 (Avg: 0.4542)
Train Epoch: [17][104/138] Loss: 0.3920 (Avg: 0.3820) Dice: 0.6118 (Avg: 0.5914) IoU: 0.4434 (Avg: 0.4541)
Train Epoch: [17][105/138] Loss: 0.2635 (Avg: 0.3809) Dice: 0.6969 (Avg: 0.5924) IoU: 0.5569 (Avg: 0.4550)
Train Epoch: [17][106/138] Loss: 0.3217 (Avg: 0.3803) Dice: 0.6702 (Avg: 0.5931) IoU: 0.5173 (Avg: 0.4556)
Train Epoch: [17][107/138] Loss: 0.4123 (Avg: 0.3806) Dice: 0.5431 (Avg: 0.5927) IoU: 0.3921 (Avg: 0.4550)
Train Epoch: [17][108/138] Loss: 0.2779 (Avg: 0.3797) Dice: 0.6817 (Avg: 0.5935) IoU: 0.5358 (Avg: 0.4558)
Train Epoch: [17][109/138] Loss: 0.5145 (Avg: 0.3809) Dice: 0.4598 (Avg: 0.5923) IoU: 0.3589 (Avg: 0.4549)
Train Epoch: [17][110/138] Loss: 0.3227 (Avg: 0.3804) Dice: 0.6576 (Avg: 0.5928) IoU: 0.5354 (Avg: 0.4556)
Train Epoch: [17][111/138] Loss: 0.7612 (Avg: 0.3838) Dice: 0.1945 (Avg: 0.5893) IoU: 0.1307 (Avg: 0.4527)
Train Epoch: [17][112/138] Loss: 0.2810 (Avg: 0.3829) Dice: 0.6583 (Avg: 0.5899) IoU: 0.5111 (Avg: 0.4532)
Train Epoch: [17][113/138] Loss: 0.3562 (Avg: 0.3826) Dice: 0.6038 (Avg: 0.5900) IoU: 0.4354 (Avg: 0.4531)
Train Epoch: [17][114/138] Loss: 0.3340 (Avg: 0.3822) Dice: 0.6654 (Avg: 0.5907) IoU: 0.5211 (Avg: 0.4536)
Train Epoch: [17][115/138] Loss: 0.5739 (Avg: 0.3839) Dice: 0.3858 (Avg: 0.5889) IoU: 0.3154 (Avg: 0.4524)
Train Epoch: [17][116/138] Loss: 0.4582 (Avg: 0.3845) Dice: 0.4637 (Avg: 0.5878) IoU: 0.3486 (Avg: 0.4516)
Train Epoch: [17][117/138] Loss: 0.4054 (Avg: 0.3847) Dice: 0.5337 (Avg: 0.5873) IoU: 0.3910 (Avg: 0.4510)
Train Epoch: [17][118/138] Loss: 0.4561 (Avg: 0.3853) Dice: 0.5291 (Avg: 0.5868) IoU: 0.3673 (Avg: 0.4503)
Train Epoch: [17][119/138] Loss: 0.4184 (Avg: 0.3856) Dice: 0.5621 (Avg: 0.5866) IoU: 0.4400 (Avg: 0.4502)
Train Epoch: [17][120/138] Loss: 0.3338 (Avg: 0.3851) Dice: 0.6824 (Avg: 0.5874) IoU: 0.5227 (Avg: 0.4508)
Train Epoch: [17][121/138] Loss: 0.4795 (Avg: 0.3859) Dice: 0.5498 (Avg: 0.5871) IoU: 0.4474 (Avg: 0.4508)
Train Epoch: [17][122/138] Loss: 0.4169 (Avg: 0.3862) Dice: 0.5494 (Avg: 0.5868) IoU: 0.4013 (Avg: 0.4504)
Train Epoch: [17][123/138] Loss: 0.2317 (Avg: 0.3849) Dice: 0.7166 (Avg: 0.5879) IoU: 0.5648 (Avg: 0.4513)
Train Epoch: [17][124/138] Loss: 0.3977 (Avg: 0.3850) Dice: 0.5390 (Avg: 0.5875) IoU: 0.4059 (Avg: 0.4510)
Train Epoch: [17][125/138] Loss: 0.3383 (Avg: 0.3847) Dice: 0.6640 (Avg: 0.5881) IoU: 0.5080 (Avg: 0.4514)
Train Epoch: [17][126/138] Loss: 0.4239 (Avg: 0.3850) Dice: 0.5579 (Avg: 0.5878) IoU: 0.4244 (Avg: 0.4512)
Train Epoch: [17][127/138] Loss: 0.2803 (Avg: 0.3841) Dice: 0.6795 (Avg: 0.5886) IoU: 0.5477 (Avg: 0.4520)
Train Epoch: [17][128/138] Loss: 0.2639 (Avg: 0.3832) Dice: 0.7259 (Avg: 0.5896) IoU: 0.5844 (Avg: 0.4530)
Train Epoch: [17][129/138] Loss: 0.3375 (Avg: 0.3828) Dice: 0.6434 (Avg: 0.5901) IoU: 0.5056 (Avg: 0.4534)
Train Epoch: [17][130/138] Loss: 0.6439 (Avg: 0.3849) Dice: 0.2755 (Avg: 0.5876) IoU: 0.1773 (Avg: 0.4513)
Train Epoch: [17][131/138] Loss: 0.3810 (Avg: 0.3848) Dice: 0.5638 (Avg: 0.5875) IoU: 0.4052 (Avg: 0.4509)
Train Epoch: [17][132/138] Loss: 0.2893 (Avg: 0.3841) Dice: 0.6789 (Avg: 0.5882) IoU: 0.5195 (Avg: 0.4515)
Train Epoch: [17][133/138] Loss: 0.3650 (Avg: 0.3840) Dice: 0.5557 (Avg: 0.5879) IoU: 0.4416 (Avg: 0.4514)
Train Epoch: [17][134/138] Loss: 0.3847 (Avg: 0.3840) Dice: 0.6000 (Avg: 0.5880) IoU: 0.4396 (Avg: 0.4513)
Train Epoch: [17][135/138] Loss: 0.5155 (Avg: 0.3849) Dice: 0.4612 (Avg: 0.5871) IoU: 0.3333 (Avg: 0.4504)
Train Epoch: [17][136/138] Loss: 0.5139 (Avg: 0.3859) Dice: 0.4651 (Avg: 0.5862) IoU: 0.3431 (Avg: 0.4496)
Train Epoch: [17][137/138] Loss: 0.3395 (Avg: 0.3855) Dice: 0.6070 (Avg: 0.5863) IoU: 0.4493 (Avg: 0.4496)
Train Epoch: [17][138/138] Loss: 0.2546 (Avg: 0.3832) Dice: 0.7069 (Avg: 0.5833) IoU: 0.5467 (Avg: 0.4474)
Validation Epoch: [17] Avg Loss: 0.4193 Avg Dice: 0.5334 Avg IoU: 0.4042

========= Epoch [18/50] =========
Train Epoch: [18][1/138] Loss: 0.5375 (Avg: 0.5375) Dice: 0.4242 (Avg: 0.4242) IoU: 0.2896 (Avg: 0.2896)
Train Epoch: [18][2/138] Loss: 0.3745 (Avg: 0.4560) Dice: 0.5978 (Avg: 0.5110) IoU: 0.5022 (Avg: 0.3959)
Train Epoch: [18][3/138] Loss: 0.5516 (Avg: 0.4879) Dice: 0.4085 (Avg: 0.4768) IoU: 0.2825 (Avg: 0.3581)
Train Epoch: [18][4/138] Loss: 0.5130 (Avg: 0.4941) Dice: 0.4264 (Avg: 0.4642) IoU: 0.3098 (Avg: 0.3460)
Train Epoch: [18][5/138] Loss: 0.4298 (Avg: 0.4813) Dice: 0.5422 (Avg: 0.4798) IoU: 0.3776 (Avg: 0.3523)
Train Epoch: [18][6/138] Loss: 0.2488 (Avg: 0.4425) Dice: 0.6943 (Avg: 0.5155) IoU: 0.5342 (Avg: 0.3826)
Train Epoch: [18][7/138] Loss: 0.5587 (Avg: 0.4591) Dice: 0.4237 (Avg: 0.5024) IoU: 0.3407 (Avg: 0.3766)
Train Epoch: [18][8/138] Loss: 0.3439 (Avg: 0.4447) Dice: 0.6042 (Avg: 0.5151) IoU: 0.4465 (Avg: 0.3854)
Train Epoch: [18][9/138] Loss: 0.3760 (Avg: 0.4371) Dice: 0.5897 (Avg: 0.5234) IoU: 0.4279 (Avg: 0.3901)
Train Epoch: [18][10/138] Loss: 0.2850 (Avg: 0.4219) Dice: 0.6906 (Avg: 0.5401) IoU: 0.5379 (Avg: 0.4049)
Train Epoch: [18][11/138] Loss: 0.4576 (Avg: 0.4251) Dice: 0.5084 (Avg: 0.5373) IoU: 0.3699 (Avg: 0.4017)
Train Epoch: [18][12/138] Loss: 0.5096 (Avg: 0.4322) Dice: 0.4722 (Avg: 0.5318) IoU: 0.3193 (Avg: 0.3948)
Train Epoch: [18][13/138] Loss: 0.2414 (Avg: 0.4175) Dice: 0.7527 (Avg: 0.5488) IoU: 0.6085 (Avg: 0.4113)
Train Epoch: [18][14/138] Loss: 0.6971 (Avg: 0.4375) Dice: 0.1994 (Avg: 0.5239) IoU: 0.1189 (Avg: 0.3904)
Train Epoch: [18][15/138] Loss: 0.2601 (Avg: 0.4256) Dice: 0.7131 (Avg: 0.5365) IoU: 0.5812 (Avg: 0.4031)
Train Epoch: [18][16/138] Loss: 0.3369 (Avg: 0.4201) Dice: 0.6670 (Avg: 0.5446) IoU: 0.5121 (Avg: 0.4099)
Train Epoch: [18][17/138] Loss: 0.6152 (Avg: 0.4316) Dice: 0.3441 (Avg: 0.5328) IoU: 0.2272 (Avg: 0.3992)
Train Epoch: [18][18/138] Loss: 0.5364 (Avg: 0.4374) Dice: 0.4731 (Avg: 0.5295) IoU: 0.3783 (Avg: 0.3980)
Train Epoch: [18][19/138] Loss: 0.6152 (Avg: 0.4468) Dice: 0.3460 (Avg: 0.5199) IoU: 0.2316 (Avg: 0.3893)
Train Epoch: [18][20/138] Loss: 0.4102 (Avg: 0.4449) Dice: 0.5506 (Avg: 0.5214) IoU: 0.4106 (Avg: 0.3903)
Train Epoch: [18][21/138] Loss: 0.5358 (Avg: 0.4492) Dice: 0.4591 (Avg: 0.5184) IoU: 0.3353 (Avg: 0.3877)
Train Epoch: [18][22/138] Loss: 0.4118 (Avg: 0.4475) Dice: 0.5067 (Avg: 0.5179) IoU: 0.3634 (Avg: 0.3866)
Train Epoch: [18][23/138] Loss: 0.5993 (Avg: 0.4541) Dice: 0.3911 (Avg: 0.5124) IoU: 0.2926 (Avg: 0.3825)
Train Epoch: [18][24/138] Loss: 0.2340 (Avg: 0.4450) Dice: 0.7335 (Avg: 0.5216) IoU: 0.5796 (Avg: 0.3907)
Train Epoch: [18][25/138] Loss: 0.4015 (Avg: 0.4432) Dice: 0.5784 (Avg: 0.5239) IoU: 0.4247 (Avg: 0.3921)
Train Epoch: [18][26/138] Loss: 0.4308 (Avg: 0.4428) Dice: 0.4925 (Avg: 0.5227) IoU: 0.3281 (Avg: 0.3896)
Train Epoch: [18][27/138] Loss: 0.3920 (Avg: 0.4409) Dice: 0.6313 (Avg: 0.5267) IoU: 0.4770 (Avg: 0.3929)
Train Epoch: [18][28/138] Loss: 0.5623 (Avg: 0.4452) Dice: 0.4306 (Avg: 0.5233) IoU: 0.3073 (Avg: 0.3898)
Train Epoch: [18][29/138] Loss: 0.3180 (Avg: 0.4408) Dice: 0.6508 (Avg: 0.5277) IoU: 0.4911 (Avg: 0.3933)
Train Epoch: [18][30/138] Loss: 0.4063 (Avg: 0.4397) Dice: 0.5497 (Avg: 0.5284) IoU: 0.4104 (Avg: 0.3939)
Train Epoch: [18][31/138] Loss: 0.2693 (Avg: 0.4342) Dice: 0.7069 (Avg: 0.5342) IoU: 0.5952 (Avg: 0.4004)
Train Epoch: [18][32/138] Loss: 0.3331 (Avg: 0.4310) Dice: 0.6655 (Avg: 0.5383) IoU: 0.5305 (Avg: 0.4044)
Train Epoch: [18][33/138] Loss: 0.3570 (Avg: 0.4288) Dice: 0.6513 (Avg: 0.5417) IoU: 0.4882 (Avg: 0.4070)
Train Epoch: [18][34/138] Loss: 0.3528 (Avg: 0.4265) Dice: 0.6228 (Avg: 0.5441) IoU: 0.4619 (Avg: 0.4086)
Train Epoch: [18][35/138] Loss: 0.2800 (Avg: 0.4224) Dice: 0.7176 (Avg: 0.5490) IoU: 0.5716 (Avg: 0.4132)
Train Epoch: [18][36/138] Loss: 0.3116 (Avg: 0.4193) Dice: 0.6679 (Avg: 0.5523) IoU: 0.5213 (Avg: 0.4162)
Train Epoch: [18][37/138] Loss: 0.4873 (Avg: 0.4211) Dice: 0.4839 (Avg: 0.5505) IoU: 0.3709 (Avg: 0.4150)
Train Epoch: [18][38/138] Loss: 0.5201 (Avg: 0.4237) Dice: 0.4212 (Avg: 0.5471) IoU: 0.3548 (Avg: 0.4134)
Train Epoch: [18][39/138] Loss: 0.5675 (Avg: 0.4274) Dice: 0.3857 (Avg: 0.5429) IoU: 0.2922 (Avg: 0.4103)
Train Epoch: [18][40/138] Loss: 0.4491 (Avg: 0.4280) Dice: 0.5201 (Avg: 0.5424) IoU: 0.3845 (Avg: 0.4097)
Train Epoch: [18][41/138] Loss: 0.3375 (Avg: 0.4257) Dice: 0.6373 (Avg: 0.5447) IoU: 0.4870 (Avg: 0.4116)
Train Epoch: [18][42/138] Loss: 0.2688 (Avg: 0.4220) Dice: 0.6965 (Avg: 0.5483) IoU: 0.5433 (Avg: 0.4147)
Train Epoch: [18][43/138] Loss: 0.5686 (Avg: 0.4254) Dice: 0.4110 (Avg: 0.5451) IoU: 0.2977 (Avg: 0.4120)
Train Epoch: [18][44/138] Loss: 0.3942 (Avg: 0.4247) Dice: 0.5883 (Avg: 0.5461) IoU: 0.4844 (Avg: 0.4136)
Train Epoch: [18][45/138] Loss: 0.2069 (Avg: 0.4199) Dice: 0.7628 (Avg: 0.5509) IoU: 0.6210 (Avg: 0.4182)
Train Epoch: [18][46/138] Loss: 0.4065 (Avg: 0.4196) Dice: 0.5671 (Avg: 0.5513) IoU: 0.4166 (Avg: 0.4182)
Train Epoch: [18][47/138] Loss: 0.5527 (Avg: 0.4224) Dice: 0.4122 (Avg: 0.5483) IoU: 0.2934 (Avg: 0.4155)
Train Epoch: [18][48/138] Loss: 0.3099 (Avg: 0.4201) Dice: 0.6554 (Avg: 0.5505) IoU: 0.5036 (Avg: 0.4174)
Train Epoch: [18][49/138] Loss: 0.2097 (Avg: 0.4158) Dice: 0.7461 (Avg: 0.5545) IoU: 0.6012 (Avg: 0.4211)
Train Epoch: [18][50/138] Loss: 0.4135 (Avg: 0.4157) Dice: 0.5176 (Avg: 0.5538) IoU: 0.4377 (Avg: 0.4215)
Train Epoch: [18][51/138] Loss: 0.2455 (Avg: 0.4124) Dice: 0.7308 (Avg: 0.5572) IoU: 0.5820 (Avg: 0.4246)
Train Epoch: [18][52/138] Loss: 0.2742 (Avg: 0.4097) Dice: 0.6830 (Avg: 0.5597) IoU: 0.5336 (Avg: 0.4267)
Train Epoch: [18][53/138] Loss: 0.4110 (Avg: 0.4098) Dice: 0.5355 (Avg: 0.5592) IoU: 0.4232 (Avg: 0.4266)
Train Epoch: [18][54/138] Loss: 0.2652 (Avg: 0.4071) Dice: 0.6748 (Avg: 0.5614) IoU: 0.5222 (Avg: 0.4284)
Train Epoch: [18][55/138] Loss: 0.4535 (Avg: 0.4079) Dice: 0.5141 (Avg: 0.5605) IoU: 0.3913 (Avg: 0.4277)
Train Epoch: [18][56/138] Loss: 0.2752 (Avg: 0.4056) Dice: 0.6867 (Avg: 0.5627) IoU: 0.5359 (Avg: 0.4297)
Train Epoch: [18][57/138] Loss: 0.6394 (Avg: 0.4097) Dice: 0.3596 (Avg: 0.5592) IoU: 0.2409 (Avg: 0.4263)
Train Epoch: [18][58/138] Loss: 0.4564 (Avg: 0.4105) Dice: 0.5351 (Avg: 0.5588) IoU: 0.4027 (Avg: 0.4259)
Train Epoch: [18][59/138] Loss: 0.2092 (Avg: 0.4071) Dice: 0.7593 (Avg: 0.5622) IoU: 0.6174 (Avg: 0.4292)
Train Epoch: [18][60/138] Loss: 0.4763 (Avg: 0.4082) Dice: 0.4969 (Avg: 0.5611) IoU: 0.3789 (Avg: 0.4283)
Train Epoch: [18][61/138] Loss: 0.5582 (Avg: 0.4107) Dice: 0.3684 (Avg: 0.5579) IoU: 0.2713 (Avg: 0.4258)
Train Epoch: [18][62/138] Loss: 0.2886 (Avg: 0.4087) Dice: 0.7153 (Avg: 0.5605) IoU: 0.5672 (Avg: 0.4281)
Train Epoch: [18][63/138] Loss: 0.3736 (Avg: 0.4081) Dice: 0.5728 (Avg: 0.5607) IoU: 0.4056 (Avg: 0.4277)
Train Epoch: [18][64/138] Loss: 0.4378 (Avg: 0.4086) Dice: 0.5299 (Avg: 0.5602) IoU: 0.3983 (Avg: 0.4272)
Train Epoch: [18][65/138] Loss: 0.5364 (Avg: 0.4106) Dice: 0.3846 (Avg: 0.5575) IoU: 0.2825 (Avg: 0.4250)
Train Epoch: [18][66/138] Loss: 0.5696 (Avg: 0.4130) Dice: 0.3929 (Avg: 0.5550) IoU: 0.2551 (Avg: 0.4224)
Train Epoch: [18][67/138] Loss: 0.5334 (Avg: 0.4148) Dice: 0.4090 (Avg: 0.5528) IoU: 0.2796 (Avg: 0.4203)
Train Epoch: [18][68/138] Loss: 0.4494 (Avg: 0.4153) Dice: 0.4897 (Avg: 0.5519) IoU: 0.3595 (Avg: 0.4194)
Train Epoch: [18][69/138] Loss: 0.4257 (Avg: 0.4154) Dice: 0.5451 (Avg: 0.5518) IoU: 0.3904 (Avg: 0.4190)
Train Epoch: [18][70/138] Loss: 0.3081 (Avg: 0.4139) Dice: 0.6780 (Avg: 0.5536) IoU: 0.5343 (Avg: 0.4206)
Train Epoch: [18][71/138] Loss: 0.5793 (Avg: 0.4162) Dice: 0.3645 (Avg: 0.5509) IoU: 0.2435 (Avg: 0.4181)
Train Epoch: [18][72/138] Loss: 0.3022 (Avg: 0.4146) Dice: 0.6702 (Avg: 0.5526) IoU: 0.5111 (Avg: 0.4194)
Train Epoch: [18][73/138] Loss: 0.2077 (Avg: 0.4118) Dice: 0.7724 (Avg: 0.5556) IoU: 0.6371 (Avg: 0.4224)
Train Epoch: [18][74/138] Loss: 0.4001 (Avg: 0.4116) Dice: 0.5687 (Avg: 0.5558) IoU: 0.4143 (Avg: 0.4223)
Train Epoch: [18][75/138] Loss: 0.5524 (Avg: 0.4135) Dice: 0.4217 (Avg: 0.5540) IoU: 0.2992 (Avg: 0.4207)
Train Epoch: [18][76/138] Loss: 0.2974 (Avg: 0.4120) Dice: 0.6840 (Avg: 0.5557) IoU: 0.5248 (Avg: 0.4220)
Train Epoch: [18][77/138] Loss: 0.3541 (Avg: 0.4112) Dice: 0.5781 (Avg: 0.5560) IoU: 0.4118 (Avg: 0.4219)
Train Epoch: [18][78/138] Loss: 0.3937 (Avg: 0.4110) Dice: 0.5534 (Avg: 0.5559) IoU: 0.4422 (Avg: 0.4222)
Train Epoch: [18][79/138] Loss: 0.3919 (Avg: 0.4108) Dice: 0.5312 (Avg: 0.5556) IoU: 0.4137 (Avg: 0.4221)
Train Epoch: [18][80/138] Loss: 0.5911 (Avg: 0.4130) Dice: 0.3557 (Avg: 0.5531) IoU: 0.2368 (Avg: 0.4197)
Train Epoch: [18][81/138] Loss: 0.3829 (Avg: 0.4127) Dice: 0.5420 (Avg: 0.5530) IoU: 0.4377 (Avg: 0.4200)
Train Epoch: [18][82/138] Loss: 0.2845 (Avg: 0.4111) Dice: 0.6771 (Avg: 0.5545) IoU: 0.5265 (Avg: 0.4213)
Train Epoch: [18][83/138] Loss: 0.5498 (Avg: 0.4128) Dice: 0.4413 (Avg: 0.5531) IoU: 0.3285 (Avg: 0.4201)
Train Epoch: [18][84/138] Loss: 0.3300 (Avg: 0.4118) Dice: 0.6201 (Avg: 0.5539) IoU: 0.4713 (Avg: 0.4208)
Train Epoch: [18][85/138] Loss: 0.2124 (Avg: 0.4094) Dice: 0.7693 (Avg: 0.5565) IoU: 0.6263 (Avg: 0.4232)
Train Epoch: [18][86/138] Loss: 0.5243 (Avg: 0.4108) Dice: 0.4277 (Avg: 0.5550) IoU: 0.3034 (Avg: 0.4218)
Train Epoch: [18][87/138] Loss: 0.5440 (Avg: 0.4123) Dice: 0.4013 (Avg: 0.5532) IoU: 0.2748 (Avg: 0.4201)
Train Epoch: [18][88/138] Loss: 0.3158 (Avg: 0.4112) Dice: 0.6032 (Avg: 0.5538) IoU: 0.4437 (Avg: 0.4204)
Train Epoch: [18][89/138] Loss: 0.3330 (Avg: 0.4103) Dice: 0.6522 (Avg: 0.5549) IoU: 0.4923 (Avg: 0.4212)
Train Epoch: [18][90/138] Loss: 0.2492 (Avg: 0.4085) Dice: 0.7221 (Avg: 0.5567) IoU: 0.5815 (Avg: 0.4229)
Train Epoch: [18][91/138] Loss: 0.2199 (Avg: 0.4065) Dice: 0.7282 (Avg: 0.5586) IoU: 0.5837 (Avg: 0.4247)
Train Epoch: [18][92/138] Loss: 0.3516 (Avg: 0.4059) Dice: 0.6392 (Avg: 0.5595) IoU: 0.4902 (Avg: 0.4254)
Train Epoch: [18][93/138] Loss: 0.2774 (Avg: 0.4045) Dice: 0.6715 (Avg: 0.5607) IoU: 0.5160 (Avg: 0.4264)
Train Epoch: [18][94/138] Loss: 0.1985 (Avg: 0.4023) Dice: 0.7858 (Avg: 0.5631) IoU: 0.6553 (Avg: 0.4288)
Train Epoch: [18][95/138] Loss: 0.3001 (Avg: 0.4012) Dice: 0.6526 (Avg: 0.5640) IoU: 0.5273 (Avg: 0.4299)
Train Epoch: [18][96/138] Loss: 0.5180 (Avg: 0.4024) Dice: 0.4734 (Avg: 0.5631) IoU: 0.3469 (Avg: 0.4290)
Train Epoch: [18][97/138] Loss: 0.3163 (Avg: 0.4016) Dice: 0.6196 (Avg: 0.5637) IoU: 0.4722 (Avg: 0.4295)
Train Epoch: [18][98/138] Loss: 0.2989 (Avg: 0.4005) Dice: 0.6503 (Avg: 0.5646) IoU: 0.4906 (Avg: 0.4301)
Train Epoch: [18][99/138] Loss: 0.4983 (Avg: 0.4015) Dice: 0.4488 (Avg: 0.5634) IoU: 0.3298 (Avg: 0.4291)
Train Epoch: [18][100/138] Loss: 0.2413 (Avg: 0.3999) Dice: 0.7224 (Avg: 0.5650) IoU: 0.5677 (Avg: 0.4304)
Train Epoch: [18][101/138] Loss: 0.2872 (Avg: 0.3988) Dice: 0.6827 (Avg: 0.5661) IoU: 0.5490 (Avg: 0.4316)
Train Epoch: [18][102/138] Loss: 0.3838 (Avg: 0.3986) Dice: 0.5743 (Avg: 0.5662) IoU: 0.4175 (Avg: 0.4315)
Train Epoch: [18][103/138] Loss: 0.3594 (Avg: 0.3982) Dice: 0.5805 (Avg: 0.5664) IoU: 0.4368 (Avg: 0.4315)
Train Epoch: [18][104/138] Loss: 0.3174 (Avg: 0.3975) Dice: 0.6354 (Avg: 0.5670) IoU: 0.4895 (Avg: 0.4321)
Train Epoch: [18][105/138] Loss: 0.2038 (Avg: 0.3956) Dice: 0.7562 (Avg: 0.5688) IoU: 0.6256 (Avg: 0.4339)
Train Epoch: [18][106/138] Loss: 0.4149 (Avg: 0.3958) Dice: 0.5801 (Avg: 0.5689) IoU: 0.4518 (Avg: 0.4341)
Train Epoch: [18][107/138] Loss: 0.3189 (Avg: 0.3951) Dice: 0.6218 (Avg: 0.5694) IoU: 0.4623 (Avg: 0.4344)
Train Epoch: [18][108/138] Loss: 0.3365 (Avg: 0.3945) Dice: 0.6268 (Avg: 0.5700) IoU: 0.4718 (Avg: 0.4347)
Train Epoch: [18][109/138] Loss: 0.4856 (Avg: 0.3954) Dice: 0.4776 (Avg: 0.5691) IoU: 0.3303 (Avg: 0.4338)
Train Epoch: [18][110/138] Loss: 0.5035 (Avg: 0.3964) Dice: 0.4516 (Avg: 0.5680) IoU: 0.3321 (Avg: 0.4328)
Train Epoch: [18][111/138] Loss: 0.3390 (Avg: 0.3958) Dice: 0.6336 (Avg: 0.5686) IoU: 0.4898 (Avg: 0.4333)
Train Epoch: [18][112/138] Loss: 0.1795 (Avg: 0.3939) Dice: 0.7855 (Avg: 0.5706) IoU: 0.6506 (Avg: 0.4353)
Train Epoch: [18][113/138] Loss: 0.4413 (Avg: 0.3943) Dice: 0.5045 (Avg: 0.5700) IoU: 0.3477 (Avg: 0.4345)
Train Epoch: [18][114/138] Loss: 0.3213 (Avg: 0.3937) Dice: 0.6507 (Avg: 0.5707) IoU: 0.4893 (Avg: 0.4350)
Train Epoch: [18][115/138] Loss: 0.3731 (Avg: 0.3935) Dice: 0.6274 (Avg: 0.5712) IoU: 0.4826 (Avg: 0.4354)
Train Epoch: [18][116/138] Loss: 0.3513 (Avg: 0.3932) Dice: 0.5753 (Avg: 0.5712) IoU: 0.4338 (Avg: 0.4354)
Train Epoch: [18][117/138] Loss: 0.2185 (Avg: 0.3917) Dice: 0.7352 (Avg: 0.5726) IoU: 0.6102 (Avg: 0.4369)
Train Epoch: [18][118/138] Loss: 0.3407 (Avg: 0.3912) Dice: 0.6585 (Avg: 0.5734) IoU: 0.5104 (Avg: 0.4375)
Train Epoch: [18][119/138] Loss: 0.4041 (Avg: 0.3913) Dice: 0.5380 (Avg: 0.5731) IoU: 0.3807 (Avg: 0.4370)
Train Epoch: [18][120/138] Loss: 0.3817 (Avg: 0.3913) Dice: 0.5765 (Avg: 0.5731) IoU: 0.4268 (Avg: 0.4369)
Train Epoch: [18][121/138] Loss: 0.5565 (Avg: 0.3926) Dice: 0.4108 (Avg: 0.5717) IoU: 0.2974 (Avg: 0.4358)
Train Epoch: [18][122/138] Loss: 0.3559 (Avg: 0.3923) Dice: 0.5989 (Avg: 0.5720) IoU: 0.4561 (Avg: 0.4360)
Train Epoch: [18][123/138] Loss: 0.4525 (Avg: 0.3928) Dice: 0.4932 (Avg: 0.5713) IoU: 0.3747 (Avg: 0.4355)
Train Epoch: [18][124/138] Loss: 0.5587 (Avg: 0.3941) Dice: 0.3784 (Avg: 0.5698) IoU: 0.2431 (Avg: 0.4339)
Train Epoch: [18][125/138] Loss: 0.3252 (Avg: 0.3936) Dice: 0.6224 (Avg: 0.5702) IoU: 0.4668 (Avg: 0.4342)
Train Epoch: [18][126/138] Loss: 0.5084 (Avg: 0.3945) Dice: 0.4358 (Avg: 0.5691) IoU: 0.2971 (Avg: 0.4331)
Train Epoch: [18][127/138] Loss: 0.3117 (Avg: 0.3939) Dice: 0.6531 (Avg: 0.5698) IoU: 0.4931 (Avg: 0.4336)
Train Epoch: [18][128/138] Loss: 0.5360 (Avg: 0.3950) Dice: 0.4319 (Avg: 0.5687) IoU: 0.3003 (Avg: 0.4325)
Train Epoch: [18][129/138] Loss: 0.4456 (Avg: 0.3954) Dice: 0.4751 (Avg: 0.5680) IoU: 0.3466 (Avg: 0.4319)
Train Epoch: [18][130/138] Loss: 0.3808 (Avg: 0.3952) Dice: 0.5603 (Avg: 0.5679) IoU: 0.4398 (Avg: 0.4319)
Train Epoch: [18][131/138] Loss: 0.2613 (Avg: 0.3942) Dice: 0.7134 (Avg: 0.5690) IoU: 0.5832 (Avg: 0.4331)
Train Epoch: [18][132/138] Loss: 0.2249 (Avg: 0.3929) Dice: 0.7497 (Avg: 0.5704) IoU: 0.6147 (Avg: 0.4344)
Train Epoch: [18][133/138] Loss: 0.2909 (Avg: 0.3922) Dice: 0.6753 (Avg: 0.5712) IoU: 0.5248 (Avg: 0.4351)
Train Epoch: [18][134/138] Loss: 0.2776 (Avg: 0.3913) Dice: 0.6821 (Avg: 0.5720) IoU: 0.5244 (Avg: 0.4358)
Train Epoch: [18][135/138] Loss: 0.4633 (Avg: 0.3919) Dice: 0.4989 (Avg: 0.5715) IoU: 0.3572 (Avg: 0.4352)
Train Epoch: [18][136/138] Loss: 0.5344 (Avg: 0.3929) Dice: 0.4240 (Avg: 0.5704) IoU: 0.3391 (Avg: 0.4345)
Train Epoch: [18][137/138] Loss: 0.3831 (Avg: 0.3928) Dice: 0.5807 (Avg: 0.5705) IoU: 0.4476 (Avg: 0.4346)
Train Epoch: [18][138/138] Loss: 0.1302 (Avg: 0.3902) Dice: 0.8733 (Avg: 0.5679) IoU: 0.7751 (Avg: 0.4329)
Validation Epoch: [18] Avg Loss: 0.4521 Avg Dice: 0.4906 Avg IoU: 0.3689

========= Epoch [19/50] =========
Train Epoch: [19][1/138] Loss: 0.2905 (Avg: 0.2905) Dice: 0.6648 (Avg: 0.6648) IoU: 0.5091 (Avg: 0.5091)
Train Epoch: [19][2/138] Loss: 0.2867 (Avg: 0.2886) Dice: 0.6697 (Avg: 0.6672) IoU: 0.5044 (Avg: 0.5067)
Train Epoch: [19][3/138] Loss: 0.3998 (Avg: 0.3257) Dice: 0.5988 (Avg: 0.6444) IoU: 0.4353 (Avg: 0.4829)
Train Epoch: [19][4/138] Loss: 0.2040 (Avg: 0.2953) Dice: 0.7639 (Avg: 0.6743) IoU: 0.6215 (Avg: 0.5176)
Train Epoch: [19][5/138] Loss: 0.4490 (Avg: 0.3260) Dice: 0.5320 (Avg: 0.6458) IoU: 0.3992 (Avg: 0.4939)
Train Epoch: [19][6/138] Loss: 0.2504 (Avg: 0.3134) Dice: 0.7029 (Avg: 0.6553) IoU: 0.5703 (Avg: 0.5066)
Train Epoch: [19][7/138] Loss: 0.4636 (Avg: 0.3349) Dice: 0.4574 (Avg: 0.6271) IoU: 0.3328 (Avg: 0.4818)
Train Epoch: [19][8/138] Loss: 0.3930 (Avg: 0.3421) Dice: 0.5638 (Avg: 0.6192) IoU: 0.3973 (Avg: 0.4712)
Train Epoch: [19][9/138] Loss: 0.5085 (Avg: 0.3606) Dice: 0.4272 (Avg: 0.5978) IoU: 0.3025 (Avg: 0.4525)
Train Epoch: [19][10/138] Loss: 0.3982 (Avg: 0.3644) Dice: 0.6007 (Avg: 0.5981) IoU: 0.4341 (Avg: 0.4507)
Train Epoch: [19][11/138] Loss: 0.5560 (Avg: 0.3818) Dice: 0.4076 (Avg: 0.5808) IoU: 0.3064 (Avg: 0.4375)
Train Epoch: [19][12/138] Loss: 0.3910 (Avg: 0.3825) Dice: 0.5753 (Avg: 0.5803) IoU: 0.4238 (Avg: 0.4364)
Train Epoch: [19][13/138] Loss: 0.2559 (Avg: 0.3728) Dice: 0.7026 (Avg: 0.5897) IoU: 0.5519 (Avg: 0.4453)
Train Epoch: [19][14/138] Loss: 0.4812 (Avg: 0.3805) Dice: 0.4940 (Avg: 0.5829) IoU: 0.3625 (Avg: 0.4394)
Train Epoch: [19][15/138] Loss: 0.2624 (Avg: 0.3727) Dice: 0.6906 (Avg: 0.5901) IoU: 0.5289 (Avg: 0.4453)
Train Epoch: [19][16/138] Loss: 0.1969 (Avg: 0.3617) Dice: 0.7781 (Avg: 0.6018) IoU: 0.6468 (Avg: 0.4579)
Train Epoch: [19][17/138] Loss: 0.2395 (Avg: 0.3545) Dice: 0.7316 (Avg: 0.6095) IoU: 0.5864 (Avg: 0.4655)
Train Epoch: [19][18/138] Loss: 0.3163 (Avg: 0.3524) Dice: 0.6589 (Avg: 0.6122) IoU: 0.5020 (Avg: 0.4675)
Train Epoch: [19][19/138] Loss: 0.4610 (Avg: 0.3581) Dice: 0.4955 (Avg: 0.6061) IoU: 0.4290 (Avg: 0.4655)
Train Epoch: [19][20/138] Loss: 0.5082 (Avg: 0.3656) Dice: 0.4449 (Avg: 0.5980) IoU: 0.3193 (Avg: 0.4582)
Train Epoch: [19][21/138] Loss: 0.5004 (Avg: 0.3720) Dice: 0.4843 (Avg: 0.5926) IoU: 0.3400 (Avg: 0.4526)
Train Epoch: [19][22/138] Loss: 0.2725 (Avg: 0.3675) Dice: 0.6811 (Avg: 0.5966) IoU: 0.5448 (Avg: 0.4567)
Train Epoch: [19][23/138] Loss: 0.4291 (Avg: 0.3702) Dice: 0.5404 (Avg: 0.5942) IoU: 0.4111 (Avg: 0.4548)
Train Epoch: [19][24/138] Loss: 0.3040 (Avg: 0.3674) Dice: 0.6766 (Avg: 0.5976) IoU: 0.5538 (Avg: 0.4589)
Train Epoch: [19][25/138] Loss: 0.5596 (Avg: 0.3751) Dice: 0.4365 (Avg: 0.5912) IoU: 0.3164 (Avg: 0.4532)
Train Epoch: [19][26/138] Loss: 0.5030 (Avg: 0.3800) Dice: 0.4223 (Avg: 0.5847) IoU: 0.3209 (Avg: 0.4481)
Train Epoch: [19][27/138] Loss: 0.3260 (Avg: 0.3780) Dice: 0.6313 (Avg: 0.5864) IoU: 0.4988 (Avg: 0.4500)
Train Epoch: [19][28/138] Loss: 0.3110 (Avg: 0.3756) Dice: 0.6506 (Avg: 0.5887) IoU: 0.4986 (Avg: 0.4517)
Train Epoch: [19][29/138] Loss: 0.4494 (Avg: 0.3782) Dice: 0.5052 (Avg: 0.5858) IoU: 0.3833 (Avg: 0.4494)
Train Epoch: [19][30/138] Loss: 0.5302 (Avg: 0.3832) Dice: 0.4115 (Avg: 0.5800) IoU: 0.2903 (Avg: 0.4441)
Train Epoch: [19][31/138] Loss: 0.2762 (Avg: 0.3798) Dice: 0.6590 (Avg: 0.5825) IoU: 0.5060 (Avg: 0.4460)
Train Epoch: [19][32/138] Loss: 0.2849 (Avg: 0.3768) Dice: 0.6945 (Avg: 0.5860) IoU: 0.5464 (Avg: 0.4492)
Train Epoch: [19][33/138] Loss: 0.4353 (Avg: 0.3786) Dice: 0.5455 (Avg: 0.5848) IoU: 0.4314 (Avg: 0.4486)
Train Epoch: [19][34/138] Loss: 0.5013 (Avg: 0.3822) Dice: 0.4469 (Avg: 0.5808) IoU: 0.3282 (Avg: 0.4451)
Train Epoch: [19][35/138] Loss: 0.3672 (Avg: 0.3818) Dice: 0.5722 (Avg: 0.5805) IoU: 0.4834 (Avg: 0.4462)
Train Epoch: [19][36/138] Loss: 0.3464 (Avg: 0.3808) Dice: 0.6147 (Avg: 0.5815) IoU: 0.4648 (Avg: 0.4467)
Train Epoch: [19][37/138] Loss: 0.3835 (Avg: 0.3809) Dice: 0.5945 (Avg: 0.5818) IoU: 0.4528 (Avg: 0.4469)
Train Epoch: [19][38/138] Loss: 0.3822 (Avg: 0.3809) Dice: 0.5707 (Avg: 0.5815) IoU: 0.4452 (Avg: 0.4468)
Train Epoch: [19][39/138] Loss: 0.4161 (Avg: 0.3818) Dice: 0.5207 (Avg: 0.5800) IoU: 0.3685 (Avg: 0.4448)
Train Epoch: [19][40/138] Loss: 0.6908 (Avg: 0.3895) Dice: 0.2706 (Avg: 0.5722) IoU: 0.1891 (Avg: 0.4384)
Train Epoch: [19][41/138] Loss: 0.2164 (Avg: 0.3853) Dice: 0.7381 (Avg: 0.5763) IoU: 0.5918 (Avg: 0.4422)
Train Epoch: [19][42/138] Loss: 0.2582 (Avg: 0.3823) Dice: 0.6928 (Avg: 0.5790) IoU: 0.5323 (Avg: 0.4443)
Train Epoch: [19][43/138] Loss: 0.3350 (Avg: 0.3812) Dice: 0.6560 (Avg: 0.5808) IoU: 0.5200 (Avg: 0.4461)
Train Epoch: [19][44/138] Loss: 0.4393 (Avg: 0.3825) Dice: 0.5317 (Avg: 0.5797) IoU: 0.3963 (Avg: 0.4450)
Train Epoch: [19][45/138] Loss: 0.1899 (Avg: 0.3782) Dice: 0.7996 (Avg: 0.5846) IoU: 0.6735 (Avg: 0.4500)
Train Epoch: [19][46/138] Loss: 0.3499 (Avg: 0.3776) Dice: 0.6433 (Avg: 0.5859) IoU: 0.5086 (Avg: 0.4513)
Train Epoch: [19][47/138] Loss: 0.3432 (Avg: 0.3769) Dice: 0.6306 (Avg: 0.5868) IoU: 0.4864 (Avg: 0.4521)
Train Epoch: [19][48/138] Loss: 0.3669 (Avg: 0.3767) Dice: 0.5897 (Avg: 0.5869) IoU: 0.4376 (Avg: 0.4517)
Train Epoch: [19][49/138] Loss: 0.3384 (Avg: 0.3759) Dice: 0.6231 (Avg: 0.5876) IoU: 0.4649 (Avg: 0.4520)
Train Epoch: [19][50/138] Loss: 0.2531 (Avg: 0.3734) Dice: 0.7228 (Avg: 0.5903) IoU: 0.5703 (Avg: 0.4544)
Train Epoch: [19][51/138] Loss: 0.3401 (Avg: 0.3728) Dice: 0.6122 (Avg: 0.5908) IoU: 0.4750 (Avg: 0.4548)
Train Epoch: [19][52/138] Loss: 0.4132 (Avg: 0.3735) Dice: 0.5391 (Avg: 0.5898) IoU: 0.4230 (Avg: 0.4542)
Train Epoch: [19][53/138] Loss: 0.5993 (Avg: 0.3778) Dice: 0.3437 (Avg: 0.5851) IoU: 0.2765 (Avg: 0.4508)
Train Epoch: [19][54/138] Loss: 0.2321 (Avg: 0.3751) Dice: 0.7475 (Avg: 0.5881) IoU: 0.6056 (Avg: 0.4537)
Train Epoch: [19][55/138] Loss: 0.2748 (Avg: 0.3733) Dice: 0.6852 (Avg: 0.5899) IoU: 0.5257 (Avg: 0.4550)
Train Epoch: [19][56/138] Loss: 0.4270 (Avg: 0.3742) Dice: 0.5571 (Avg: 0.5893) IoU: 0.4208 (Avg: 0.4544)
Train Epoch: [19][57/138] Loss: 0.3904 (Avg: 0.3745) Dice: 0.5442 (Avg: 0.5885) IoU: 0.4335 (Avg: 0.4540)
Train Epoch: [19][58/138] Loss: 0.3680 (Avg: 0.3744) Dice: 0.5960 (Avg: 0.5887) IoU: 0.4430 (Avg: 0.4538)
Train Epoch: [19][59/138] Loss: 0.2445 (Avg: 0.3722) Dice: 0.7228 (Avg: 0.5909) IoU: 0.5763 (Avg: 0.4559)
Train Epoch: [19][60/138] Loss: 0.4840 (Avg: 0.3741) Dice: 0.4306 (Avg: 0.5883) IoU: 0.2974 (Avg: 0.4533)
Train Epoch: [19][61/138] Loss: 0.2493 (Avg: 0.3720) Dice: 0.7456 (Avg: 0.5908) IoU: 0.6058 (Avg: 0.4558)
Train Epoch: [19][62/138] Loss: 0.4268 (Avg: 0.3729) Dice: 0.5231 (Avg: 0.5897) IoU: 0.3717 (Avg: 0.4544)
Train Epoch: [19][63/138] Loss: 0.5656 (Avg: 0.3760) Dice: 0.4167 (Avg: 0.5870) IoU: 0.2988 (Avg: 0.4519)
Train Epoch: [19][64/138] Loss: 0.5047 (Avg: 0.3780) Dice: 0.4244 (Avg: 0.5845) IoU: 0.3077 (Avg: 0.4497)
Train Epoch: [19][65/138] Loss: 0.4630 (Avg: 0.3793) Dice: 0.5120 (Avg: 0.5833) IoU: 0.3964 (Avg: 0.4489)
Train Epoch: [19][66/138] Loss: 0.4822 (Avg: 0.3808) Dice: 0.4960 (Avg: 0.5820) IoU: 0.3685 (Avg: 0.4477)
Train Epoch: [19][67/138] Loss: 0.3685 (Avg: 0.3807) Dice: 0.5937 (Avg: 0.5822) IoU: 0.4445 (Avg: 0.4476)
Train Epoch: [19][68/138] Loss: 0.3463 (Avg: 0.3802) Dice: 0.6215 (Avg: 0.5828) IoU: 0.4564 (Avg: 0.4477)
Train Epoch: [19][69/138] Loss: 0.4284 (Avg: 0.3809) Dice: 0.5359 (Avg: 0.5821) IoU: 0.3910 (Avg: 0.4469)
Train Epoch: [19][70/138] Loss: 0.2412 (Avg: 0.3789) Dice: 0.7499 (Avg: 0.5845) IoU: 0.6138 (Avg: 0.4493)
Train Epoch: [19][71/138] Loss: 0.2952 (Avg: 0.3777) Dice: 0.6609 (Avg: 0.5856) IoU: 0.4974 (Avg: 0.4500)
Train Epoch: [19][72/138] Loss: 0.4907 (Avg: 0.3793) Dice: 0.4447 (Avg: 0.5836) IoU: 0.2980 (Avg: 0.4479)
Train Epoch: [19][73/138] Loss: 0.2378 (Avg: 0.3773) Dice: 0.7339 (Avg: 0.5857) IoU: 0.5870 (Avg: 0.4498)
Train Epoch: [19][74/138] Loss: 0.3568 (Avg: 0.3770) Dice: 0.5950 (Avg: 0.5858) IoU: 0.4385 (Avg: 0.4496)
Train Epoch: [19][75/138] Loss: 0.6725 (Avg: 0.3810) Dice: 0.2820 (Avg: 0.5817) IoU: 0.1978 (Avg: 0.4463)
Train Epoch: [19][76/138] Loss: 0.2200 (Avg: 0.3789) Dice: 0.7528 (Avg: 0.5840) IoU: 0.6074 (Avg: 0.4484)
Train Epoch: [19][77/138] Loss: 0.4215 (Avg: 0.3794) Dice: 0.5493 (Avg: 0.5835) IoU: 0.4464 (Avg: 0.4484)
Train Epoch: [19][78/138] Loss: 0.4056 (Avg: 0.3797) Dice: 0.5309 (Avg: 0.5829) IoU: 0.4018 (Avg: 0.4478)
Train Epoch: [19][79/138] Loss: 0.3417 (Avg: 0.3793) Dice: 0.6136 (Avg: 0.5833) IoU: 0.4969 (Avg: 0.4484)
Train Epoch: [19][80/138] Loss: 0.3351 (Avg: 0.3787) Dice: 0.6797 (Avg: 0.5845) IoU: 0.5483 (Avg: 0.4496)
Train Epoch: [19][81/138] Loss: 0.2543 (Avg: 0.3772) Dice: 0.7240 (Avg: 0.5862) IoU: 0.5711 (Avg: 0.4511)
Train Epoch: [19][82/138] Loss: 0.3325 (Avg: 0.3766) Dice: 0.6344 (Avg: 0.5868) IoU: 0.4698 (Avg: 0.4514)
Train Epoch: [19][83/138] Loss: 0.3004 (Avg: 0.3757) Dice: 0.6667 (Avg: 0.5877) IoU: 0.5082 (Avg: 0.4520)
Train Epoch: [19][84/138] Loss: 0.3794 (Avg: 0.3758) Dice: 0.5514 (Avg: 0.5873) IoU: 0.3833 (Avg: 0.4512)
Train Epoch: [19][85/138] Loss: 0.3405 (Avg: 0.3753) Dice: 0.6234 (Avg: 0.5877) IoU: 0.4645 (Avg: 0.4514)
Train Epoch: [19][86/138] Loss: 0.4117 (Avg: 0.3758) Dice: 0.5484 (Avg: 0.5873) IoU: 0.3993 (Avg: 0.4508)
Train Epoch: [19][87/138] Loss: 0.5255 (Avg: 0.3775) Dice: 0.4408 (Avg: 0.5856) IoU: 0.3947 (Avg: 0.4501)
Train Epoch: [19][88/138] Loss: 0.3357 (Avg: 0.3770) Dice: 0.6521 (Avg: 0.5863) IoU: 0.4940 (Avg: 0.4506)
Train Epoch: [19][89/138] Loss: 0.3410 (Avg: 0.3766) Dice: 0.6182 (Avg: 0.5867) IoU: 0.4623 (Avg: 0.4508)
Train Epoch: [19][90/138] Loss: 0.2921 (Avg: 0.3757) Dice: 0.6568 (Avg: 0.5875) IoU: 0.5078 (Avg: 0.4514)
Train Epoch: [19][91/138] Loss: 0.2520 (Avg: 0.3743) Dice: 0.7216 (Avg: 0.5890) IoU: 0.5873 (Avg: 0.4529)
Train Epoch: [19][92/138] Loss: 0.2621 (Avg: 0.3731) Dice: 0.7041 (Avg: 0.5902) IoU: 0.5616 (Avg: 0.4541)
Train Epoch: [19][93/138] Loss: 0.3179 (Avg: 0.3725) Dice: 0.6140 (Avg: 0.5905) IoU: 0.5205 (Avg: 0.4548)
Train Epoch: [19][94/138] Loss: 0.4116 (Avg: 0.3729) Dice: 0.5207 (Avg: 0.5897) IoU: 0.3884 (Avg: 0.4541)
Train Epoch: [19][95/138] Loss: 0.6161 (Avg: 0.3755) Dice: 0.3642 (Avg: 0.5873) IoU: 0.2534 (Avg: 0.4520)
Train Epoch: [19][96/138] Loss: 0.3368 (Avg: 0.3751) Dice: 0.6338 (Avg: 0.5878) IoU: 0.4989 (Avg: 0.4525)
Train Epoch: [19][97/138] Loss: 0.3164 (Avg: 0.3745) Dice: 0.6537 (Avg: 0.5885) IoU: 0.5112 (Avg: 0.4531)
Train Epoch: [19][98/138] Loss: 0.3265 (Avg: 0.3740) Dice: 0.6150 (Avg: 0.5888) IoU: 0.4622 (Avg: 0.4531)
Train Epoch: [19][99/138] Loss: 0.4628 (Avg: 0.3749) Dice: 0.7357 (Avg: 0.5903) IoU: 0.3900 (Avg: 0.4525)
Train Epoch: [19][100/138] Loss: 0.3046 (Avg: 0.3742) Dice: 0.6887 (Avg: 0.5912) IoU: 0.5546 (Avg: 0.4535)
Train Epoch: [19][101/138] Loss: 0.6307 (Avg: 0.3767) Dice: 0.3769 (Avg: 0.5891) IoU: 0.2571 (Avg: 0.4516)
Train Epoch: [19][102/138] Loss: 0.5139 (Avg: 0.3781) Dice: 0.4525 (Avg: 0.5878) IoU: 0.3174 (Avg: 0.4503)
Train Epoch: [19][103/138] Loss: 0.3706 (Avg: 0.3780) Dice: 0.5654 (Avg: 0.5876) IoU: 0.4052 (Avg: 0.4498)
Train Epoch: [19][104/138] Loss: 0.1947 (Avg: 0.3762) Dice: 0.7905 (Avg: 0.5895) IoU: 0.6571 (Avg: 0.4518)
Train Epoch: [19][105/138] Loss: 0.3759 (Avg: 0.3762) Dice: 0.5752 (Avg: 0.5894) IoU: 0.4085 (Avg: 0.4514)
Train Epoch: [19][106/138] Loss: 0.5653 (Avg: 0.3780) Dice: 0.4167 (Avg: 0.5878) IoU: 0.2948 (Avg: 0.4499)
Train Epoch: [19][107/138] Loss: 0.2912 (Avg: 0.3772) Dice: 0.6689 (Avg: 0.5885) IoU: 0.5168 (Avg: 0.4506)
Train Epoch: [19][108/138] Loss: 0.3126 (Avg: 0.3766) Dice: 0.6454 (Avg: 0.5890) IoU: 0.4906 (Avg: 0.4509)
Train Epoch: [19][109/138] Loss: 0.2416 (Avg: 0.3754) Dice: 0.7215 (Avg: 0.5903) IoU: 0.5786 (Avg: 0.4521)
Train Epoch: [19][110/138] Loss: 0.2765 (Avg: 0.3745) Dice: 0.6775 (Avg: 0.5910) IoU: 0.5370 (Avg: 0.4529)
Train Epoch: [19][111/138] Loss: 0.2177 (Avg: 0.3730) Dice: 0.7568 (Avg: 0.5925) IoU: 0.6184 (Avg: 0.4544)
Train Epoch: [19][112/138] Loss: 0.2600 (Avg: 0.3720) Dice: 0.6842 (Avg: 0.5934) IoU: 0.5734 (Avg: 0.4554)
Train Epoch: [19][113/138] Loss: 0.6689 (Avg: 0.3747) Dice: 0.3238 (Avg: 0.5910) IoU: 0.2111 (Avg: 0.4533)
Train Epoch: [19][114/138] Loss: 0.2026 (Avg: 0.3732) Dice: 0.7802 (Avg: 0.5926) IoU: 0.6449 (Avg: 0.4549)
Train Epoch: [19][115/138] Loss: 0.3074 (Avg: 0.3726) Dice: 0.6649 (Avg: 0.5933) IoU: 0.5365 (Avg: 0.4557)
Train Epoch: [19][116/138] Loss: 0.4022 (Avg: 0.3728) Dice: 0.5928 (Avg: 0.5933) IoU: 0.4415 (Avg: 0.4555)
Train Epoch: [19][117/138] Loss: 0.2090 (Avg: 0.3714) Dice: 0.7465 (Avg: 0.5946) IoU: 0.6136 (Avg: 0.4569)
Train Epoch: [19][118/138] Loss: 0.5147 (Avg: 0.3726) Dice: 0.4183 (Avg: 0.5931) IoU: 0.2775 (Avg: 0.4554)
Train Epoch: [19][119/138] Loss: 0.3320 (Avg: 0.3723) Dice: 0.6398 (Avg: 0.5935) IoU: 0.5278 (Avg: 0.4560)
Train Epoch: [19][120/138] Loss: 0.4294 (Avg: 0.3728) Dice: 0.5349 (Avg: 0.5930) IoU: 0.3833 (Avg: 0.4554)
Train Epoch: [19][121/138] Loss: 0.2506 (Avg: 0.3718) Dice: 0.7100 (Avg: 0.5939) IoU: 0.5549 (Avg: 0.4562)
Train Epoch: [19][122/138] Loss: 0.4553 (Avg: 0.3725) Dice: 0.5236 (Avg: 0.5934) IoU: 0.3860 (Avg: 0.4556)
Train Epoch: [19][123/138] Loss: 0.3914 (Avg: 0.3726) Dice: 0.5592 (Avg: 0.5931) IoU: 0.4402 (Avg: 0.4555)
Train Epoch: [19][124/138] Loss: 0.5622 (Avg: 0.3741) Dice: 0.4094 (Avg: 0.5916) IoU: 0.2617 (Avg: 0.4539)
Train Epoch: [19][125/138] Loss: 0.5066 (Avg: 0.3752) Dice: 0.4292 (Avg: 0.5903) IoU: 0.2828 (Avg: 0.4526)
Train Epoch: [19][126/138] Loss: 0.3391 (Avg: 0.3749) Dice: 0.6431 (Avg: 0.5907) IoU: 0.4888 (Avg: 0.4528)
Train Epoch: [19][127/138] Loss: 0.3648 (Avg: 0.3748) Dice: 0.5810 (Avg: 0.5906) IoU: 0.4198 (Avg: 0.4526)
Train Epoch: [19][128/138] Loss: 0.2389 (Avg: 0.3738) Dice: 0.7547 (Avg: 0.5919) IoU: 0.6118 (Avg: 0.4538)
Train Epoch: [19][129/138] Loss: 0.2279 (Avg: 0.3726) Dice: 0.7203 (Avg: 0.5929) IoU: 0.5679 (Avg: 0.4547)
Train Epoch: [19][130/138] Loss: 0.4185 (Avg: 0.3730) Dice: 0.5719 (Avg: 0.5928) IoU: 0.4189 (Avg: 0.4544)
Train Epoch: [19][131/138] Loss: 0.3062 (Avg: 0.3725) Dice: 0.6339 (Avg: 0.5931) IoU: 0.4665 (Avg: 0.4545)
Train Epoch: [19][132/138] Loss: 0.3575 (Avg: 0.3724) Dice: 0.5804 (Avg: 0.5930) IoU: 0.4316 (Avg: 0.4544)
Train Epoch: [19][133/138] Loss: 0.4326 (Avg: 0.3728) Dice: 0.4830 (Avg: 0.5922) IoU: 0.3403 (Avg: 0.4535)
Train Epoch: [19][134/138] Loss: 0.3845 (Avg: 0.3729) Dice: 0.5759 (Avg: 0.5920) IoU: 0.4706 (Avg: 0.4536)
Train Epoch: [19][135/138] Loss: 0.5559 (Avg: 0.3743) Dice: 0.3379 (Avg: 0.5902) IoU: 0.2616 (Avg: 0.4522)
Train Epoch: [19][136/138] Loss: 0.3499 (Avg: 0.3741) Dice: 0.6036 (Avg: 0.5903) IoU: 0.4477 (Avg: 0.4522)
Train Epoch: [19][137/138] Loss: 0.4342 (Avg: 0.3745) Dice: 0.5119 (Avg: 0.5897) IoU: 0.3823 (Avg: 0.4517)
Train Epoch: [19][138/138] Loss: 0.2942 (Avg: 0.3723) Dice: 0.6573 (Avg: 0.5866) IoU: 0.4895 (Avg: 0.4493)
Validation Epoch: [19] Avg Loss: 0.3790 Avg Dice: 0.5784 Avg IoU: 0.4413
	 Best dice improved from 0.5647 to 0.5784
	 Model saved to ImageEncoder_Pretrain\UNet\Pretrain_05.25_10h55\models\best_model-UNet.pth.tar

========= Epoch [20/50] =========
Train Epoch: [20][1/138] Loss: 0.3823 (Avg: 0.3823) Dice: 0.5953 (Avg: 0.5953) IoU: 0.4697 (Avg: 0.4697)
Train Epoch: [20][2/138] Loss: 0.1931 (Avg: 0.2877) Dice: 0.7912 (Avg: 0.6933) IoU: 0.6680 (Avg: 0.5688)
Train Epoch: [20][3/138] Loss: 0.5412 (Avg: 0.3722) Dice: 0.4302 (Avg: 0.6056) IoU: 0.3543 (Avg: 0.4973)
Train Epoch: [20][4/138] Loss: 0.2541 (Avg: 0.3427) Dice: 0.7150 (Avg: 0.6329) IoU: 0.5773 (Avg: 0.5173)
Train Epoch: [20][5/138] Loss: 0.3098 (Avg: 0.3361) Dice: 0.6435 (Avg: 0.6350) IoU: 0.4960 (Avg: 0.5131)
Train Epoch: [20][6/138] Loss: 0.3507 (Avg: 0.3385) Dice: 0.6292 (Avg: 0.6341) IoU: 0.4743 (Avg: 0.5066)
Train Epoch: [20][7/138] Loss: 0.2299 (Avg: 0.3230) Dice: 0.7307 (Avg: 0.6479) IoU: 0.5849 (Avg: 0.5178)
Train Epoch: [20][8/138] Loss: 0.3170 (Avg: 0.3223) Dice: 0.6302 (Avg: 0.6457) IoU: 0.5437 (Avg: 0.5210)
Train Epoch: [20][9/138] Loss: 0.5938 (Avg: 0.3524) Dice: 0.3605 (Avg: 0.6140) IoU: 0.2251 (Avg: 0.4881)
Train Epoch: [20][10/138] Loss: 0.4042 (Avg: 0.3576) Dice: 0.5547 (Avg: 0.6080) IoU: 0.4100 (Avg: 0.4803)
Train Epoch: [20][11/138] Loss: 0.2591 (Avg: 0.3486) Dice: 0.7393 (Avg: 0.6200) IoU: 0.6094 (Avg: 0.4921)
Train Epoch: [20][12/138] Loss: 0.1839 (Avg: 0.3349) Dice: 0.7751 (Avg: 0.6329) IoU: 0.6402 (Avg: 0.5044)
Train Epoch: [20][13/138] Loss: 0.4503 (Avg: 0.3438) Dice: 0.5078 (Avg: 0.6233) IoU: 0.3631 (Avg: 0.4935)
Train Epoch: [20][14/138] Loss: 0.4224 (Avg: 0.3494) Dice: 0.5287 (Avg: 0.6165) IoU: 0.4361 (Avg: 0.4894)
Train Epoch: [20][15/138] Loss: 0.2701 (Avg: 0.3441) Dice: 0.7063 (Avg: 0.6225) IoU: 0.5504 (Avg: 0.4935)
Train Epoch: [20][16/138] Loss: 0.3577 (Avg: 0.3450) Dice: 0.6459 (Avg: 0.6240) IoU: 0.4925 (Avg: 0.4934)
Train Epoch: [20][17/138] Loss: 0.1371 (Avg: 0.3327) Dice: 0.8403 (Avg: 0.6367) IoU: 0.7310 (Avg: 0.5074)
Train Epoch: [20][18/138] Loss: 0.3962 (Avg: 0.3363) Dice: 0.5519 (Avg: 0.6320) IoU: 0.4350 (Avg: 0.5034)
Train Epoch: [20][19/138] Loss: 0.2437 (Avg: 0.3314) Dice: 0.7241 (Avg: 0.6368) IoU: 0.6060 (Avg: 0.5088)
Train Epoch: [20][20/138] Loss: 0.3380 (Avg: 0.3317) Dice: 0.6277 (Avg: 0.6364) IoU: 0.4667 (Avg: 0.5067)
Train Epoch: [20][21/138] Loss: 0.6381 (Avg: 0.3463) Dice: 0.2946 (Avg: 0.6201) IoU: 0.2389 (Avg: 0.4939)
Train Epoch: [20][22/138] Loss: 0.4205 (Avg: 0.3497) Dice: 0.5219 (Avg: 0.6156) IoU: 0.3702 (Avg: 0.4883)
Train Epoch: [20][23/138] Loss: 0.4828 (Avg: 0.3555) Dice: 0.4361 (Avg: 0.6078) IoU: 0.3348 (Avg: 0.4816)
Train Epoch: [20][24/138] Loss: 0.2268 (Avg: 0.3501) Dice: 0.7365 (Avg: 0.6132) IoU: 0.5968 (Avg: 0.4864)
Train Epoch: [20][25/138] Loss: 0.3406 (Avg: 0.3497) Dice: 0.6186 (Avg: 0.6134) IoU: 0.4848 (Avg: 0.4864)
Train Epoch: [20][26/138] Loss: 0.3413 (Avg: 0.3494) Dice: 0.5997 (Avg: 0.6129) IoU: 0.4610 (Avg: 0.4854)
Train Epoch: [20][27/138] Loss: 0.5577 (Avg: 0.3571) Dice: 0.4421 (Avg: 0.6066) IoU: 0.3184 (Avg: 0.4792)
Train Epoch: [20][28/138] Loss: 0.2163 (Avg: 0.3521) Dice: 0.7433 (Avg: 0.6114) IoU: 0.6029 (Avg: 0.4836)
Train Epoch: [20][29/138] Loss: 0.1853 (Avg: 0.3463) Dice: 0.7771 (Avg: 0.6171) IoU: 0.6429 (Avg: 0.4891)
Train Epoch: [20][30/138] Loss: 0.4298 (Avg: 0.3491) Dice: 0.5335 (Avg: 0.6144) IoU: 0.3898 (Avg: 0.4858)
Train Epoch: [20][31/138] Loss: 0.3590 (Avg: 0.3494) Dice: 0.6416 (Avg: 0.6152) IoU: 0.4910 (Avg: 0.4860)
Train Epoch: [20][32/138] Loss: 0.4151 (Avg: 0.3515) Dice: 0.5502 (Avg: 0.6132) IoU: 0.4219 (Avg: 0.4840)
Train Epoch: [20][33/138] Loss: 0.4956 (Avg: 0.3559) Dice: 0.4146 (Avg: 0.6072) IoU: 0.2808 (Avg: 0.4778)
Train Epoch: [20][34/138] Loss: 0.3118 (Avg: 0.3546) Dice: 0.6248 (Avg: 0.6077) IoU: 0.4682 (Avg: 0.4775)
Train Epoch: [20][35/138] Loss: 0.4115 (Avg: 0.3562) Dice: 0.5189 (Avg: 0.6052) IoU: 0.3749 (Avg: 0.4746)
Train Epoch: [20][36/138] Loss: 0.4367 (Avg: 0.3584) Dice: 0.5027 (Avg: 0.6023) IoU: 0.3991 (Avg: 0.4725)
Train Epoch: [20][37/138] Loss: 0.4691 (Avg: 0.3614) Dice: 0.4767 (Avg: 0.5989) IoU: 0.3425 (Avg: 0.4690)
Train Epoch: [20][38/138] Loss: 0.2774 (Avg: 0.3592) Dice: 0.6701 (Avg: 0.6008) IoU: 0.5232 (Avg: 0.4704)
Train Epoch: [20][39/138] Loss: 0.6696 (Avg: 0.3672) Dice: 0.3169 (Avg: 0.5935) IoU: 0.2015 (Avg: 0.4635)
Train Epoch: [20][40/138] Loss: 0.3965 (Avg: 0.3679) Dice: 0.5742 (Avg: 0.5930) IoU: 0.4369 (Avg: 0.4629)
Train Epoch: [20][41/138] Loss: 0.3227 (Avg: 0.3668) Dice: 0.6197 (Avg: 0.5937) IoU: 0.4734 (Avg: 0.4631)
Train Epoch: [20][42/138] Loss: 0.2822 (Avg: 0.3648) Dice: 0.6761 (Avg: 0.5956) IoU: 0.5342 (Avg: 0.4648)
Train Epoch: [20][43/138] Loss: 0.2680 (Avg: 0.3625) Dice: 0.6753 (Avg: 0.5975) IoU: 0.5201 (Avg: 0.4661)
Train Epoch: [20][44/138] Loss: 0.3266 (Avg: 0.3617) Dice: 0.6765 (Avg: 0.5993) IoU: 0.5458 (Avg: 0.4679)
Train Epoch: [20][45/138] Loss: 0.2289 (Avg: 0.3588) Dice: 0.7281 (Avg: 0.6022) IoU: 0.5779 (Avg: 0.4704)
Train Epoch: [20][46/138] Loss: 0.3590 (Avg: 0.3588) Dice: 0.6251 (Avg: 0.6027) IoU: 0.4746 (Avg: 0.4704)
Train Epoch: [20][47/138] Loss: 0.2631 (Avg: 0.3567) Dice: 0.6869 (Avg: 0.6044) IoU: 0.5248 (Avg: 0.4716)
Train Epoch: [20][48/138] Loss: 0.5182 (Avg: 0.3601) Dice: 0.4613 (Avg: 0.6015) IoU: 0.3615 (Avg: 0.4693)
Train Epoch: [20][49/138] Loss: 0.5046 (Avg: 0.3630) Dice: 0.4678 (Avg: 0.5987) IoU: 0.3396 (Avg: 0.4667)
Train Epoch: [20][50/138] Loss: 0.3926 (Avg: 0.3636) Dice: 0.5540 (Avg: 0.5978) IoU: 0.3926 (Avg: 0.4652)
Train Epoch: [20][51/138] Loss: 0.2944 (Avg: 0.3623) Dice: 0.6536 (Avg: 0.5989) IoU: 0.4977 (Avg: 0.4658)
Train Epoch: [20][52/138] Loss: 0.5626 (Avg: 0.3661) Dice: 0.4372 (Avg: 0.5958) IoU: 0.3113 (Avg: 0.4628)
Train Epoch: [20][53/138] Loss: 0.4217 (Avg: 0.3672) Dice: 0.5393 (Avg: 0.5948) IoU: 0.3779 (Avg: 0.4612)
Train Epoch: [20][54/138] Loss: 0.3586 (Avg: 0.3670) Dice: 0.5828 (Avg: 0.5945) IoU: 0.4450 (Avg: 0.4609)
Train Epoch: [20][55/138] Loss: 0.4868 (Avg: 0.3692) Dice: 0.4693 (Avg: 0.5923) IoU: 0.3386 (Avg: 0.4587)
Train Epoch: [20][56/138] Loss: 0.5047 (Avg: 0.3716) Dice: 0.4524 (Avg: 0.5898) IoU: 0.3239 (Avg: 0.4563)
Train Epoch: [20][57/138] Loss: 0.3643 (Avg: 0.3715) Dice: 0.5972 (Avg: 0.5899) IoU: 0.4412 (Avg: 0.4560)
Train Epoch: [20][58/138] Loss: 0.3684 (Avg: 0.3714) Dice: 0.5690 (Avg: 0.5895) IoU: 0.4090 (Avg: 0.4552)
Train Epoch: [20][59/138] Loss: 0.2737 (Avg: 0.3698) Dice: 0.6951 (Avg: 0.5913) IoU: 0.5561 (Avg: 0.4569)
Train Epoch: [20][60/138] Loss: 0.4434 (Avg: 0.3710) Dice: 0.5039 (Avg: 0.5899) IoU: 0.3725 (Avg: 0.4555)
Train Epoch: [20][61/138] Loss: 0.4698 (Avg: 0.3726) Dice: 0.4933 (Avg: 0.5883) IoU: 0.3795 (Avg: 0.4543)
Train Epoch: [20][62/138] Loss: 0.4392 (Avg: 0.3737) Dice: 0.4729 (Avg: 0.5864) IoU: 0.3555 (Avg: 0.4527)
Train Epoch: [20][63/138] Loss: 0.2279 (Avg: 0.3714) Dice: 0.7116 (Avg: 0.5884) IoU: 0.5707 (Avg: 0.4546)
Train Epoch: [20][64/138] Loss: 0.4238 (Avg: 0.3722) Dice: 0.5352 (Avg: 0.5876) IoU: 0.3681 (Avg: 0.4532)
Train Epoch: [20][65/138] Loss: 0.4058 (Avg: 0.3727) Dice: 0.5753 (Avg: 0.5874) IoU: 0.4148 (Avg: 0.4526)
Train Epoch: [20][66/138] Loss: 0.4321 (Avg: 0.3736) Dice: 0.4795 (Avg: 0.5858) IoU: 0.3504 (Avg: 0.4511)
Train Epoch: [20][67/138] Loss: 0.2198 (Avg: 0.3713) Dice: 0.7330 (Avg: 0.5879) IoU: 0.5810 (Avg: 0.4530)
Train Epoch: [20][68/138] Loss: 0.4390 (Avg: 0.3723) Dice: 0.5379 (Avg: 0.5872) IoU: 0.4272 (Avg: 0.4526)
Train Epoch: [20][69/138] Loss: 0.3997 (Avg: 0.3727) Dice: 0.5382 (Avg: 0.5865) IoU: 0.3790 (Avg: 0.4516)
Train Epoch: [20][70/138] Loss: 0.5109 (Avg: 0.3747) Dice: 0.4792 (Avg: 0.5850) IoU: 0.3417 (Avg: 0.4500)
Train Epoch: [20][71/138] Loss: 0.2424 (Avg: 0.3728) Dice: 0.7029 (Avg: 0.5866) IoU: 0.5816 (Avg: 0.4519)
Train Epoch: [20][72/138] Loss: 0.2891 (Avg: 0.3717) Dice: 0.6619 (Avg: 0.5877) IoU: 0.4974 (Avg: 0.4525)
Train Epoch: [20][73/138] Loss: 0.4045 (Avg: 0.3721) Dice: 0.5351 (Avg: 0.5870) IoU: 0.3927 (Avg: 0.4517)
Train Epoch: [20][74/138] Loss: 0.2728 (Avg: 0.3708) Dice: 0.6788 (Avg: 0.5882) IoU: 0.5171 (Avg: 0.4526)
Train Epoch: [20][75/138] Loss: 0.3637 (Avg: 0.3707) Dice: 0.6004 (Avg: 0.5884) IoU: 0.4841 (Avg: 0.4530)
Train Epoch: [20][76/138] Loss: 0.3826 (Avg: 0.3708) Dice: 0.5308 (Avg: 0.5876) IoU: 0.4124 (Avg: 0.4524)
Train Epoch: [20][77/138] Loss: 0.3522 (Avg: 0.3706) Dice: 0.5989 (Avg: 0.5878) IoU: 0.4403 (Avg: 0.4523)
Train Epoch: [20][78/138] Loss: 0.2207 (Avg: 0.3687) Dice: 0.7255 (Avg: 0.5895) IoU: 0.5792 (Avg: 0.4539)
Train Epoch: [20][79/138] Loss: 0.2630 (Avg: 0.3673) Dice: 0.6962 (Avg: 0.5909) IoU: 0.5499 (Avg: 0.4551)
Train Epoch: [20][80/138] Loss: 0.4186 (Avg: 0.3680) Dice: 0.5618 (Avg: 0.5905) IoU: 0.4077 (Avg: 0.4545)
Train Epoch: [20][81/138] Loss: 0.3760 (Avg: 0.3681) Dice: 0.5879 (Avg: 0.5905) IoU: 0.5022 (Avg: 0.4551)
Train Epoch: [20][82/138] Loss: 0.4096 (Avg: 0.3686) Dice: 0.5664 (Avg: 0.5902) IoU: 0.4311 (Avg: 0.4548)
Train Epoch: [20][83/138] Loss: 0.4025 (Avg: 0.3690) Dice: 0.5578 (Avg: 0.5898) IoU: 0.4500 (Avg: 0.4548)
Train Epoch: [20][84/138] Loss: 0.3735 (Avg: 0.3690) Dice: 0.5749 (Avg: 0.5896) IoU: 0.4515 (Avg: 0.4547)
Train Epoch: [20][85/138] Loss: 0.3623 (Avg: 0.3690) Dice: 0.6120 (Avg: 0.5899) IoU: 0.4890 (Avg: 0.4551)
Train Epoch: [20][86/138] Loss: 0.1971 (Avg: 0.3670) Dice: 0.7659 (Avg: 0.5919) IoU: 0.6316 (Avg: 0.4572)
Train Epoch: [20][87/138] Loss: 0.4530 (Avg: 0.3680) Dice: 0.5123 (Avg: 0.5910) IoU: 0.3928 (Avg: 0.4564)
Train Epoch: [20][88/138] Loss: 0.4103 (Avg: 0.3684) Dice: 0.6001 (Avg: 0.5911) IoU: 0.5034 (Avg: 0.4570)
Train Epoch: [20][89/138] Loss: 0.6788 (Avg: 0.3719) Dice: 0.3009 (Avg: 0.5878) IoU: 0.1995 (Avg: 0.4541)
Train Epoch: [20][90/138] Loss: 0.3930 (Avg: 0.3722) Dice: 0.5544 (Avg: 0.5875) IoU: 0.3970 (Avg: 0.4535)
Train Epoch: [20][91/138] Loss: 0.2287 (Avg: 0.3706) Dice: 0.7268 (Avg: 0.5890) IoU: 0.5729 (Avg: 0.4548)
Train Epoch: [20][92/138] Loss: 0.2396 (Avg: 0.3692) Dice: 0.7253 (Avg: 0.5905) IoU: 0.5852 (Avg: 0.4562)
Train Epoch: [20][93/138] Loss: 0.6853 (Avg: 0.3726) Dice: 0.1850 (Avg: 0.5861) IoU: 0.1080 (Avg: 0.4524)
Train Epoch: [20][94/138] Loss: 0.3359 (Avg: 0.3722) Dice: 0.5917 (Avg: 0.5862) IoU: 0.4247 (Avg: 0.4521)
Train Epoch: [20][95/138] Loss: 0.5757 (Avg: 0.3743) Dice: 0.3562 (Avg: 0.5838) IoU: 0.2451 (Avg: 0.4500)
Train Epoch: [20][96/138] Loss: 0.5303 (Avg: 0.3759) Dice: 0.4179 (Avg: 0.5820) IoU: 0.3012 (Avg: 0.4484)
Train Epoch: [20][97/138] Loss: 0.4646 (Avg: 0.3769) Dice: 0.4378 (Avg: 0.5806) IoU: 0.3186 (Avg: 0.4471)
Train Epoch: [20][98/138] Loss: 0.4671 (Avg: 0.3778) Dice: 0.4780 (Avg: 0.5795) IoU: 0.3588 (Avg: 0.4462)
Train Epoch: [20][99/138] Loss: 0.2381 (Avg: 0.3764) Dice: 0.7424 (Avg: 0.5812) IoU: 0.6015 (Avg: 0.4477)
Train Epoch: [20][100/138] Loss: 0.1526 (Avg: 0.3741) Dice: 0.8244 (Avg: 0.5836) IoU: 0.7051 (Avg: 0.4503)
Train Epoch: [20][101/138] Loss: 0.3514 (Avg: 0.3739) Dice: 0.6119 (Avg: 0.5839) IoU: 0.4789 (Avg: 0.4506)
Train Epoch: [20][102/138] Loss: 0.5961 (Avg: 0.3761) Dice: 0.3741 (Avg: 0.5818) IoU: 0.2406 (Avg: 0.4485)
Train Epoch: [20][103/138] Loss: 0.3527 (Avg: 0.3758) Dice: 0.6380 (Avg: 0.5824) IoU: 0.5133 (Avg: 0.4492)
Train Epoch: [20][104/138] Loss: 0.5129 (Avg: 0.3772) Dice: 0.4491 (Avg: 0.5811) IoU: 0.3182 (Avg: 0.4479)
Train Epoch: [20][105/138] Loss: 0.4029 (Avg: 0.3774) Dice: 0.5412 (Avg: 0.5807) IoU: 0.3779 (Avg: 0.4472)
Train Epoch: [20][106/138] Loss: 0.6155 (Avg: 0.3797) Dice: 0.3443 (Avg: 0.5785) IoU: 0.2509 (Avg: 0.4454)
Train Epoch: [20][107/138] Loss: 0.6080 (Avg: 0.3818) Dice: 0.3512 (Avg: 0.5763) IoU: 0.2352 (Avg: 0.4434)
Train Epoch: [20][108/138] Loss: 0.3683 (Avg: 0.3817) Dice: 0.5692 (Avg: 0.5763) IoU: 0.4045 (Avg: 0.4431)
Train Epoch: [20][109/138] Loss: 0.2914 (Avg: 0.3808) Dice: 0.6970 (Avg: 0.5774) IoU: 0.5499 (Avg: 0.4440)
Train Epoch: [20][110/138] Loss: 0.3273 (Avg: 0.3804) Dice: 0.6052 (Avg: 0.5776) IoU: 0.4411 (Avg: 0.4440)
Train Epoch: [20][111/138] Loss: 0.3024 (Avg: 0.3797) Dice: 0.6481 (Avg: 0.5783) IoU: 0.4882 (Avg: 0.4444)
Train Epoch: [20][112/138] Loss: 0.4147 (Avg: 0.3800) Dice: 0.5804 (Avg: 0.5783) IoU: 0.4772 (Avg: 0.4447)
Train Epoch: [20][113/138] Loss: 0.2798 (Avg: 0.3791) Dice: 0.6944 (Avg: 0.5793) IoU: 0.5552 (Avg: 0.4457)
Train Epoch: [20][114/138] Loss: 0.3614 (Avg: 0.3789) Dice: 0.5894 (Avg: 0.5794) IoU: 0.4435 (Avg: 0.4457)
Train Epoch: [20][115/138] Loss: 0.3558 (Avg: 0.3787) Dice: 0.5930 (Avg: 0.5795) IoU: 0.4298 (Avg: 0.4455)
Train Epoch: [20][116/138] Loss: 0.2563 (Avg: 0.3777) Dice: 0.6818 (Avg: 0.5804) IoU: 0.5293 (Avg: 0.4463)
Train Epoch: [20][117/138] Loss: 0.3662 (Avg: 0.3776) Dice: 0.5575 (Avg: 0.5802) IoU: 0.3977 (Avg: 0.4458)
Train Epoch: [20][118/138] Loss: 0.5163 (Avg: 0.3787) Dice: 0.3086 (Avg: 0.5779) IoU: 0.2224 (Avg: 0.4439)
Train Epoch: [20][119/138] Loss: 0.4369 (Avg: 0.3792) Dice: 0.5284 (Avg: 0.5775) IoU: 0.4216 (Avg: 0.4438)
Train Epoch: [20][120/138] Loss: 0.3036 (Avg: 0.3786) Dice: 0.6435 (Avg: 0.5780) IoU: 0.4752 (Avg: 0.4440)
Train Epoch: [20][121/138] Loss: 0.4028 (Avg: 0.3788) Dice: 0.5594 (Avg: 0.5779) IoU: 0.4513 (Avg: 0.4441)
Train Epoch: [20][122/138] Loss: 0.4664 (Avg: 0.3795) Dice: 0.4898 (Avg: 0.5772) IoU: 0.3742 (Avg: 0.4435)
Train Epoch: [20][123/138] Loss: 0.3103 (Avg: 0.3790) Dice: 0.6488 (Avg: 0.5777) IoU: 0.5132 (Avg: 0.4441)
Train Epoch: [20][124/138] Loss: 0.2838 (Avg: 0.3782) Dice: 0.6809 (Avg: 0.5786) IoU: 0.5238 (Avg: 0.4447)
Train Epoch: [20][125/138] Loss: 0.7737 (Avg: 0.3814) Dice: 0.1828 (Avg: 0.5754) IoU: 0.1072 (Avg: 0.4420)
Train Epoch: [20][126/138] Loss: 0.5513 (Avg: 0.3827) Dice: 0.4136 (Avg: 0.5741) IoU: 0.2767 (Avg: 0.4407)
Train Epoch: [20][127/138] Loss: 0.2934 (Avg: 0.3820) Dice: 0.6501 (Avg: 0.5747) IoU: 0.5008 (Avg: 0.4412)
Train Epoch: [20][128/138] Loss: 0.5192 (Avg: 0.3831) Dice: 0.4185 (Avg: 0.5735) IoU: 0.2848 (Avg: 0.4400)
Train Epoch: [20][129/138] Loss: 0.3894 (Avg: 0.3831) Dice: 0.5648 (Avg: 0.5734) IoU: 0.4217 (Avg: 0.4398)
Train Epoch: [20][130/138] Loss: 0.4129 (Avg: 0.3834) Dice: 0.5363 (Avg: 0.5731) IoU: 0.4082 (Avg: 0.4396)
Train Epoch: [20][131/138] Loss: 0.4881 (Avg: 0.3841) Dice: 0.5051 (Avg: 0.5726) IoU: 0.3803 (Avg: 0.4391)
Train Epoch: [20][132/138] Loss: 0.3586 (Avg: 0.3840) Dice: 0.6129 (Avg: 0.5729) IoU: 0.4618 (Avg: 0.4393)
Train Epoch: [20][133/138] Loss: 0.1974 (Avg: 0.3826) Dice: 0.7771 (Avg: 0.5745) IoU: 0.6362 (Avg: 0.4408)
Train Epoch: [20][134/138] Loss: 0.2538 (Avg: 0.3816) Dice: 0.7204 (Avg: 0.5756) IoU: 0.6054 (Avg: 0.4420)
Train Epoch: [20][135/138] Loss: 0.5629 (Avg: 0.3829) Dice: 0.3713 (Avg: 0.5740) IoU: 0.2518 (Avg: 0.4406)
Train Epoch: [20][136/138] Loss: 0.5046 (Avg: 0.3838) Dice: 0.4583 (Avg: 0.5732) IoU: 0.3645 (Avg: 0.4400)
Train Epoch: [20][137/138] Loss: 0.6464 (Avg: 0.3857) Dice: 0.3834 (Avg: 0.5718) IoU: 0.2676 (Avg: 0.4388)
Train Epoch: [20][138/138] Loss: 0.2927 (Avg: 0.3835) Dice: 0.6400 (Avg: 0.5688) IoU: 0.4706 (Avg: 0.4364)
Validation Epoch: [20] Avg Loss: 0.5507 Avg Dice: 0.3775 Avg IoU: 0.2744

========= Epoch [21/50] =========
Train Epoch: [21][1/138] Loss: 0.4061 (Avg: 0.4061) Dice: 0.5344 (Avg: 0.5344) IoU: 0.3806 (Avg: 0.3806)
Train Epoch: [21][2/138] Loss: 0.4262 (Avg: 0.4162) Dice: 0.5238 (Avg: 0.5291) IoU: 0.4091 (Avg: 0.3948)
Train Epoch: [21][3/138] Loss: 0.2928 (Avg: 0.3750) Dice: 0.6749 (Avg: 0.5777) IoU: 0.5192 (Avg: 0.4363)
Train Epoch: [21][4/138] Loss: 0.3952 (Avg: 0.3801) Dice: 0.5467 (Avg: 0.5700) IoU: 0.4314 (Avg: 0.4351)
Train Epoch: [21][5/138] Loss: 0.4844 (Avg: 0.4009) Dice: 0.4633 (Avg: 0.5486) IoU: 0.3411 (Avg: 0.4163)
Train Epoch: [21][6/138] Loss: 0.3146 (Avg: 0.3865) Dice: 0.6509 (Avg: 0.5657) IoU: 0.5023 (Avg: 0.4306)
Train Epoch: [21][7/138] Loss: 0.6895 (Avg: 0.4298) Dice: 0.2537 (Avg: 0.5211) IoU: 0.1665 (Avg: 0.3929)
Train Epoch: [21][8/138] Loss: 0.5017 (Avg: 0.4388) Dice: 0.4630 (Avg: 0.5138) IoU: 0.3082 (Avg: 0.3823)
Train Epoch: [21][9/138] Loss: 0.5067 (Avg: 0.4464) Dice: 0.4654 (Avg: 0.5085) IoU: 0.3469 (Avg: 0.3784)
Train Epoch: [21][10/138] Loss: 0.2781 (Avg: 0.4295) Dice: 0.6975 (Avg: 0.5274) IoU: 0.5506 (Avg: 0.3956)
Train Epoch: [21][11/138] Loss: 0.4415 (Avg: 0.4306) Dice: 0.4959 (Avg: 0.5245) IoU: 0.3395 (Avg: 0.3905)
Train Epoch: [21][12/138] Loss: 0.4354 (Avg: 0.4310) Dice: 0.5375 (Avg: 0.5256) IoU: 0.4214 (Avg: 0.3931)
Train Epoch: [21][13/138] Loss: 0.2861 (Avg: 0.4199) Dice: 0.6031 (Avg: 0.5316) IoU: 0.4619 (Avg: 0.3984)
Train Epoch: [21][14/138] Loss: 0.5765 (Avg: 0.4311) Dice: 0.3411 (Avg: 0.5179) IoU: 0.2312 (Avg: 0.3864)
Train Epoch: [21][15/138] Loss: 0.6246 (Avg: 0.4440) Dice: 0.3467 (Avg: 0.5065) IoU: 0.2262 (Avg: 0.3757)
Train Epoch: [21][16/138] Loss: 0.3685 (Avg: 0.4393) Dice: 0.6025 (Avg: 0.5125) IoU: 0.4496 (Avg: 0.3804)
Train Epoch: [21][17/138] Loss: 0.4282 (Avg: 0.4386) Dice: 0.5553 (Avg: 0.5150) IoU: 0.4055 (Avg: 0.3818)
Train Epoch: [21][18/138] Loss: 0.4342 (Avg: 0.4384) Dice: 0.5214 (Avg: 0.5154) IoU: 0.4073 (Avg: 0.3832)
Train Epoch: [21][19/138] Loss: 0.4993 (Avg: 0.4416) Dice: 0.4613 (Avg: 0.5126) IoU: 0.3275 (Avg: 0.3803)
Train Epoch: [21][20/138] Loss: 0.3753 (Avg: 0.4383) Dice: 0.5832 (Avg: 0.5161) IoU: 0.4434 (Avg: 0.3835)
Train Epoch: [21][21/138] Loss: 0.4200 (Avg: 0.4374) Dice: 0.5303 (Avg: 0.5168) IoU: 0.4111 (Avg: 0.3848)
Train Epoch: [21][22/138] Loss: 0.3547 (Avg: 0.4336) Dice: 0.6451 (Avg: 0.5226) IoU: 0.4889 (Avg: 0.3895)
Train Epoch: [21][23/138] Loss: 0.2533 (Avg: 0.4258) Dice: 0.7642 (Avg: 0.5331) IoU: 0.6326 (Avg: 0.4001)
Train Epoch: [21][24/138] Loss: 0.6157 (Avg: 0.4337) Dice: 0.3474 (Avg: 0.5254) IoU: 0.2214 (Avg: 0.3926)
Train Epoch: [21][25/138] Loss: 0.3585 (Avg: 0.4307) Dice: 0.5441 (Avg: 0.5261) IoU: 0.4225 (Avg: 0.3938)
Train Epoch: [21][26/138] Loss: 0.2596 (Avg: 0.4241) Dice: 0.6876 (Avg: 0.5323) IoU: 0.5330 (Avg: 0.3992)
Train Epoch: [21][27/138] Loss: 0.3336 (Avg: 0.4208) Dice: 0.6110 (Avg: 0.5352) IoU: 0.4493 (Avg: 0.4011)
Train Epoch: [21][28/138] Loss: 0.4022 (Avg: 0.4201) Dice: 0.5109 (Avg: 0.5344) IoU: 0.3474 (Avg: 0.3991)
Train Epoch: [21][29/138] Loss: 0.5814 (Avg: 0.4257) Dice: 0.3337 (Avg: 0.5274) IoU: 0.2406 (Avg: 0.3937)
Train Epoch: [21][30/138] Loss: 0.2851 (Avg: 0.4210) Dice: 0.6447 (Avg: 0.5314) IoU: 0.4896 (Avg: 0.3969)
Train Epoch: [21][31/138] Loss: 0.4309 (Avg: 0.4213) Dice: 0.5354 (Avg: 0.5315) IoU: 0.3731 (Avg: 0.3961)
Train Epoch: [21][32/138] Loss: 0.5747 (Avg: 0.4261) Dice: 0.2800 (Avg: 0.5236) IoU: 0.2033 (Avg: 0.3901)
Train Epoch: [21][33/138] Loss: 0.5374 (Avg: 0.4295) Dice: 0.4136 (Avg: 0.5203) IoU: 0.2899 (Avg: 0.3870)
Train Epoch: [21][34/138] Loss: 0.4163 (Avg: 0.4291) Dice: 0.5428 (Avg: 0.5210) IoU: 0.4345 (Avg: 0.3884)
Train Epoch: [21][35/138] Loss: 0.2198 (Avg: 0.4231) Dice: 0.7348 (Avg: 0.5271) IoU: 0.6095 (Avg: 0.3947)
Train Epoch: [21][36/138] Loss: 0.6229 (Avg: 0.4286) Dice: 0.3374 (Avg: 0.5218) IoU: 0.2440 (Avg: 0.3906)
Train Epoch: [21][37/138] Loss: 0.3775 (Avg: 0.4273) Dice: 0.5932 (Avg: 0.5237) IoU: 0.4755 (Avg: 0.3929)
Train Epoch: [21][38/138] Loss: 0.3449 (Avg: 0.4251) Dice: 0.6028 (Avg: 0.5258) IoU: 0.4584 (Avg: 0.3946)
Train Epoch: [21][39/138] Loss: 0.2135 (Avg: 0.4197) Dice: 0.7502 (Avg: 0.5316) IoU: 0.6027 (Avg: 0.3999)
Train Epoch: [21][40/138] Loss: 0.3765 (Avg: 0.4186) Dice: 0.5847 (Avg: 0.5329) IoU: 0.4263 (Avg: 0.4006)
Train Epoch: [21][41/138] Loss: 0.3567 (Avg: 0.4171) Dice: 0.6061 (Avg: 0.5347) IoU: 0.4833 (Avg: 0.4026)
Train Epoch: [21][42/138] Loss: 0.3453 (Avg: 0.4154) Dice: 0.6290 (Avg: 0.5369) IoU: 0.4817 (Avg: 0.4045)
Train Epoch: [21][43/138] Loss: 0.5101 (Avg: 0.4176) Dice: 0.4587 (Avg: 0.5351) IoU: 0.3315 (Avg: 0.4028)
Train Epoch: [21][44/138] Loss: 0.3993 (Avg: 0.4172) Dice: 0.5233 (Avg: 0.5348) IoU: 0.3671 (Avg: 0.4020)
Train Epoch: [21][45/138] Loss: 0.5670 (Avg: 0.4205) Dice: 0.4040 (Avg: 0.5319) IoU: 0.3153 (Avg: 0.4000)
Train Epoch: [21][46/138] Loss: 0.1868 (Avg: 0.4154) Dice: 0.7859 (Avg: 0.5375) IoU: 0.6537 (Avg: 0.4056)
Train Epoch: [21][47/138] Loss: 0.3630 (Avg: 0.4143) Dice: 0.5906 (Avg: 0.5386) IoU: 0.4536 (Avg: 0.4066)
Train Epoch: [21][48/138] Loss: 0.2909 (Avg: 0.4117) Dice: 0.7024 (Avg: 0.5420) IoU: 0.5659 (Avg: 0.4099)
Train Epoch: [21][49/138] Loss: 0.5222 (Avg: 0.4140) Dice: 0.4509 (Avg: 0.5401) IoU: 0.3227 (Avg: 0.4081)
Train Epoch: [21][50/138] Loss: 0.3580 (Avg: 0.4129) Dice: 0.6040 (Avg: 0.5414) IoU: 0.4794 (Avg: 0.4095)
Train Epoch: [21][51/138] Loss: 0.2848 (Avg: 0.4103) Dice: 0.6692 (Avg: 0.5439) IoU: 0.5260 (Avg: 0.4118)
Train Epoch: [21][52/138] Loss: 0.4179 (Avg: 0.4105) Dice: 0.5509 (Avg: 0.5441) IoU: 0.4255 (Avg: 0.4121)
Train Epoch: [21][53/138] Loss: 0.4297 (Avg: 0.4109) Dice: 0.5259 (Avg: 0.5437) IoU: 0.3938 (Avg: 0.4117)
Train Epoch: [21][54/138] Loss: 0.2904 (Avg: 0.4086) Dice: 0.6580 (Avg: 0.5458) IoU: 0.5088 (Avg: 0.4135)
Train Epoch: [21][55/138] Loss: 0.3007 (Avg: 0.4067) Dice: 0.6356 (Avg: 0.5475) IoU: 0.4687 (Avg: 0.4145)
Train Epoch: [21][56/138] Loss: 0.3131 (Avg: 0.4050) Dice: 0.6468 (Avg: 0.5492) IoU: 0.5122 (Avg: 0.4163)
Train Epoch: [21][57/138] Loss: 0.4796 (Avg: 0.4063) Dice: 0.4946 (Avg: 0.5483) IoU: 0.3504 (Avg: 0.4151)
Train Epoch: [21][58/138] Loss: 0.1855 (Avg: 0.4025) Dice: 0.7933 (Avg: 0.5525) IoU: 0.6592 (Avg: 0.4193)
Train Epoch: [21][59/138] Loss: 0.2566 (Avg: 0.4000) Dice: 0.7075 (Avg: 0.5551) IoU: 0.5573 (Avg: 0.4217)
Train Epoch: [21][60/138] Loss: 0.2287 (Avg: 0.3972) Dice: 0.7513 (Avg: 0.5584) IoU: 0.6424 (Avg: 0.4254)
Train Epoch: [21][61/138] Loss: 0.5660 (Avg: 0.3999) Dice: 0.4118 (Avg: 0.5560) IoU: 0.3053 (Avg: 0.4234)
Train Epoch: [21][62/138] Loss: 0.4662 (Avg: 0.4010) Dice: 0.4834 (Avg: 0.5548) IoU: 0.3632 (Avg: 0.4224)
Train Epoch: [21][63/138] Loss: 0.2407 (Avg: 0.3985) Dice: 0.7179 (Avg: 0.5574) IoU: 0.5776 (Avg: 0.4249)
Train Epoch: [21][64/138] Loss: 0.3227 (Avg: 0.3973) Dice: 0.6168 (Avg: 0.5583) IoU: 0.4556 (Avg: 0.4254)
Train Epoch: [21][65/138] Loss: 0.5747 (Avg: 0.4000) Dice: 0.3940 (Avg: 0.5558) IoU: 0.2679 (Avg: 0.4229)
Train Epoch: [21][66/138] Loss: 0.2681 (Avg: 0.3980) Dice: 0.7133 (Avg: 0.5582) IoU: 0.5789 (Avg: 0.4253)
Train Epoch: [21][67/138] Loss: 0.4811 (Avg: 0.3992) Dice: 0.4669 (Avg: 0.5568) IoU: 0.3747 (Avg: 0.4246)
Train Epoch: [21][68/138] Loss: 0.4401 (Avg: 0.3998) Dice: 0.4843 (Avg: 0.5558) IoU: 0.3765 (Avg: 0.4238)
Train Epoch: [21][69/138] Loss: 0.3092 (Avg: 0.3985) Dice: 0.6152 (Avg: 0.5566) IoU: 0.4562 (Avg: 0.4243)
Train Epoch: [21][70/138] Loss: 0.2998 (Avg: 0.3971) Dice: 0.6450 (Avg: 0.5579) IoU: 0.4780 (Avg: 0.4251)
Train Epoch: [21][71/138] Loss: 0.2678 (Avg: 0.3953) Dice: 0.6712 (Avg: 0.5595) IoU: 0.5119 (Avg: 0.4263)
Train Epoch: [21][72/138] Loss: 0.5075 (Avg: 0.3969) Dice: 0.4600 (Avg: 0.5581) IoU: 0.3577 (Avg: 0.4254)
Train Epoch: [21][73/138] Loss: 0.2806 (Avg: 0.3953) Dice: 0.6469 (Avg: 0.5593) IoU: 0.5189 (Avg: 0.4266)
Train Epoch: [21][74/138] Loss: 0.3563 (Avg: 0.3947) Dice: 0.5855 (Avg: 0.5597) IoU: 0.4454 (Avg: 0.4269)
Train Epoch: [21][75/138] Loss: 0.2844 (Avg: 0.3933) Dice: 0.6497 (Avg: 0.5609) IoU: 0.5119 (Avg: 0.4280)
Train Epoch: [21][76/138] Loss: 0.2948 (Avg: 0.3920) Dice: 0.6710 (Avg: 0.5623) IoU: 0.5086 (Avg: 0.4291)
Train Epoch: [21][77/138] Loss: 0.3109 (Avg: 0.3909) Dice: 0.6344 (Avg: 0.5633) IoU: 0.4861 (Avg: 0.4298)
Train Epoch: [21][78/138] Loss: 0.4202 (Avg: 0.3913) Dice: 0.5452 (Avg: 0.5630) IoU: 0.4089 (Avg: 0.4296)
Train Epoch: [21][79/138] Loss: 0.2157 (Avg: 0.3891) Dice: 0.7697 (Avg: 0.5656) IoU: 0.6288 (Avg: 0.4321)
Train Epoch: [21][80/138] Loss: 0.4162 (Avg: 0.3894) Dice: 0.4776 (Avg: 0.5645) IoU: 0.3547 (Avg: 0.4311)
Train Epoch: [21][81/138] Loss: 0.2664 (Avg: 0.3879) Dice: 0.6907 (Avg: 0.5661) IoU: 0.5388 (Avg: 0.4324)
Train Epoch: [21][82/138] Loss: 0.2463 (Avg: 0.3862) Dice: 0.7148 (Avg: 0.5679) IoU: 0.5776 (Avg: 0.4342)
Train Epoch: [21][83/138] Loss: 0.3103 (Avg: 0.3853) Dice: 0.6087 (Avg: 0.5684) IoU: 0.4380 (Avg: 0.4343)
Train Epoch: [21][84/138] Loss: 0.2330 (Avg: 0.3834) Dice: 0.7280 (Avg: 0.5703) IoU: 0.5760 (Avg: 0.4359)
Train Epoch: [21][85/138] Loss: 0.2984 (Avg: 0.3824) Dice: 0.7745 (Avg: 0.5727) IoU: 0.6694 (Avg: 0.4387)
Train Epoch: [21][86/138] Loss: 0.2078 (Avg: 0.3804) Dice: 0.7603 (Avg: 0.5749) IoU: 0.6152 (Avg: 0.4407)
Train Epoch: [21][87/138] Loss: 0.5756 (Avg: 0.3827) Dice: 0.3917 (Avg: 0.5728) IoU: 0.2817 (Avg: 0.4389)
Train Epoch: [21][88/138] Loss: 0.4046 (Avg: 0.3829) Dice: 0.5484 (Avg: 0.5725) IoU: 0.3972 (Avg: 0.4384)
Train Epoch: [21][89/138] Loss: 0.2953 (Avg: 0.3819) Dice: 0.7152 (Avg: 0.5741) IoU: 0.5665 (Avg: 0.4399)
Train Epoch: [21][90/138] Loss: 0.4346 (Avg: 0.3825) Dice: 0.5245 (Avg: 0.5736) IoU: 0.3831 (Avg: 0.4392)
Train Epoch: [21][91/138] Loss: 0.2711 (Avg: 0.3813) Dice: 0.6668 (Avg: 0.5746) IoU: 0.5367 (Avg: 0.4403)
Train Epoch: [21][92/138] Loss: 0.4383 (Avg: 0.3819) Dice: 0.5181 (Avg: 0.5740) IoU: 0.3659 (Avg: 0.4395)
Train Epoch: [21][93/138] Loss: 0.2605 (Avg: 0.3806) Dice: 0.7034 (Avg: 0.5754) IoU: 0.5621 (Avg: 0.4408)
Train Epoch: [21][94/138] Loss: 0.4473 (Avg: 0.3813) Dice: 0.5316 (Avg: 0.5749) IoU: 0.3947 (Avg: 0.4403)
Train Epoch: [21][95/138] Loss: 0.3071 (Avg: 0.3805) Dice: 0.6712 (Avg: 0.5759) IoU: 0.5108 (Avg: 0.4411)
Train Epoch: [21][96/138] Loss: 0.4106 (Avg: 0.3808) Dice: 0.5757 (Avg: 0.5759) IoU: 0.4160 (Avg: 0.4408)
Train Epoch: [21][97/138] Loss: 0.2505 (Avg: 0.3795) Dice: 0.7133 (Avg: 0.5773) IoU: 0.5795 (Avg: 0.4422)
Train Epoch: [21][98/138] Loss: 0.2717 (Avg: 0.3784) Dice: 0.6994 (Avg: 0.5786) IoU: 0.5544 (Avg: 0.4434)
Train Epoch: [21][99/138] Loss: 0.5377 (Avg: 0.3800) Dice: 0.4198 (Avg: 0.5770) IoU: 0.3167 (Avg: 0.4421)
Train Epoch: [21][100/138] Loss: 0.3409 (Avg: 0.3796) Dice: 0.6189 (Avg: 0.5774) IoU: 0.4940 (Avg: 0.4426)
Train Epoch: [21][101/138] Loss: 0.2943 (Avg: 0.3788) Dice: 0.6696 (Avg: 0.5783) IoU: 0.5371 (Avg: 0.4436)
Train Epoch: [21][102/138] Loss: 0.2592 (Avg: 0.3776) Dice: 0.6972 (Avg: 0.5795) IoU: 0.5484 (Avg: 0.4446)
Train Epoch: [21][103/138] Loss: 0.2721 (Avg: 0.3766) Dice: 0.6834 (Avg: 0.5805) IoU: 0.5356 (Avg: 0.4455)
Train Epoch: [21][104/138] Loss: 0.2076 (Avg: 0.3749) Dice: 0.7602 (Avg: 0.5822) IoU: 0.6250 (Avg: 0.4472)
Train Epoch: [21][105/138] Loss: 0.3036 (Avg: 0.3743) Dice: 0.6151 (Avg: 0.5825) IoU: 0.4991 (Avg: 0.4477)
Train Epoch: [21][106/138] Loss: 0.5614 (Avg: 0.3760) Dice: 0.3681 (Avg: 0.5805) IoU: 0.2579 (Avg: 0.4459)
Train Epoch: [21][107/138] Loss: 0.3378 (Avg: 0.3757) Dice: 0.5947 (Avg: 0.5806) IoU: 0.4593 (Avg: 0.4460)
Train Epoch: [21][108/138] Loss: 0.2232 (Avg: 0.3743) Dice: 0.7439 (Avg: 0.5821) IoU: 0.6197 (Avg: 0.4476)
Train Epoch: [21][109/138] Loss: 0.5330 (Avg: 0.3757) Dice: 0.4635 (Avg: 0.5810) IoU: 0.3233 (Avg: 0.4465)
Train Epoch: [21][110/138] Loss: 0.1693 (Avg: 0.3738) Dice: 0.7887 (Avg: 0.5829) IoU: 0.6583 (Avg: 0.4484)
Train Epoch: [21][111/138] Loss: 0.3070 (Avg: 0.3732) Dice: 0.6714 (Avg: 0.5837) IoU: 0.5308 (Avg: 0.4492)
Train Epoch: [21][112/138] Loss: 0.4279 (Avg: 0.3737) Dice: 0.5069 (Avg: 0.5830) IoU: 0.3505 (Avg: 0.4483)
Train Epoch: [21][113/138] Loss: 0.2990 (Avg: 0.3731) Dice: 0.6712 (Avg: 0.5838) IoU: 0.5160 (Avg: 0.4489)
Train Epoch: [21][114/138] Loss: 0.4062 (Avg: 0.3734) Dice: 0.5359 (Avg: 0.5834) IoU: 0.3770 (Avg: 0.4483)
Train Epoch: [21][115/138] Loss: 0.4176 (Avg: 0.3737) Dice: 0.4844 (Avg: 0.5825) IoU: 0.3622 (Avg: 0.4475)
Train Epoch: [21][116/138] Loss: 0.5704 (Avg: 0.3754) Dice: 0.3977 (Avg: 0.5810) IoU: 0.2850 (Avg: 0.4461)
Train Epoch: [21][117/138] Loss: 0.7531 (Avg: 0.3787) Dice: 0.2290 (Avg: 0.5779) IoU: 0.1504 (Avg: 0.4436)
Train Epoch: [21][118/138] Loss: 0.3871 (Avg: 0.3787) Dice: 0.5806 (Avg: 0.5780) IoU: 0.4758 (Avg: 0.4438)
Train Epoch: [21][119/138] Loss: 0.3906 (Avg: 0.3788) Dice: 0.5840 (Avg: 0.5780) IoU: 0.4804 (Avg: 0.4442)
Train Epoch: [21][120/138] Loss: 0.3262 (Avg: 0.3784) Dice: 0.6185 (Avg: 0.5784) IoU: 0.4639 (Avg: 0.4443)
Train Epoch: [21][121/138] Loss: 0.2576 (Avg: 0.3774) Dice: 0.7268 (Avg: 0.5796) IoU: 0.5784 (Avg: 0.4454)
Train Epoch: [21][122/138] Loss: 0.3575 (Avg: 0.3772) Dice: 0.6065 (Avg: 0.5798) IoU: 0.4422 (Avg: 0.4454)
Train Epoch: [21][123/138] Loss: 0.3356 (Avg: 0.3769) Dice: 0.5665 (Avg: 0.5797) IoU: 0.4127 (Avg: 0.4451)
Train Epoch: [21][124/138] Loss: 0.3553 (Avg: 0.3767) Dice: 0.5626 (Avg: 0.5796) IoU: 0.4653 (Avg: 0.4453)
Train Epoch: [21][125/138] Loss: 0.2044 (Avg: 0.3753) Dice: 0.7374 (Avg: 0.5808) IoU: 0.5896 (Avg: 0.4465)
Train Epoch: [21][126/138] Loss: 0.2846 (Avg: 0.3746) Dice: 0.6775 (Avg: 0.5816) IoU: 0.5304 (Avg: 0.4471)
Train Epoch: [21][127/138] Loss: 0.3715 (Avg: 0.3746) Dice: 0.5906 (Avg: 0.5817) IoU: 0.4875 (Avg: 0.4474)
Train Epoch: [21][128/138] Loss: 0.2820 (Avg: 0.3739) Dice: 0.6753 (Avg: 0.5824) IoU: 0.5211 (Avg: 0.4480)
Train Epoch: [21][129/138] Loss: 0.2372 (Avg: 0.3728) Dice: 0.7148 (Avg: 0.5834) IoU: 0.5729 (Avg: 0.4490)
Train Epoch: [21][130/138] Loss: 0.4615 (Avg: 0.3735) Dice: 0.4875 (Avg: 0.5827) IoU: 0.3761 (Avg: 0.4484)
Train Epoch: [21][131/138] Loss: 0.2623 (Avg: 0.3726) Dice: 0.7082 (Avg: 0.5836) IoU: 0.5745 (Avg: 0.4494)
Train Epoch: [21][132/138] Loss: 0.3098 (Avg: 0.3722) Dice: 0.6328 (Avg: 0.5840) IoU: 0.4665 (Avg: 0.4495)
Train Epoch: [21][133/138] Loss: 0.3895 (Avg: 0.3723) Dice: 0.5424 (Avg: 0.5837) IoU: 0.4153 (Avg: 0.4493)
Train Epoch: [21][134/138] Loss: 0.2524 (Avg: 0.3714) Dice: 0.6922 (Avg: 0.5845) IoU: 0.5312 (Avg: 0.4499)
Train Epoch: [21][135/138] Loss: 0.4774 (Avg: 0.3722) Dice: 0.4778 (Avg: 0.5837) IoU: 0.3563 (Avg: 0.4492)
Train Epoch: [21][136/138] Loss: 0.2445 (Avg: 0.3713) Dice: 0.7340 (Avg: 0.5848) IoU: 0.6153 (Avg: 0.4504)
Train Epoch: [21][137/138] Loss: 0.3248 (Avg: 0.3709) Dice: 0.6360 (Avg: 0.5852) IoU: 0.4739 (Avg: 0.4506)
Train Epoch: [21][138/138] Loss: 0.4426 (Avg: 0.3690) Dice: 0.4883 (Avg: 0.5818) IoU: 0.3230 (Avg: 0.4479)
Validation Epoch: [21] Avg Loss: 0.3831 Avg Dice: 0.5679 Avg IoU: 0.4356

========= Epoch [22/50] =========
Train Epoch: [22][1/138] Loss: 0.3503 (Avg: 0.3503) Dice: 0.5880 (Avg: 0.5880) IoU: 0.4555 (Avg: 0.4555)
Train Epoch: [22][2/138] Loss: 0.2736 (Avg: 0.3119) Dice: 0.6742 (Avg: 0.6311) IoU: 0.5258 (Avg: 0.4906)
Train Epoch: [22][3/138] Loss: 0.3986 (Avg: 0.3408) Dice: 0.5420 (Avg: 0.6014) IoU: 0.3983 (Avg: 0.4599)
Train Epoch: [22][4/138] Loss: 0.5576 (Avg: 0.3950) Dice: 0.3574 (Avg: 0.5404) IoU: 0.2781 (Avg: 0.4144)
Train Epoch: [22][5/138] Loss: 0.6693 (Avg: 0.4499) Dice: 0.3153 (Avg: 0.4954) IoU: 0.2131 (Avg: 0.3742)
Train Epoch: [22][6/138] Loss: 0.1834 (Avg: 0.4054) Dice: 0.7900 (Avg: 0.5445) IoU: 0.6628 (Avg: 0.4223)
Train Epoch: [22][7/138] Loss: 0.3564 (Avg: 0.3984) Dice: 0.5493 (Avg: 0.5452) IoU: 0.3992 (Avg: 0.4190)
Train Epoch: [22][8/138] Loss: 0.3202 (Avg: 0.3887) Dice: 0.6254 (Avg: 0.5552) IoU: 0.4576 (Avg: 0.4238)
Train Epoch: [22][9/138] Loss: 0.3536 (Avg: 0.3848) Dice: 0.6194 (Avg: 0.5623) IoU: 0.4763 (Avg: 0.4296)
Train Epoch: [22][10/138] Loss: 0.2069 (Avg: 0.3670) Dice: 0.7440 (Avg: 0.5805) IoU: 0.6030 (Avg: 0.4470)
Train Epoch: [22][11/138] Loss: 0.2803 (Avg: 0.3591) Dice: 0.6531 (Avg: 0.5871) IoU: 0.5087 (Avg: 0.4526)
Train Epoch: [22][12/138] Loss: 0.2906 (Avg: 0.3534) Dice: 0.6813 (Avg: 0.5950) IoU: 0.5575 (Avg: 0.4613)
Train Epoch: [22][13/138] Loss: 0.3964 (Avg: 0.3567) Dice: 0.5518 (Avg: 0.5916) IoU: 0.4132 (Avg: 0.4576)
Train Epoch: [22][14/138] Loss: 0.2681 (Avg: 0.3504) Dice: 0.7074 (Avg: 0.5999) IoU: 0.5659 (Avg: 0.4654)
Train Epoch: [22][15/138] Loss: 0.6693 (Avg: 0.3716) Dice: 0.2831 (Avg: 0.5788) IoU: 0.1922 (Avg: 0.4471)
Train Epoch: [22][16/138] Loss: 0.3069 (Avg: 0.3676) Dice: 0.6934 (Avg: 0.5859) IoU: 0.5510 (Avg: 0.4536)
Train Epoch: [22][17/138] Loss: 0.3730 (Avg: 0.3679) Dice: 0.6049 (Avg: 0.5871) IoU: 0.4400 (Avg: 0.4528)
Train Epoch: [22][18/138] Loss: 0.4243 (Avg: 0.3710) Dice: 0.5152 (Avg: 0.5831) IoU: 0.3517 (Avg: 0.4472)
Train Epoch: [22][19/138] Loss: 0.3405 (Avg: 0.3694) Dice: 0.6031 (Avg: 0.5841) IoU: 0.4557 (Avg: 0.4477)
Train Epoch: [22][20/138] Loss: 0.4138 (Avg: 0.3717) Dice: 0.5464 (Avg: 0.5822) IoU: 0.4302 (Avg: 0.4468)
Train Epoch: [22][21/138] Loss: 0.2735 (Avg: 0.3670) Dice: 0.6887 (Avg: 0.5873) IoU: 0.5391 (Avg: 0.4512)
Train Epoch: [22][22/138] Loss: 0.3140 (Avg: 0.3646) Dice: 0.6511 (Avg: 0.5902) IoU: 0.5095 (Avg: 0.4538)
Train Epoch: [22][23/138] Loss: 0.2639 (Avg: 0.3602) Dice: 0.7059 (Avg: 0.5952) IoU: 0.5746 (Avg: 0.4591)
Train Epoch: [22][24/138] Loss: 0.2393 (Avg: 0.3552) Dice: 0.7362 (Avg: 0.6011) IoU: 0.5844 (Avg: 0.4643)
Train Epoch: [22][25/138] Loss: 0.3186 (Avg: 0.3537) Dice: 0.6408 (Avg: 0.6027) IoU: 0.5231 (Avg: 0.4667)
Train Epoch: [22][26/138] Loss: 0.3848 (Avg: 0.3549) Dice: 0.5289 (Avg: 0.5999) IoU: 0.4245 (Avg: 0.4650)
Train Epoch: [22][27/138] Loss: 0.3330 (Avg: 0.3541) Dice: 0.6181 (Avg: 0.6005) IoU: 0.4658 (Avg: 0.4651)
Train Epoch: [22][28/138] Loss: 0.2157 (Avg: 0.3491) Dice: 0.7448 (Avg: 0.6057) IoU: 0.6054 (Avg: 0.4701)
Train Epoch: [22][29/138] Loss: 0.3000 (Avg: 0.3474) Dice: 0.6739 (Avg: 0.6080) IoU: 0.5659 (Avg: 0.4734)
Train Epoch: [22][30/138] Loss: 0.2721 (Avg: 0.3449) Dice: 0.6925 (Avg: 0.6109) IoU: 0.5494 (Avg: 0.4759)
Train Epoch: [22][31/138] Loss: 0.4923 (Avg: 0.3497) Dice: 0.4639 (Avg: 0.6061) IoU: 0.3644 (Avg: 0.4723)
Train Epoch: [22][32/138] Loss: 0.4259 (Avg: 0.3521) Dice: 0.5273 (Avg: 0.6036) IoU: 0.3838 (Avg: 0.4696)
Train Epoch: [22][33/138] Loss: 0.3147 (Avg: 0.3509) Dice: 0.6426 (Avg: 0.6048) IoU: 0.4900 (Avg: 0.4702)
Train Epoch: [22][34/138] Loss: 0.1864 (Avg: 0.3461) Dice: 0.7687 (Avg: 0.6097) IoU: 0.6425 (Avg: 0.4752)
Train Epoch: [22][35/138] Loss: 0.3218 (Avg: 0.3454) Dice: 0.6710 (Avg: 0.6114) IoU: 0.5289 (Avg: 0.4768)
Train Epoch: [22][36/138] Loss: 0.2966 (Avg: 0.3440) Dice: 0.6419 (Avg: 0.6123) IoU: 0.4928 (Avg: 0.4772)
Train Epoch: [22][37/138] Loss: 0.3218 (Avg: 0.3434) Dice: 0.6342 (Avg: 0.6128) IoU: 0.4769 (Avg: 0.4772)
Train Epoch: [22][38/138] Loss: 0.2374 (Avg: 0.3407) Dice: 0.7045 (Avg: 0.6153) IoU: 0.5560 (Avg: 0.4793)
Train Epoch: [22][39/138] Loss: 0.2530 (Avg: 0.3384) Dice: 0.6850 (Avg: 0.6170) IoU: 0.5268 (Avg: 0.4805)
Train Epoch: [22][40/138] Loss: 0.2464 (Avg: 0.3361) Dice: 0.7038 (Avg: 0.6192) IoU: 0.5521 (Avg: 0.4823)
Train Epoch: [22][41/138] Loss: 0.5693 (Avg: 0.3418) Dice: 0.3719 (Avg: 0.6132) IoU: 0.2461 (Avg: 0.4765)
Train Epoch: [22][42/138] Loss: 0.1860 (Avg: 0.3381) Dice: 0.7791 (Avg: 0.6171) IoU: 0.6470 (Avg: 0.4806)
Train Epoch: [22][43/138] Loss: 0.3290 (Avg: 0.3379) Dice: 0.6337 (Avg: 0.6175) IoU: 0.5252 (Avg: 0.4816)
Train Epoch: [22][44/138] Loss: 0.1836 (Avg: 0.3344) Dice: 0.7752 (Avg: 0.6211) IoU: 0.6340 (Avg: 0.4851)
Train Epoch: [22][45/138] Loss: 0.3929 (Avg: 0.3357) Dice: 0.4746 (Avg: 0.6178) IoU: 0.3536 (Avg: 0.4822)
Train Epoch: [22][46/138] Loss: 0.3842 (Avg: 0.3367) Dice: 0.5729 (Avg: 0.6169) IoU: 0.4145 (Avg: 0.4807)
Train Epoch: [22][47/138] Loss: 0.3644 (Avg: 0.3373) Dice: 0.6157 (Avg: 0.6168) IoU: 0.4674 (Avg: 0.4804)
Train Epoch: [22][48/138] Loss: 0.2607 (Avg: 0.3357) Dice: 0.6860 (Avg: 0.6183) IoU: 0.5452 (Avg: 0.4818)
Train Epoch: [22][49/138] Loss: 0.1360 (Avg: 0.3316) Dice: 0.8398 (Avg: 0.6228) IoU: 0.7259 (Avg: 0.4867)
Train Epoch: [22][50/138] Loss: 0.3008 (Avg: 0.3310) Dice: 0.6350 (Avg: 0.6230) IoU: 0.4790 (Avg: 0.4866)
Train Epoch: [22][51/138] Loss: 0.3020 (Avg: 0.3305) Dice: 0.6448 (Avg: 0.6235) IoU: 0.4836 (Avg: 0.4865)
Train Epoch: [22][52/138] Loss: 0.4694 (Avg: 0.3331) Dice: 0.4464 (Avg: 0.6201) IoU: 0.2983 (Avg: 0.4829)
Train Epoch: [22][53/138] Loss: 0.2681 (Avg: 0.3319) Dice: 0.6915 (Avg: 0.6214) IoU: 0.5389 (Avg: 0.4840)
Train Epoch: [22][54/138] Loss: 0.2884 (Avg: 0.3311) Dice: 0.6888 (Avg: 0.6227) IoU: 0.5373 (Avg: 0.4850)
Train Epoch: [22][55/138] Loss: 0.3861 (Avg: 0.3321) Dice: 0.5832 (Avg: 0.6219) IoU: 0.4894 (Avg: 0.4850)
Train Epoch: [22][56/138] Loss: 0.2682 (Avg: 0.3310) Dice: 0.6775 (Avg: 0.6229) IoU: 0.5317 (Avg: 0.4859)
Train Epoch: [22][57/138] Loss: 0.5981 (Avg: 0.3356) Dice: 0.3497 (Avg: 0.6181) IoU: 0.2396 (Avg: 0.4815)
Train Epoch: [22][58/138] Loss: 0.2491 (Avg: 0.3342) Dice: 0.7204 (Avg: 0.6199) IoU: 0.5760 (Avg: 0.4832)
Train Epoch: [22][59/138] Loss: 0.3421 (Avg: 0.3343) Dice: 0.6109 (Avg: 0.6198) IoU: 0.4597 (Avg: 0.4828)
Train Epoch: [22][60/138] Loss: 0.2810 (Avg: 0.3334) Dice: 0.6543 (Avg: 0.6203) IoU: 0.5332 (Avg: 0.4836)
Train Epoch: [22][61/138] Loss: 0.2371 (Avg: 0.3318) Dice: 0.7516 (Avg: 0.6225) IoU: 0.6100 (Avg: 0.4857)
Train Epoch: [22][62/138] Loss: 0.1970 (Avg: 0.3296) Dice: 0.7546 (Avg: 0.6246) IoU: 0.6276 (Avg: 0.4880)
Train Epoch: [22][63/138] Loss: 0.4232 (Avg: 0.3311) Dice: 0.5648 (Avg: 0.6237) IoU: 0.4347 (Avg: 0.4871)
Train Epoch: [22][64/138] Loss: 0.4614 (Avg: 0.3332) Dice: 0.5096 (Avg: 0.6219) IoU: 0.4032 (Avg: 0.4858)
Train Epoch: [22][65/138] Loss: 0.4247 (Avg: 0.3346) Dice: 0.5398 (Avg: 0.6206) IoU: 0.4094 (Avg: 0.4846)
Train Epoch: [22][66/138] Loss: 0.2512 (Avg: 0.3333) Dice: 0.7380 (Avg: 0.6224) IoU: 0.6201 (Avg: 0.4867)
Train Epoch: [22][67/138] Loss: 0.1674 (Avg: 0.3308) Dice: 0.8249 (Avg: 0.6254) IoU: 0.7046 (Avg: 0.4899)
Train Epoch: [22][68/138] Loss: 0.2786 (Avg: 0.3301) Dice: 0.6820 (Avg: 0.6263) IoU: 0.5314 (Avg: 0.4906)
Train Epoch: [22][69/138] Loss: 0.5642 (Avg: 0.3335) Dice: 0.3941 (Avg: 0.6229) IoU: 0.2627 (Avg: 0.4873)
Train Epoch: [22][70/138] Loss: 0.4631 (Avg: 0.3353) Dice: 0.5348 (Avg: 0.6216) IoU: 0.3815 (Avg: 0.4857)
Train Epoch: [22][71/138] Loss: 0.3903 (Avg: 0.3361) Dice: 0.5416 (Avg: 0.6205) IoU: 0.3833 (Avg: 0.4843)
Train Epoch: [22][72/138] Loss: 0.3591 (Avg: 0.3364) Dice: 0.5700 (Avg: 0.6198) IoU: 0.4093 (Avg: 0.4833)
Train Epoch: [22][73/138] Loss: 0.3962 (Avg: 0.3372) Dice: 0.5723 (Avg: 0.6192) IoU: 0.4650 (Avg: 0.4830)
Train Epoch: [22][74/138] Loss: 0.3660 (Avg: 0.3376) Dice: 0.5800 (Avg: 0.6186) IoU: 0.4308 (Avg: 0.4823)
Train Epoch: [22][75/138] Loss: 0.2720 (Avg: 0.3367) Dice: 0.6860 (Avg: 0.6195) IoU: 0.5347 (Avg: 0.4830)
Train Epoch: [22][76/138] Loss: 0.3184 (Avg: 0.3365) Dice: 0.6304 (Avg: 0.6197) IoU: 0.4736 (Avg: 0.4829)
Train Epoch: [22][77/138] Loss: 0.3917 (Avg: 0.3372) Dice: 0.5945 (Avg: 0.6193) IoU: 0.4612 (Avg: 0.4826)
Train Epoch: [22][78/138] Loss: 0.2662 (Avg: 0.3363) Dice: 0.6933 (Avg: 0.6203) IoU: 0.5504 (Avg: 0.4835)
Train Epoch: [22][79/138] Loss: 0.2379 (Avg: 0.3351) Dice: 0.7251 (Avg: 0.6216) IoU: 0.5785 (Avg: 0.4847)
Train Epoch: [22][80/138] Loss: 0.2148 (Avg: 0.3336) Dice: 0.7469 (Avg: 0.6232) IoU: 0.5963 (Avg: 0.4861)
Train Epoch: [22][81/138] Loss: 0.2364 (Avg: 0.3324) Dice: 0.7250 (Avg: 0.6244) IoU: 0.5811 (Avg: 0.4872)
Train Epoch: [22][82/138] Loss: 0.3340 (Avg: 0.3324) Dice: 0.5982 (Avg: 0.6241) IoU: 0.4526 (Avg: 0.4868)
Train Epoch: [22][83/138] Loss: 0.7628 (Avg: 0.3376) Dice: 0.2117 (Avg: 0.6191) IoU: 0.1394 (Avg: 0.4826)
Train Epoch: [22][84/138] Loss: 0.1894 (Avg: 0.3358) Dice: 0.7721 (Avg: 0.6210) IoU: 0.6390 (Avg: 0.4845)
Train Epoch: [22][85/138] Loss: 0.2709 (Avg: 0.3350) Dice: 0.7011 (Avg: 0.6219) IoU: 0.5675 (Avg: 0.4855)
Train Epoch: [22][86/138] Loss: 0.2616 (Avg: 0.3342) Dice: 0.6794 (Avg: 0.6226) IoU: 0.5319 (Avg: 0.4860)
Train Epoch: [22][87/138] Loss: 0.4014 (Avg: 0.3350) Dice: 0.5693 (Avg: 0.6220) IoU: 0.4233 (Avg: 0.4853)
Train Epoch: [22][88/138] Loss: 0.7510 (Avg: 0.3397) Dice: 0.1746 (Avg: 0.6169) IoU: 0.1186 (Avg: 0.4811)
Train Epoch: [22][89/138] Loss: 0.6959 (Avg: 0.3437) Dice: 0.2759 (Avg: 0.6131) IoU: 0.2017 (Avg: 0.4780)
Train Epoch: [22][90/138] Loss: 0.3013 (Avg: 0.3432) Dice: 0.6912 (Avg: 0.6139) IoU: 0.5517 (Avg: 0.4788)
Train Epoch: [22][91/138] Loss: 0.3446 (Avg: 0.3432) Dice: 0.6179 (Avg: 0.6140) IoU: 0.4836 (Avg: 0.4789)
Train Epoch: [22][92/138] Loss: 0.2601 (Avg: 0.3423) Dice: 0.7138 (Avg: 0.6150) IoU: 0.6020 (Avg: 0.4802)
Train Epoch: [22][93/138] Loss: 0.2642 (Avg: 0.3415) Dice: 0.7177 (Avg: 0.6162) IoU: 0.5764 (Avg: 0.4812)
Train Epoch: [22][94/138] Loss: 0.1940 (Avg: 0.3399) Dice: 0.7786 (Avg: 0.6179) IoU: 0.6451 (Avg: 0.4830)
Train Epoch: [22][95/138] Loss: 0.3629 (Avg: 0.3402) Dice: 0.5754 (Avg: 0.6174) IoU: 0.4138 (Avg: 0.4822)
Train Epoch: [22][96/138] Loss: 0.4959 (Avg: 0.3418) Dice: 0.4544 (Avg: 0.6157) IoU: 0.3265 (Avg: 0.4806)
Train Epoch: [22][97/138] Loss: 0.2093 (Avg: 0.3404) Dice: 0.7630 (Avg: 0.6173) IoU: 0.6462 (Avg: 0.4823)
Train Epoch: [22][98/138] Loss: 0.2349 (Avg: 0.3393) Dice: 0.7406 (Avg: 0.6185) IoU: 0.6115 (Avg: 0.4836)
Train Epoch: [22][99/138] Loss: 0.3977 (Avg: 0.3399) Dice: 0.5788 (Avg: 0.6181) IoU: 0.4189 (Avg: 0.4830)
Train Epoch: [22][100/138] Loss: 0.2310 (Avg: 0.3388) Dice: 0.7077 (Avg: 0.6190) IoU: 0.5714 (Avg: 0.4839)
Train Epoch: [22][101/138] Loss: 0.1968 (Avg: 0.3374) Dice: 0.7680 (Avg: 0.6205) IoU: 0.6284 (Avg: 0.4853)
Train Epoch: [22][102/138] Loss: 0.3924 (Avg: 0.3380) Dice: 0.5376 (Avg: 0.6197) IoU: 0.4100 (Avg: 0.4846)
Train Epoch: [22][103/138] Loss: 0.4159 (Avg: 0.3387) Dice: 0.5377 (Avg: 0.6189) IoU: 0.4065 (Avg: 0.4838)
Train Epoch: [22][104/138] Loss: 0.3725 (Avg: 0.3390) Dice: 0.5971 (Avg: 0.6187) IoU: 0.4917 (Avg: 0.4839)
Train Epoch: [22][105/138] Loss: 0.2969 (Avg: 0.3386) Dice: 0.6766 (Avg: 0.6192) IoU: 0.5261 (Avg: 0.4843)
Train Epoch: [22][106/138] Loss: 0.5087 (Avg: 0.3402) Dice: 0.4507 (Avg: 0.6176) IoU: 0.3086 (Avg: 0.4826)
Train Epoch: [22][107/138] Loss: 0.4699 (Avg: 0.3415) Dice: 0.4956 (Avg: 0.6165) IoU: 0.3562 (Avg: 0.4815)
Train Epoch: [22][108/138] Loss: 0.2532 (Avg: 0.3406) Dice: 0.6953 (Avg: 0.6172) IoU: 0.5457 (Avg: 0.4820)
Train Epoch: [22][109/138] Loss: 0.3842 (Avg: 0.3410) Dice: 0.5638 (Avg: 0.6167) IoU: 0.4239 (Avg: 0.4815)
Train Epoch: [22][110/138] Loss: 0.5578 (Avg: 0.3430) Dice: 0.4149 (Avg: 0.6149) IoU: 0.2844 (Avg: 0.4797)
Train Epoch: [22][111/138] Loss: 0.3430 (Avg: 0.3430) Dice: 0.5969 (Avg: 0.6147) IoU: 0.4297 (Avg: 0.4793)
Train Epoch: [22][112/138] Loss: 0.2432 (Avg: 0.3421) Dice: 0.7165 (Avg: 0.6156) IoU: 0.5710 (Avg: 0.4801)
Train Epoch: [22][113/138] Loss: 0.3118 (Avg: 0.3419) Dice: 0.6551 (Avg: 0.6160) IoU: 0.5025 (Avg: 0.4803)
Train Epoch: [22][114/138] Loss: 0.3357 (Avg: 0.3418) Dice: 0.6127 (Avg: 0.6160) IoU: 0.4932 (Avg: 0.4804)
Train Epoch: [22][115/138] Loss: 0.2392 (Avg: 0.3409) Dice: 0.7274 (Avg: 0.6169) IoU: 0.5774 (Avg: 0.4812)
Train Epoch: [22][116/138] Loss: 0.2380 (Avg: 0.3400) Dice: 0.6914 (Avg: 0.6176) IoU: 0.5351 (Avg: 0.4817)
Train Epoch: [22][117/138] Loss: 0.3105 (Avg: 0.3398) Dice: 0.6498 (Avg: 0.6178) IoU: 0.4962 (Avg: 0.4818)
Train Epoch: [22][118/138] Loss: 0.3905 (Avg: 0.3402) Dice: 0.5449 (Avg: 0.6172) IoU: 0.4420 (Avg: 0.4815)
Train Epoch: [22][119/138] Loss: 0.4683 (Avg: 0.3413) Dice: 0.4765 (Avg: 0.6160) IoU: 0.3584 (Avg: 0.4805)
Train Epoch: [22][120/138] Loss: 0.1538 (Avg: 0.3397) Dice: 0.8276 (Avg: 0.6178) IoU: 0.7062 (Avg: 0.4823)
Train Epoch: [22][121/138] Loss: 0.2719 (Avg: 0.3392) Dice: 0.6938 (Avg: 0.6184) IoU: 0.5663 (Avg: 0.4830)
Train Epoch: [22][122/138] Loss: 0.5241 (Avg: 0.3407) Dice: 0.5065 (Avg: 0.6175) IoU: 0.3808 (Avg: 0.4822)
Train Epoch: [22][123/138] Loss: 0.5870 (Avg: 0.3427) Dice: 0.3592 (Avg: 0.6154) IoU: 0.2582 (Avg: 0.4804)
Train Epoch: [22][124/138] Loss: 0.2905 (Avg: 0.3423) Dice: 0.6533 (Avg: 0.6157) IoU: 0.4985 (Avg: 0.4805)
Train Epoch: [22][125/138] Loss: 0.2252 (Avg: 0.3413) Dice: 0.7299 (Avg: 0.6166) IoU: 0.5987 (Avg: 0.4815)
Train Epoch: [22][126/138] Loss: 0.2965 (Avg: 0.3410) Dice: 0.6755 (Avg: 0.6171) IoU: 0.5387 (Avg: 0.4819)
Train Epoch: [22][127/138] Loss: 0.2154 (Avg: 0.3400) Dice: 0.7289 (Avg: 0.6180) IoU: 0.5767 (Avg: 0.4827)
Train Epoch: [22][128/138] Loss: 0.3549 (Avg: 0.3401) Dice: 0.5875 (Avg: 0.6177) IoU: 0.4283 (Avg: 0.4822)
Train Epoch: [22][129/138] Loss: 0.2508 (Avg: 0.3394) Dice: 0.7093 (Avg: 0.6185) IoU: 0.5802 (Avg: 0.4830)
Train Epoch: [22][130/138] Loss: 0.4604 (Avg: 0.3403) Dice: 0.4969 (Avg: 0.6175) IoU: 0.3640 (Avg: 0.4821)
Train Epoch: [22][131/138] Loss: 0.3879 (Avg: 0.3407) Dice: 0.5843 (Avg: 0.6173) IoU: 0.4497 (Avg: 0.4818)
Train Epoch: [22][132/138] Loss: 0.4047 (Avg: 0.3412) Dice: 0.5461 (Avg: 0.6167) IoU: 0.3931 (Avg: 0.4812)
Train Epoch: [22][133/138] Loss: 0.4574 (Avg: 0.3420) Dice: 0.5068 (Avg: 0.6159) IoU: 0.3869 (Avg: 0.4805)
Train Epoch: [22][134/138] Loss: 0.3636 (Avg: 0.3422) Dice: 0.5691 (Avg: 0.6156) IoU: 0.4618 (Avg: 0.4803)
Train Epoch: [22][135/138] Loss: 0.1734 (Avg: 0.3410) Dice: 0.7819 (Avg: 0.6168) IoU: 0.6509 (Avg: 0.4816)
Train Epoch: [22][136/138] Loss: 0.2211 (Avg: 0.3401) Dice: 0.7489 (Avg: 0.6178) IoU: 0.6100 (Avg: 0.4825)
Train Epoch: [22][137/138] Loss: 0.2702 (Avg: 0.3396) Dice: 0.7234 (Avg: 0.6185) IoU: 0.5739 (Avg: 0.4832)
Train Epoch: [22][138/138] Loss: 0.6977 (Avg: 0.3384) Dice: 0.2519 (Avg: 0.6145) IoU: 0.1441 (Avg: 0.4800)
Validation Epoch: [22] Avg Loss: 0.3658 Avg Dice: 0.5962 Avg IoU: 0.4593
	 Best dice improved from 0.5784 to 0.5962
	 Model saved to ImageEncoder_Pretrain\UNet\Pretrain_05.25_10h55\models\best_model-UNet.pth.tar

========= Epoch [23/50] =========
Train Epoch: [23][1/138] Loss: 0.4007 (Avg: 0.4007) Dice: 0.5791 (Avg: 0.5791) IoU: 0.4594 (Avg: 0.4594)
Train Epoch: [23][2/138] Loss: 0.2150 (Avg: 0.3079) Dice: 0.7757 (Avg: 0.6774) IoU: 0.6490 (Avg: 0.5542)
Train Epoch: [23][3/138] Loss: 0.4314 (Avg: 0.3490) Dice: 0.5505 (Avg: 0.6351) IoU: 0.4035 (Avg: 0.5039)
Train Epoch: [23][4/138] Loss: 0.4623 (Avg: 0.3774) Dice: 0.5281 (Avg: 0.6083) IoU: 0.4390 (Avg: 0.4877)
Train Epoch: [23][5/138] Loss: 0.1934 (Avg: 0.3406) Dice: 0.7468 (Avg: 0.6360) IoU: 0.6134 (Avg: 0.5128)
Train Epoch: [23][6/138] Loss: 0.3267 (Avg: 0.3383) Dice: 0.6542 (Avg: 0.6390) IoU: 0.5133 (Avg: 0.5129)
Train Epoch: [23][7/138] Loss: 0.3368 (Avg: 0.3380) Dice: 0.6041 (Avg: 0.6341) IoU: 0.4703 (Avg: 0.5068)
Train Epoch: [23][8/138] Loss: 0.2930 (Avg: 0.3324) Dice: 0.6475 (Avg: 0.6357) IoU: 0.4873 (Avg: 0.5044)
Train Epoch: [23][9/138] Loss: 0.2055 (Avg: 0.3183) Dice: 0.7508 (Avg: 0.6485) IoU: 0.6096 (Avg: 0.5161)
Train Epoch: [23][10/138] Loss: 0.4338 (Avg: 0.3299) Dice: 0.5187 (Avg: 0.6355) IoU: 0.3720 (Avg: 0.5017)
Train Epoch: [23][11/138] Loss: 0.4161 (Avg: 0.3377) Dice: 0.5337 (Avg: 0.6263) IoU: 0.4329 (Avg: 0.4954)
Train Epoch: [23][12/138] Loss: 0.4670 (Avg: 0.3485) Dice: 0.4930 (Avg: 0.6152) IoU: 0.3707 (Avg: 0.4850)
Train Epoch: [23][13/138] Loss: 0.5187 (Avg: 0.3616) Dice: 0.4595 (Avg: 0.6032) IoU: 0.3409 (Avg: 0.4739)
Train Epoch: [23][14/138] Loss: 0.1383 (Avg: 0.3456) Dice: 0.8318 (Avg: 0.6195) IoU: 0.7146 (Avg: 0.4911)
Train Epoch: [23][15/138] Loss: 0.2295 (Avg: 0.3379) Dice: 0.7442 (Avg: 0.6278) IoU: 0.6076 (Avg: 0.4989)
Train Epoch: [23][16/138] Loss: 0.4757 (Avg: 0.3465) Dice: 0.4872 (Avg: 0.6190) IoU: 0.3751 (Avg: 0.4911)
Train Epoch: [23][17/138] Loss: 0.3108 (Avg: 0.3444) Dice: 0.6395 (Avg: 0.6202) IoU: 0.5126 (Avg: 0.4924)
Train Epoch: [23][18/138] Loss: 0.3318 (Avg: 0.3437) Dice: 0.5860 (Avg: 0.6183) IoU: 0.4581 (Avg: 0.4905)
Train Epoch: [23][19/138] Loss: 0.4659 (Avg: 0.3501) Dice: 0.4765 (Avg: 0.6109) IoU: 0.3261 (Avg: 0.4819)
Train Epoch: [23][20/138] Loss: 0.1843 (Avg: 0.3418) Dice: 0.7857 (Avg: 0.6196) IoU: 0.6564 (Avg: 0.4906)
Train Epoch: [23][21/138] Loss: 0.2123 (Avg: 0.3357) Dice: 0.7580 (Avg: 0.6262) IoU: 0.6269 (Avg: 0.4971)
Train Epoch: [23][22/138] Loss: 0.3144 (Avg: 0.3347) Dice: 0.6379 (Avg: 0.6267) IoU: 0.4913 (Avg: 0.4968)
Train Epoch: [23][23/138] Loss: 0.3264 (Avg: 0.3343) Dice: 0.6417 (Avg: 0.6274) IoU: 0.5270 (Avg: 0.4981)
Train Epoch: [23][24/138] Loss: 0.3845 (Avg: 0.3364) Dice: 0.5693 (Avg: 0.6250) IoU: 0.4096 (Avg: 0.4944)
Train Epoch: [23][25/138] Loss: 0.3949 (Avg: 0.3388) Dice: 0.5676 (Avg: 0.6227) IoU: 0.4071 (Avg: 0.4909)
Train Epoch: [23][26/138] Loss: 0.2141 (Avg: 0.3340) Dice: 0.7474 (Avg: 0.6275) IoU: 0.6173 (Avg: 0.4958)
Train Epoch: [23][27/138] Loss: 0.3480 (Avg: 0.3345) Dice: 0.6031 (Avg: 0.6266) IoU: 0.4497 (Avg: 0.4941)
Train Epoch: [23][28/138] Loss: 0.2643 (Avg: 0.3320) Dice: 0.7087 (Avg: 0.6295) IoU: 0.5595 (Avg: 0.4964)
Train Epoch: [23][29/138] Loss: 0.2609 (Avg: 0.3295) Dice: 0.6959 (Avg: 0.6318) IoU: 0.5434 (Avg: 0.4980)
Train Epoch: [23][30/138] Loss: 0.3037 (Avg: 0.3287) Dice: 0.6870 (Avg: 0.6336) IoU: 0.5407 (Avg: 0.4995)
Train Epoch: [23][31/138] Loss: 0.3439 (Avg: 0.3292) Dice: 0.6285 (Avg: 0.6335) IoU: 0.5455 (Avg: 0.5010)
Train Epoch: [23][32/138] Loss: 0.3083 (Avg: 0.3285) Dice: 0.6380 (Avg: 0.6336) IoU: 0.4868 (Avg: 0.5005)
Train Epoch: [23][33/138] Loss: 0.4347 (Avg: 0.3317) Dice: 0.4989 (Avg: 0.6295) IoU: 0.3682 (Avg: 0.4965)
Train Epoch: [23][34/138] Loss: 0.2043 (Avg: 0.3280) Dice: 0.7906 (Avg: 0.6343) IoU: 0.6591 (Avg: 0.5013)
Train Epoch: [23][35/138] Loss: 0.3441 (Avg: 0.3284) Dice: 0.6083 (Avg: 0.6335) IoU: 0.4893 (Avg: 0.5009)
Train Epoch: [23][36/138] Loss: 0.4376 (Avg: 0.3315) Dice: 0.5440 (Avg: 0.6310) IoU: 0.4353 (Avg: 0.4991)
Train Epoch: [23][37/138] Loss: 0.3317 (Avg: 0.3315) Dice: 0.6192 (Avg: 0.6307) IoU: 0.4530 (Avg: 0.4979)
Train Epoch: [23][38/138] Loss: 0.3879 (Avg: 0.3330) Dice: 0.5905 (Avg: 0.6297) IoU: 0.4414 (Avg: 0.4964)
Train Epoch: [23][39/138] Loss: 0.6076 (Avg: 0.3400) Dice: 0.3605 (Avg: 0.6228) IoU: 0.2552 (Avg: 0.4902)
Train Epoch: [23][40/138] Loss: 0.3054 (Avg: 0.3391) Dice: 0.6572 (Avg: 0.6236) IoU: 0.5130 (Avg: 0.4908)
Train Epoch: [23][41/138] Loss: 0.3771 (Avg: 0.3401) Dice: 0.6028 (Avg: 0.6231) IoU: 0.5092 (Avg: 0.4912)
Train Epoch: [23][42/138] Loss: 0.2541 (Avg: 0.3380) Dice: 0.6930 (Avg: 0.6248) IoU: 0.5462 (Avg: 0.4925)
Train Epoch: [23][43/138] Loss: 0.2156 (Avg: 0.3352) Dice: 0.7362 (Avg: 0.6274) IoU: 0.5959 (Avg: 0.4949)
Train Epoch: [23][44/138] Loss: 0.3093 (Avg: 0.3346) Dice: 0.6382 (Avg: 0.6276) IoU: 0.4747 (Avg: 0.4945)
Train Epoch: [23][45/138] Loss: 0.3518 (Avg: 0.3350) Dice: 0.5984 (Avg: 0.6270) IoU: 0.4456 (Avg: 0.4934)
Train Epoch: [23][46/138] Loss: 0.1981 (Avg: 0.3320) Dice: 0.8035 (Avg: 0.6308) IoU: 0.6781 (Avg: 0.4974)
Train Epoch: [23][47/138] Loss: 0.4275 (Avg: 0.3340) Dice: 0.4982 (Avg: 0.6280) IoU: 0.3531 (Avg: 0.4943)
Train Epoch: [23][48/138] Loss: 0.4845 (Avg: 0.3372) Dice: 0.4716 (Avg: 0.6247) IoU: 0.3685 (Avg: 0.4917)
Train Epoch: [23][49/138] Loss: 0.3302 (Avg: 0.3370) Dice: 0.6379 (Avg: 0.6250) IoU: 0.4813 (Avg: 0.4915)
Train Epoch: [23][50/138] Loss: 0.4714 (Avg: 0.3397) Dice: 0.4859 (Avg: 0.6222) IoU: 0.3808 (Avg: 0.4893)
Train Epoch: [23][51/138] Loss: 0.3817 (Avg: 0.3405) Dice: 0.5771 (Avg: 0.6213) IoU: 0.4274 (Avg: 0.4881)
Train Epoch: [23][52/138] Loss: 0.1935 (Avg: 0.3377) Dice: 0.7884 (Avg: 0.6245) IoU: 0.6665 (Avg: 0.4915)
Train Epoch: [23][53/138] Loss: 0.3527 (Avg: 0.3380) Dice: 0.5993 (Avg: 0.6241) IoU: 0.4391 (Avg: 0.4905)
Train Epoch: [23][54/138] Loss: 0.2857 (Avg: 0.3370) Dice: 0.6606 (Avg: 0.6247) IoU: 0.5193 (Avg: 0.4910)
Train Epoch: [23][55/138] Loss: 0.2947 (Avg: 0.3362) Dice: 0.6479 (Avg: 0.6252) IoU: 0.4879 (Avg: 0.4910)
Train Epoch: [23][56/138] Loss: 0.4052 (Avg: 0.3375) Dice: 0.4871 (Avg: 0.6227) IoU: 0.3666 (Avg: 0.4888)
Train Epoch: [23][57/138] Loss: 0.3657 (Avg: 0.3380) Dice: 0.5863 (Avg: 0.6221) IoU: 0.4245 (Avg: 0.4876)
Train Epoch: [23][58/138] Loss: 0.1805 (Avg: 0.3353) Dice: 0.7920 (Avg: 0.6250) IoU: 0.6562 (Avg: 0.4905)
Train Epoch: [23][59/138] Loss: 0.4817 (Avg: 0.3377) Dice: 0.4572 (Avg: 0.6221) IoU: 0.3357 (Avg: 0.4879)
Train Epoch: [23][60/138] Loss: 0.1584 (Avg: 0.3348) Dice: 0.8187 (Avg: 0.6254) IoU: 0.6989 (Avg: 0.4914)
Train Epoch: [23][61/138] Loss: 0.3173 (Avg: 0.3345) Dice: 0.6507 (Avg: 0.6258) IoU: 0.4926 (Avg: 0.4915)
Train Epoch: [23][62/138] Loss: 0.4589 (Avg: 0.3365) Dice: 0.4655 (Avg: 0.6232) IoU: 0.3344 (Avg: 0.4889)
Train Epoch: [23][63/138] Loss: 0.3864 (Avg: 0.3373) Dice: 0.5899 (Avg: 0.6227) IoU: 0.4656 (Avg: 0.4886)
Train Epoch: [23][64/138] Loss: 0.3717 (Avg: 0.3378) Dice: 0.5799 (Avg: 0.6220) IoU: 0.4486 (Avg: 0.4879)
Train Epoch: [23][65/138] Loss: 0.2959 (Avg: 0.3372) Dice: 0.6883 (Avg: 0.6231) IoU: 0.5459 (Avg: 0.4888)
Train Epoch: [23][66/138] Loss: 0.4163 (Avg: 0.3384) Dice: 0.5447 (Avg: 0.6219) IoU: 0.4447 (Avg: 0.4882)
Train Epoch: [23][67/138] Loss: 0.2648 (Avg: 0.3373) Dice: 0.7046 (Avg: 0.6231) IoU: 0.5565 (Avg: 0.4892)
Train Epoch: [23][68/138] Loss: 0.3099 (Avg: 0.3369) Dice: 0.6347 (Avg: 0.6233) IoU: 0.4886 (Avg: 0.4892)
Train Epoch: [23][69/138] Loss: 0.3923 (Avg: 0.3377) Dice: 0.5144 (Avg: 0.6217) IoU: 0.3713 (Avg: 0.4875)
Train Epoch: [23][70/138] Loss: 0.4373 (Avg: 0.3391) Dice: 0.5194 (Avg: 0.6202) IoU: 0.3910 (Avg: 0.4861)
Train Epoch: [23][71/138] Loss: 0.1686 (Avg: 0.3367) Dice: 0.7943 (Avg: 0.6227) IoU: 0.6649 (Avg: 0.4886)
Train Epoch: [23][72/138] Loss: 0.2984 (Avg: 0.3362) Dice: 0.6596 (Avg: 0.6232) IoU: 0.5204 (Avg: 0.4890)
Train Epoch: [23][73/138] Loss: 0.3157 (Avg: 0.3359) Dice: 0.6242 (Avg: 0.6232) IoU: 0.4714 (Avg: 0.4888)
Train Epoch: [23][74/138] Loss: 0.2875 (Avg: 0.3352) Dice: 0.6748 (Avg: 0.6239) IoU: 0.5208 (Avg: 0.4892)
Train Epoch: [23][75/138] Loss: 0.2812 (Avg: 0.3345) Dice: 0.6769 (Avg: 0.6246) IoU: 0.5351 (Avg: 0.4898)
Train Epoch: [23][76/138] Loss: 0.2814 (Avg: 0.3338) Dice: 0.6778 (Avg: 0.6253) IoU: 0.5361 (Avg: 0.4904)
Train Epoch: [23][77/138] Loss: 0.2737 (Avg: 0.3330) Dice: 0.6641 (Avg: 0.6258) IoU: 0.5303 (Avg: 0.4910)
Train Epoch: [23][78/138] Loss: 0.2729 (Avg: 0.3322) Dice: 0.6808 (Avg: 0.6265) IoU: 0.5462 (Avg: 0.4917)
Train Epoch: [23][79/138] Loss: 0.1208 (Avg: 0.3296) Dice: 0.8570 (Avg: 0.6295) IoU: 0.7512 (Avg: 0.4950)
Train Epoch: [23][80/138] Loss: 0.2115 (Avg: 0.3281) Dice: 0.7455 (Avg: 0.6309) IoU: 0.5999 (Avg: 0.4963)
Train Epoch: [23][81/138] Loss: 0.2245 (Avg: 0.3268) Dice: 0.7354 (Avg: 0.6322) IoU: 0.5890 (Avg: 0.4974)
Train Epoch: [23][82/138] Loss: 0.2823 (Avg: 0.3263) Dice: 0.6525 (Avg: 0.6324) IoU: 0.5066 (Avg: 0.4975)
Train Epoch: [23][83/138] Loss: 0.4493 (Avg: 0.3278) Dice: 0.4980 (Avg: 0.6308) IoU: 0.3756 (Avg: 0.4961)
Train Epoch: [23][84/138] Loss: 0.3976 (Avg: 0.3286) Dice: 0.5681 (Avg: 0.6301) IoU: 0.4179 (Avg: 0.4951)
Train Epoch: [23][85/138] Loss: 0.4062 (Avg: 0.3295) Dice: 0.5712 (Avg: 0.6294) IoU: 0.4180 (Avg: 0.4942)
Train Epoch: [23][86/138] Loss: 0.2817 (Avg: 0.3289) Dice: 0.6979 (Avg: 0.6302) IoU: 0.5616 (Avg: 0.4950)
Train Epoch: [23][87/138] Loss: 0.3565 (Avg: 0.3293) Dice: 0.6149 (Avg: 0.6300) IoU: 0.4541 (Avg: 0.4945)
Train Epoch: [23][88/138] Loss: 0.2766 (Avg: 0.3287) Dice: 0.6814 (Avg: 0.6306) IoU: 0.5248 (Avg: 0.4949)
Train Epoch: [23][89/138] Loss: 0.5599 (Avg: 0.3313) Dice: 0.3983 (Avg: 0.6280) IoU: 0.2889 (Avg: 0.4926)
Train Epoch: [23][90/138] Loss: 0.5656 (Avg: 0.3339) Dice: 0.4056 (Avg: 0.6255) IoU: 0.2909 (Avg: 0.4903)
Train Epoch: [23][91/138] Loss: 0.3616 (Avg: 0.3342) Dice: 0.5674 (Avg: 0.6249) IoU: 0.4097 (Avg: 0.4894)
Train Epoch: [23][92/138] Loss: 0.4068 (Avg: 0.3350) Dice: 0.5498 (Avg: 0.6240) IoU: 0.4360 (Avg: 0.4889)
Train Epoch: [23][93/138] Loss: 0.4180 (Avg: 0.3359) Dice: 0.5123 (Avg: 0.6228) IoU: 0.3574 (Avg: 0.4874)
Train Epoch: [23][94/138] Loss: 0.3213 (Avg: 0.3357) Dice: 0.6217 (Avg: 0.6228) IoU: 0.4770 (Avg: 0.4873)
Train Epoch: [23][95/138] Loss: 0.5384 (Avg: 0.3378) Dice: 0.4001 (Avg: 0.6205) IoU: 0.2846 (Avg: 0.4852)
Train Epoch: [23][96/138] Loss: 0.6381 (Avg: 0.3410) Dice: 0.3021 (Avg: 0.6172) IoU: 0.2118 (Avg: 0.4824)
Train Epoch: [23][97/138] Loss: 0.3159 (Avg: 0.3407) Dice: 0.6119 (Avg: 0.6171) IoU: 0.4628 (Avg: 0.4821)
Train Epoch: [23][98/138] Loss: 0.3870 (Avg: 0.3412) Dice: 0.5584 (Avg: 0.6165) IoU: 0.4045 (Avg: 0.4814)
Train Epoch: [23][99/138] Loss: 0.2793 (Avg: 0.3405) Dice: 0.6628 (Avg: 0.6170) IoU: 0.5127 (Avg: 0.4817)
Train Epoch: [23][100/138] Loss: 0.3179 (Avg: 0.3403) Dice: 0.6266 (Avg: 0.6171) IoU: 0.4705 (Avg: 0.4816)
Train Epoch: [23][101/138] Loss: 0.4208 (Avg: 0.3411) Dice: 0.5451 (Avg: 0.6164) IoU: 0.4384 (Avg: 0.4811)
Train Epoch: [23][102/138] Loss: 0.2675 (Avg: 0.3404) Dice: 0.6905 (Avg: 0.6171) IoU: 0.5283 (Avg: 0.4816)
Train Epoch: [23][103/138] Loss: 0.3608 (Avg: 0.3406) Dice: 0.5996 (Avg: 0.6169) IoU: 0.4700 (Avg: 0.4815)
Train Epoch: [23][104/138] Loss: 0.3439 (Avg: 0.3406) Dice: 0.6229 (Avg: 0.6170) IoU: 0.4877 (Avg: 0.4815)
Train Epoch: [23][105/138] Loss: 0.4399 (Avg: 0.3416) Dice: 0.5054 (Avg: 0.6159) IoU: 0.3602 (Avg: 0.4804)
Train Epoch: [23][106/138] Loss: 0.4832 (Avg: 0.3429) Dice: 0.4135 (Avg: 0.6140) IoU: 0.3127 (Avg: 0.4788)
Train Epoch: [23][107/138] Loss: 0.1834 (Avg: 0.3414) Dice: 0.7713 (Avg: 0.6155) IoU: 0.6322 (Avg: 0.4802)
Train Epoch: [23][108/138] Loss: 0.3525 (Avg: 0.3415) Dice: 0.6103 (Avg: 0.6154) IoU: 0.4514 (Avg: 0.4800)
Train Epoch: [23][109/138] Loss: 0.7666 (Avg: 0.3454) Dice: 0.1913 (Avg: 0.6115) IoU: 0.1549 (Avg: 0.4770)
Train Epoch: [23][110/138] Loss: 0.2952 (Avg: 0.3450) Dice: 0.6616 (Avg: 0.6120) IoU: 0.5115 (Avg: 0.4773)
Train Epoch: [23][111/138] Loss: 0.1926 (Avg: 0.3436) Dice: 0.7754 (Avg: 0.6135) IoU: 0.6417 (Avg: 0.4788)
Train Epoch: [23][112/138] Loss: 0.2849 (Avg: 0.3431) Dice: 0.6882 (Avg: 0.6141) IoU: 0.5406 (Avg: 0.4793)
Train Epoch: [23][113/138] Loss: 0.2210 (Avg: 0.3420) Dice: 0.7571 (Avg: 0.6154) IoU: 0.6271 (Avg: 0.4806)
Train Epoch: [23][114/138] Loss: 0.2415 (Avg: 0.3411) Dice: 0.6886 (Avg: 0.6160) IoU: 0.5545 (Avg: 0.4813)
Train Epoch: [23][115/138] Loss: 0.5118 (Avg: 0.3426) Dice: 0.4607 (Avg: 0.6147) IoU: 0.3104 (Avg: 0.4798)
Train Epoch: [23][116/138] Loss: 0.4632 (Avg: 0.3436) Dice: 0.4971 (Avg: 0.6137) IoU: 0.4033 (Avg: 0.4791)
Train Epoch: [23][117/138] Loss: 0.2592 (Avg: 0.3429) Dice: 0.7129 (Avg: 0.6145) IoU: 0.5576 (Avg: 0.4798)
Train Epoch: [23][118/138] Loss: 0.2762 (Avg: 0.3423) Dice: 0.6669 (Avg: 0.6150) IoU: 0.5248 (Avg: 0.4802)
Train Epoch: [23][119/138] Loss: 0.3506 (Avg: 0.3424) Dice: 0.6245 (Avg: 0.6151) IoU: 0.5363 (Avg: 0.4807)
Train Epoch: [23][120/138] Loss: 0.4137 (Avg: 0.3430) Dice: 0.5983 (Avg: 0.6149) IoU: 0.4567 (Avg: 0.4805)
Train Epoch: [23][121/138] Loss: 0.2942 (Avg: 0.3426) Dice: 0.6473 (Avg: 0.6152) IoU: 0.4914 (Avg: 0.4806)
Train Epoch: [23][122/138] Loss: 0.5084 (Avg: 0.3440) Dice: 0.4513 (Avg: 0.6138) IoU: 0.3390 (Avg: 0.4794)
Train Epoch: [23][123/138] Loss: 0.1768 (Avg: 0.3426) Dice: 0.7850 (Avg: 0.6152) IoU: 0.6591 (Avg: 0.4809)
Train Epoch: [23][124/138] Loss: 0.1767 (Avg: 0.3413) Dice: 0.7971 (Avg: 0.6167) IoU: 0.6659 (Avg: 0.4824)
Train Epoch: [23][125/138] Loss: 0.2606 (Avg: 0.3406) Dice: 0.6724 (Avg: 0.6171) IoU: 0.5430 (Avg: 0.4828)
Train Epoch: [23][126/138] Loss: 0.2939 (Avg: 0.3402) Dice: 0.8010 (Avg: 0.6186) IoU: 0.6824 (Avg: 0.4844)
Train Epoch: [23][127/138] Loss: 0.2727 (Avg: 0.3397) Dice: 0.6576 (Avg: 0.6189) IoU: 0.5111 (Avg: 0.4846)
Train Epoch: [23][128/138] Loss: 0.3044 (Avg: 0.3394) Dice: 0.6490 (Avg: 0.6191) IoU: 0.5022 (Avg: 0.4848)
Train Epoch: [23][129/138] Loss: 0.1830 (Avg: 0.3382) Dice: 0.7675 (Avg: 0.6203) IoU: 0.6292 (Avg: 0.4859)
Train Epoch: [23][130/138] Loss: 0.3927 (Avg: 0.3386) Dice: 0.5518 (Avg: 0.6198) IoU: 0.4038 (Avg: 0.4853)
Train Epoch: [23][131/138] Loss: 0.2081 (Avg: 0.3376) Dice: 0.7406 (Avg: 0.6207) IoU: 0.5902 (Avg: 0.4861)
Train Epoch: [23][132/138] Loss: 0.3962 (Avg: 0.3381) Dice: 0.5913 (Avg: 0.6205) IoU: 0.4419 (Avg: 0.4857)
Train Epoch: [23][133/138] Loss: 0.3070 (Avg: 0.3379) Dice: 0.6562 (Avg: 0.6207) IoU: 0.5398 (Avg: 0.4861)
Train Epoch: [23][134/138] Loss: 0.2231 (Avg: 0.3370) Dice: 0.7613 (Avg: 0.6218) IoU: 0.6206 (Avg: 0.4871)
Train Epoch: [23][135/138] Loss: 0.3451 (Avg: 0.3371) Dice: 0.6032 (Avg: 0.6216) IoU: 0.4442 (Avg: 0.4868)
Train Epoch: [23][136/138] Loss: 0.4841 (Avg: 0.3381) Dice: 0.4753 (Avg: 0.6206) IoU: 0.3557 (Avg: 0.4859)
Train Epoch: [23][137/138] Loss: 0.1812 (Avg: 0.3370) Dice: 0.7982 (Avg: 0.6219) IoU: 0.6716 (Avg: 0.4872)
Train Epoch: [23][138/138] Loss: 0.1253 (Avg: 0.3348) Dice: 0.8491 (Avg: 0.6189) IoU: 0.7377 (Avg: 0.4850)
Validation Epoch: [23] Avg Loss: 0.3727 Avg Dice: 0.5727 Avg IoU: 0.4403

========= Epoch [24/50] =========
Train Epoch: [24][1/138] Loss: 0.3158 (Avg: 0.3158) Dice: 0.6259 (Avg: 0.6259) IoU: 0.4587 (Avg: 0.4587)
Train Epoch: [24][2/138] Loss: 0.2216 (Avg: 0.2687) Dice: 0.7174 (Avg: 0.6716) IoU: 0.5730 (Avg: 0.5158)
Train Epoch: [24][3/138] Loss: 0.2659 (Avg: 0.2678) Dice: 0.6712 (Avg: 0.6715) IoU: 0.5236 (Avg: 0.5184)
Train Epoch: [24][4/138] Loss: 0.2901 (Avg: 0.2733) Dice: 0.6465 (Avg: 0.6652) IoU: 0.4856 (Avg: 0.5102)
Train Epoch: [24][5/138] Loss: 0.2904 (Avg: 0.2768) Dice: 0.6601 (Avg: 0.6642) IoU: 0.4955 (Avg: 0.5073)
Train Epoch: [24][6/138] Loss: 0.1892 (Avg: 0.2622) Dice: 0.7643 (Avg: 0.6809) IoU: 0.6362 (Avg: 0.5288)
Train Epoch: [24][7/138] Loss: 0.2866 (Avg: 0.2657) Dice: 0.6816 (Avg: 0.6810) IoU: 0.5499 (Avg: 0.5318)
Train Epoch: [24][8/138] Loss: 0.4137 (Avg: 0.2842) Dice: 0.6112 (Avg: 0.6723) IoU: 0.4777 (Avg: 0.5250)
Train Epoch: [24][9/138] Loss: 0.2969 (Avg: 0.2856) Dice: 0.6588 (Avg: 0.6708) IoU: 0.5245 (Avg: 0.5250)
Train Epoch: [24][10/138] Loss: 0.2180 (Avg: 0.2788) Dice: 0.7714 (Avg: 0.6808) IoU: 0.6522 (Avg: 0.5377)
Train Epoch: [24][11/138] Loss: 0.1375 (Avg: 0.2660) Dice: 0.8571 (Avg: 0.6969) IoU: 0.7561 (Avg: 0.5576)
Train Epoch: [24][12/138] Loss: 0.3633 (Avg: 0.2741) Dice: 0.6233 (Avg: 0.6907) IoU: 0.4756 (Avg: 0.5507)
Train Epoch: [24][13/138] Loss: 0.3667 (Avg: 0.2812) Dice: 0.5925 (Avg: 0.6832) IoU: 0.4940 (Avg: 0.5464)
Train Epoch: [24][14/138] Loss: 0.2339 (Avg: 0.2778) Dice: 0.7327 (Avg: 0.6867) IoU: 0.5897 (Avg: 0.5495)
Train Epoch: [24][15/138] Loss: 0.2154 (Avg: 0.2737) Dice: 0.7383 (Avg: 0.6902) IoU: 0.5893 (Avg: 0.5521)
Train Epoch: [24][16/138] Loss: 0.4059 (Avg: 0.2819) Dice: 0.5606 (Avg: 0.6821) IoU: 0.3993 (Avg: 0.5426)
Train Epoch: [24][17/138] Loss: 0.3217 (Avg: 0.2843) Dice: 0.6279 (Avg: 0.6789) IoU: 0.4991 (Avg: 0.5400)
Train Epoch: [24][18/138] Loss: 0.3624 (Avg: 0.2886) Dice: 0.6142 (Avg: 0.6753) IoU: 0.5237 (Avg: 0.5391)
Train Epoch: [24][19/138] Loss: 0.2779 (Avg: 0.2880) Dice: 0.6849 (Avg: 0.6758) IoU: 0.5269 (Avg: 0.5385)
Train Epoch: [24][20/138] Loss: 0.2764 (Avg: 0.2875) Dice: 0.6697 (Avg: 0.6755) IoU: 0.5246 (Avg: 0.5378)
Train Epoch: [24][21/138] Loss: 0.3183 (Avg: 0.2889) Dice: 0.6503 (Avg: 0.6743) IoU: 0.4961 (Avg: 0.5358)
Train Epoch: [24][22/138] Loss: 0.3051 (Avg: 0.2897) Dice: 0.6687 (Avg: 0.6740) IoU: 0.5401 (Avg: 0.5360)
Train Epoch: [24][23/138] Loss: 0.1585 (Avg: 0.2840) Dice: 0.8251 (Avg: 0.6806) IoU: 0.7094 (Avg: 0.5435)
Train Epoch: [24][24/138] Loss: 0.4685 (Avg: 0.2917) Dice: 0.5088 (Avg: 0.6734) IoU: 0.3688 (Avg: 0.5362)
Train Epoch: [24][25/138] Loss: 0.2504 (Avg: 0.2900) Dice: 0.6898 (Avg: 0.6741) IoU: 0.5365 (Avg: 0.5362)
Train Epoch: [24][26/138] Loss: 0.4636 (Avg: 0.2967) Dice: 0.4799 (Avg: 0.6666) IoU: 0.3277 (Avg: 0.5282)
Train Epoch: [24][27/138] Loss: 0.3479 (Avg: 0.2986) Dice: 0.6053 (Avg: 0.6644) IoU: 0.4719 (Avg: 0.5261)
Train Epoch: [24][28/138] Loss: 0.3225 (Avg: 0.2994) Dice: 0.6616 (Avg: 0.6643) IoU: 0.5075 (Avg: 0.5255)
Train Epoch: [24][29/138] Loss: 0.2074 (Avg: 0.2963) Dice: 0.7398 (Avg: 0.6669) IoU: 0.6068 (Avg: 0.5283)
Train Epoch: [24][30/138] Loss: 0.3914 (Avg: 0.2994) Dice: 0.5711 (Avg: 0.6637) IoU: 0.4379 (Avg: 0.5253)
Train Epoch: [24][31/138] Loss: 0.2364 (Avg: 0.2974) Dice: 0.7486 (Avg: 0.6664) IoU: 0.6138 (Avg: 0.5281)
Train Epoch: [24][32/138] Loss: 0.2929 (Avg: 0.2973) Dice: 0.6685 (Avg: 0.6665) IoU: 0.5044 (Avg: 0.5274)
Train Epoch: [24][33/138] Loss: 0.3715 (Avg: 0.2995) Dice: 0.6219 (Avg: 0.6651) IoU: 0.5009 (Avg: 0.5266)
Train Epoch: [24][34/138] Loss: 0.3729 (Avg: 0.3017) Dice: 0.5962 (Avg: 0.6631) IoU: 0.4654 (Avg: 0.5248)
Train Epoch: [24][35/138] Loss: 0.1597 (Avg: 0.2976) Dice: 0.8238 (Avg: 0.6677) IoU: 0.7043 (Avg: 0.5299)
Train Epoch: [24][36/138] Loss: 0.4521 (Avg: 0.3019) Dice: 0.4604 (Avg: 0.6619) IoU: 0.3306 (Avg: 0.5244)
Train Epoch: [24][37/138] Loss: 0.2805 (Avg: 0.3013) Dice: 0.6751 (Avg: 0.6623) IoU: 0.5340 (Avg: 0.5246)
Train Epoch: [24][38/138] Loss: 0.5138 (Avg: 0.3069) Dice: 0.4247 (Avg: 0.6560) IoU: 0.2987 (Avg: 0.5187)
Train Epoch: [24][39/138] Loss: 0.2448 (Avg: 0.3053) Dice: 0.7322 (Avg: 0.6580) IoU: 0.5797 (Avg: 0.5203)
Train Epoch: [24][40/138] Loss: 0.3896 (Avg: 0.3074) Dice: 0.5722 (Avg: 0.6558) IoU: 0.4454 (Avg: 0.5184)
Train Epoch: [24][41/138] Loss: 0.4693 (Avg: 0.3114) Dice: 0.4625 (Avg: 0.6511) IoU: 0.3454 (Avg: 0.5142)
Train Epoch: [24][42/138] Loss: 0.5220 (Avg: 0.3164) Dice: 0.4363 (Avg: 0.6460) IoU: 0.3174 (Avg: 0.5095)
Train Epoch: [24][43/138] Loss: 0.3263 (Avg: 0.3166) Dice: 0.6315 (Avg: 0.6457) IoU: 0.4728 (Avg: 0.5086)
Train Epoch: [24][44/138] Loss: 0.2795 (Avg: 0.3158) Dice: 0.6939 (Avg: 0.6468) IoU: 0.5429 (Avg: 0.5094)
Train Epoch: [24][45/138] Loss: 0.4849 (Avg: 0.3195) Dice: 0.4666 (Avg: 0.6428) IoU: 0.3477 (Avg: 0.5058)
Train Epoch: [24][46/138] Loss: 0.2528 (Avg: 0.3181) Dice: 0.6989 (Avg: 0.6440) IoU: 0.5578 (Avg: 0.5069)
Train Epoch: [24][47/138] Loss: 0.2228 (Avg: 0.3161) Dice: 0.7427 (Avg: 0.6461) IoU: 0.5954 (Avg: 0.5088)
Train Epoch: [24][48/138] Loss: 0.4155 (Avg: 0.3181) Dice: 0.5394 (Avg: 0.6439) IoU: 0.4214 (Avg: 0.5070)
Train Epoch: [24][49/138] Loss: 0.3038 (Avg: 0.3178) Dice: 0.6707 (Avg: 0.6444) IoU: 0.5237 (Avg: 0.5073)
Train Epoch: [24][50/138] Loss: 0.4251 (Avg: 0.3200) Dice: 0.4594 (Avg: 0.6407) IoU: 0.3057 (Avg: 0.5033)
Train Epoch: [24][51/138] Loss: 0.2364 (Avg: 0.3183) Dice: 0.7277 (Avg: 0.6424) IoU: 0.5901 (Avg: 0.5050)
Train Epoch: [24][52/138] Loss: 0.4348 (Avg: 0.3206) Dice: 0.5201 (Avg: 0.6401) IoU: 0.4019 (Avg: 0.5030)
Train Epoch: [24][53/138] Loss: 0.2199 (Avg: 0.3187) Dice: 0.7317 (Avg: 0.6418) IoU: 0.5797 (Avg: 0.5045)
Train Epoch: [24][54/138] Loss: 0.2443 (Avg: 0.3173) Dice: 0.7247 (Avg: 0.6433) IoU: 0.5905 (Avg: 0.5061)
Train Epoch: [24][55/138] Loss: 0.3511 (Avg: 0.3179) Dice: 0.6021 (Avg: 0.6426) IoU: 0.4596 (Avg: 0.5052)
Train Epoch: [24][56/138] Loss: 0.3161 (Avg: 0.3179) Dice: 0.6520 (Avg: 0.6427) IoU: 0.5170 (Avg: 0.5054)
Train Epoch: [24][57/138] Loss: 0.2249 (Avg: 0.3163) Dice: 0.7381 (Avg: 0.6444) IoU: 0.5896 (Avg: 0.5069)
Train Epoch: [24][58/138] Loss: 0.1796 (Avg: 0.3139) Dice: 0.7928 (Avg: 0.6470) IoU: 0.6623 (Avg: 0.5096)
Train Epoch: [24][59/138] Loss: 0.2354 (Avg: 0.3126) Dice: 0.7252 (Avg: 0.6483) IoU: 0.5778 (Avg: 0.5107)
Train Epoch: [24][60/138] Loss: 0.2636 (Avg: 0.3118) Dice: 0.6797 (Avg: 0.6488) IoU: 0.5279 (Avg: 0.5110)
Train Epoch: [24][61/138] Loss: 0.3917 (Avg: 0.3131) Dice: 0.5291 (Avg: 0.6469) IoU: 0.4219 (Avg: 0.5096)
Train Epoch: [24][62/138] Loss: 0.2968 (Avg: 0.3128) Dice: 0.6698 (Avg: 0.6472) IoU: 0.5373 (Avg: 0.5100)
Train Epoch: [24][63/138] Loss: 0.3985 (Avg: 0.3142) Dice: 0.5565 (Avg: 0.6458) IoU: 0.4197 (Avg: 0.5086)
Train Epoch: [24][64/138] Loss: 0.2163 (Avg: 0.3126) Dice: 0.7543 (Avg: 0.6475) IoU: 0.6142 (Avg: 0.5102)
Train Epoch: [24][65/138] Loss: 0.2632 (Avg: 0.3119) Dice: 0.6801 (Avg: 0.6480) IoU: 0.5374 (Avg: 0.5107)
Train Epoch: [24][66/138] Loss: 0.4767 (Avg: 0.3144) Dice: 0.4697 (Avg: 0.6453) IoU: 0.3656 (Avg: 0.5085)
Train Epoch: [24][67/138] Loss: 0.4457 (Avg: 0.3163) Dice: 0.5034 (Avg: 0.6432) IoU: 0.3946 (Avg: 0.5068)
Train Epoch: [24][68/138] Loss: 0.3794 (Avg: 0.3173) Dice: 0.5685 (Avg: 0.6421) IoU: 0.4657 (Avg: 0.5062)
Train Epoch: [24][69/138] Loss: 0.2739 (Avg: 0.3166) Dice: 0.6714 (Avg: 0.6425) IoU: 0.5324 (Avg: 0.5065)
Train Epoch: [24][70/138] Loss: 0.2540 (Avg: 0.3157) Dice: 0.7346 (Avg: 0.6438) IoU: 0.6219 (Avg: 0.5082)
Train Epoch: [24][71/138] Loss: 0.2473 (Avg: 0.3148) Dice: 0.7152 (Avg: 0.6448) IoU: 0.5712 (Avg: 0.5091)
Train Epoch: [24][72/138] Loss: 0.4663 (Avg: 0.3169) Dice: 0.5070 (Avg: 0.6429) IoU: 0.3723 (Avg: 0.5072)
Train Epoch: [24][73/138] Loss: 0.1848 (Avg: 0.3151) Dice: 0.7863 (Avg: 0.6449) IoU: 0.6504 (Avg: 0.5091)
Train Epoch: [24][74/138] Loss: 0.2479 (Avg: 0.3142) Dice: 0.6984 (Avg: 0.6456) IoU: 0.5465 (Avg: 0.5096)
Train Epoch: [24][75/138] Loss: 0.5670 (Avg: 0.3175) Dice: 0.3565 (Avg: 0.6417) IoU: 0.2492 (Avg: 0.5062)
Train Epoch: [24][76/138] Loss: 0.4350 (Avg: 0.3191) Dice: 0.5120 (Avg: 0.6400) IoU: 0.3650 (Avg: 0.5043)
Train Epoch: [24][77/138] Loss: 0.4360 (Avg: 0.3206) Dice: 0.5318 (Avg: 0.6386) IoU: 0.3932 (Avg: 0.5029)
Train Epoch: [24][78/138] Loss: 0.2331 (Avg: 0.3195) Dice: 0.7312 (Avg: 0.6398) IoU: 0.5906 (Avg: 0.5040)
Train Epoch: [24][79/138] Loss: 0.3124 (Avg: 0.3194) Dice: 0.7501 (Avg: 0.6412) IoU: 0.6048 (Avg: 0.5053)
Train Epoch: [24][80/138] Loss: 0.2843 (Avg: 0.3189) Dice: 0.6826 (Avg: 0.6417) IoU: 0.5373 (Avg: 0.5057)
Train Epoch: [24][81/138] Loss: 0.3628 (Avg: 0.3195) Dice: 0.5995 (Avg: 0.6412) IoU: 0.4865 (Avg: 0.5054)
Train Epoch: [24][82/138] Loss: 0.3626 (Avg: 0.3200) Dice: 0.5791 (Avg: 0.6405) IoU: 0.4279 (Avg: 0.5045)
Train Epoch: [24][83/138] Loss: 0.3666 (Avg: 0.3206) Dice: 0.5907 (Avg: 0.6399) IoU: 0.4506 (Avg: 0.5038)
Train Epoch: [24][84/138] Loss: 0.5969 (Avg: 0.3239) Dice: 0.3697 (Avg: 0.6366) IoU: 0.2663 (Avg: 0.5010)
Train Epoch: [24][85/138] Loss: 0.4283 (Avg: 0.3251) Dice: 0.4609 (Avg: 0.6346) IoU: 0.3252 (Avg: 0.4989)
Train Epoch: [24][86/138] Loss: 0.3558 (Avg: 0.3254) Dice: 0.6037 (Avg: 0.6342) IoU: 0.4535 (Avg: 0.4984)
Train Epoch: [24][87/138] Loss: 0.2319 (Avg: 0.3244) Dice: 0.7447 (Avg: 0.6355) IoU: 0.6026 (Avg: 0.4996)
Train Epoch: [24][88/138] Loss: 0.3386 (Avg: 0.3245) Dice: 0.6024 (Avg: 0.6351) IoU: 0.5032 (Avg: 0.4996)
Train Epoch: [24][89/138] Loss: 0.1788 (Avg: 0.3229) Dice: 0.7933 (Avg: 0.6369) IoU: 0.6601 (Avg: 0.5015)
Train Epoch: [24][90/138] Loss: 0.2205 (Avg: 0.3218) Dice: 0.7607 (Avg: 0.6383) IoU: 0.6299 (Avg: 0.5029)
Train Epoch: [24][91/138] Loss: 0.3061 (Avg: 0.3216) Dice: 0.6688 (Avg: 0.6386) IoU: 0.5116 (Avg: 0.5030)
Train Epoch: [24][92/138] Loss: 0.3958 (Avg: 0.3224) Dice: 0.5785 (Avg: 0.6379) IoU: 0.4831 (Avg: 0.5028)
Train Epoch: [24][93/138] Loss: 0.3565 (Avg: 0.3228) Dice: 0.6009 (Avg: 0.6375) IoU: 0.4465 (Avg: 0.5022)
Train Epoch: [24][94/138] Loss: 0.3204 (Avg: 0.3227) Dice: 0.6279 (Avg: 0.6374) IoU: 0.4767 (Avg: 0.5019)
Train Epoch: [24][95/138] Loss: 0.3576 (Avg: 0.3231) Dice: 0.6349 (Avg: 0.6374) IoU: 0.4819 (Avg: 0.5017)
Train Epoch: [24][96/138] Loss: 0.4234 (Avg: 0.3241) Dice: 0.5312 (Avg: 0.6363) IoU: 0.3669 (Avg: 0.5003)
Train Epoch: [24][97/138] Loss: 0.4257 (Avg: 0.3252) Dice: 0.5557 (Avg: 0.6355) IoU: 0.4376 (Avg: 0.4996)
Train Epoch: [24][98/138] Loss: 0.4545 (Avg: 0.3265) Dice: 0.5502 (Avg: 0.6346) IoU: 0.4141 (Avg: 0.4987)
Train Epoch: [24][99/138] Loss: 0.2443 (Avg: 0.3257) Dice: 0.6991 (Avg: 0.6353) IoU: 0.5418 (Avg: 0.4992)
Train Epoch: [24][100/138] Loss: 0.2402 (Avg: 0.3248) Dice: 0.7012 (Avg: 0.6359) IoU: 0.5455 (Avg: 0.4996)
Train Epoch: [24][101/138] Loss: 0.4213 (Avg: 0.3258) Dice: 0.5021 (Avg: 0.6346) IoU: 0.3785 (Avg: 0.4984)
Train Epoch: [24][102/138] Loss: 0.2886 (Avg: 0.3254) Dice: 0.6794 (Avg: 0.6350) IoU: 0.5253 (Avg: 0.4987)
Train Epoch: [24][103/138] Loss: 0.1718 (Avg: 0.3239) Dice: 0.7919 (Avg: 0.6366) IoU: 0.6615 (Avg: 0.5003)
Train Epoch: [24][104/138] Loss: 0.3591 (Avg: 0.3243) Dice: 0.6204 (Avg: 0.6364) IoU: 0.5301 (Avg: 0.5006)
Train Epoch: [24][105/138] Loss: 0.2629 (Avg: 0.3237) Dice: 0.7106 (Avg: 0.6371) IoU: 0.5560 (Avg: 0.5011)
Train Epoch: [24][106/138] Loss: 0.3177 (Avg: 0.3236) Dice: 0.6100 (Avg: 0.6368) IoU: 0.5188 (Avg: 0.5013)
Train Epoch: [24][107/138] Loss: 0.4020 (Avg: 0.3244) Dice: 0.5632 (Avg: 0.6362) IoU: 0.4483 (Avg: 0.5008)
Train Epoch: [24][108/138] Loss: 0.4827 (Avg: 0.3258) Dice: 0.4785 (Avg: 0.6347) IoU: 0.3379 (Avg: 0.4993)
Train Epoch: [24][109/138] Loss: 0.4564 (Avg: 0.3270) Dice: 0.4858 (Avg: 0.6333) IoU: 0.3849 (Avg: 0.4982)
Train Epoch: [24][110/138] Loss: 0.5000 (Avg: 0.3286) Dice: 0.4681 (Avg: 0.6318) IoU: 0.3588 (Avg: 0.4970)
Train Epoch: [24][111/138] Loss: 0.4300 (Avg: 0.3295) Dice: 0.5350 (Avg: 0.6310) IoU: 0.4214 (Avg: 0.4963)
Train Epoch: [24][112/138] Loss: 0.3866 (Avg: 0.3300) Dice: 0.5892 (Avg: 0.6306) IoU: 0.4250 (Avg: 0.4956)
Train Epoch: [24][113/138] Loss: 0.3035 (Avg: 0.3298) Dice: 0.6684 (Avg: 0.6309) IoU: 0.5119 (Avg: 0.4958)
Train Epoch: [24][114/138] Loss: 0.2745 (Avg: 0.3293) Dice: 0.6979 (Avg: 0.6315) IoU: 0.5444 (Avg: 0.4962)
Train Epoch: [24][115/138] Loss: 0.2620 (Avg: 0.3287) Dice: 0.7182 (Avg: 0.6323) IoU: 0.6117 (Avg: 0.4972)
Train Epoch: [24][116/138] Loss: 0.2019 (Avg: 0.3276) Dice: 0.7759 (Avg: 0.6335) IoU: 0.6470 (Avg: 0.4985)
Train Epoch: [24][117/138] Loss: 0.2412 (Avg: 0.3269) Dice: 0.6979 (Avg: 0.6341) IoU: 0.5500 (Avg: 0.4989)
Train Epoch: [24][118/138] Loss: 0.2901 (Avg: 0.3266) Dice: 0.6862 (Avg: 0.6345) IoU: 0.5374 (Avg: 0.4993)
Train Epoch: [24][119/138] Loss: 0.3689 (Avg: 0.3269) Dice: 0.5776 (Avg: 0.6340) IoU: 0.4099 (Avg: 0.4985)
Train Epoch: [24][120/138] Loss: 0.3689 (Avg: 0.3273) Dice: 0.6054 (Avg: 0.6338) IoU: 0.5083 (Avg: 0.4986)
Train Epoch: [24][121/138] Loss: 0.3904 (Avg: 0.3278) Dice: 0.5580 (Avg: 0.6331) IoU: 0.3894 (Avg: 0.4977)
Train Epoch: [24][122/138] Loss: 0.3708 (Avg: 0.3281) Dice: 0.5746 (Avg: 0.6327) IoU: 0.4227 (Avg: 0.4971)
Train Epoch: [24][123/138] Loss: 0.2328 (Avg: 0.3274) Dice: 0.7669 (Avg: 0.6338) IoU: 0.6249 (Avg: 0.4981)
Train Epoch: [24][124/138] Loss: 0.3389 (Avg: 0.3275) Dice: 0.6262 (Avg: 0.6337) IoU: 0.4772 (Avg: 0.4980)
Train Epoch: [24][125/138] Loss: 0.3520 (Avg: 0.3277) Dice: 0.5531 (Avg: 0.6331) IoU: 0.4439 (Avg: 0.4975)
Train Epoch: [24][126/138] Loss: 0.2523 (Avg: 0.3271) Dice: 0.6958 (Avg: 0.6336) IoU: 0.5555 (Avg: 0.4980)
Train Epoch: [24][127/138] Loss: 0.4911 (Avg: 0.3284) Dice: 0.4612 (Avg: 0.6322) IoU: 0.3508 (Avg: 0.4968)
Train Epoch: [24][128/138] Loss: 0.2306 (Avg: 0.3276) Dice: 0.7461 (Avg: 0.6331) IoU: 0.6053 (Avg: 0.4977)
Train Epoch: [24][129/138] Loss: 0.3772 (Avg: 0.3280) Dice: 0.8564 (Avg: 0.6348) IoU: 0.5122 (Avg: 0.4978)
Train Epoch: [24][130/138] Loss: 0.4814 (Avg: 0.3292) Dice: 0.4387 (Avg: 0.6333) IoU: 0.2844 (Avg: 0.4961)
Train Epoch: [24][131/138] Loss: 0.1974 (Avg: 0.3282) Dice: 0.7657 (Avg: 0.6343) IoU: 0.6281 (Avg: 0.4971)
Train Epoch: [24][132/138] Loss: 0.3094 (Avg: 0.3280) Dice: 0.6392 (Avg: 0.6344) IoU: 0.4752 (Avg: 0.4970)
Train Epoch: [24][133/138] Loss: 0.3853 (Avg: 0.3284) Dice: 0.5730 (Avg: 0.6339) IoU: 0.4425 (Avg: 0.4966)
Train Epoch: [24][134/138] Loss: 0.3699 (Avg: 0.3287) Dice: 0.6057 (Avg: 0.6337) IoU: 0.5105 (Avg: 0.4967)
Train Epoch: [24][135/138] Loss: 0.3261 (Avg: 0.3287) Dice: 0.6353 (Avg: 0.6337) IoU: 0.4829 (Avg: 0.4966)
Train Epoch: [24][136/138] Loss: 0.2307 (Avg: 0.3280) Dice: 0.7453 (Avg: 0.6345) IoU: 0.5958 (Avg: 0.4973)
Train Epoch: [24][137/138] Loss: 0.5511 (Avg: 0.3296) Dice: 0.4223 (Avg: 0.6330) IoU: 0.3137 (Avg: 0.4960)
Train Epoch: [24][138/138] Loss: 0.3990 (Avg: 0.3280) Dice: 0.5896 (Avg: 0.6294) IoU: 0.4180 (Avg: 0.4931)
Validation Epoch: [24] Avg Loss: 0.4029 Avg Dice: 0.5362 Avg IoU: 0.4085

========= Epoch [25/50] =========
Train Epoch: [25][1/138] Loss: 0.4355 (Avg: 0.4355) Dice: 0.5190 (Avg: 0.5190) IoU: 0.4001 (Avg: 0.4001)
Train Epoch: [25][2/138] Loss: 0.2670 (Avg: 0.3513) Dice: 0.6778 (Avg: 0.5984) IoU: 0.5318 (Avg: 0.4659)
Train Epoch: [25][3/138] Loss: 0.4742 (Avg: 0.3922) Dice: 0.4777 (Avg: 0.5581) IoU: 0.3576 (Avg: 0.4298)
Train Epoch: [25][4/138] Loss: 0.4816 (Avg: 0.4146) Dice: 0.4278 (Avg: 0.5255) IoU: 0.3212 (Avg: 0.4027)
Train Epoch: [25][5/138] Loss: 0.5633 (Avg: 0.4443) Dice: 0.3589 (Avg: 0.4922) IoU: 0.2369 (Avg: 0.3695)
Train Epoch: [25][6/138] Loss: 0.2491 (Avg: 0.4118) Dice: 0.7183 (Avg: 0.5299) IoU: 0.5649 (Avg: 0.4021)
Train Epoch: [25][7/138] Loss: 0.2730 (Avg: 0.3920) Dice: 0.6663 (Avg: 0.5494) IoU: 0.5095 (Avg: 0.4174)
Train Epoch: [25][8/138] Loss: 0.3780 (Avg: 0.3902) Dice: 0.5974 (Avg: 0.5554) IoU: 0.4733 (Avg: 0.4244)
Train Epoch: [25][9/138] Loss: 0.2434 (Avg: 0.3739) Dice: 0.6998 (Avg: 0.5714) IoU: 0.5471 (Avg: 0.4380)
Train Epoch: [25][10/138] Loss: 0.3069 (Avg: 0.3672) Dice: 0.6430 (Avg: 0.5786) IoU: 0.4801 (Avg: 0.4423)
Train Epoch: [25][11/138] Loss: 0.3538 (Avg: 0.3660) Dice: 0.5795 (Avg: 0.5787) IoU: 0.4817 (Avg: 0.4458)
Train Epoch: [25][12/138] Loss: 0.4538 (Avg: 0.3733) Dice: 0.5195 (Avg: 0.5737) IoU: 0.3698 (Avg: 0.4395)
Train Epoch: [25][13/138] Loss: 0.4816 (Avg: 0.3816) Dice: 0.4383 (Avg: 0.5633) IoU: 0.3328 (Avg: 0.4313)
Train Epoch: [25][14/138] Loss: 0.2501 (Avg: 0.3722) Dice: 0.6973 (Avg: 0.5729) IoU: 0.5521 (Avg: 0.4399)
Train Epoch: [25][15/138] Loss: 0.1781 (Avg: 0.3593) Dice: 0.7977 (Avg: 0.5879) IoU: 0.6727 (Avg: 0.4554)
Train Epoch: [25][16/138] Loss: 0.3099 (Avg: 0.3562) Dice: 0.6622 (Avg: 0.5925) IoU: 0.4950 (Avg: 0.4579)
Train Epoch: [25][17/138] Loss: 0.4663 (Avg: 0.3627) Dice: 0.5049 (Avg: 0.5874) IoU: 0.3777 (Avg: 0.4532)
Train Epoch: [25][18/138] Loss: 0.3268 (Avg: 0.3607) Dice: 0.6230 (Avg: 0.5894) IoU: 0.4741 (Avg: 0.4544)
Train Epoch: [25][19/138] Loss: 0.1912 (Avg: 0.3518) Dice: 0.7823 (Avg: 0.5995) IoU: 0.6593 (Avg: 0.4651)
Train Epoch: [25][20/138] Loss: 0.4745 (Avg: 0.3579) Dice: 0.4800 (Avg: 0.5935) IoU: 0.3560 (Avg: 0.4597)
Train Epoch: [25][21/138] Loss: 0.2227 (Avg: 0.3515) Dice: 0.7328 (Avg: 0.6002) IoU: 0.5875 (Avg: 0.4658)
Train Epoch: [25][22/138] Loss: 0.2375 (Avg: 0.3463) Dice: 0.7239 (Avg: 0.6058) IoU: 0.5857 (Avg: 0.4712)
Train Epoch: [25][23/138] Loss: 0.2770 (Avg: 0.3433) Dice: 0.6894 (Avg: 0.6094) IoU: 0.5293 (Avg: 0.4738)
Train Epoch: [25][24/138] Loss: 0.2543 (Avg: 0.3396) Dice: 0.7050 (Avg: 0.6134) IoU: 0.5474 (Avg: 0.4768)
Train Epoch: [25][25/138] Loss: 0.2561 (Avg: 0.3362) Dice: 0.6932 (Avg: 0.6166) IoU: 0.5432 (Avg: 0.4795)
Train Epoch: [25][26/138] Loss: 0.5291 (Avg: 0.3436) Dice: 0.5091 (Avg: 0.6125) IoU: 0.3522 (Avg: 0.4746)
Train Epoch: [25][27/138] Loss: 0.1879 (Avg: 0.3379) Dice: 0.7704 (Avg: 0.6183) IoU: 0.6381 (Avg: 0.4806)
Train Epoch: [25][28/138] Loss: 0.4403 (Avg: 0.3415) Dice: 0.4425 (Avg: 0.6120) IoU: 0.3342 (Avg: 0.4754)
Train Epoch: [25][29/138] Loss: 0.3003 (Avg: 0.3401) Dice: 0.6659 (Avg: 0.6139) IoU: 0.5114 (Avg: 0.4766)
Train Epoch: [25][30/138] Loss: 0.1997 (Avg: 0.3354) Dice: 0.7573 (Avg: 0.6187) IoU: 0.6191 (Avg: 0.4814)
Train Epoch: [25][31/138] Loss: 0.3648 (Avg: 0.3364) Dice: 0.5934 (Avg: 0.6179) IoU: 0.4267 (Avg: 0.4796)
Train Epoch: [25][32/138] Loss: 0.2016 (Avg: 0.3322) Dice: 0.7667 (Avg: 0.6225) IoU: 0.6241 (Avg: 0.4841)
Train Epoch: [25][33/138] Loss: 0.2278 (Avg: 0.3290) Dice: 0.7212 (Avg: 0.6255) IoU: 0.5793 (Avg: 0.4870)
Train Epoch: [25][34/138] Loss: 0.3003 (Avg: 0.3282) Dice: 0.6408 (Avg: 0.6260) IoU: 0.4920 (Avg: 0.4872)
Train Epoch: [25][35/138] Loss: 0.3852 (Avg: 0.3298) Dice: 0.5864 (Avg: 0.6248) IoU: 0.4663 (Avg: 0.4866)
Train Epoch: [25][36/138] Loss: 0.2498 (Avg: 0.3276) Dice: 0.7173 (Avg: 0.6274) IoU: 0.5656 (Avg: 0.4888)
Train Epoch: [25][37/138] Loss: 0.3312 (Avg: 0.3277) Dice: 0.6093 (Avg: 0.6269) IoU: 0.4611 (Avg: 0.4880)
Train Epoch: [25][38/138] Loss: 0.4682 (Avg: 0.3314) Dice: 0.4970 (Avg: 0.6235) IoU: 0.3749 (Avg: 0.4850)
Train Epoch: [25][39/138] Loss: 0.3415 (Avg: 0.3316) Dice: 0.6116 (Avg: 0.6232) IoU: 0.4497 (Avg: 0.4841)
Train Epoch: [25][40/138] Loss: 0.2763 (Avg: 0.3302) Dice: 0.6594 (Avg: 0.6241) IoU: 0.5035 (Avg: 0.4846)
Train Epoch: [25][41/138] Loss: 0.4975 (Avg: 0.3343) Dice: 0.4733 (Avg: 0.6204) IoU: 0.3536 (Avg: 0.4814)
Train Epoch: [25][42/138] Loss: 0.4997 (Avg: 0.3383) Dice: 0.4552 (Avg: 0.6165) IoU: 0.3123 (Avg: 0.4774)
Train Epoch: [25][43/138] Loss: 0.3463 (Avg: 0.3384) Dice: 0.6023 (Avg: 0.6161) IoU: 0.4544 (Avg: 0.4769)
Train Epoch: [25][44/138] Loss: 0.3494 (Avg: 0.3387) Dice: 0.6095 (Avg: 0.6160) IoU: 0.4527 (Avg: 0.4763)
Train Epoch: [25][45/138] Loss: 0.2571 (Avg: 0.3369) Dice: 0.7319 (Avg: 0.6186) IoU: 0.5932 (Avg: 0.4789)
Train Epoch: [25][46/138] Loss: 0.4403 (Avg: 0.3391) Dice: 0.5170 (Avg: 0.6164) IoU: 0.3809 (Avg: 0.4768)
Train Epoch: [25][47/138] Loss: 0.2682 (Avg: 0.3376) Dice: 0.6837 (Avg: 0.6178) IoU: 0.5283 (Avg: 0.4779)
Train Epoch: [25][48/138] Loss: 0.2318 (Avg: 0.3354) Dice: 0.7499 (Avg: 0.6205) IoU: 0.6017 (Avg: 0.4805)
Train Epoch: [25][49/138] Loss: 0.1761 (Avg: 0.3322) Dice: 0.7900 (Avg: 0.6240) IoU: 0.6557 (Avg: 0.4840)
Train Epoch: [25][50/138] Loss: 0.3701 (Avg: 0.3329) Dice: 0.6038 (Avg: 0.6236) IoU: 0.4727 (Avg: 0.4838)
Train Epoch: [25][51/138] Loss: 0.3683 (Avg: 0.3336) Dice: 0.5792 (Avg: 0.6227) IoU: 0.4324 (Avg: 0.4828)
Train Epoch: [25][52/138] Loss: 0.3399 (Avg: 0.3337) Dice: 0.5999 (Avg: 0.6223) IoU: 0.4736 (Avg: 0.4826)
Train Epoch: [25][53/138] Loss: 0.3182 (Avg: 0.3334) Dice: 0.6184 (Avg: 0.6222) IoU: 0.4820 (Avg: 0.4826)
Train Epoch: [25][54/138] Loss: 0.3549 (Avg: 0.3338) Dice: 0.8714 (Avg: 0.6268) IoU: 0.5346 (Avg: 0.4836)
Train Epoch: [25][55/138] Loss: 0.4523 (Avg: 0.3360) Dice: 0.4602 (Avg: 0.6238) IoU: 0.3522 (Avg: 0.4812)
Train Epoch: [25][56/138] Loss: 0.2365 (Avg: 0.3342) Dice: 0.7478 (Avg: 0.6260) IoU: 0.6146 (Avg: 0.4836)
Train Epoch: [25][57/138] Loss: 0.2852 (Avg: 0.3334) Dice: 0.6601 (Avg: 0.6266) IoU: 0.5060 (Avg: 0.4840)
Train Epoch: [25][58/138] Loss: 0.5151 (Avg: 0.3365) Dice: 0.4354 (Avg: 0.6233) IoU: 0.3017 (Avg: 0.4808)
Train Epoch: [25][59/138] Loss: 0.4174 (Avg: 0.3379) Dice: 0.5678 (Avg: 0.6224) IoU: 0.4221 (Avg: 0.4798)
Train Epoch: [25][60/138] Loss: 0.3488 (Avg: 0.3380) Dice: 0.6089 (Avg: 0.6221) IoU: 0.4729 (Avg: 0.4797)
Train Epoch: [25][61/138] Loss: 0.4343 (Avg: 0.3396) Dice: 0.5771 (Avg: 0.6214) IoU: 0.4799 (Avg: 0.4797)
Train Epoch: [25][62/138] Loss: 0.2180 (Avg: 0.3377) Dice: 0.7494 (Avg: 0.6235) IoU: 0.6112 (Avg: 0.4818)
Train Epoch: [25][63/138] Loss: 0.3148 (Avg: 0.3373) Dice: 0.6633 (Avg: 0.6241) IoU: 0.5226 (Avg: 0.4825)
Train Epoch: [25][64/138] Loss: 0.4003 (Avg: 0.3383) Dice: 0.5410 (Avg: 0.6228) IoU: 0.3933 (Avg: 0.4811)
Train Epoch: [25][65/138] Loss: 0.5506 (Avg: 0.3415) Dice: 0.4072 (Avg: 0.6195) IoU: 0.3439 (Avg: 0.4790)
Train Epoch: [25][66/138] Loss: 0.2554 (Avg: 0.3402) Dice: 0.6961 (Avg: 0.6207) IoU: 0.5350 (Avg: 0.4798)
Train Epoch: [25][67/138] Loss: 0.1353 (Avg: 0.3372) Dice: 0.8347 (Avg: 0.6238) IoU: 0.7199 (Avg: 0.4834)
Train Epoch: [25][68/138] Loss: 0.4841 (Avg: 0.3393) Dice: 0.4241 (Avg: 0.6209) IoU: 0.2779 (Avg: 0.4804)
Train Epoch: [25][69/138] Loss: 0.3295 (Avg: 0.3392) Dice: 0.6466 (Avg: 0.6213) IoU: 0.5140 (Avg: 0.4809)
Train Epoch: [25][70/138] Loss: 0.2460 (Avg: 0.3379) Dice: 0.6918 (Avg: 0.6223) IoU: 0.5447 (Avg: 0.4818)
Train Epoch: [25][71/138] Loss: 0.1606 (Avg: 0.3354) Dice: 0.8297 (Avg: 0.6252) IoU: 0.7231 (Avg: 0.4852)
Train Epoch: [25][72/138] Loss: 0.2190 (Avg: 0.3338) Dice: 0.7463 (Avg: 0.6269) IoU: 0.6060 (Avg: 0.4869)
Train Epoch: [25][73/138] Loss: 0.3666 (Avg: 0.3342) Dice: 0.5901 (Avg: 0.6264) IoU: 0.4404 (Avg: 0.4862)
Train Epoch: [25][74/138] Loss: 0.4022 (Avg: 0.3351) Dice: 0.5367 (Avg: 0.6252) IoU: 0.3888 (Avg: 0.4849)
Train Epoch: [25][75/138] Loss: 0.2455 (Avg: 0.3339) Dice: 0.7242 (Avg: 0.6265) IoU: 0.5908 (Avg: 0.4863)
Train Epoch: [25][76/138] Loss: 0.5541 (Avg: 0.3368) Dice: 0.4141 (Avg: 0.6237) IoU: 0.3017 (Avg: 0.4839)
Train Epoch: [25][77/138] Loss: 0.2437 (Avg: 0.3356) Dice: 0.7157 (Avg: 0.6249) IoU: 0.5719 (Avg: 0.4850)
Train Epoch: [25][78/138] Loss: 0.4745 (Avg: 0.3374) Dice: 0.4794 (Avg: 0.6230) IoU: 0.3390 (Avg: 0.4832)
Train Epoch: [25][79/138] Loss: 0.3814 (Avg: 0.3380) Dice: 0.6016 (Avg: 0.6228) IoU: 0.4666 (Avg: 0.4830)
Train Epoch: [25][80/138] Loss: 0.3657 (Avg: 0.3383) Dice: 0.5879 (Avg: 0.6223) IoU: 0.4296 (Avg: 0.4823)
Train Epoch: [25][81/138] Loss: 0.3422 (Avg: 0.3384) Dice: 0.5547 (Avg: 0.6215) IoU: 0.4473 (Avg: 0.4819)
Train Epoch: [25][82/138] Loss: 0.3609 (Avg: 0.3386) Dice: 0.5818 (Avg: 0.6210) IoU: 0.4175 (Avg: 0.4811)
Train Epoch: [25][83/138] Loss: 0.3684 (Avg: 0.3390) Dice: 0.5555 (Avg: 0.6202) IoU: 0.4203 (Avg: 0.4803)
Train Epoch: [25][84/138] Loss: 0.2579 (Avg: 0.3380) Dice: 0.6926 (Avg: 0.6211) IoU: 0.5323 (Avg: 0.4810)
Train Epoch: [25][85/138] Loss: 0.4392 (Avg: 0.3392) Dice: 0.5475 (Avg: 0.6202) IoU: 0.3860 (Avg: 0.4798)
Train Epoch: [25][86/138] Loss: 0.3615 (Avg: 0.3395) Dice: 0.6047 (Avg: 0.6200) IoU: 0.4909 (Avg: 0.4800)
Train Epoch: [25][87/138] Loss: 0.6045 (Avg: 0.3425) Dice: 0.3610 (Avg: 0.6171) IoU: 0.2680 (Avg: 0.4775)
Train Epoch: [25][88/138] Loss: 0.3826 (Avg: 0.3430) Dice: 0.5798 (Avg: 0.6166) IoU: 0.4178 (Avg: 0.4769)
Train Epoch: [25][89/138] Loss: 0.3686 (Avg: 0.3433) Dice: 0.5984 (Avg: 0.6164) IoU: 0.4785 (Avg: 0.4769)
Train Epoch: [25][90/138] Loss: 0.2576 (Avg: 0.3423) Dice: 0.6934 (Avg: 0.6173) IoU: 0.5378 (Avg: 0.4775)
Train Epoch: [25][91/138] Loss: 0.2597 (Avg: 0.3414) Dice: 0.7290 (Avg: 0.6185) IoU: 0.5958 (Avg: 0.4788)
Train Epoch: [25][92/138] Loss: 0.7400 (Avg: 0.3457) Dice: 0.2268 (Avg: 0.6142) IoU: 0.1484 (Avg: 0.4753)
Train Epoch: [25][93/138] Loss: 0.4017 (Avg: 0.3463) Dice: 0.5468 (Avg: 0.6135) IoU: 0.4055 (Avg: 0.4745)
Train Epoch: [25][94/138] Loss: 0.2685 (Avg: 0.3455) Dice: 0.6774 (Avg: 0.6142) IoU: 0.5154 (Avg: 0.4749)
Train Epoch: [25][95/138] Loss: 0.1252 (Avg: 0.3432) Dice: 0.8538 (Avg: 0.6167) IoU: 0.7453 (Avg: 0.4778)
Train Epoch: [25][96/138] Loss: 0.4007 (Avg: 0.3438) Dice: 0.5583 (Avg: 0.6161) IoU: 0.4192 (Avg: 0.4772)
Train Epoch: [25][97/138] Loss: 0.2757 (Avg: 0.3431) Dice: 0.6671 (Avg: 0.6166) IoU: 0.5013 (Avg: 0.4774)
Train Epoch: [25][98/138] Loss: 0.3198 (Avg: 0.3428) Dice: 0.6438 (Avg: 0.6169) IoU: 0.4902 (Avg: 0.4776)
Train Epoch: [25][99/138] Loss: 0.2126 (Avg: 0.3415) Dice: 0.7469 (Avg: 0.6182) IoU: 0.6026 (Avg: 0.4788)
Train Epoch: [25][100/138] Loss: 0.3603 (Avg: 0.3417) Dice: 0.5996 (Avg: 0.6180) IoU: 0.4463 (Avg: 0.4785)
Train Epoch: [25][101/138] Loss: 0.2423 (Avg: 0.3407) Dice: 0.7084 (Avg: 0.6189) IoU: 0.5710 (Avg: 0.4794)
Train Epoch: [25][102/138] Loss: 0.4352 (Avg: 0.3417) Dice: 0.5262 (Avg: 0.6180) IoU: 0.4073 (Avg: 0.4787)
Train Epoch: [25][103/138] Loss: 0.3879 (Avg: 0.3421) Dice: 0.5481 (Avg: 0.6174) IoU: 0.3995 (Avg: 0.4779)
Train Epoch: [25][104/138] Loss: 0.2086 (Avg: 0.3408) Dice: 0.7489 (Avg: 0.6186) IoU: 0.6053 (Avg: 0.4792)
Train Epoch: [25][105/138] Loss: 0.3227 (Avg: 0.3407) Dice: 0.6310 (Avg: 0.6187) IoU: 0.4703 (Avg: 0.4791)
Train Epoch: [25][106/138] Loss: 0.3192 (Avg: 0.3405) Dice: 0.6214 (Avg: 0.6188) IoU: 0.4607 (Avg: 0.4789)
Train Epoch: [25][107/138] Loss: 0.5225 (Avg: 0.3422) Dice: 0.4480 (Avg: 0.6172) IoU: 0.3209 (Avg: 0.4774)
Train Epoch: [25][108/138] Loss: 0.2716 (Avg: 0.3415) Dice: 0.6814 (Avg: 0.6178) IoU: 0.5237 (Avg: 0.4779)
Train Epoch: [25][109/138] Loss: 0.2285 (Avg: 0.3405) Dice: 0.7194 (Avg: 0.6187) IoU: 0.5751 (Avg: 0.4787)
Train Epoch: [25][110/138] Loss: 0.2836 (Avg: 0.3399) Dice: 0.6698 (Avg: 0.6192) IoU: 0.5086 (Avg: 0.4790)
Train Epoch: [25][111/138] Loss: 0.2888 (Avg: 0.3395) Dice: 0.7146 (Avg: 0.6200) IoU: 0.5750 (Avg: 0.4799)
Train Epoch: [25][112/138] Loss: 0.4287 (Avg: 0.3403) Dice: 0.5318 (Avg: 0.6192) IoU: 0.4202 (Avg: 0.4793)
Train Epoch: [25][113/138] Loss: 0.3576 (Avg: 0.3404) Dice: 0.6071 (Avg: 0.6191) IoU: 0.4678 (Avg: 0.4792)
Train Epoch: [25][114/138] Loss: 0.2369 (Avg: 0.3395) Dice: 0.7447 (Avg: 0.6202) IoU: 0.6083 (Avg: 0.4804)
Train Epoch: [25][115/138] Loss: 0.2606 (Avg: 0.3388) Dice: 0.6776 (Avg: 0.6207) IoU: 0.5327 (Avg: 0.4808)
Train Epoch: [25][116/138] Loss: 0.5033 (Avg: 0.3403) Dice: 0.4611 (Avg: 0.6193) IoU: 0.3691 (Avg: 0.4799)
Train Epoch: [25][117/138] Loss: 0.2064 (Avg: 0.3391) Dice: 0.7631 (Avg: 0.6206) IoU: 0.6241 (Avg: 0.4811)
Train Epoch: [25][118/138] Loss: 0.2649 (Avg: 0.3385) Dice: 0.6318 (Avg: 0.6207) IoU: 0.5264 (Avg: 0.4815)
Train Epoch: [25][119/138] Loss: 0.4910 (Avg: 0.3398) Dice: 0.4574 (Avg: 0.6193) IoU: 0.3304 (Avg: 0.4802)
Train Epoch: [25][120/138] Loss: 0.4108 (Avg: 0.3404) Dice: 0.5451 (Avg: 0.6187) IoU: 0.3856 (Avg: 0.4794)
Train Epoch: [25][121/138] Loss: 0.3190 (Avg: 0.3402) Dice: 0.6459 (Avg: 0.6189) IoU: 0.4884 (Avg: 0.4795)
Train Epoch: [25][122/138] Loss: 0.4330 (Avg: 0.3409) Dice: 0.5074 (Avg: 0.6180) IoU: 0.3568 (Avg: 0.4785)
Train Epoch: [25][123/138] Loss: 0.3474 (Avg: 0.3410) Dice: 0.6166 (Avg: 0.6180) IoU: 0.4665 (Avg: 0.4784)
Train Epoch: [25][124/138] Loss: 0.3390 (Avg: 0.3410) Dice: 0.6134 (Avg: 0.6179) IoU: 0.4903 (Avg: 0.4785)
Train Epoch: [25][125/138] Loss: 0.2704 (Avg: 0.3404) Dice: 0.7093 (Avg: 0.6187) IoU: 0.5696 (Avg: 0.4792)
Train Epoch: [25][126/138] Loss: 0.2246 (Avg: 0.3395) Dice: 0.7494 (Avg: 0.6197) IoU: 0.6101 (Avg: 0.4803)
Train Epoch: [25][127/138] Loss: 0.3327 (Avg: 0.3394) Dice: 0.6252 (Avg: 0.6198) IoU: 0.4688 (Avg: 0.4802)
Train Epoch: [25][128/138] Loss: 0.2481 (Avg: 0.3387) Dice: 0.6952 (Avg: 0.6203) IoU: 0.5570 (Avg: 0.4808)
Train Epoch: [25][129/138] Loss: 0.3700 (Avg: 0.3390) Dice: 0.6229 (Avg: 0.6204) IoU: 0.5350 (Avg: 0.4812)
Train Epoch: [25][130/138] Loss: 0.3247 (Avg: 0.3389) Dice: 0.6215 (Avg: 0.6204) IoU: 0.4857 (Avg: 0.4812)
Train Epoch: [25][131/138] Loss: 0.5334 (Avg: 0.3403) Dice: 0.3712 (Avg: 0.6185) IoU: 0.2508 (Avg: 0.4795)
Train Epoch: [25][132/138] Loss: 0.4584 (Avg: 0.3412) Dice: 0.4455 (Avg: 0.6172) IoU: 0.3184 (Avg: 0.4782)
Train Epoch: [25][133/138] Loss: 0.2478 (Avg: 0.3405) Dice: 0.7050 (Avg: 0.6178) IoU: 0.5623 (Avg: 0.4789)
Train Epoch: [25][134/138] Loss: 0.2408 (Avg: 0.3398) Dice: 0.7042 (Avg: 0.6185) IoU: 0.5489 (Avg: 0.4794)
Train Epoch: [25][135/138] Loss: 0.3699 (Avg: 0.3400) Dice: 0.5753 (Avg: 0.6181) IoU: 0.4107 (Avg: 0.4789)
Train Epoch: [25][136/138] Loss: 0.3733 (Avg: 0.3403) Dice: 0.5790 (Avg: 0.6179) IoU: 0.4128 (Avg: 0.4784)
Train Epoch: [25][137/138] Loss: 0.3179 (Avg: 0.3401) Dice: 0.6366 (Avg: 0.6180) IoU: 0.5067 (Avg: 0.4786)
Train Epoch: [25][138/138] Loss: 0.1818 (Avg: 0.3380) Dice: 0.7839 (Avg: 0.6149) IoU: 0.6446 (Avg: 0.4763)
Validation Epoch: [25] Avg Loss: 0.3696 Avg Dice: 0.5765 Avg IoU: 0.4458

========= Epoch [26/50] =========
Train Epoch: [26][1/138] Loss: 0.2475 (Avg: 0.2475) Dice: 0.6978 (Avg: 0.6978) IoU: 0.5473 (Avg: 0.5473)
Train Epoch: [26][2/138] Loss: 0.2654 (Avg: 0.2565) Dice: 0.6957 (Avg: 0.6968) IoU: 0.5494 (Avg: 0.5484)
Train Epoch: [26][3/138] Loss: 0.4323 (Avg: 0.3151) Dice: 0.5246 (Avg: 0.6394) IoU: 0.4001 (Avg: 0.4990)
Train Epoch: [26][4/138] Loss: 0.3410 (Avg: 0.3216) Dice: 0.6263 (Avg: 0.6361) IoU: 0.4925 (Avg: 0.4973)
Train Epoch: [26][5/138] Loss: 0.5518 (Avg: 0.3676) Dice: 0.4065 (Avg: 0.5902) IoU: 0.2635 (Avg: 0.4506)
Train Epoch: [26][6/138] Loss: 0.2150 (Avg: 0.3422) Dice: 0.7596 (Avg: 0.6184) IoU: 0.6299 (Avg: 0.4805)
Train Epoch: [26][7/138] Loss: 0.4437 (Avg: 0.3567) Dice: 0.5281 (Avg: 0.6055) IoU: 0.4477 (Avg: 0.4758)
Train Epoch: [26][8/138] Loss: 0.2157 (Avg: 0.3391) Dice: 0.7609 (Avg: 0.6249) IoU: 0.6379 (Avg: 0.4960)
Train Epoch: [26][9/138] Loss: 0.4584 (Avg: 0.3523) Dice: 0.5140 (Avg: 0.6126) IoU: 0.3998 (Avg: 0.4853)
Train Epoch: [26][10/138] Loss: 0.4656 (Avg: 0.3636) Dice: 0.4614 (Avg: 0.5975) IoU: 0.3582 (Avg: 0.4726)
Train Epoch: [26][11/138] Loss: 0.2504 (Avg: 0.3534) Dice: 0.6963 (Avg: 0.6065) IoU: 0.5457 (Avg: 0.4793)
Train Epoch: [26][12/138] Loss: 0.2260 (Avg: 0.3427) Dice: 0.7195 (Avg: 0.6159) IoU: 0.5793 (Avg: 0.4876)
Train Epoch: [26][13/138] Loss: 0.3548 (Avg: 0.3437) Dice: 0.6074 (Avg: 0.6152) IoU: 0.4571 (Avg: 0.4853)
Train Epoch: [26][14/138] Loss: 0.1843 (Avg: 0.3323) Dice: 0.7877 (Avg: 0.6276) IoU: 0.6559 (Avg: 0.4974)
Train Epoch: [26][15/138] Loss: 0.5425 (Avg: 0.3463) Dice: 0.4062 (Avg: 0.6128) IoU: 0.2923 (Avg: 0.4838)
Train Epoch: [26][16/138] Loss: 0.3298 (Avg: 0.3453) Dice: 0.6069 (Avg: 0.6124) IoU: 0.4798 (Avg: 0.4835)
Train Epoch: [26][17/138] Loss: 0.4152 (Avg: 0.3494) Dice: 0.5984 (Avg: 0.6116) IoU: 0.4505 (Avg: 0.4816)
Train Epoch: [26][18/138] Loss: 0.2613 (Avg: 0.3445) Dice: 0.6997 (Avg: 0.6165) IoU: 0.5439 (Avg: 0.4850)
Train Epoch: [26][19/138] Loss: 0.2567 (Avg: 0.3399) Dice: 0.6882 (Avg: 0.6203) IoU: 0.5348 (Avg: 0.4877)
Train Epoch: [26][20/138] Loss: 0.2510 (Avg: 0.3354) Dice: 0.6983 (Avg: 0.6242) IoU: 0.5545 (Avg: 0.4910)
Train Epoch: [26][21/138] Loss: 0.3599 (Avg: 0.3366) Dice: 0.6036 (Avg: 0.6232) IoU: 0.4386 (Avg: 0.4885)
Train Epoch: [26][22/138] Loss: 0.2954 (Avg: 0.3347) Dice: 0.6722 (Avg: 0.6254) IoU: 0.5304 (Avg: 0.4904)
Train Epoch: [26][23/138] Loss: 0.4058 (Avg: 0.3378) Dice: 0.5400 (Avg: 0.6217) IoU: 0.3923 (Avg: 0.4861)
Train Epoch: [26][24/138] Loss: 0.3168 (Avg: 0.3369) Dice: 0.6263 (Avg: 0.6219) IoU: 0.4734 (Avg: 0.4856)
Train Epoch: [26][25/138] Loss: 0.3572 (Avg: 0.3377) Dice: 0.5631 (Avg: 0.6196) IoU: 0.4201 (Avg: 0.4830)
Train Epoch: [26][26/138] Loss: 0.1979 (Avg: 0.3324) Dice: 0.7660 (Avg: 0.6252) IoU: 0.6321 (Avg: 0.4887)
Train Epoch: [26][27/138] Loss: 0.3500 (Avg: 0.3330) Dice: 0.5981 (Avg: 0.6242) IoU: 0.4499 (Avg: 0.4873)
Train Epoch: [26][28/138] Loss: 0.5068 (Avg: 0.3392) Dice: 0.4260 (Avg: 0.6171) IoU: 0.3011 (Avg: 0.4806)
Train Epoch: [26][29/138] Loss: 0.3336 (Avg: 0.3390) Dice: 0.6137 (Avg: 0.6170) IoU: 0.4544 (Avg: 0.4797)
Train Epoch: [26][30/138] Loss: 0.4512 (Avg: 0.3428) Dice: 0.5129 (Avg: 0.6135) IoU: 0.3995 (Avg: 0.4771)
Train Epoch: [26][31/138] Loss: 0.6262 (Avg: 0.3519) Dice: 0.3160 (Avg: 0.6039) IoU: 0.2374 (Avg: 0.4693)
Train Epoch: [26][32/138] Loss: 0.2629 (Avg: 0.3491) Dice: 0.7084 (Avg: 0.6072) IoU: 0.5516 (Avg: 0.4719)
Train Epoch: [26][33/138] Loss: 0.2376 (Avg: 0.3457) Dice: 0.7189 (Avg: 0.6106) IoU: 0.5664 (Avg: 0.4748)
Train Epoch: [26][34/138] Loss: 0.1791 (Avg: 0.3408) Dice: 0.8059 (Avg: 0.6163) IoU: 0.6776 (Avg: 0.4807)
Train Epoch: [26][35/138] Loss: 0.2112 (Avg: 0.3371) Dice: 0.7498 (Avg: 0.6201) IoU: 0.6181 (Avg: 0.4847)
Train Epoch: [26][36/138] Loss: 0.3906 (Avg: 0.3386) Dice: 0.5600 (Avg: 0.6185) IoU: 0.4083 (Avg: 0.4825)
Train Epoch: [26][37/138] Loss: 0.2796 (Avg: 0.3370) Dice: 0.6626 (Avg: 0.6196) IoU: 0.5323 (Avg: 0.4839)
Train Epoch: [26][38/138] Loss: 0.2987 (Avg: 0.3360) Dice: 0.6824 (Avg: 0.6213) IoU: 0.5496 (Avg: 0.4856)
Train Epoch: [26][39/138] Loss: 0.3199 (Avg: 0.3356) Dice: 0.6203 (Avg: 0.6213) IoU: 0.4740 (Avg: 0.4853)
Train Epoch: [26][40/138] Loss: 0.2157 (Avg: 0.3326) Dice: 0.7501 (Avg: 0.6245) IoU: 0.6054 (Avg: 0.4883)
Train Epoch: [26][41/138] Loss: 0.2909 (Avg: 0.3316) Dice: 0.6161 (Avg: 0.6243) IoU: 0.4535 (Avg: 0.4875)
Train Epoch: [26][42/138] Loss: 0.3112 (Avg: 0.3311) Dice: 0.6336 (Avg: 0.6245) IoU: 0.4904 (Avg: 0.4875)
Train Epoch: [26][43/138] Loss: 0.4312 (Avg: 0.3334) Dice: 0.5411 (Avg: 0.6226) IoU: 0.4374 (Avg: 0.4864)
Train Epoch: [26][44/138] Loss: 0.2176 (Avg: 0.3308) Dice: 0.7544 (Avg: 0.6256) IoU: 0.6246 (Avg: 0.4895)
Train Epoch: [26][45/138] Loss: 0.3286 (Avg: 0.3307) Dice: 0.6139 (Avg: 0.6253) IoU: 0.4567 (Avg: 0.4888)
Train Epoch: [26][46/138] Loss: 0.2300 (Avg: 0.3286) Dice: 0.7244 (Avg: 0.6275) IoU: 0.5813 (Avg: 0.4908)
Train Epoch: [26][47/138] Loss: 0.3148 (Avg: 0.3283) Dice: 0.6362 (Avg: 0.6276) IoU: 0.4668 (Avg: 0.4903)
Train Epoch: [26][48/138] Loss: 0.5670 (Avg: 0.3332) Dice: 0.3605 (Avg: 0.6221) IoU: 0.2399 (Avg: 0.4851)
Train Epoch: [26][49/138] Loss: 0.2351 (Avg: 0.3312) Dice: 0.7445 (Avg: 0.6246) IoU: 0.6062 (Avg: 0.4875)
Train Epoch: [26][50/138] Loss: 0.2603 (Avg: 0.3298) Dice: 0.6923 (Avg: 0.6259) IoU: 0.5350 (Avg: 0.4885)
Train Epoch: [26][51/138] Loss: 0.3459 (Avg: 0.3301) Dice: 0.5833 (Avg: 0.6251) IoU: 0.4420 (Avg: 0.4876)
Train Epoch: [26][52/138] Loss: 0.2178 (Avg: 0.3280) Dice: 0.7420 (Avg: 0.6273) IoU: 0.5978 (Avg: 0.4897)
Train Epoch: [26][53/138] Loss: 0.3061 (Avg: 0.3276) Dice: 0.6717 (Avg: 0.6282) IoU: 0.5245 (Avg: 0.4903)
Train Epoch: [26][54/138] Loss: 0.3924 (Avg: 0.3288) Dice: 0.5550 (Avg: 0.6268) IoU: 0.3938 (Avg: 0.4886)
Train Epoch: [26][55/138] Loss: 0.1673 (Avg: 0.3258) Dice: 0.7970 (Avg: 0.6299) IoU: 0.6666 (Avg: 0.4918)
Train Epoch: [26][56/138] Loss: 0.3549 (Avg: 0.3263) Dice: 0.6405 (Avg: 0.6301) IoU: 0.4989 (Avg: 0.4919)
Train Epoch: [26][57/138] Loss: 0.3148 (Avg: 0.3261) Dice: 0.6318 (Avg: 0.6301) IoU: 0.5195 (Avg: 0.4924)
Train Epoch: [26][58/138] Loss: 0.3082 (Avg: 0.3258) Dice: 0.7108 (Avg: 0.6315) IoU: 0.6030 (Avg: 0.4943)
Train Epoch: [26][59/138] Loss: 0.4240 (Avg: 0.3275) Dice: 0.5534 (Avg: 0.6302) IoU: 0.4001 (Avg: 0.4927)
Train Epoch: [26][60/138] Loss: 0.2498 (Avg: 0.3262) Dice: 0.6923 (Avg: 0.6312) IoU: 0.5367 (Avg: 0.4934)
Train Epoch: [26][61/138] Loss: 0.2617 (Avg: 0.3251) Dice: 0.7054 (Avg: 0.6325) IoU: 0.5667 (Avg: 0.4946)
Train Epoch: [26][62/138] Loss: 0.3698 (Avg: 0.3259) Dice: 0.5452 (Avg: 0.6310) IoU: 0.4041 (Avg: 0.4932)
Train Epoch: [26][63/138] Loss: 0.5497 (Avg: 0.3294) Dice: 0.4105 (Avg: 0.6275) IoU: 0.3259 (Avg: 0.4905)
Train Epoch: [26][64/138] Loss: 0.3366 (Avg: 0.3295) Dice: 0.6571 (Avg: 0.6280) IoU: 0.4983 (Avg: 0.4907)
Train Epoch: [26][65/138] Loss: 0.4493 (Avg: 0.3314) Dice: 0.5260 (Avg: 0.6264) IoU: 0.4011 (Avg: 0.4893)
Train Epoch: [26][66/138] Loss: 0.3710 (Avg: 0.3320) Dice: 0.5992 (Avg: 0.6260) IoU: 0.5060 (Avg: 0.4895)
Train Epoch: [26][67/138] Loss: 0.2928 (Avg: 0.3314) Dice: 0.6578 (Avg: 0.6265) IoU: 0.5011 (Avg: 0.4897)
Train Epoch: [26][68/138] Loss: 0.2763 (Avg: 0.3306) Dice: 0.6717 (Avg: 0.6272) IoU: 0.5455 (Avg: 0.4905)
Train Epoch: [26][69/138] Loss: 0.1965 (Avg: 0.3286) Dice: 0.7716 (Avg: 0.6293) IoU: 0.6384 (Avg: 0.4927)
Train Epoch: [26][70/138] Loss: 0.4491 (Avg: 0.3304) Dice: 0.4932 (Avg: 0.6273) IoU: 0.3324 (Avg: 0.4904)
Train Epoch: [26][71/138] Loss: 0.1397 (Avg: 0.3277) Dice: 0.8339 (Avg: 0.6302) IoU: 0.7176 (Avg: 0.4936)
Train Epoch: [26][72/138] Loss: 0.6758 (Avg: 0.3325) Dice: 0.2872 (Avg: 0.6255) IoU: 0.2038 (Avg: 0.4896)
Train Epoch: [26][73/138] Loss: 0.3662 (Avg: 0.3330) Dice: 0.5694 (Avg: 0.6247) IoU: 0.4308 (Avg: 0.4887)
Train Epoch: [26][74/138] Loss: 0.2714 (Avg: 0.3321) Dice: 0.7212 (Avg: 0.6260) IoU: 0.5833 (Avg: 0.4900)
Train Epoch: [26][75/138] Loss: 0.4256 (Avg: 0.3334) Dice: 0.4780 (Avg: 0.6240) IoU: 0.3755 (Avg: 0.4885)
Train Epoch: [26][76/138] Loss: 0.5422 (Avg: 0.3361) Dice: 0.4113 (Avg: 0.6212) IoU: 0.2590 (Avg: 0.4855)
Train Epoch: [26][77/138] Loss: 0.1440 (Avg: 0.3336) Dice: 0.8261 (Avg: 0.6239) IoU: 0.7060 (Avg: 0.4883)
Train Epoch: [26][78/138] Loss: 0.2865 (Avg: 0.3330) Dice: 0.6299 (Avg: 0.6240) IoU: 0.4966 (Avg: 0.4884)
Train Epoch: [26][79/138] Loss: 0.2860 (Avg: 0.3324) Dice: 0.6525 (Avg: 0.6243) IoU: 0.4875 (Avg: 0.4884)
Train Epoch: [26][80/138] Loss: 0.2954 (Avg: 0.3320) Dice: 0.6271 (Avg: 0.6244) IoU: 0.4634 (Avg: 0.4881)
Train Epoch: [26][81/138] Loss: 0.3046 (Avg: 0.3316) Dice: 0.6524 (Avg: 0.6247) IoU: 0.5232 (Avg: 0.4886)
Train Epoch: [26][82/138] Loss: 0.5097 (Avg: 0.3338) Dice: 0.4011 (Avg: 0.6220) IoU: 0.2816 (Avg: 0.4860)
Train Epoch: [26][83/138] Loss: 0.4304 (Avg: 0.3350) Dice: 0.5043 (Avg: 0.6206) IoU: 0.3777 (Avg: 0.4847)
Train Epoch: [26][84/138] Loss: 0.1868 (Avg: 0.3332) Dice: 0.7753 (Avg: 0.6224) IoU: 0.6422 (Avg: 0.4866)
Train Epoch: [26][85/138] Loss: 0.4238 (Avg: 0.3343) Dice: 0.8209 (Avg: 0.6247) IoU: 0.4720 (Avg: 0.4864)
Train Epoch: [26][86/138] Loss: 0.4504 (Avg: 0.3356) Dice: 0.5114 (Avg: 0.6234) IoU: 0.3800 (Avg: 0.4852)
Train Epoch: [26][87/138] Loss: 0.5259 (Avg: 0.3378) Dice: 0.4129 (Avg: 0.6210) IoU: 0.2950 (Avg: 0.4830)
Train Epoch: [26][88/138] Loss: 0.3581 (Avg: 0.3380) Dice: 0.6136 (Avg: 0.6209) IoU: 0.4531 (Avg: 0.4827)
Train Epoch: [26][89/138] Loss: 0.2758 (Avg: 0.3373) Dice: 0.6564 (Avg: 0.6213) IoU: 0.4915 (Avg: 0.4828)
Train Epoch: [26][90/138] Loss: 0.1762 (Avg: 0.3356) Dice: 0.7982 (Avg: 0.6233) IoU: 0.6655 (Avg: 0.4848)
Train Epoch: [26][91/138] Loss: 0.4195 (Avg: 0.3365) Dice: 0.5268 (Avg: 0.6222) IoU: 0.3722 (Avg: 0.4836)
Train Epoch: [26][92/138] Loss: 0.4237 (Avg: 0.3374) Dice: 0.5703 (Avg: 0.6217) IoU: 0.4064 (Avg: 0.4827)
Train Epoch: [26][93/138] Loss: 0.5377 (Avg: 0.3396) Dice: 0.4375 (Avg: 0.6197) IoU: 0.3452 (Avg: 0.4812)
Train Epoch: [26][94/138] Loss: 0.3498 (Avg: 0.3397) Dice: 0.6298 (Avg: 0.6198) IoU: 0.5172 (Avg: 0.4816)
Train Epoch: [26][95/138] Loss: 0.2710 (Avg: 0.3390) Dice: 0.6541 (Avg: 0.6201) IoU: 0.5014 (Avg: 0.4818)
Train Epoch: [26][96/138] Loss: 0.2365 (Avg: 0.3379) Dice: 0.7341 (Avg: 0.6213) IoU: 0.5830 (Avg: 0.4829)
Train Epoch: [26][97/138] Loss: 0.4568 (Avg: 0.3391) Dice: 0.4925 (Avg: 0.6200) IoU: 0.3439 (Avg: 0.4815)
Train Epoch: [26][98/138] Loss: 0.2418 (Avg: 0.3381) Dice: 0.7092 (Avg: 0.6209) IoU: 0.5574 (Avg: 0.4822)
Train Epoch: [26][99/138] Loss: 0.4143 (Avg: 0.3389) Dice: 0.5455 (Avg: 0.6202) IoU: 0.3870 (Avg: 0.4813)
Train Epoch: [26][100/138] Loss: 0.3138 (Avg: 0.3386) Dice: 0.6462 (Avg: 0.6204) IoU: 0.5199 (Avg: 0.4817)
Train Epoch: [26][101/138] Loss: 0.1464 (Avg: 0.3367) Dice: 0.8275 (Avg: 0.6225) IoU: 0.7123 (Avg: 0.4839)
Train Epoch: [26][102/138] Loss: 0.5817 (Avg: 0.3391) Dice: 0.3958 (Avg: 0.6202) IoU: 0.3369 (Avg: 0.4825)
Train Epoch: [26][103/138] Loss: 0.2611 (Avg: 0.3384) Dice: 0.7040 (Avg: 0.6211) IoU: 0.5583 (Avg: 0.4832)
Train Epoch: [26][104/138] Loss: 0.3688 (Avg: 0.3387) Dice: 0.5561 (Avg: 0.6204) IoU: 0.4363 (Avg: 0.4828)
Train Epoch: [26][105/138] Loss: 0.1941 (Avg: 0.3373) Dice: 0.7638 (Avg: 0.6218) IoU: 0.6232 (Avg: 0.4841)
Train Epoch: [26][106/138] Loss: 0.6036 (Avg: 0.3398) Dice: 0.3455 (Avg: 0.6192) IoU: 0.2471 (Avg: 0.4819)
Train Epoch: [26][107/138] Loss: 0.2027 (Avg: 0.3385) Dice: 0.7753 (Avg: 0.6206) IoU: 0.6380 (Avg: 0.4833)
Train Epoch: [26][108/138] Loss: 0.2149 (Avg: 0.3374) Dice: 0.7405 (Avg: 0.6218) IoU: 0.5931 (Avg: 0.4844)
Train Epoch: [26][109/138] Loss: 0.6391 (Avg: 0.3402) Dice: 0.3271 (Avg: 0.6191) IoU: 0.2416 (Avg: 0.4821)
Train Epoch: [26][110/138] Loss: 0.2499 (Avg: 0.3393) Dice: 0.7303 (Avg: 0.6201) IoU: 0.5821 (Avg: 0.4830)
Train Epoch: [26][111/138] Loss: 0.2350 (Avg: 0.3384) Dice: 0.7268 (Avg: 0.6210) IoU: 0.5905 (Avg: 0.4840)
Train Epoch: [26][112/138] Loss: 0.1939 (Avg: 0.3371) Dice: 0.7748 (Avg: 0.6224) IoU: 0.6439 (Avg: 0.4854)
Train Epoch: [26][113/138] Loss: 0.1960 (Avg: 0.3359) Dice: 0.7571 (Avg: 0.6236) IoU: 0.6290 (Avg: 0.4867)
Train Epoch: [26][114/138] Loss: 0.2821 (Avg: 0.3354) Dice: 0.6772 (Avg: 0.6241) IoU: 0.5175 (Avg: 0.4870)
Train Epoch: [26][115/138] Loss: 0.1945 (Avg: 0.3342) Dice: 0.7714 (Avg: 0.6253) IoU: 0.6330 (Avg: 0.4882)
Train Epoch: [26][116/138] Loss: 0.4207 (Avg: 0.3349) Dice: 0.5033 (Avg: 0.6243) IoU: 0.3658 (Avg: 0.4872)
Train Epoch: [26][117/138] Loss: 0.3478 (Avg: 0.3350) Dice: 0.5777 (Avg: 0.6239) IoU: 0.4274 (Avg: 0.4867)
Train Epoch: [26][118/138] Loss: 0.4467 (Avg: 0.3360) Dice: 0.5064 (Avg: 0.6229) IoU: 0.3906 (Avg: 0.4859)
Train Epoch: [26][119/138] Loss: 0.4277 (Avg: 0.3367) Dice: 0.5246 (Avg: 0.6221) IoU: 0.3753 (Avg: 0.4849)
Train Epoch: [26][120/138] Loss: 0.4262 (Avg: 0.3375) Dice: 0.5231 (Avg: 0.6212) IoU: 0.3764 (Avg: 0.4840)
Train Epoch: [26][121/138] Loss: 0.5906 (Avg: 0.3396) Dice: 0.3708 (Avg: 0.6192) IoU: 0.2705 (Avg: 0.4823)
Train Epoch: [26][122/138] Loss: 0.4524 (Avg: 0.3405) Dice: 0.5051 (Avg: 0.6182) IoU: 0.3649 (Avg: 0.4813)
Train Epoch: [26][123/138] Loss: 0.2190 (Avg: 0.3395) Dice: 0.7475 (Avg: 0.6193) IoU: 0.6002 (Avg: 0.4823)
Train Epoch: [26][124/138] Loss: 0.1973 (Avg: 0.3384) Dice: 0.7721 (Avg: 0.6205) IoU: 0.6398 (Avg: 0.4835)
Train Epoch: [26][125/138] Loss: 0.3497 (Avg: 0.3384) Dice: 0.6335 (Avg: 0.6206) IoU: 0.4916 (Avg: 0.4836)
Train Epoch: [26][126/138] Loss: 0.4244 (Avg: 0.3391) Dice: 0.5459 (Avg: 0.6200) IoU: 0.4037 (Avg: 0.4830)
Train Epoch: [26][127/138] Loss: 0.1879 (Avg: 0.3379) Dice: 0.7821 (Avg: 0.6213) IoU: 0.6474 (Avg: 0.4843)
Train Epoch: [26][128/138] Loss: 0.3155 (Avg: 0.3378) Dice: 0.6738 (Avg: 0.6217) IoU: 0.5543 (Avg: 0.4848)
Train Epoch: [26][129/138] Loss: 0.3171 (Avg: 0.3376) Dice: 0.6270 (Avg: 0.6218) IoU: 0.4715 (Avg: 0.4847)
Train Epoch: [26][130/138] Loss: 0.3154 (Avg: 0.3374) Dice: 0.6301 (Avg: 0.6218) IoU: 0.4728 (Avg: 0.4846)
Train Epoch: [26][131/138] Loss: 0.1700 (Avg: 0.3362) Dice: 0.8105 (Avg: 0.6233) IoU: 0.6825 (Avg: 0.4861)
Train Epoch: [26][132/138] Loss: 0.2485 (Avg: 0.3355) Dice: 0.6969 (Avg: 0.6238) IoU: 0.5426 (Avg: 0.4866)
Train Epoch: [26][133/138] Loss: 0.2713 (Avg: 0.3350) Dice: 0.6726 (Avg: 0.6242) IoU: 0.5163 (Avg: 0.4868)
Train Epoch: [26][134/138] Loss: 0.4313 (Avg: 0.3357) Dice: 0.5146 (Avg: 0.6234) IoU: 0.4000 (Avg: 0.4861)
Train Epoch: [26][135/138] Loss: 0.2172 (Avg: 0.3349) Dice: 0.7323 (Avg: 0.6242) IoU: 0.5854 (Avg: 0.4869)
Train Epoch: [26][136/138] Loss: 0.4186 (Avg: 0.3355) Dice: 0.4778 (Avg: 0.6231) IoU: 0.3947 (Avg: 0.4862)
Train Epoch: [26][137/138] Loss: 0.4336 (Avg: 0.3362) Dice: 0.5087 (Avg: 0.6223) IoU: 0.3521 (Avg: 0.4852)
Train Epoch: [26][138/138] Loss: 0.9439 (Avg: 0.3355) Dice: 0.0000 (Avg: 0.6178) IoU: 0.0000 (Avg: 0.4817)
Validation Epoch: [26] Avg Loss: 0.3754 Avg Dice: 0.5788 Avg IoU: 0.4449

========= Epoch [27/50] =========
Train Epoch: [27][1/138] Loss: 0.4139 (Avg: 0.4139) Dice: 0.5203 (Avg: 0.5203) IoU: 0.3997 (Avg: 0.3997)
Train Epoch: [27][2/138] Loss: 0.4050 (Avg: 0.4094) Dice: 0.5669 (Avg: 0.5436) IoU: 0.4128 (Avg: 0.4062)
Train Epoch: [27][3/138] Loss: 0.2912 (Avg: 0.3700) Dice: 0.6584 (Avg: 0.5818) IoU: 0.4978 (Avg: 0.4367)
Train Epoch: [27][4/138] Loss: 0.2339 (Avg: 0.3360) Dice: 0.7395 (Avg: 0.6213) IoU: 0.6300 (Avg: 0.4850)
Train Epoch: [27][5/138] Loss: 0.4456 (Avg: 0.3579) Dice: 0.4984 (Avg: 0.5967) IoU: 0.3598 (Avg: 0.4600)
Train Epoch: [27][6/138] Loss: 0.4987 (Avg: 0.3814) Dice: 0.4767 (Avg: 0.5767) IoU: 0.3833 (Avg: 0.4472)
Train Epoch: [27][7/138] Loss: 0.2740 (Avg: 0.3661) Dice: 0.6770 (Avg: 0.5910) IoU: 0.5171 (Avg: 0.4572)
Train Epoch: [27][8/138] Loss: 0.2796 (Avg: 0.3552) Dice: 0.6734 (Avg: 0.6013) IoU: 0.5241 (Avg: 0.4656)
Train Epoch: [27][9/138] Loss: 0.6220 (Avg: 0.3849) Dice: 0.3725 (Avg: 0.5759) IoU: 0.2544 (Avg: 0.4421)
Train Epoch: [27][10/138] Loss: 0.4838 (Avg: 0.3948) Dice: 0.4627 (Avg: 0.5646) IoU: 0.3779 (Avg: 0.4357)
Train Epoch: [27][11/138] Loss: 0.4094 (Avg: 0.3961) Dice: 0.5431 (Avg: 0.5626) IoU: 0.4119 (Avg: 0.4335)
Train Epoch: [27][12/138] Loss: 0.2259 (Avg: 0.3819) Dice: 0.7053 (Avg: 0.5745) IoU: 0.5619 (Avg: 0.4442)
Train Epoch: [27][13/138] Loss: 0.3607 (Avg: 0.3803) Dice: 0.6018 (Avg: 0.5766) IoU: 0.4851 (Avg: 0.4474)
Train Epoch: [27][14/138] Loss: 0.3883 (Avg: 0.3809) Dice: 0.5482 (Avg: 0.5746) IoU: 0.4111 (Avg: 0.4448)
Train Epoch: [27][15/138] Loss: 0.1901 (Avg: 0.3681) Dice: 0.7648 (Avg: 0.5873) IoU: 0.6213 (Avg: 0.4565)
Train Epoch: [27][16/138] Loss: 0.2045 (Avg: 0.3579) Dice: 0.7552 (Avg: 0.5978) IoU: 0.6081 (Avg: 0.4660)
Train Epoch: [27][17/138] Loss: 0.1954 (Avg: 0.3484) Dice: 0.7806 (Avg: 0.6085) IoU: 0.6513 (Avg: 0.4769)
Train Epoch: [27][18/138] Loss: 0.1957 (Avg: 0.3399) Dice: 0.7674 (Avg: 0.6174) IoU: 0.6292 (Avg: 0.4854)
Train Epoch: [27][19/138] Loss: 0.1593 (Avg: 0.3304) Dice: 0.8082 (Avg: 0.6274) IoU: 0.6849 (Avg: 0.4959)
Train Epoch: [27][20/138] Loss: 0.1639 (Avg: 0.3220) Dice: 0.8093 (Avg: 0.6365) IoU: 0.6880 (Avg: 0.5055)
Train Epoch: [27][21/138] Loss: 0.2344 (Avg: 0.3179) Dice: 0.7626 (Avg: 0.6425) IoU: 0.6246 (Avg: 0.5112)
Train Epoch: [27][22/138] Loss: 0.2726 (Avg: 0.3158) Dice: 0.6553 (Avg: 0.6431) IoU: 0.5046 (Avg: 0.5109)
Train Epoch: [27][23/138] Loss: 0.2001 (Avg: 0.3108) Dice: 0.7780 (Avg: 0.6489) IoU: 0.6528 (Avg: 0.5170)
Train Epoch: [27][24/138] Loss: 0.3721 (Avg: 0.3133) Dice: 0.5896 (Avg: 0.6465) IoU: 0.4488 (Avg: 0.5142)
Train Epoch: [27][25/138] Loss: 0.2819 (Avg: 0.3121) Dice: 0.6525 (Avg: 0.6467) IoU: 0.5780 (Avg: 0.5167)
Train Epoch: [27][26/138] Loss: 0.2789 (Avg: 0.3108) Dice: 0.6794 (Avg: 0.6480) IoU: 0.5477 (Avg: 0.5179)
Train Epoch: [27][27/138] Loss: 0.2142 (Avg: 0.3072) Dice: 0.7415 (Avg: 0.6514) IoU: 0.6268 (Avg: 0.5220)
Train Epoch: [27][28/138] Loss: 0.4429 (Avg: 0.3121) Dice: 0.4994 (Avg: 0.6460) IoU: 0.3518 (Avg: 0.5159)
Train Epoch: [27][29/138] Loss: 0.3393 (Avg: 0.3130) Dice: 0.6303 (Avg: 0.6455) IoU: 0.4698 (Avg: 0.5143)
Train Epoch: [27][30/138] Loss: 0.4381 (Avg: 0.3172) Dice: 0.5336 (Avg: 0.6417) IoU: 0.3676 (Avg: 0.5094)
Train Epoch: [27][31/138] Loss: 0.2037 (Avg: 0.3135) Dice: 0.7565 (Avg: 0.6454) IoU: 0.6346 (Avg: 0.5134)
Train Epoch: [27][32/138] Loss: 0.3247 (Avg: 0.3139) Dice: 0.6175 (Avg: 0.6446) IoU: 0.4720 (Avg: 0.5121)
Train Epoch: [27][33/138] Loss: 0.2713 (Avg: 0.3126) Dice: 0.6468 (Avg: 0.6446) IoU: 0.5161 (Avg: 0.5123)
Train Epoch: [27][34/138] Loss: 0.5467 (Avg: 0.3195) Dice: 0.4164 (Avg: 0.6379) IoU: 0.2998 (Avg: 0.5060)
Train Epoch: [27][35/138] Loss: 0.2389 (Avg: 0.3172) Dice: 0.7105 (Avg: 0.6400) IoU: 0.5593 (Avg: 0.5075)
Train Epoch: [27][36/138] Loss: 0.2302 (Avg: 0.3147) Dice: 0.7117 (Avg: 0.6420) IoU: 0.5628 (Avg: 0.5091)
Train Epoch: [27][37/138] Loss: 0.2922 (Avg: 0.3141) Dice: 0.6565 (Avg: 0.6424) IoU: 0.5125 (Avg: 0.5092)
Train Epoch: [27][38/138] Loss: 0.5383 (Avg: 0.3200) Dice: 0.3974 (Avg: 0.6359) IoU: 0.2492 (Avg: 0.5023)
Train Epoch: [27][39/138] Loss: 0.2537 (Avg: 0.3183) Dice: 0.7016 (Avg: 0.6376) IoU: 0.5684 (Avg: 0.5040)
Train Epoch: [27][40/138] Loss: 0.1957 (Avg: 0.3153) Dice: 0.7462 (Avg: 0.6403) IoU: 0.5978 (Avg: 0.5064)
Train Epoch: [27][41/138] Loss: 0.1899 (Avg: 0.3122) Dice: 0.7710 (Avg: 0.6435) IoU: 0.6365 (Avg: 0.5095)
Train Epoch: [27][42/138] Loss: 0.2441 (Avg: 0.3106) Dice: 0.7019 (Avg: 0.6449) IoU: 0.5479 (Avg: 0.5105)
Train Epoch: [27][43/138] Loss: 0.2893 (Avg: 0.3101) Dice: 0.6438 (Avg: 0.6449) IoU: 0.4994 (Avg: 0.5102)
Train Epoch: [27][44/138] Loss: 0.1969 (Avg: 0.3075) Dice: 0.7700 (Avg: 0.6477) IoU: 0.6352 (Avg: 0.5130)
Train Epoch: [27][45/138] Loss: 0.3533 (Avg: 0.3085) Dice: 0.6198 (Avg: 0.6471) IoU: 0.4982 (Avg: 0.5127)
Train Epoch: [27][46/138] Loss: 0.6876 (Avg: 0.3168) Dice: 0.2993 (Avg: 0.6395) IoU: 0.2142 (Avg: 0.5062)
Train Epoch: [27][47/138] Loss: 0.3820 (Avg: 0.3182) Dice: 0.6091 (Avg: 0.6389) IoU: 0.4431 (Avg: 0.5049)
Train Epoch: [27][48/138] Loss: 0.3642 (Avg: 0.3191) Dice: 0.5980 (Avg: 0.6380) IoU: 0.4483 (Avg: 0.5037)
Train Epoch: [27][49/138] Loss: 0.5272 (Avg: 0.3234) Dice: 0.4205 (Avg: 0.6336) IoU: 0.2835 (Avg: 0.4992)
Train Epoch: [27][50/138] Loss: 0.5691 (Avg: 0.3283) Dice: 0.3745 (Avg: 0.6284) IoU: 0.2459 (Avg: 0.4941)
Train Epoch: [27][51/138] Loss: 0.3645 (Avg: 0.3290) Dice: 0.5920 (Avg: 0.6277) IoU: 0.4370 (Avg: 0.4930)
Train Epoch: [27][52/138] Loss: 0.1807 (Avg: 0.3261) Dice: 0.7857 (Avg: 0.6307) IoU: 0.6570 (Avg: 0.4962)
Train Epoch: [27][53/138] Loss: 0.5049 (Avg: 0.3295) Dice: 0.4758 (Avg: 0.6278) IoU: 0.3643 (Avg: 0.4937)
Train Epoch: [27][54/138] Loss: 0.3560 (Avg: 0.3300) Dice: 0.5849 (Avg: 0.6270) IoU: 0.4189 (Avg: 0.4923)
Train Epoch: [27][55/138] Loss: 0.3585 (Avg: 0.3305) Dice: 0.6011 (Avg: 0.6266) IoU: 0.4599 (Avg: 0.4917)
Train Epoch: [27][56/138] Loss: 0.4837 (Avg: 0.3333) Dice: 0.4204 (Avg: 0.6229) IoU: 0.3077 (Avg: 0.4884)
Train Epoch: [27][57/138] Loss: 0.2780 (Avg: 0.3323) Dice: 0.6943 (Avg: 0.6241) IoU: 0.5493 (Avg: 0.4895)
Train Epoch: [27][58/138] Loss: 0.5727 (Avg: 0.3364) Dice: 0.3814 (Avg: 0.6199) IoU: 0.2881 (Avg: 0.4860)
Train Epoch: [27][59/138] Loss: 0.2906 (Avg: 0.3357) Dice: 0.6511 (Avg: 0.6205) IoU: 0.4957 (Avg: 0.4862)
Train Epoch: [27][60/138] Loss: 0.3306 (Avg: 0.3356) Dice: 0.6106 (Avg: 0.6203) IoU: 0.4534 (Avg: 0.4856)
Train Epoch: [27][61/138] Loss: 0.4103 (Avg: 0.3368) Dice: 0.4972 (Avg: 0.6183) IoU: 0.3787 (Avg: 0.4839)
Train Epoch: [27][62/138] Loss: 0.2844 (Avg: 0.3360) Dice: 0.6518 (Avg: 0.6188) IoU: 0.5159 (Avg: 0.4844)
Train Epoch: [27][63/138] Loss: 0.3195 (Avg: 0.3357) Dice: 0.6330 (Avg: 0.6191) IoU: 0.4706 (Avg: 0.4842)
Train Epoch: [27][64/138] Loss: 0.6277 (Avg: 0.3403) Dice: 0.3490 (Avg: 0.6148) IoU: 0.2336 (Avg: 0.4803)
Train Epoch: [27][65/138] Loss: 0.1716 (Avg: 0.3377) Dice: 0.8018 (Avg: 0.6177) IoU: 0.6768 (Avg: 0.4833)
Train Epoch: [27][66/138] Loss: 0.2258 (Avg: 0.3360) Dice: 0.7395 (Avg: 0.6196) IoU: 0.5892 (Avg: 0.4849)
Train Epoch: [27][67/138] Loss: 0.5089 (Avg: 0.3386) Dice: 0.4456 (Avg: 0.6170) IoU: 0.3358 (Avg: 0.4827)
Train Epoch: [27][68/138] Loss: 0.4283 (Avg: 0.3399) Dice: 0.4759 (Avg: 0.6149) IoU: 0.3268 (Avg: 0.4804)
Train Epoch: [27][69/138] Loss: 0.5972 (Avg: 0.3436) Dice: 0.3677 (Avg: 0.6113) IoU: 0.2596 (Avg: 0.4772)
Train Epoch: [27][70/138] Loss: 0.4947 (Avg: 0.3458) Dice: 0.4741 (Avg: 0.6093) IoU: 0.3388 (Avg: 0.4752)
Train Epoch: [27][71/138] Loss: 0.1766 (Avg: 0.3434) Dice: 0.7967 (Avg: 0.6120) IoU: 0.6692 (Avg: 0.4779)
Train Epoch: [27][72/138] Loss: 0.2166 (Avg: 0.3416) Dice: 0.7603 (Avg: 0.6140) IoU: 0.6211 (Avg: 0.4799)
Train Epoch: [27][73/138] Loss: 0.3925 (Avg: 0.3423) Dice: 0.5799 (Avg: 0.6136) IoU: 0.4240 (Avg: 0.4792)
Train Epoch: [27][74/138] Loss: 0.2901 (Avg: 0.3416) Dice: 0.6514 (Avg: 0.6141) IoU: 0.4915 (Avg: 0.4793)
Train Epoch: [27][75/138] Loss: 0.3440 (Avg: 0.3416) Dice: 0.6069 (Avg: 0.6140) IoU: 0.4386 (Avg: 0.4788)
Train Epoch: [27][76/138] Loss: 0.3127 (Avg: 0.3413) Dice: 0.6376 (Avg: 0.6143) IoU: 0.5036 (Avg: 0.4791)
Train Epoch: [27][77/138] Loss: 0.2608 (Avg: 0.3402) Dice: 0.7135 (Avg: 0.6156) IoU: 0.5793 (Avg: 0.4804)
Train Epoch: [27][78/138] Loss: 0.4869 (Avg: 0.3421) Dice: 0.4673 (Avg: 0.6137) IoU: 0.3466 (Avg: 0.4787)
Train Epoch: [27][79/138] Loss: 0.3412 (Avg: 0.3421) Dice: 0.6062 (Avg: 0.6136) IoU: 0.4526 (Avg: 0.4784)
Train Epoch: [27][80/138] Loss: 0.3901 (Avg: 0.3427) Dice: 0.5330 (Avg: 0.6126) IoU: 0.3958 (Avg: 0.4773)
Train Epoch: [27][81/138] Loss: 0.3346 (Avg: 0.3426) Dice: 0.6611 (Avg: 0.6132) IoU: 0.5637 (Avg: 0.4784)
Train Epoch: [27][82/138] Loss: 0.3779 (Avg: 0.3430) Dice: 0.5760 (Avg: 0.6127) IoU: 0.4269 (Avg: 0.4778)
Train Epoch: [27][83/138] Loss: 0.3455 (Avg: 0.3430) Dice: 0.6031 (Avg: 0.6126) IoU: 0.4937 (Avg: 0.4780)
Train Epoch: [27][84/138] Loss: 0.3343 (Avg: 0.3429) Dice: 0.5765 (Avg: 0.6122) IoU: 0.4154 (Avg: 0.4772)
Train Epoch: [27][85/138] Loss: 0.3340 (Avg: 0.3428) Dice: 0.5452 (Avg: 0.6114) IoU: 0.4322 (Avg: 0.4767)
Train Epoch: [27][86/138] Loss: 0.2363 (Avg: 0.3416) Dice: 0.7336 (Avg: 0.6128) IoU: 0.6068 (Avg: 0.4782)
Train Epoch: [27][87/138] Loss: 0.1902 (Avg: 0.3399) Dice: 0.7651 (Avg: 0.6146) IoU: 0.6231 (Avg: 0.4799)
Train Epoch: [27][88/138] Loss: 0.5568 (Avg: 0.3423) Dice: 0.4073 (Avg: 0.6122) IoU: 0.2992 (Avg: 0.4778)
Train Epoch: [27][89/138] Loss: 0.6150 (Avg: 0.3454) Dice: 0.3714 (Avg: 0.6095) IoU: 0.2815 (Avg: 0.4756)
Train Epoch: [27][90/138] Loss: 0.2657 (Avg: 0.3445) Dice: 0.7167 (Avg: 0.6107) IoU: 0.5629 (Avg: 0.4766)
Train Epoch: [27][91/138] Loss: 0.3143 (Avg: 0.3442) Dice: 0.6495 (Avg: 0.6111) IoU: 0.5080 (Avg: 0.4769)
Train Epoch: [27][92/138] Loss: 0.4593 (Avg: 0.3454) Dice: 0.4992 (Avg: 0.6099) IoU: 0.3403 (Avg: 0.4754)
Train Epoch: [27][93/138] Loss: 0.3954 (Avg: 0.3460) Dice: 0.5618 (Avg: 0.6094) IoU: 0.4015 (Avg: 0.4746)
Train Epoch: [27][94/138] Loss: 0.1991 (Avg: 0.3444) Dice: 0.7551 (Avg: 0.6109) IoU: 0.6124 (Avg: 0.4761)
Train Epoch: [27][95/138] Loss: 0.4288 (Avg: 0.3453) Dice: 0.5004 (Avg: 0.6098) IoU: 0.3588 (Avg: 0.4749)
Train Epoch: [27][96/138] Loss: 0.2085 (Avg: 0.3439) Dice: 0.7759 (Avg: 0.6115) IoU: 0.6461 (Avg: 0.4767)
Train Epoch: [27][97/138] Loss: 0.2879 (Avg: 0.3433) Dice: 0.6473 (Avg: 0.6119) IoU: 0.4898 (Avg: 0.4768)
Train Epoch: [27][98/138] Loss: 0.3466 (Avg: 0.3433) Dice: 0.5949 (Avg: 0.6117) IoU: 0.4520 (Avg: 0.4765)
Train Epoch: [27][99/138] Loss: 0.2505 (Avg: 0.3424) Dice: 0.7053 (Avg: 0.6126) IoU: 0.5519 (Avg: 0.4773)
Train Epoch: [27][100/138] Loss: 0.2297 (Avg: 0.3413) Dice: 0.7493 (Avg: 0.6140) IoU: 0.6109 (Avg: 0.4786)
Train Epoch: [27][101/138] Loss: 0.2465 (Avg: 0.3403) Dice: 0.6966 (Avg: 0.6148) IoU: 0.5473 (Avg: 0.4793)
Train Epoch: [27][102/138] Loss: 0.3020 (Avg: 0.3399) Dice: 0.6711 (Avg: 0.6154) IoU: 0.5500 (Avg: 0.4800)
Train Epoch: [27][103/138] Loss: 0.4299 (Avg: 0.3408) Dice: 0.5425 (Avg: 0.6147) IoU: 0.4320 (Avg: 0.4795)
Train Epoch: [27][104/138] Loss: 0.2559 (Avg: 0.3400) Dice: 0.7320 (Avg: 0.6158) IoU: 0.5896 (Avg: 0.4806)
Train Epoch: [27][105/138] Loss: 0.3007 (Avg: 0.3396) Dice: 0.6320 (Avg: 0.6160) IoU: 0.4751 (Avg: 0.4805)
Train Epoch: [27][106/138] Loss: 0.2593 (Avg: 0.3389) Dice: 0.6946 (Avg: 0.6167) IoU: 0.5558 (Avg: 0.4813)
Train Epoch: [27][107/138] Loss: 0.3536 (Avg: 0.3390) Dice: 0.5856 (Avg: 0.6164) IoU: 0.4201 (Avg: 0.4807)
Train Epoch: [27][108/138] Loss: 0.3436 (Avg: 0.3390) Dice: 0.6404 (Avg: 0.6166) IoU: 0.4988 (Avg: 0.4808)
Train Epoch: [27][109/138] Loss: 0.2370 (Avg: 0.3381) Dice: 0.7116 (Avg: 0.6175) IoU: 0.5605 (Avg: 0.4816)
Train Epoch: [27][110/138] Loss: 0.2354 (Avg: 0.3372) Dice: 0.7038 (Avg: 0.6183) IoU: 0.5520 (Avg: 0.4822)
Train Epoch: [27][111/138] Loss: 0.6461 (Avg: 0.3400) Dice: 0.3126 (Avg: 0.6155) IoU: 0.2131 (Avg: 0.4798)
Train Epoch: [27][112/138] Loss: 0.4427 (Avg: 0.3409) Dice: 0.5192 (Avg: 0.6147) IoU: 0.3593 (Avg: 0.4787)
Train Epoch: [27][113/138] Loss: 0.2696 (Avg: 0.3402) Dice: 0.6836 (Avg: 0.6153) IoU: 0.5259 (Avg: 0.4791)
Train Epoch: [27][114/138] Loss: 0.3989 (Avg: 0.3408) Dice: 0.6039 (Avg: 0.6152) IoU: 0.4613 (Avg: 0.4790)
Train Epoch: [27][115/138] Loss: 0.4009 (Avg: 0.3413) Dice: 0.5385 (Avg: 0.6145) IoU: 0.3895 (Avg: 0.4782)
Train Epoch: [27][116/138] Loss: 0.2797 (Avg: 0.3407) Dice: 0.6772 (Avg: 0.6151) IoU: 0.5347 (Avg: 0.4787)
Train Epoch: [27][117/138] Loss: 0.3220 (Avg: 0.3406) Dice: 0.6286 (Avg: 0.6152) IoU: 0.4730 (Avg: 0.4786)
Train Epoch: [27][118/138] Loss: 0.5092 (Avg: 0.3420) Dice: 0.4376 (Avg: 0.6137) IoU: 0.3268 (Avg: 0.4774)
Train Epoch: [27][119/138] Loss: 0.4083 (Avg: 0.3426) Dice: 0.5383 (Avg: 0.6130) IoU: 0.4009 (Avg: 0.4767)
Train Epoch: [27][120/138] Loss: 0.2418 (Avg: 0.3417) Dice: 0.7129 (Avg: 0.6139) IoU: 0.5830 (Avg: 0.4776)
Train Epoch: [27][121/138] Loss: 0.2813 (Avg: 0.3412) Dice: 0.6777 (Avg: 0.6144) IoU: 0.5270 (Avg: 0.4780)
Train Epoch: [27][122/138] Loss: 0.4656 (Avg: 0.3423) Dice: 0.4707 (Avg: 0.6132) IoU: 0.3292 (Avg: 0.4768)
Train Epoch: [27][123/138] Loss: 0.2778 (Avg: 0.3417) Dice: 0.6445 (Avg: 0.6135) IoU: 0.5016 (Avg: 0.4770)
Train Epoch: [27][124/138] Loss: 0.4194 (Avg: 0.3424) Dice: 0.5450 (Avg: 0.6129) IoU: 0.4314 (Avg: 0.4766)
Train Epoch: [27][125/138] Loss: 0.2401 (Avg: 0.3415) Dice: 0.7089 (Avg: 0.6137) IoU: 0.5534 (Avg: 0.4772)
Train Epoch: [27][126/138] Loss: 0.5167 (Avg: 0.3429) Dice: 0.3748 (Avg: 0.6118) IoU: 0.2665 (Avg: 0.4756)
Train Epoch: [27][127/138] Loss: 0.2919 (Avg: 0.3425) Dice: 0.6532 (Avg: 0.6121) IoU: 0.4956 (Avg: 0.4757)
Train Epoch: [27][128/138] Loss: 0.6216 (Avg: 0.3447) Dice: 0.3542 (Avg: 0.6101) IoU: 0.2328 (Avg: 0.4738)
Train Epoch: [27][129/138] Loss: 0.4161 (Avg: 0.3453) Dice: 0.5397 (Avg: 0.6096) IoU: 0.3959 (Avg: 0.4732)
Train Epoch: [27][130/138] Loss: 0.3417 (Avg: 0.3452) Dice: 0.5974 (Avg: 0.6095) IoU: 0.4375 (Avg: 0.4729)
Train Epoch: [27][131/138] Loss: 0.2929 (Avg: 0.3448) Dice: 0.6783 (Avg: 0.6100) IoU: 0.5274 (Avg: 0.4734)
Train Epoch: [27][132/138] Loss: 0.2825 (Avg: 0.3444) Dice: 0.6862 (Avg: 0.6106) IoU: 0.5361 (Avg: 0.4738)
Train Epoch: [27][133/138] Loss: 0.5071 (Avg: 0.3456) Dice: 0.4649 (Avg: 0.6095) IoU: 0.3445 (Avg: 0.4729)
Train Epoch: [27][134/138] Loss: 0.3260 (Avg: 0.3454) Dice: 0.6528 (Avg: 0.6098) IoU: 0.5415 (Avg: 0.4734)
Train Epoch: [27][135/138] Loss: 0.5572 (Avg: 0.3470) Dice: 0.4141 (Avg: 0.6083) IoU: 0.3079 (Avg: 0.4721)
Train Epoch: [27][136/138] Loss: 0.3179 (Avg: 0.3468) Dice: 0.6420 (Avg: 0.6086) IoU: 0.4798 (Avg: 0.4722)
Train Epoch: [27][137/138] Loss: 0.3837 (Avg: 0.3471) Dice: 0.5691 (Avg: 0.6083) IoU: 0.4032 (Avg: 0.4717)
Train Epoch: [27][138/138] Loss: 0.3594 (Avg: 0.3452) Dice: 0.6056 (Avg: 0.6050) IoU: 0.4343 (Avg: 0.4691)
Validation Epoch: [27] Avg Loss: 0.4063 Avg Dice: 0.5323 Avg IoU: 0.4010

========= Epoch [28/50] =========
Train Epoch: [28][1/138] Loss: 0.2847 (Avg: 0.2847) Dice: 0.6651 (Avg: 0.6651) IoU: 0.5074 (Avg: 0.5074)
Train Epoch: [28][2/138] Loss: 0.3890 (Avg: 0.3368) Dice: 0.5506 (Avg: 0.6078) IoU: 0.4080 (Avg: 0.4577)
Train Epoch: [28][3/138] Loss: 0.2676 (Avg: 0.3138) Dice: 0.6793 (Avg: 0.6317) IoU: 0.5448 (Avg: 0.4867)
Train Epoch: [28][4/138] Loss: 0.6980 (Avg: 0.4098) Dice: 0.2750 (Avg: 0.5425) IoU: 0.1904 (Avg: 0.4126)
Train Epoch: [28][5/138] Loss: 0.5205 (Avg: 0.4320) Dice: 0.4212 (Avg: 0.5182) IoU: 0.3035 (Avg: 0.3908)
Train Epoch: [28][6/138] Loss: 0.4609 (Avg: 0.4368) Dice: 0.4913 (Avg: 0.5137) IoU: 0.3871 (Avg: 0.3902)
Train Epoch: [28][7/138] Loss: 0.1399 (Avg: 0.3944) Dice: 0.8334 (Avg: 0.5594) IoU: 0.7232 (Avg: 0.4378)
Train Epoch: [28][8/138] Loss: 0.3662 (Avg: 0.3909) Dice: 0.5751 (Avg: 0.5614) IoU: 0.4179 (Avg: 0.4353)
Train Epoch: [28][9/138] Loss: 0.4727 (Avg: 0.3999) Dice: 0.4888 (Avg: 0.5533) IoU: 0.3442 (Avg: 0.4252)
Train Epoch: [28][10/138] Loss: 0.2893 (Avg: 0.3889) Dice: 0.6608 (Avg: 0.5641) IoU: 0.5133 (Avg: 0.4340)
Train Epoch: [28][11/138] Loss: 0.1757 (Avg: 0.3695) Dice: 0.7800 (Avg: 0.5837) IoU: 0.6431 (Avg: 0.4530)
Train Epoch: [28][12/138] Loss: 0.2689 (Avg: 0.3611) Dice: 0.6999 (Avg: 0.5934) IoU: 0.5498 (Avg: 0.4610)
Train Epoch: [28][13/138] Loss: 0.5065 (Avg: 0.3723) Dice: 0.5114 (Avg: 0.5871) IoU: 0.4085 (Avg: 0.4570)
Train Epoch: [28][14/138] Loss: 0.1962 (Avg: 0.3597) Dice: 0.7669 (Avg: 0.5999) IoU: 0.6329 (Avg: 0.4696)
Train Epoch: [28][15/138] Loss: 0.4531 (Avg: 0.3659) Dice: 0.5273 (Avg: 0.5951) IoU: 0.3804 (Avg: 0.4636)
Train Epoch: [28][16/138] Loss: 0.4874 (Avg: 0.3735) Dice: 0.4278 (Avg: 0.5846) IoU: 0.3215 (Avg: 0.4547)
Train Epoch: [28][17/138] Loss: 0.2524 (Avg: 0.3664) Dice: 0.6786 (Avg: 0.5902) IoU: 0.5746 (Avg: 0.4618)
Train Epoch: [28][18/138] Loss: 0.5796 (Avg: 0.3783) Dice: 0.3932 (Avg: 0.5792) IoU: 0.3244 (Avg: 0.4542)
Train Epoch: [28][19/138] Loss: 0.3882 (Avg: 0.3788) Dice: 0.5541 (Avg: 0.5779) IoU: 0.4399 (Avg: 0.4534)
Train Epoch: [28][20/138] Loss: 0.3231 (Avg: 0.3760) Dice: 0.6078 (Avg: 0.5794) IoU: 0.4498 (Avg: 0.4532)
Train Epoch: [28][21/138] Loss: 0.4098 (Avg: 0.3776) Dice: 0.5344 (Avg: 0.5772) IoU: 0.3944 (Avg: 0.4504)
Train Epoch: [28][22/138] Loss: 0.3699 (Avg: 0.3773) Dice: 0.5956 (Avg: 0.5781) IoU: 0.4613 (Avg: 0.4509)
Train Epoch: [28][23/138] Loss: 0.4688 (Avg: 0.3812) Dice: 0.5159 (Avg: 0.5754) IoU: 0.3964 (Avg: 0.4485)
Train Epoch: [28][24/138] Loss: 0.3739 (Avg: 0.3809) Dice: 0.5843 (Avg: 0.5757) IoU: 0.4243 (Avg: 0.4475)
Train Epoch: [28][25/138] Loss: 0.3006 (Avg: 0.3777) Dice: 0.6567 (Avg: 0.5790) IoU: 0.4989 (Avg: 0.4496)
Train Epoch: [28][26/138] Loss: 0.3372 (Avg: 0.3762) Dice: 0.6038 (Avg: 0.5799) IoU: 0.4422 (Avg: 0.4493)
Train Epoch: [28][27/138] Loss: 0.7143 (Avg: 0.3887) Dice: 0.2447 (Avg: 0.5675) IoU: 0.1643 (Avg: 0.4388)
Train Epoch: [28][28/138] Loss: 0.4057 (Avg: 0.3893) Dice: 0.5490 (Avg: 0.5669) IoU: 0.3842 (Avg: 0.4368)
Train Epoch: [28][29/138] Loss: 0.5146 (Avg: 0.3936) Dice: 0.4433 (Avg: 0.5626) IoU: 0.3261 (Avg: 0.4330)
Train Epoch: [28][30/138] Loss: 0.2229 (Avg: 0.3879) Dice: 0.7317 (Avg: 0.5682) IoU: 0.5906 (Avg: 0.4382)
Train Epoch: [28][31/138] Loss: 0.2569 (Avg: 0.3837) Dice: 0.7000 (Avg: 0.5725) IoU: 0.5432 (Avg: 0.4416)
Train Epoch: [28][32/138] Loss: 0.3959 (Avg: 0.3841) Dice: 0.5560 (Avg: 0.5720) IoU: 0.3915 (Avg: 0.4401)
Train Epoch: [28][33/138] Loss: 0.3468 (Avg: 0.3829) Dice: 0.6553 (Avg: 0.5745) IoU: 0.5053 (Avg: 0.4420)
Train Epoch: [28][34/138] Loss: 0.3699 (Avg: 0.3826) Dice: 0.5589 (Avg: 0.5740) IoU: 0.4121 (Avg: 0.4412)
Train Epoch: [28][35/138] Loss: 0.2054 (Avg: 0.3775) Dice: 0.7490 (Avg: 0.5790) IoU: 0.6011 (Avg: 0.4457)
Train Epoch: [28][36/138] Loss: 0.5151 (Avg: 0.3813) Dice: 0.4341 (Avg: 0.5750) IoU: 0.3087 (Avg: 0.4419)
Train Epoch: [28][37/138] Loss: 0.2258 (Avg: 0.3771) Dice: 0.7590 (Avg: 0.5800) IoU: 0.6444 (Avg: 0.4474)
Train Epoch: [28][38/138] Loss: 0.4908 (Avg: 0.3801) Dice: 0.4686 (Avg: 0.5770) IoU: 0.3426 (Avg: 0.4446)
Train Epoch: [28][39/138] Loss: 0.3890 (Avg: 0.3803) Dice: 0.5495 (Avg: 0.5763) IoU: 0.4075 (Avg: 0.4437)
Train Epoch: [28][40/138] Loss: 0.2277 (Avg: 0.3765) Dice: 0.7304 (Avg: 0.5802) IoU: 0.5847 (Avg: 0.4472)
Train Epoch: [28][41/138] Loss: 0.3422 (Avg: 0.3757) Dice: 0.6197 (Avg: 0.5812) IoU: 0.4594 (Avg: 0.4475)
Train Epoch: [28][42/138] Loss: 0.4856 (Avg: 0.3783) Dice: 0.4351 (Avg: 0.5777) IoU: 0.3175 (Avg: 0.4444)
Train Epoch: [28][43/138] Loss: 0.5101 (Avg: 0.3814) Dice: 0.4489 (Avg: 0.5747) IoU: 0.3416 (Avg: 0.4420)
Train Epoch: [28][44/138] Loss: 0.5439 (Avg: 0.3851) Dice: 0.4122 (Avg: 0.5710) IoU: 0.2803 (Avg: 0.4383)
Train Epoch: [28][45/138] Loss: 0.3422 (Avg: 0.3841) Dice: 0.6073 (Avg: 0.5718) IoU: 0.4435 (Avg: 0.4385)
Train Epoch: [28][46/138] Loss: 0.4038 (Avg: 0.3845) Dice: 0.5540 (Avg: 0.5714) IoU: 0.4384 (Avg: 0.4385)
Train Epoch: [28][47/138] Loss: 0.2823 (Avg: 0.3824) Dice: 0.6580 (Avg: 0.5733) IoU: 0.4905 (Avg: 0.4396)
Train Epoch: [28][48/138] Loss: 0.2302 (Avg: 0.3792) Dice: 0.7202 (Avg: 0.5763) IoU: 0.5748 (Avg: 0.4424)
Train Epoch: [28][49/138] Loss: 0.2832 (Avg: 0.3772) Dice: 0.6892 (Avg: 0.5786) IoU: 0.5668 (Avg: 0.4449)
Train Epoch: [28][50/138] Loss: 0.3911 (Avg: 0.3775) Dice: 0.5292 (Avg: 0.5776) IoU: 0.3999 (Avg: 0.4440)
Train Epoch: [28][51/138] Loss: 0.2546 (Avg: 0.3751) Dice: 0.7123 (Avg: 0.5803) IoU: 0.5740 (Avg: 0.4466)
Train Epoch: [28][52/138] Loss: 0.4589 (Avg: 0.3767) Dice: 0.5063 (Avg: 0.5788) IoU: 0.3701 (Avg: 0.4451)
Train Epoch: [28][53/138] Loss: 0.2814 (Avg: 0.3749) Dice: 0.6741 (Avg: 0.5806) IoU: 0.5123 (Avg: 0.4464)
Train Epoch: [28][54/138] Loss: 0.1796 (Avg: 0.3713) Dice: 0.8010 (Avg: 0.5847) IoU: 0.6753 (Avg: 0.4506)
Train Epoch: [28][55/138] Loss: 0.2697 (Avg: 0.3694) Dice: 0.6964 (Avg: 0.5868) IoU: 0.5523 (Avg: 0.4525)
Train Epoch: [28][56/138] Loss: 0.3318 (Avg: 0.3688) Dice: 0.5849 (Avg: 0.5867) IoU: 0.4269 (Avg: 0.4520)
Train Epoch: [28][57/138] Loss: 0.5842 (Avg: 0.3726) Dice: 0.3734 (Avg: 0.5830) IoU: 0.2531 (Avg: 0.4485)
Train Epoch: [28][58/138] Loss: 0.4638 (Avg: 0.3741) Dice: 0.4397 (Avg: 0.5805) IoU: 0.2999 (Avg: 0.4460)
Train Epoch: [28][59/138] Loss: 0.3755 (Avg: 0.3742) Dice: 0.5484 (Avg: 0.5800) IoU: 0.4240 (Avg: 0.4456)
Train Epoch: [28][60/138] Loss: 0.3406 (Avg: 0.3736) Dice: 0.6014 (Avg: 0.5803) IoU: 0.4718 (Avg: 0.4460)
Train Epoch: [28][61/138] Loss: 0.2414 (Avg: 0.3714) Dice: 0.7122 (Avg: 0.5825) IoU: 0.5698 (Avg: 0.4480)
Train Epoch: [28][62/138] Loss: 0.2781 (Avg: 0.3699) Dice: 0.6586 (Avg: 0.5837) IoU: 0.5048 (Avg: 0.4490)
Train Epoch: [28][63/138] Loss: 0.3804 (Avg: 0.3701) Dice: 0.5994 (Avg: 0.5840) IoU: 0.4628 (Avg: 0.4492)
Train Epoch: [28][64/138] Loss: 0.2509 (Avg: 0.3682) Dice: 0.7062 (Avg: 0.5859) IoU: 0.5535 (Avg: 0.4508)
Train Epoch: [28][65/138] Loss: 0.2515 (Avg: 0.3664) Dice: 0.7037 (Avg: 0.5877) IoU: 0.5744 (Avg: 0.4527)
Train Epoch: [28][66/138] Loss: 0.1939 (Avg: 0.3638) Dice: 0.7589 (Avg: 0.5903) IoU: 0.6132 (Avg: 0.4551)
Train Epoch: [28][67/138] Loss: 0.1451 (Avg: 0.3606) Dice: 0.8171 (Avg: 0.5937) IoU: 0.6911 (Avg: 0.4587)
Train Epoch: [28][68/138] Loss: 0.2342 (Avg: 0.3587) Dice: 0.7334 (Avg: 0.5957) IoU: 0.5811 (Avg: 0.4605)
Train Epoch: [28][69/138] Loss: 0.4716 (Avg: 0.3603) Dice: 0.4573 (Avg: 0.5937) IoU: 0.3332 (Avg: 0.4586)
Train Epoch: [28][70/138] Loss: 0.2001 (Avg: 0.3580) Dice: 0.7704 (Avg: 0.5962) IoU: 0.6346 (Avg: 0.4611)
Train Epoch: [28][71/138] Loss: 0.2154 (Avg: 0.3560) Dice: 0.7320 (Avg: 0.5981) IoU: 0.5789 (Avg: 0.4628)
Train Epoch: [28][72/138] Loss: 0.5246 (Avg: 0.3584) Dice: 0.4159 (Avg: 0.5956) IoU: 0.2909 (Avg: 0.4604)
Train Epoch: [28][73/138] Loss: 0.2889 (Avg: 0.3574) Dice: 0.6682 (Avg: 0.5966) IoU: 0.5098 (Avg: 0.4611)
Train Epoch: [28][74/138] Loss: 0.4816 (Avg: 0.3591) Dice: 0.4683 (Avg: 0.5949) IoU: 0.3093 (Avg: 0.4590)
Train Epoch: [28][75/138] Loss: 0.2649 (Avg: 0.3578) Dice: 0.6879 (Avg: 0.5961) IoU: 0.5405 (Avg: 0.4601)
Train Epoch: [28][76/138] Loss: 0.3488 (Avg: 0.3577) Dice: 0.6016 (Avg: 0.5962) IoU: 0.4492 (Avg: 0.4600)
Train Epoch: [28][77/138] Loss: 0.2357 (Avg: 0.3561) Dice: 0.7448 (Avg: 0.5981) IoU: 0.5965 (Avg: 0.4617)
Train Epoch: [28][78/138] Loss: 0.4069 (Avg: 0.3568) Dice: 0.5819 (Avg: 0.5979) IoU: 0.4664 (Avg: 0.4618)
Train Epoch: [28][79/138] Loss: 0.5786 (Avg: 0.3596) Dice: 0.3835 (Avg: 0.5952) IoU: 0.2596 (Avg: 0.4592)
Train Epoch: [28][80/138] Loss: 0.1958 (Avg: 0.3576) Dice: 0.7620 (Avg: 0.5973) IoU: 0.6200 (Avg: 0.4613)
Train Epoch: [28][81/138] Loss: 0.4227 (Avg: 0.3584) Dice: 0.5440 (Avg: 0.5966) IoU: 0.3983 (Avg: 0.4605)
Train Epoch: [28][82/138] Loss: 0.3227 (Avg: 0.3579) Dice: 0.6229 (Avg: 0.5969) IoU: 0.4652 (Avg: 0.4605)
Train Epoch: [28][83/138] Loss: 0.1272 (Avg: 0.3551) Dice: 0.8385 (Avg: 0.5999) IoU: 0.7230 (Avg: 0.4637)
Train Epoch: [28][84/138] Loss: 0.4122 (Avg: 0.3558) Dice: 0.5156 (Avg: 0.5989) IoU: 0.3525 (Avg: 0.4624)
Train Epoch: [28][85/138] Loss: 0.5217 (Avg: 0.3578) Dice: 0.7063 (Avg: 0.6001) IoU: 0.3890 (Avg: 0.4615)
Train Epoch: [28][86/138] Loss: 0.3143 (Avg: 0.3573) Dice: 0.6017 (Avg: 0.6001) IoU: 0.4792 (Avg: 0.4617)
Train Epoch: [28][87/138] Loss: 0.3967 (Avg: 0.3577) Dice: 0.5403 (Avg: 0.5995) IoU: 0.3896 (Avg: 0.4609)
Train Epoch: [28][88/138] Loss: 0.3628 (Avg: 0.3578) Dice: 0.5727 (Avg: 0.5991) IoU: 0.4073 (Avg: 0.4603)
Train Epoch: [28][89/138] Loss: 0.1777 (Avg: 0.3558) Dice: 0.7856 (Avg: 0.6012) IoU: 0.6480 (Avg: 0.4624)
Train Epoch: [28][90/138] Loss: 0.3655 (Avg: 0.3559) Dice: 0.5724 (Avg: 0.6009) IoU: 0.4417 (Avg: 0.4622)
Train Epoch: [28][91/138] Loss: 0.3635 (Avg: 0.3559) Dice: 0.6223 (Avg: 0.6012) IoU: 0.4945 (Avg: 0.4625)
Train Epoch: [28][92/138] Loss: 0.2770 (Avg: 0.3551) Dice: 0.6725 (Avg: 0.6019) IoU: 0.5148 (Avg: 0.4631)
Train Epoch: [28][93/138] Loss: 0.4282 (Avg: 0.3559) Dice: 0.4801 (Avg: 0.6006) IoU: 0.3643 (Avg: 0.4620)
Train Epoch: [28][94/138] Loss: 0.2272 (Avg: 0.3545) Dice: 0.7409 (Avg: 0.6021) IoU: 0.5950 (Avg: 0.4634)
Train Epoch: [28][95/138] Loss: 0.2664 (Avg: 0.3536) Dice: 0.6959 (Avg: 0.6031) IoU: 0.5433 (Avg: 0.4643)
Train Epoch: [28][96/138] Loss: 0.3403 (Avg: 0.3534) Dice: 0.6319 (Avg: 0.6034) IoU: 0.5059 (Avg: 0.4647)
Train Epoch: [28][97/138] Loss: 0.3741 (Avg: 0.3537) Dice: 0.6045 (Avg: 0.6034) IoU: 0.5004 (Avg: 0.4651)
Train Epoch: [28][98/138] Loss: 0.2984 (Avg: 0.3531) Dice: 0.6682 (Avg: 0.6041) IoU: 0.5023 (Avg: 0.4655)
Train Epoch: [28][99/138] Loss: 0.2437 (Avg: 0.3520) Dice: 0.7145 (Avg: 0.6052) IoU: 0.5647 (Avg: 0.4665)
Train Epoch: [28][100/138] Loss: 0.2334 (Avg: 0.3508) Dice: 0.7095 (Avg: 0.6062) IoU: 0.5561 (Avg: 0.4674)
Train Epoch: [28][101/138] Loss: 0.5986 (Avg: 0.3533) Dice: 0.3622 (Avg: 0.6038) IoU: 0.2612 (Avg: 0.4653)
Train Epoch: [28][102/138] Loss: 0.4165 (Avg: 0.3539) Dice: 0.5318 (Avg: 0.6031) IoU: 0.3813 (Avg: 0.4645)
Train Epoch: [28][103/138] Loss: 0.1625 (Avg: 0.3520) Dice: 0.8028 (Avg: 0.6050) IoU: 0.6717 (Avg: 0.4665)
Train Epoch: [28][104/138] Loss: 0.2218 (Avg: 0.3508) Dice: 0.7346 (Avg: 0.6063) IoU: 0.5884 (Avg: 0.4677)
Train Epoch: [28][105/138] Loss: 0.2978 (Avg: 0.3503) Dice: 0.6626 (Avg: 0.6068) IoU: 0.5156 (Avg: 0.4681)
Train Epoch: [28][106/138] Loss: 0.2396 (Avg: 0.3492) Dice: 0.7251 (Avg: 0.6079) IoU: 0.5823 (Avg: 0.4692)
Train Epoch: [28][107/138] Loss: 0.2805 (Avg: 0.3486) Dice: 0.6697 (Avg: 0.6085) IoU: 0.5202 (Avg: 0.4697)
Train Epoch: [28][108/138] Loss: 0.2436 (Avg: 0.3476) Dice: 0.7035 (Avg: 0.6094) IoU: 0.5896 (Avg: 0.4708)
Train Epoch: [28][109/138] Loss: 0.4068 (Avg: 0.3481) Dice: 0.5059 (Avg: 0.6085) IoU: 0.3751 (Avg: 0.4699)
Train Epoch: [28][110/138] Loss: 0.4978 (Avg: 0.3495) Dice: 0.4227 (Avg: 0.6068) IoU: 0.2737 (Avg: 0.4681)
Train Epoch: [28][111/138] Loss: 0.6259 (Avg: 0.3520) Dice: 0.3313 (Avg: 0.6043) IoU: 0.2281 (Avg: 0.4660)
Train Epoch: [28][112/138] Loss: 0.2057 (Avg: 0.3507) Dice: 0.7606 (Avg: 0.6057) IoU: 0.6206 (Avg: 0.4674)
Train Epoch: [28][113/138] Loss: 0.2225 (Avg: 0.3496) Dice: 0.7260 (Avg: 0.6067) IoU: 0.5800 (Avg: 0.4684)
Train Epoch: [28][114/138] Loss: 0.2871 (Avg: 0.3490) Dice: 0.6895 (Avg: 0.6075) IoU: 0.5549 (Avg: 0.4691)
Train Epoch: [28][115/138] Loss: 0.4101 (Avg: 0.3495) Dice: 0.5452 (Avg: 0.6069) IoU: 0.4054 (Avg: 0.4686)
Train Epoch: [28][116/138] Loss: 0.2422 (Avg: 0.3486) Dice: 0.7098 (Avg: 0.6078) IoU: 0.5646 (Avg: 0.4694)
Train Epoch: [28][117/138] Loss: 0.1606 (Avg: 0.3470) Dice: 0.8151 (Avg: 0.6096) IoU: 0.6938 (Avg: 0.4713)
Train Epoch: [28][118/138] Loss: 0.2233 (Avg: 0.3460) Dice: 0.7580 (Avg: 0.6108) IoU: 0.6167 (Avg: 0.4725)
Train Epoch: [28][119/138] Loss: 0.4313 (Avg: 0.3467) Dice: 0.5256 (Avg: 0.6101) IoU: 0.4179 (Avg: 0.4721)
Train Epoch: [28][120/138] Loss: 0.2902 (Avg: 0.3462) Dice: 0.6827 (Avg: 0.6107) IoU: 0.5300 (Avg: 0.4726)
Train Epoch: [28][121/138] Loss: 0.2309 (Avg: 0.3452) Dice: 0.7358 (Avg: 0.6118) IoU: 0.5894 (Avg: 0.4735)
Train Epoch: [28][122/138] Loss: 0.4080 (Avg: 0.3458) Dice: 0.5302 (Avg: 0.6111) IoU: 0.3723 (Avg: 0.4727)
Train Epoch: [28][123/138] Loss: 0.4279 (Avg: 0.3464) Dice: 0.5323 (Avg: 0.6105) IoU: 0.3691 (Avg: 0.4719)
Train Epoch: [28][124/138] Loss: 0.3037 (Avg: 0.3461) Dice: 0.6729 (Avg: 0.6110) IoU: 0.5331 (Avg: 0.4723)
Train Epoch: [28][125/138] Loss: 0.4571 (Avg: 0.3470) Dice: 0.4907 (Avg: 0.6100) IoU: 0.3849 (Avg: 0.4716)
Train Epoch: [28][126/138] Loss: 0.2499 (Avg: 0.3462) Dice: 0.6983 (Avg: 0.6107) IoU: 0.5449 (Avg: 0.4722)
Train Epoch: [28][127/138] Loss: 0.2856 (Avg: 0.3457) Dice: 0.7117 (Avg: 0.6115) IoU: 0.5922 (Avg: 0.4732)
Train Epoch: [28][128/138] Loss: 0.2583 (Avg: 0.3450) Dice: 0.6944 (Avg: 0.6121) IoU: 0.5582 (Avg: 0.4738)
Train Epoch: [28][129/138] Loss: 0.4811 (Avg: 0.3461) Dice: 0.4710 (Avg: 0.6111) IoU: 0.3808 (Avg: 0.4731)
Train Epoch: [28][130/138] Loss: 0.4582 (Avg: 0.3470) Dice: 0.4952 (Avg: 0.6102) IoU: 0.3936 (Avg: 0.4725)
Train Epoch: [28][131/138] Loss: 0.2559 (Avg: 0.3463) Dice: 0.6928 (Avg: 0.6108) IoU: 0.5320 (Avg: 0.4730)
Train Epoch: [28][132/138] Loss: 0.5563 (Avg: 0.3479) Dice: 0.3958 (Avg: 0.6092) IoU: 0.2659 (Avg: 0.4714)
Train Epoch: [28][133/138] Loss: 0.5083 (Avg: 0.3491) Dice: 0.4486 (Avg: 0.6080) IoU: 0.3350 (Avg: 0.4704)
Train Epoch: [28][134/138] Loss: 0.3264 (Avg: 0.3489) Dice: 0.6378 (Avg: 0.6082) IoU: 0.4943 (Avg: 0.4705)
Train Epoch: [28][135/138] Loss: 0.1640 (Avg: 0.3475) Dice: 0.8129 (Avg: 0.6097) IoU: 0.6891 (Avg: 0.4722)
Train Epoch: [28][136/138] Loss: 0.3078 (Avg: 0.3472) Dice: 0.6570 (Avg: 0.6100) IoU: 0.4915 (Avg: 0.4723)
Train Epoch: [28][137/138] Loss: 0.2382 (Avg: 0.3464) Dice: 0.7199 (Avg: 0.6108) IoU: 0.5688 (Avg: 0.4730)
Train Epoch: [28][138/138] Loss: 0.1891 (Avg: 0.3443) Dice: 0.7768 (Avg: 0.6078) IoU: 0.6350 (Avg: 0.4707)
Validation Epoch: [28] Avg Loss: 0.4180 Avg Dice: 0.5191 Avg IoU: 0.4001

========= Epoch [29/50] =========
Train Epoch: [29][1/138] Loss: 0.2429 (Avg: 0.2429) Dice: 0.6917 (Avg: 0.6917) IoU: 0.5354 (Avg: 0.5354)
Train Epoch: [29][2/138] Loss: 0.1907 (Avg: 0.2168) Dice: 0.7803 (Avg: 0.7360) IoU: 0.6588 (Avg: 0.5971)
Train Epoch: [29][3/138] Loss: 0.1612 (Avg: 0.1983) Dice: 0.8266 (Avg: 0.7662) IoU: 0.7205 (Avg: 0.6382)
Train Epoch: [29][4/138] Loss: 0.4185 (Avg: 0.2533) Dice: 0.5000 (Avg: 0.6996) IoU: 0.3562 (Avg: 0.5677)
Train Epoch: [29][5/138] Loss: 0.3450 (Avg: 0.2717) Dice: 0.5558 (Avg: 0.6709) IoU: 0.4405 (Avg: 0.5423)
Train Epoch: [29][6/138] Loss: 0.3245 (Avg: 0.2805) Dice: 0.6519 (Avg: 0.6677) IoU: 0.4966 (Avg: 0.5347)
Train Epoch: [29][7/138] Loss: 0.1787 (Avg: 0.2659) Dice: 0.7928 (Avg: 0.6856) IoU: 0.6610 (Avg: 0.5527)
Train Epoch: [29][8/138] Loss: 0.4099 (Avg: 0.2839) Dice: 0.5491 (Avg: 0.6685) IoU: 0.3976 (Avg: 0.5334)
Train Epoch: [29][9/138] Loss: 0.2879 (Avg: 0.2844) Dice: 0.6751 (Avg: 0.6692) IoU: 0.5279 (Avg: 0.5327)
Train Epoch: [29][10/138] Loss: 0.3298 (Avg: 0.2889) Dice: 0.6205 (Avg: 0.6644) IoU: 0.4600 (Avg: 0.5255)
Train Epoch: [29][11/138] Loss: 0.3132 (Avg: 0.2911) Dice: 0.6601 (Avg: 0.6640) IoU: 0.5398 (Avg: 0.5268)
Train Epoch: [29][12/138] Loss: 0.2641 (Avg: 0.2889) Dice: 0.7292 (Avg: 0.6694) IoU: 0.5870 (Avg: 0.5318)
Train Epoch: [29][13/138] Loss: 0.3982 (Avg: 0.2973) Dice: 0.5688 (Avg: 0.6617) IoU: 0.4589 (Avg: 0.5262)
Train Epoch: [29][14/138] Loss: 0.2529 (Avg: 0.2941) Dice: 0.6963 (Avg: 0.6642) IoU: 0.5529 (Avg: 0.5281)
Train Epoch: [29][15/138] Loss: 0.3936 (Avg: 0.3008) Dice: 0.5452 (Avg: 0.6562) IoU: 0.4412 (Avg: 0.5223)
Train Epoch: [29][16/138] Loss: 0.3822 (Avg: 0.3058) Dice: 0.5682 (Avg: 0.6507) IoU: 0.4226 (Avg: 0.5161)
Train Epoch: [29][17/138] Loss: 0.3981 (Avg: 0.3113) Dice: 0.4835 (Avg: 0.6409) IoU: 0.3776 (Avg: 0.5079)
Train Epoch: [29][18/138] Loss: 0.2350 (Avg: 0.3070) Dice: 0.7253 (Avg: 0.6456) IoU: 0.5811 (Avg: 0.5120)
Train Epoch: [29][19/138] Loss: 0.2209 (Avg: 0.3025) Dice: 0.7403 (Avg: 0.6506) IoU: 0.6120 (Avg: 0.5172)
Train Epoch: [29][20/138] Loss: 0.3912 (Avg: 0.3069) Dice: 0.5512 (Avg: 0.6456) IoU: 0.4445 (Avg: 0.5136)
Train Epoch: [29][21/138] Loss: 0.2572 (Avg: 0.3046) Dice: 0.6983 (Avg: 0.6481) IoU: 0.5509 (Avg: 0.5154)
Train Epoch: [29][22/138] Loss: 0.4007 (Avg: 0.3089) Dice: 0.5722 (Avg: 0.6446) IoU: 0.4627 (Avg: 0.5130)
Train Epoch: [29][23/138] Loss: 0.3307 (Avg: 0.3099) Dice: 0.5790 (Avg: 0.6418) IoU: 0.4387 (Avg: 0.5098)
Train Epoch: [29][24/138] Loss: 0.1847 (Avg: 0.3047) Dice: 0.7879 (Avg: 0.6479) IoU: 0.6548 (Avg: 0.5158)
Train Epoch: [29][25/138] Loss: 0.3909 (Avg: 0.3081) Dice: 0.5661 (Avg: 0.6446) IoU: 0.4625 (Avg: 0.5137)
Train Epoch: [29][26/138] Loss: 0.3055 (Avg: 0.3080) Dice: 0.6478 (Avg: 0.6447) IoU: 0.4995 (Avg: 0.5131)
Train Epoch: [29][27/138] Loss: 0.3956 (Avg: 0.3113) Dice: 0.5608 (Avg: 0.6416) IoU: 0.3998 (Avg: 0.5089)
Train Epoch: [29][28/138] Loss: 0.3088 (Avg: 0.3112) Dice: 0.6345 (Avg: 0.6414) IoU: 0.4865 (Avg: 0.5081)
Train Epoch: [29][29/138] Loss: 0.4260 (Avg: 0.3151) Dice: 0.5126 (Avg: 0.6369) IoU: 0.3704 (Avg: 0.5034)
Train Epoch: [29][30/138] Loss: 0.2752 (Avg: 0.3138) Dice: 0.6675 (Avg: 0.6379) IoU: 0.5173 (Avg: 0.5038)
Train Epoch: [29][31/138] Loss: 0.4362 (Avg: 0.3178) Dice: 0.5170 (Avg: 0.6340) IoU: 0.3947 (Avg: 0.5003)
Train Epoch: [29][32/138] Loss: 0.3280 (Avg: 0.3181) Dice: 0.6356 (Avg: 0.6341) IoU: 0.4775 (Avg: 0.4996)
Train Epoch: [29][33/138] Loss: 0.2450 (Avg: 0.3159) Dice: 0.7132 (Avg: 0.6365) IoU: 0.5594 (Avg: 0.5014)
Train Epoch: [29][34/138] Loss: 0.3126 (Avg: 0.3158) Dice: 0.6372 (Avg: 0.6365) IoU: 0.4802 (Avg: 0.5008)
Train Epoch: [29][35/138] Loss: 0.2924 (Avg: 0.3151) Dice: 0.6605 (Avg: 0.6372) IoU: 0.5010 (Avg: 0.5008)
Train Epoch: [29][36/138] Loss: 0.2470 (Avg: 0.3132) Dice: 0.6999 (Avg: 0.6389) IoU: 0.5640 (Avg: 0.5026)
Train Epoch: [29][37/138] Loss: 0.4964 (Avg: 0.3182) Dice: 0.4361 (Avg: 0.6335) IoU: 0.2813 (Avg: 0.4966)
Train Epoch: [29][38/138] Loss: 0.2517 (Avg: 0.3164) Dice: 0.6891 (Avg: 0.6349) IoU: 0.5360 (Avg: 0.4976)
Train Epoch: [29][39/138] Loss: 0.3149 (Avg: 0.3164) Dice: 0.6495 (Avg: 0.6353) IoU: 0.4995 (Avg: 0.4977)
Train Epoch: [29][40/138] Loss: 0.2590 (Avg: 0.3149) Dice: 0.6706 (Avg: 0.6362) IoU: 0.5695 (Avg: 0.4995)
Train Epoch: [29][41/138] Loss: 0.2832 (Avg: 0.3142) Dice: 0.6734 (Avg: 0.6371) IoU: 0.5180 (Avg: 0.4999)
Train Epoch: [29][42/138] Loss: 0.4111 (Avg: 0.3165) Dice: 0.5494 (Avg: 0.6350) IoU: 0.4396 (Avg: 0.4985)
Train Epoch: [29][43/138] Loss: 0.2842 (Avg: 0.3157) Dice: 0.6768 (Avg: 0.6360) IoU: 0.5261 (Avg: 0.4991)
Train Epoch: [29][44/138] Loss: 0.2153 (Avg: 0.3134) Dice: 0.7479 (Avg: 0.6385) IoU: 0.6020 (Avg: 0.5015)
Train Epoch: [29][45/138] Loss: 0.2742 (Avg: 0.3126) Dice: 0.6783 (Avg: 0.6394) IoU: 0.5307 (Avg: 0.5021)
Train Epoch: [29][46/138] Loss: 0.3752 (Avg: 0.3139) Dice: 0.5957 (Avg: 0.6384) IoU: 0.4994 (Avg: 0.5020)
Train Epoch: [29][47/138] Loss: 0.8995 (Avg: 0.3264) Dice: 0.0746 (Avg: 0.6264) IoU: 0.0437 (Avg: 0.4923)
Train Epoch: [29][48/138] Loss: 0.4142 (Avg: 0.3282) Dice: 0.5575 (Avg: 0.6250) IoU: 0.4453 (Avg: 0.4913)
Train Epoch: [29][49/138] Loss: 0.6196 (Avg: 0.3342) Dice: 0.5974 (Avg: 0.6244) IoU: 0.2443 (Avg: 0.4863)
Train Epoch: [29][50/138] Loss: 0.4028 (Avg: 0.3355) Dice: 0.5006 (Avg: 0.6220) IoU: 0.3635 (Avg: 0.4838)
Train Epoch: [29][51/138] Loss: 0.3374 (Avg: 0.3356) Dice: 0.6381 (Avg: 0.6223) IoU: 0.5355 (Avg: 0.4848)
Train Epoch: [29][52/138] Loss: 0.3156 (Avg: 0.3352) Dice: 0.6337 (Avg: 0.6225) IoU: 0.4652 (Avg: 0.4845)
Train Epoch: [29][53/138] Loss: 0.3884 (Avg: 0.3362) Dice: 0.5931 (Avg: 0.6220) IoU: 0.4347 (Avg: 0.4835)
Train Epoch: [29][54/138] Loss: 0.2138 (Avg: 0.3339) Dice: 0.7625 (Avg: 0.6246) IoU: 0.6223 (Avg: 0.4861)
Train Epoch: [29][55/138] Loss: 0.2361 (Avg: 0.3321) Dice: 0.7147 (Avg: 0.6262) IoU: 0.5675 (Avg: 0.4876)
Train Epoch: [29][56/138] Loss: 0.2020 (Avg: 0.3298) Dice: 0.7515 (Avg: 0.6284) IoU: 0.6179 (Avg: 0.4899)
Train Epoch: [29][57/138] Loss: 0.1918 (Avg: 0.3274) Dice: 0.7664 (Avg: 0.6309) IoU: 0.6357 (Avg: 0.4924)
Train Epoch: [29][58/138] Loss: 0.3027 (Avg: 0.3270) Dice: 0.6723 (Avg: 0.6316) IoU: 0.5269 (Avg: 0.4930)
Train Epoch: [29][59/138] Loss: 0.3973 (Avg: 0.3282) Dice: 0.5646 (Avg: 0.6304) IoU: 0.4088 (Avg: 0.4916)
Train Epoch: [29][60/138] Loss: 0.3621 (Avg: 0.3287) Dice: 0.5628 (Avg: 0.6293) IoU: 0.4018 (Avg: 0.4901)
Train Epoch: [29][61/138] Loss: 0.2140 (Avg: 0.3268) Dice: 0.7330 (Avg: 0.6310) IoU: 0.5787 (Avg: 0.4916)
Train Epoch: [29][62/138] Loss: 0.3096 (Avg: 0.3266) Dice: 0.6359 (Avg: 0.6311) IoU: 0.4736 (Avg: 0.4913)
Train Epoch: [29][63/138] Loss: 0.3583 (Avg: 0.3271) Dice: 0.6033 (Avg: 0.6306) IoU: 0.4829 (Avg: 0.4911)
Train Epoch: [29][64/138] Loss: 0.3338 (Avg: 0.3272) Dice: 0.6260 (Avg: 0.6306) IoU: 0.4876 (Avg: 0.4911)
Train Epoch: [29][65/138] Loss: 0.5438 (Avg: 0.3305) Dice: 0.3947 (Avg: 0.6269) IoU: 0.2496 (Avg: 0.4874)
Train Epoch: [29][66/138] Loss: 0.3123 (Avg: 0.3302) Dice: 0.6397 (Avg: 0.6271) IoU: 0.5180 (Avg: 0.4878)
Train Epoch: [29][67/138] Loss: 0.3534 (Avg: 0.3306) Dice: 0.6055 (Avg: 0.6268) IoU: 0.4562 (Avg: 0.4874)
Train Epoch: [29][68/138] Loss: 0.1626 (Avg: 0.3281) Dice: 0.8110 (Avg: 0.6295) IoU: 0.6851 (Avg: 0.4903)
Train Epoch: [29][69/138] Loss: 0.4657 (Avg: 0.3301) Dice: 0.4762 (Avg: 0.6273) IoU: 0.3503 (Avg: 0.4882)
Train Epoch: [29][70/138] Loss: 0.2491 (Avg: 0.3289) Dice: 0.7106 (Avg: 0.6285) IoU: 0.5634 (Avg: 0.4893)
Train Epoch: [29][71/138] Loss: 0.3855 (Avg: 0.3297) Dice: 0.5492 (Avg: 0.6274) IoU: 0.3971 (Avg: 0.4880)
Train Epoch: [29][72/138] Loss: 0.2483 (Avg: 0.3286) Dice: 0.7194 (Avg: 0.6287) IoU: 0.5808 (Avg: 0.4893)
Train Epoch: [29][73/138] Loss: 0.3754 (Avg: 0.3293) Dice: 0.5547 (Avg: 0.6276) IoU: 0.4002 (Avg: 0.4881)
Train Epoch: [29][74/138] Loss: 0.5315 (Avg: 0.3320) Dice: 0.4329 (Avg: 0.6250) IoU: 0.3324 (Avg: 0.4860)
Train Epoch: [29][75/138] Loss: 0.2104 (Avg: 0.3304) Dice: 0.7344 (Avg: 0.6265) IoU: 0.5856 (Avg: 0.4873)
Train Epoch: [29][76/138] Loss: 0.2428 (Avg: 0.3292) Dice: 0.7134 (Avg: 0.6276) IoU: 0.5625 (Avg: 0.4883)
Train Epoch: [29][77/138] Loss: 0.1518 (Avg: 0.3269) Dice: 0.8233 (Avg: 0.6302) IoU: 0.7079 (Avg: 0.4912)
Train Epoch: [29][78/138] Loss: 0.3326 (Avg: 0.3270) Dice: 0.6202 (Avg: 0.6300) IoU: 0.4645 (Avg: 0.4908)
Train Epoch: [29][79/138] Loss: 0.5221 (Avg: 0.3295) Dice: 0.4298 (Avg: 0.6275) IoU: 0.3512 (Avg: 0.4890)
Train Epoch: [29][80/138] Loss: 0.3430 (Avg: 0.3296) Dice: 0.6010 (Avg: 0.6272) IoU: 0.4692 (Avg: 0.4888)
Train Epoch: [29][81/138] Loss: 0.2364 (Avg: 0.3285) Dice: 0.6930 (Avg: 0.6280) IoU: 0.5599 (Avg: 0.4897)
Train Epoch: [29][82/138] Loss: 0.3093 (Avg: 0.3282) Dice: 0.6404 (Avg: 0.6281) IoU: 0.5050 (Avg: 0.4899)
Train Epoch: [29][83/138] Loss: 0.2195 (Avg: 0.3269) Dice: 0.7519 (Avg: 0.6296) IoU: 0.6126 (Avg: 0.4913)
Train Epoch: [29][84/138] Loss: 0.5144 (Avg: 0.3292) Dice: 0.4442 (Avg: 0.6274) IoU: 0.3127 (Avg: 0.4892)
Train Epoch: [29][85/138] Loss: 0.2508 (Avg: 0.3282) Dice: 0.6902 (Avg: 0.6281) IoU: 0.5328 (Avg: 0.4897)
Train Epoch: [29][86/138] Loss: 0.3165 (Avg: 0.3281) Dice: 0.7107 (Avg: 0.6291) IoU: 0.5827 (Avg: 0.4908)
Train Epoch: [29][87/138] Loss: 0.3414 (Avg: 0.3283) Dice: 0.6158 (Avg: 0.6290) IoU: 0.4619 (Avg: 0.4905)
Train Epoch: [29][88/138] Loss: 0.2944 (Avg: 0.3279) Dice: 0.6711 (Avg: 0.6294) IoU: 0.5469 (Avg: 0.4911)
Train Epoch: [29][89/138] Loss: 0.3272 (Avg: 0.3279) Dice: 0.6317 (Avg: 0.6295) IoU: 0.5230 (Avg: 0.4915)
Train Epoch: [29][90/138] Loss: 0.3003 (Avg: 0.3276) Dice: 0.6350 (Avg: 0.6295) IoU: 0.5006 (Avg: 0.4916)
Train Epoch: [29][91/138] Loss: 0.2811 (Avg: 0.3270) Dice: 0.6789 (Avg: 0.6301) IoU: 0.5358 (Avg: 0.4921)
Train Epoch: [29][92/138] Loss: 0.3957 (Avg: 0.3278) Dice: 0.5571 (Avg: 0.6293) IoU: 0.4453 (Avg: 0.4916)
Train Epoch: [29][93/138] Loss: 0.4195 (Avg: 0.3288) Dice: 0.5202 (Avg: 0.6281) IoU: 0.3643 (Avg: 0.4902)
Train Epoch: [29][94/138] Loss: 0.4073 (Avg: 0.3296) Dice: 0.5346 (Avg: 0.6271) IoU: 0.4113 (Avg: 0.4893)
Train Epoch: [29][95/138] Loss: 0.1858 (Avg: 0.3281) Dice: 0.7764 (Avg: 0.6287) IoU: 0.6462 (Avg: 0.4910)
Train Epoch: [29][96/138] Loss: 0.4289 (Avg: 0.3291) Dice: 0.5186 (Avg: 0.6275) IoU: 0.3980 (Avg: 0.4900)
Train Epoch: [29][97/138] Loss: 0.4749 (Avg: 0.3306) Dice: 0.4802 (Avg: 0.6260) IoU: 0.3454 (Avg: 0.4885)
Train Epoch: [29][98/138] Loss: 0.2580 (Avg: 0.3299) Dice: 0.6905 (Avg: 0.6267) IoU: 0.5538 (Avg: 0.4892)
Train Epoch: [29][99/138] Loss: 0.4925 (Avg: 0.3316) Dice: 0.4197 (Avg: 0.6246) IoU: 0.2933 (Avg: 0.4872)
Train Epoch: [29][100/138] Loss: 0.2797 (Avg: 0.3310) Dice: 0.6896 (Avg: 0.6252) IoU: 0.5551 (Avg: 0.4879)
Train Epoch: [29][101/138] Loss: 0.1984 (Avg: 0.3297) Dice: 0.7555 (Avg: 0.6265) IoU: 0.6095 (Avg: 0.4891)
Train Epoch: [29][102/138] Loss: 0.1793 (Avg: 0.3282) Dice: 0.7889 (Avg: 0.6281) IoU: 0.6542 (Avg: 0.4907)
Train Epoch: [29][103/138] Loss: 0.4058 (Avg: 0.3290) Dice: 0.5527 (Avg: 0.6274) IoU: 0.3885 (Avg: 0.4897)
Train Epoch: [29][104/138] Loss: 0.3157 (Avg: 0.3289) Dice: 0.6301 (Avg: 0.6274) IoU: 0.4647 (Avg: 0.4895)
Train Epoch: [29][105/138] Loss: 0.2269 (Avg: 0.3279) Dice: 0.7306 (Avg: 0.6284) IoU: 0.5841 (Avg: 0.4904)
Train Epoch: [29][106/138] Loss: 0.3804 (Avg: 0.3284) Dice: 0.5494 (Avg: 0.6276) IoU: 0.4410 (Avg: 0.4899)
Train Epoch: [29][107/138] Loss: 0.2060 (Avg: 0.3272) Dice: 0.8082 (Avg: 0.6293) IoU: 0.6903 (Avg: 0.4918)
Train Epoch: [29][108/138] Loss: 0.4964 (Avg: 0.3288) Dice: 0.4568 (Avg: 0.6277) IoU: 0.3136 (Avg: 0.4901)
Train Epoch: [29][109/138] Loss: 0.4264 (Avg: 0.3297) Dice: 0.5103 (Avg: 0.6267) IoU: 0.3979 (Avg: 0.4893)
Train Epoch: [29][110/138] Loss: 0.3177 (Avg: 0.3296) Dice: 0.6659 (Avg: 0.6270) IoU: 0.5093 (Avg: 0.4895)
Train Epoch: [29][111/138] Loss: 0.4496 (Avg: 0.3307) Dice: 0.4947 (Avg: 0.6258) IoU: 0.3417 (Avg: 0.4882)
Train Epoch: [29][112/138] Loss: 0.3890 (Avg: 0.3312) Dice: 0.5498 (Avg: 0.6251) IoU: 0.4038 (Avg: 0.4874)
Train Epoch: [29][113/138] Loss: 0.3151 (Avg: 0.3311) Dice: 0.6423 (Avg: 0.6253) IoU: 0.4906 (Avg: 0.4874)
Train Epoch: [29][114/138] Loss: 0.2677 (Avg: 0.3305) Dice: 0.6283 (Avg: 0.6253) IoU: 0.5066 (Avg: 0.4876)
Train Epoch: [29][115/138] Loss: 0.4319 (Avg: 0.3314) Dice: 0.5298 (Avg: 0.6245) IoU: 0.3940 (Avg: 0.4868)
Train Epoch: [29][116/138] Loss: 0.6154 (Avg: 0.3338) Dice: 0.3471 (Avg: 0.6221) IoU: 0.2578 (Avg: 0.4848)
Train Epoch: [29][117/138] Loss: 0.3893 (Avg: 0.3343) Dice: 0.5715 (Avg: 0.6217) IoU: 0.4301 (Avg: 0.4843)
Train Epoch: [29][118/138] Loss: 0.1586 (Avg: 0.3328) Dice: 0.8302 (Avg: 0.6234) IoU: 0.7155 (Avg: 0.4863)
Train Epoch: [29][119/138] Loss: 0.4398 (Avg: 0.3337) Dice: 0.5249 (Avg: 0.6226) IoU: 0.3644 (Avg: 0.4853)
Train Epoch: [29][120/138] Loss: 0.2868 (Avg: 0.3333) Dice: 0.6714 (Avg: 0.6230) IoU: 0.5115 (Avg: 0.4855)
Train Epoch: [29][121/138] Loss: 0.6826 (Avg: 0.3362) Dice: 0.2878 (Avg: 0.6202) IoU: 0.1864 (Avg: 0.4830)
Train Epoch: [29][122/138] Loss: 0.3592 (Avg: 0.3364) Dice: 0.5725 (Avg: 0.6198) IoU: 0.4366 (Avg: 0.4826)
Train Epoch: [29][123/138] Loss: 0.5378 (Avg: 0.3380) Dice: 0.4427 (Avg: 0.6184) IoU: 0.3057 (Avg: 0.4812)
Train Epoch: [29][124/138] Loss: 0.5351 (Avg: 0.3396) Dice: 0.4072 (Avg: 0.6167) IoU: 0.3109 (Avg: 0.4798)
Train Epoch: [29][125/138] Loss: 0.4902 (Avg: 0.3408) Dice: 0.4464 (Avg: 0.6153) IoU: 0.3183 (Avg: 0.4785)
Train Epoch: [29][126/138] Loss: 0.2845 (Avg: 0.3404) Dice: 0.6635 (Avg: 0.6157) IoU: 0.5525 (Avg: 0.4791)
Train Epoch: [29][127/138] Loss: 0.3457 (Avg: 0.3404) Dice: 0.6293 (Avg: 0.6158) IoU: 0.4892 (Avg: 0.4792)
Train Epoch: [29][128/138] Loss: 0.5083 (Avg: 0.3417) Dice: 0.4234 (Avg: 0.6143) IoU: 0.2997 (Avg: 0.4778)
Train Epoch: [29][129/138] Loss: 0.2870 (Avg: 0.3413) Dice: 0.6760 (Avg: 0.6148) IoU: 0.5438 (Avg: 0.4783)
Train Epoch: [29][130/138] Loss: 0.4197 (Avg: 0.3419) Dice: 0.4744 (Avg: 0.6137) IoU: 0.3582 (Avg: 0.4774)
Train Epoch: [29][131/138] Loss: 0.2498 (Avg: 0.3412) Dice: 0.7166 (Avg: 0.6145) IoU: 0.5611 (Avg: 0.4780)
Train Epoch: [29][132/138] Loss: 0.2560 (Avg: 0.3406) Dice: 0.7026 (Avg: 0.6152) IoU: 0.5478 (Avg: 0.4786)
Train Epoch: [29][133/138] Loss: 0.3535 (Avg: 0.3407) Dice: 0.6066 (Avg: 0.6151) IoU: 0.4567 (Avg: 0.4784)
Train Epoch: [29][134/138] Loss: 0.2437 (Avg: 0.3399) Dice: 0.7104 (Avg: 0.6158) IoU: 0.5538 (Avg: 0.4790)
Train Epoch: [29][135/138] Loss: 0.3576 (Avg: 0.3401) Dice: 0.5934 (Avg: 0.6157) IoU: 0.4471 (Avg: 0.4787)
Train Epoch: [29][136/138] Loss: 0.1679 (Avg: 0.3388) Dice: 0.7908 (Avg: 0.6169) IoU: 0.6653 (Avg: 0.4801)
Train Epoch: [29][137/138] Loss: 0.5649 (Avg: 0.3405) Dice: 0.3752 (Avg: 0.6152) IoU: 0.2922 (Avg: 0.4787)
Train Epoch: [29][138/138] Loss: 0.3424 (Avg: 0.3386) Dice: 0.5778 (Avg: 0.6118) IoU: 0.4062 (Avg: 0.4760)
Validation Epoch: [29] Avg Loss: 0.3908 Avg Dice: 0.5568 Avg IoU: 0.4246

========= Epoch [30/50] =========
Train Epoch: [30][1/138] Loss: 0.3548 (Avg: 0.3548) Dice: 0.5441 (Avg: 0.5441) IoU: 0.4074 (Avg: 0.4074)
Train Epoch: [30][2/138] Loss: 0.1551 (Avg: 0.2549) Dice: 0.8238 (Avg: 0.6839) IoU: 0.7020 (Avg: 0.5547)
Train Epoch: [30][3/138] Loss: 0.3882 (Avg: 0.2994) Dice: 0.5871 (Avg: 0.6516) IoU: 0.4247 (Avg: 0.5114)
Train Epoch: [30][4/138] Loss: 0.3959 (Avg: 0.3235) Dice: 0.5516 (Avg: 0.6266) IoU: 0.4133 (Avg: 0.4869)
Train Epoch: [30][5/138] Loss: 0.4455 (Avg: 0.3479) Dice: 0.5084 (Avg: 0.6030) IoU: 0.3836 (Avg: 0.4662)
Train Epoch: [30][6/138] Loss: 0.5668 (Avg: 0.3844) Dice: 0.4020 (Avg: 0.5695) IoU: 0.2834 (Avg: 0.4357)
Train Epoch: [30][7/138] Loss: 0.3533 (Avg: 0.3799) Dice: 0.6133 (Avg: 0.5757) IoU: 0.4531 (Avg: 0.4382)
Train Epoch: [30][8/138] Loss: 0.1513 (Avg: 0.3514) Dice: 0.8270 (Avg: 0.6072) IoU: 0.7145 (Avg: 0.4727)
Train Epoch: [30][9/138] Loss: 0.3658 (Avg: 0.3530) Dice: 0.5992 (Avg: 0.6063) IoU: 0.4523 (Avg: 0.4705)
Train Epoch: [30][10/138] Loss: 0.2583 (Avg: 0.3435) Dice: 0.7031 (Avg: 0.6160) IoU: 0.5448 (Avg: 0.4779)
Train Epoch: [30][11/138] Loss: 0.2864 (Avg: 0.3383) Dice: 0.6620 (Avg: 0.6202) IoU: 0.5140 (Avg: 0.4812)
Train Epoch: [30][12/138] Loss: 0.2813 (Avg: 0.3336) Dice: 0.6586 (Avg: 0.6234) IoU: 0.5036 (Avg: 0.4831)
Train Epoch: [30][13/138] Loss: 0.2271 (Avg: 0.3254) Dice: 0.7227 (Avg: 0.6310) IoU: 0.5689 (Avg: 0.4897)
Train Epoch: [30][14/138] Loss: 0.2470 (Avg: 0.3198) Dice: 0.6998 (Avg: 0.6359) IoU: 0.5567 (Avg: 0.4944)
Train Epoch: [30][15/138] Loss: 0.4398 (Avg: 0.3278) Dice: 0.5130 (Avg: 0.6277) IoU: 0.3558 (Avg: 0.4852)
Train Epoch: [30][16/138] Loss: 0.2161 (Avg: 0.3208) Dice: 0.7396 (Avg: 0.6347) IoU: 0.6099 (Avg: 0.4930)
Train Epoch: [30][17/138] Loss: 0.2958 (Avg: 0.3193) Dice: 0.6495 (Avg: 0.6356) IoU: 0.5162 (Avg: 0.4944)
Train Epoch: [30][18/138] Loss: 0.2967 (Avg: 0.3181) Dice: 0.6775 (Avg: 0.6379) IoU: 0.5377 (Avg: 0.4968)
Train Epoch: [30][19/138] Loss: 0.4053 (Avg: 0.3227) Dice: 0.4830 (Avg: 0.6298) IoU: 0.3282 (Avg: 0.4879)
Train Epoch: [30][20/138] Loss: 0.1937 (Avg: 0.3162) Dice: 0.7811 (Avg: 0.6373) IoU: 0.6463 (Avg: 0.4958)
Train Epoch: [30][21/138] Loss: 0.2747 (Avg: 0.3142) Dice: 0.6816 (Avg: 0.6394) IoU: 0.5205 (Avg: 0.4970)
Train Epoch: [30][22/138] Loss: 0.3949 (Avg: 0.3179) Dice: 0.5546 (Avg: 0.6356) IoU: 0.3847 (Avg: 0.4919)
Train Epoch: [30][23/138] Loss: 0.4417 (Avg: 0.3233) Dice: 0.5133 (Avg: 0.6303) IoU: 0.3592 (Avg: 0.4861)
Train Epoch: [30][24/138] Loss: 0.2850 (Avg: 0.3217) Dice: 0.6687 (Avg: 0.6319) IoU: 0.5140 (Avg: 0.4873)
Train Epoch: [30][25/138] Loss: 0.3343 (Avg: 0.3222) Dice: 0.6175 (Avg: 0.6313) IoU: 0.5015 (Avg: 0.4879)
Train Epoch: [30][26/138] Loss: 0.4314 (Avg: 0.3264) Dice: 0.5022 (Avg: 0.6263) IoU: 0.3686 (Avg: 0.4833)
Train Epoch: [30][27/138] Loss: 0.2021 (Avg: 0.3218) Dice: 0.7685 (Avg: 0.6316) IoU: 0.6312 (Avg: 0.4887)
Train Epoch: [30][28/138] Loss: 0.4722 (Avg: 0.3272) Dice: 0.4460 (Avg: 0.6250) IoU: 0.3410 (Avg: 0.4835)
Train Epoch: [30][29/138] Loss: 0.3855 (Avg: 0.3292) Dice: 0.6186 (Avg: 0.6247) IoU: 0.5312 (Avg: 0.4851)
Train Epoch: [30][30/138] Loss: 0.2797 (Avg: 0.3275) Dice: 0.6760 (Avg: 0.6264) IoU: 0.5365 (Avg: 0.4868)
Train Epoch: [30][31/138] Loss: 0.2697 (Avg: 0.3257) Dice: 0.6800 (Avg: 0.6282) IoU: 0.5173 (Avg: 0.4878)
Train Epoch: [30][32/138] Loss: 0.3769 (Avg: 0.3273) Dice: 0.5594 (Avg: 0.6260) IoU: 0.3893 (Avg: 0.4847)
Train Epoch: [30][33/138] Loss: 0.2694 (Avg: 0.3255) Dice: 0.6903 (Avg: 0.6280) IoU: 0.5649 (Avg: 0.4872)
Train Epoch: [30][34/138] Loss: 0.4562 (Avg: 0.3294) Dice: 0.7628 (Avg: 0.6319) IoU: 0.4042 (Avg: 0.4847)
Train Epoch: [30][35/138] Loss: 0.4678 (Avg: 0.3333) Dice: 0.4600 (Avg: 0.6270) IoU: 0.3079 (Avg: 0.4797)
Train Epoch: [30][36/138] Loss: 0.2460 (Avg: 0.3309) Dice: 0.6951 (Avg: 0.6289) IoU: 0.5543 (Avg: 0.4817)
Train Epoch: [30][37/138] Loss: 0.3040 (Avg: 0.3302) Dice: 0.6544 (Avg: 0.6296) IoU: 0.5110 (Avg: 0.4825)
Train Epoch: [30][38/138] Loss: 0.4459 (Avg: 0.3332) Dice: 0.4805 (Avg: 0.6257) IoU: 0.3493 (Avg: 0.4790)
Train Epoch: [30][39/138] Loss: 0.3777 (Avg: 0.3343) Dice: 0.5647 (Avg: 0.6241) IoU: 0.4092 (Avg: 0.4772)
Train Epoch: [30][40/138] Loss: 0.5965 (Avg: 0.3409) Dice: 0.3972 (Avg: 0.6184) IoU: 0.3071 (Avg: 0.4730)
Train Epoch: [30][41/138] Loss: 0.1545 (Avg: 0.3364) Dice: 0.8266 (Avg: 0.6235) IoU: 0.7091 (Avg: 0.4787)
Train Epoch: [30][42/138] Loss: 0.2364 (Avg: 0.3340) Dice: 0.7360 (Avg: 0.6262) IoU: 0.6055 (Avg: 0.4818)
Train Epoch: [30][43/138] Loss: 0.4382 (Avg: 0.3364) Dice: 0.5337 (Avg: 0.6240) IoU: 0.4478 (Avg: 0.4810)
Train Epoch: [30][44/138] Loss: 0.4401 (Avg: 0.3388) Dice: 0.5303 (Avg: 0.6219) IoU: 0.4165 (Avg: 0.4795)
Train Epoch: [30][45/138] Loss: 0.2448 (Avg: 0.3367) Dice: 0.7200 (Avg: 0.6241) IoU: 0.5790 (Avg: 0.4817)
Train Epoch: [30][46/138] Loss: 0.4178 (Avg: 0.3384) Dice: 0.5227 (Avg: 0.6219) IoU: 0.3796 (Avg: 0.4795)
Train Epoch: [30][47/138] Loss: 0.4385 (Avg: 0.3406) Dice: 0.4841 (Avg: 0.6190) IoU: 0.3427 (Avg: 0.4766)
Train Epoch: [30][48/138] Loss: 0.4550 (Avg: 0.3429) Dice: 0.4881 (Avg: 0.6162) IoU: 0.3751 (Avg: 0.4745)
Train Epoch: [30][49/138] Loss: 0.2906 (Avg: 0.3419) Dice: 0.6452 (Avg: 0.6168) IoU: 0.4895 (Avg: 0.4748)
Train Epoch: [30][50/138] Loss: 0.1930 (Avg: 0.3389) Dice: 0.7590 (Avg: 0.6197) IoU: 0.6173 (Avg: 0.4776)
Train Epoch: [30][51/138] Loss: 0.1863 (Avg: 0.3359) Dice: 0.8013 (Avg: 0.6232) IoU: 0.6744 (Avg: 0.4815)
Train Epoch: [30][52/138] Loss: 0.4170 (Avg: 0.3375) Dice: 0.5158 (Avg: 0.6212) IoU: 0.3754 (Avg: 0.4795)
Train Epoch: [30][53/138] Loss: 0.1251 (Avg: 0.3335) Dice: 0.8559 (Avg: 0.6256) IoU: 0.7490 (Avg: 0.4845)
Train Epoch: [30][54/138] Loss: 0.3796 (Avg: 0.3343) Dice: 0.5469 (Avg: 0.6241) IoU: 0.4471 (Avg: 0.4838)
Train Epoch: [30][55/138] Loss: 0.4046 (Avg: 0.3356) Dice: 0.5042 (Avg: 0.6220) IoU: 0.4050 (Avg: 0.4824)
Train Epoch: [30][56/138] Loss: 0.4588 (Avg: 0.3378) Dice: 0.5150 (Avg: 0.6200) IoU: 0.4121 (Avg: 0.4812)
Train Epoch: [30][57/138] Loss: 0.2906 (Avg: 0.3370) Dice: 0.6707 (Avg: 0.6209) IoU: 0.5488 (Avg: 0.4823)
Train Epoch: [30][58/138] Loss: 0.3852 (Avg: 0.3378) Dice: 0.5693 (Avg: 0.6200) IoU: 0.4610 (Avg: 0.4820)
Train Epoch: [30][59/138] Loss: 0.5432 (Avg: 0.3413) Dice: 0.4002 (Avg: 0.6163) IoU: 0.2687 (Avg: 0.4784)
Train Epoch: [30][60/138] Loss: 0.2464 (Avg: 0.3397) Dice: 0.7243 (Avg: 0.6181) IoU: 0.5775 (Avg: 0.4800)
Train Epoch: [30][61/138] Loss: 0.3482 (Avg: 0.3398) Dice: 0.6217 (Avg: 0.6182) IoU: 0.4958 (Avg: 0.4803)
Train Epoch: [30][62/138] Loss: 0.1149 (Avg: 0.3362) Dice: 0.8710 (Avg: 0.6223) IoU: 0.7723 (Avg: 0.4850)
Train Epoch: [30][63/138] Loss: 0.2178 (Avg: 0.3343) Dice: 0.7281 (Avg: 0.6239) IoU: 0.5795 (Avg: 0.4865)
Train Epoch: [30][64/138] Loss: 0.2819 (Avg: 0.3335) Dice: 0.6866 (Avg: 0.6249) IoU: 0.5452 (Avg: 0.4874)
Train Epoch: [30][65/138] Loss: 0.4078 (Avg: 0.3346) Dice: 0.5333 (Avg: 0.6235) IoU: 0.3691 (Avg: 0.4856)
Train Epoch: [30][66/138] Loss: 0.3758 (Avg: 0.3353) Dice: 0.5710 (Avg: 0.6227) IoU: 0.4150 (Avg: 0.4845)
Train Epoch: [30][67/138] Loss: 0.3450 (Avg: 0.3354) Dice: 0.6213 (Avg: 0.6227) IoU: 0.4799 (Avg: 0.4844)
Train Epoch: [30][68/138] Loss: 0.2956 (Avg: 0.3348) Dice: 0.6685 (Avg: 0.6234) IoU: 0.5131 (Avg: 0.4849)
Train Epoch: [30][69/138] Loss: 0.4309 (Avg: 0.3362) Dice: 0.5214 (Avg: 0.6219) IoU: 0.3961 (Avg: 0.4836)
Train Epoch: [30][70/138] Loss: 0.3432 (Avg: 0.3363) Dice: 0.5958 (Avg: 0.6215) IoU: 0.4371 (Avg: 0.4829)
Train Epoch: [30][71/138] Loss: 0.3860 (Avg: 0.3370) Dice: 0.5641 (Avg: 0.6207) IoU: 0.4078 (Avg: 0.4819)
Train Epoch: [30][72/138] Loss: 0.2406 (Avg: 0.3357) Dice: 0.7213 (Avg: 0.6221) IoU: 0.5667 (Avg: 0.4830)
Train Epoch: [30][73/138] Loss: 0.4036 (Avg: 0.3366) Dice: 0.5321 (Avg: 0.6209) IoU: 0.3772 (Avg: 0.4816)
Train Epoch: [30][74/138] Loss: 0.2946 (Avg: 0.3360) Dice: 0.6717 (Avg: 0.6216) IoU: 0.5211 (Avg: 0.4821)
Train Epoch: [30][75/138] Loss: 0.1724 (Avg: 0.3339) Dice: 0.7825 (Avg: 0.6237) IoU: 0.6483 (Avg: 0.4843)
Train Epoch: [30][76/138] Loss: 0.3480 (Avg: 0.3341) Dice: 0.5984 (Avg: 0.6234) IoU: 0.4422 (Avg: 0.4838)
Train Epoch: [30][77/138] Loss: 0.2022 (Avg: 0.3323) Dice: 0.7677 (Avg: 0.6252) IoU: 0.6358 (Avg: 0.4858)
Train Epoch: [30][78/138] Loss: 0.3354 (Avg: 0.3324) Dice: 0.6376 (Avg: 0.6254) IoU: 0.4757 (Avg: 0.4856)
Train Epoch: [30][79/138] Loss: 0.4114 (Avg: 0.3334) Dice: 0.5441 (Avg: 0.6244) IoU: 0.4029 (Avg: 0.4846)
Train Epoch: [30][80/138] Loss: 0.4730 (Avg: 0.3351) Dice: 0.4961 (Avg: 0.6228) IoU: 0.3743 (Avg: 0.4832)
Train Epoch: [30][81/138] Loss: 0.1314 (Avg: 0.3326) Dice: 0.8421 (Avg: 0.6255) IoU: 0.7307 (Avg: 0.4863)
Train Epoch: [30][82/138] Loss: 0.4784 (Avg: 0.3344) Dice: 0.4576 (Avg: 0.6234) IoU: 0.3430 (Avg: 0.4845)
Train Epoch: [30][83/138] Loss: 0.1927 (Avg: 0.3327) Dice: 0.7434 (Avg: 0.6249) IoU: 0.6078 (Avg: 0.4860)
Train Epoch: [30][84/138] Loss: 0.2349 (Avg: 0.3315) Dice: 0.7297 (Avg: 0.6261) IoU: 0.5818 (Avg: 0.4871)
Train Epoch: [30][85/138] Loss: 0.2286 (Avg: 0.3303) Dice: 0.7388 (Avg: 0.6274) IoU: 0.5977 (Avg: 0.4884)
Train Epoch: [30][86/138] Loss: 0.3734 (Avg: 0.3308) Dice: 0.5636 (Avg: 0.6267) IoU: 0.4618 (Avg: 0.4881)
Train Epoch: [30][87/138] Loss: 0.2306 (Avg: 0.3297) Dice: 0.7063 (Avg: 0.6276) IoU: 0.5796 (Avg: 0.4892)
Train Epoch: [30][88/138] Loss: 0.5220 (Avg: 0.3318) Dice: 0.4299 (Avg: 0.6254) IoU: 0.2967 (Avg: 0.4870)
Train Epoch: [30][89/138] Loss: 0.1656 (Avg: 0.3300) Dice: 0.7981 (Avg: 0.6273) IoU: 0.6716 (Avg: 0.4891)
Train Epoch: [30][90/138] Loss: 0.3989 (Avg: 0.3307) Dice: 0.5472 (Avg: 0.6264) IoU: 0.3931 (Avg: 0.4880)
Train Epoch: [30][91/138] Loss: 0.2997 (Avg: 0.3304) Dice: 0.6284 (Avg: 0.6264) IoU: 0.4606 (Avg: 0.4877)
Train Epoch: [30][92/138] Loss: 0.2900 (Avg: 0.3300) Dice: 0.6847 (Avg: 0.6271) IoU: 0.5339 (Avg: 0.4882)
Train Epoch: [30][93/138] Loss: 0.3797 (Avg: 0.3305) Dice: 0.5651 (Avg: 0.6264) IoU: 0.4219 (Avg: 0.4875)
Train Epoch: [30][94/138] Loss: 0.1563 (Avg: 0.3286) Dice: 0.8325 (Avg: 0.6286) IoU: 0.7218 (Avg: 0.4900)
Train Epoch: [30][95/138] Loss: 0.2530 (Avg: 0.3278) Dice: 0.7040 (Avg: 0.6294) IoU: 0.5477 (Avg: 0.4906)
Train Epoch: [30][96/138] Loss: 0.3471 (Avg: 0.3280) Dice: 0.6093 (Avg: 0.6292) IoU: 0.4439 (Avg: 0.4901)
Train Epoch: [30][97/138] Loss: 0.3667 (Avg: 0.3284) Dice: 0.5835 (Avg: 0.6287) IoU: 0.4548 (Avg: 0.4897)
Train Epoch: [30][98/138] Loss: 0.2163 (Avg: 0.3273) Dice: 0.7528 (Avg: 0.6300) IoU: 0.6159 (Avg: 0.4910)
Train Epoch: [30][99/138] Loss: 0.3295 (Avg: 0.3273) Dice: 0.6011 (Avg: 0.6297) IoU: 0.4528 (Avg: 0.4906)
Train Epoch: [30][100/138] Loss: 0.4785 (Avg: 0.3288) Dice: 0.4785 (Avg: 0.6282) IoU: 0.3567 (Avg: 0.4893)
Train Epoch: [30][101/138] Loss: 0.3889 (Avg: 0.3294) Dice: 0.5844 (Avg: 0.6277) IoU: 0.4632 (Avg: 0.4890)
Train Epoch: [30][102/138] Loss: 0.2965 (Avg: 0.3291) Dice: 0.6563 (Avg: 0.6280) IoU: 0.4942 (Avg: 0.4891)
Train Epoch: [30][103/138] Loss: 0.3681 (Avg: 0.3295) Dice: 0.5629 (Avg: 0.6274) IoU: 0.3985 (Avg: 0.4882)
Train Epoch: [30][104/138] Loss: 0.5861 (Avg: 0.3320) Dice: 0.3631 (Avg: 0.6248) IoU: 0.2316 (Avg: 0.4857)
Train Epoch: [30][105/138] Loss: 0.1804 (Avg: 0.3305) Dice: 0.7859 (Avg: 0.6264) IoU: 0.6502 (Avg: 0.4873)
Train Epoch: [30][106/138] Loss: 0.4105 (Avg: 0.3313) Dice: 0.5447 (Avg: 0.6256) IoU: 0.3756 (Avg: 0.4863)
Train Epoch: [30][107/138] Loss: 0.4538 (Avg: 0.3324) Dice: 0.4677 (Avg: 0.6241) IoU: 0.3072 (Avg: 0.4846)
Train Epoch: [30][108/138] Loss: 0.2975 (Avg: 0.3321) Dice: 0.6465 (Avg: 0.6243) IoU: 0.4958 (Avg: 0.4847)
Train Epoch: [30][109/138] Loss: 0.4304 (Avg: 0.3330) Dice: 0.5227 (Avg: 0.6234) IoU: 0.4047 (Avg: 0.4840)
Train Epoch: [30][110/138] Loss: 0.4490 (Avg: 0.3340) Dice: 0.4360 (Avg: 0.6217) IoU: 0.3186 (Avg: 0.4824)
Train Epoch: [30][111/138] Loss: 0.3512 (Avg: 0.3342) Dice: 0.5956 (Avg: 0.6215) IoU: 0.4419 (Avg: 0.4821)
Train Epoch: [30][112/138] Loss: 0.3283 (Avg: 0.3341) Dice: 0.6376 (Avg: 0.6216) IoU: 0.4999 (Avg: 0.4822)
Train Epoch: [30][113/138] Loss: 0.4094 (Avg: 0.3348) Dice: 0.5353 (Avg: 0.6209) IoU: 0.4261 (Avg: 0.4817)
Train Epoch: [30][114/138] Loss: 0.4792 (Avg: 0.3361) Dice: 0.5020 (Avg: 0.6198) IoU: 0.3696 (Avg: 0.4808)
Train Epoch: [30][115/138] Loss: 0.2813 (Avg: 0.3356) Dice: 0.7231 (Avg: 0.6207) IoU: 0.5816 (Avg: 0.4816)
Train Epoch: [30][116/138] Loss: 0.3966 (Avg: 0.3361) Dice: 0.5550 (Avg: 0.6201) IoU: 0.4417 (Avg: 0.4813)
Train Epoch: [30][117/138] Loss: 0.5432 (Avg: 0.3379) Dice: 0.4273 (Avg: 0.6185) IoU: 0.3233 (Avg: 0.4799)
Train Epoch: [30][118/138] Loss: 0.3729 (Avg: 0.3382) Dice: 0.5905 (Avg: 0.6183) IoU: 0.4476 (Avg: 0.4797)
Train Epoch: [30][119/138] Loss: 0.3834 (Avg: 0.3386) Dice: 0.5810 (Avg: 0.6179) IoU: 0.4716 (Avg: 0.4796)
Train Epoch: [30][120/138] Loss: 0.3091 (Avg: 0.3383) Dice: 0.6579 (Avg: 0.6183) IoU: 0.5139 (Avg: 0.4799)
Train Epoch: [30][121/138] Loss: 0.4384 (Avg: 0.3392) Dice: 0.5156 (Avg: 0.6174) IoU: 0.3636 (Avg: 0.4789)
Train Epoch: [30][122/138] Loss: 0.4556 (Avg: 0.3401) Dice: 0.4780 (Avg: 0.6163) IoU: 0.3833 (Avg: 0.4781)
Train Epoch: [30][123/138] Loss: 0.3963 (Avg: 0.3406) Dice: 0.5544 (Avg: 0.6158) IoU: 0.4442 (Avg: 0.4779)
Train Epoch: [30][124/138] Loss: 0.3606 (Avg: 0.3407) Dice: 0.5888 (Avg: 0.6156) IoU: 0.4719 (Avg: 0.4778)
Train Epoch: [30][125/138] Loss: 0.3319 (Avg: 0.3407) Dice: 0.6780 (Avg: 0.6161) IoU: 0.5222 (Avg: 0.4782)
Train Epoch: [30][126/138] Loss: 0.4133 (Avg: 0.3412) Dice: 0.5243 (Avg: 0.6153) IoU: 0.3820 (Avg: 0.4774)
Train Epoch: [30][127/138] Loss: 0.4257 (Avg: 0.3419) Dice: 0.5756 (Avg: 0.6150) IoU: 0.4817 (Avg: 0.4774)
Train Epoch: [30][128/138] Loss: 0.4089 (Avg: 0.3424) Dice: 0.5240 (Avg: 0.6143) IoU: 0.3572 (Avg: 0.4765)
Train Epoch: [30][129/138] Loss: 0.3928 (Avg: 0.3428) Dice: 0.5248 (Avg: 0.6136) IoU: 0.3890 (Avg: 0.4758)
Train Epoch: [30][130/138] Loss: 0.1388 (Avg: 0.3412) Dice: 0.8207 (Avg: 0.6152) IoU: 0.7036 (Avg: 0.4776)
Train Epoch: [30][131/138] Loss: 0.3681 (Avg: 0.3414) Dice: 0.6040 (Avg: 0.6151) IoU: 0.4662 (Avg: 0.4775)
Train Epoch: [30][132/138] Loss: 0.3247 (Avg: 0.3413) Dice: 0.6269 (Avg: 0.6152) IoU: 0.4761 (Avg: 0.4775)
Train Epoch: [30][133/138] Loss: 0.4873 (Avg: 0.3424) Dice: 0.5121 (Avg: 0.6144) IoU: 0.3815 (Avg: 0.4768)
Train Epoch: [30][134/138] Loss: 0.2636 (Avg: 0.3418) Dice: 0.6860 (Avg: 0.6150) IoU: 0.5291 (Avg: 0.4772)
Train Epoch: [30][135/138] Loss: 0.2667 (Avg: 0.3413) Dice: 0.6688 (Avg: 0.6154) IoU: 0.5230 (Avg: 0.4775)
Train Epoch: [30][136/138] Loss: 0.2752 (Avg: 0.3408) Dice: 0.6868 (Avg: 0.6159) IoU: 0.5577 (Avg: 0.4781)
Train Epoch: [30][137/138] Loss: 0.3896 (Avg: 0.3411) Dice: 0.5824 (Avg: 0.6157) IoU: 0.4295 (Avg: 0.4777)
Train Epoch: [30][138/138] Loss: 0.4061 (Avg: 0.3394) Dice: 0.5714 (Avg: 0.6122) IoU: 0.4000 (Avg: 0.4750)
Validation Epoch: [30] Avg Loss: 0.3774 Avg Dice: 0.5770 Avg IoU: 0.4439

========= Epoch [31/50] =========
Train Epoch: [31][1/138] Loss: 0.4937 (Avg: 0.4937) Dice: 0.4689 (Avg: 0.4689) IoU: 0.3441 (Avg: 0.3441)
Train Epoch: [31][2/138] Loss: 0.2745 (Avg: 0.3841) Dice: 0.6730 (Avg: 0.5710) IoU: 0.5154 (Avg: 0.4298)
Train Epoch: [31][3/138] Loss: 0.4236 (Avg: 0.3972) Dice: 0.5366 (Avg: 0.5595) IoU: 0.4296 (Avg: 0.4297)
Train Epoch: [31][4/138] Loss: 0.2618 (Avg: 0.3634) Dice: 0.6911 (Avg: 0.5924) IoU: 0.5550 (Avg: 0.4610)
Train Epoch: [31][5/138] Loss: 0.3941 (Avg: 0.3695) Dice: 0.5573 (Avg: 0.5854) IoU: 0.3945 (Avg: 0.4477)
Train Epoch: [31][6/138] Loss: 0.1529 (Avg: 0.3334) Dice: 0.8264 (Avg: 0.6256) IoU: 0.7139 (Avg: 0.4921)
Train Epoch: [31][7/138] Loss: 0.5541 (Avg: 0.3650) Dice: 0.4001 (Avg: 0.5933) IoU: 0.3022 (Avg: 0.4649)
Train Epoch: [31][8/138] Loss: 0.3026 (Avg: 0.3572) Dice: 0.5851 (Avg: 0.5923) IoU: 0.4798 (Avg: 0.4668)
Train Epoch: [31][9/138] Loss: 0.2684 (Avg: 0.3473) Dice: 0.6986 (Avg: 0.6041) IoU: 0.5526 (Avg: 0.4763)
Train Epoch: [31][10/138] Loss: 0.3574 (Avg: 0.3483) Dice: 0.5405 (Avg: 0.5978) IoU: 0.4139 (Avg: 0.4701)
Train Epoch: [31][11/138] Loss: 0.3326 (Avg: 0.3469) Dice: 0.5927 (Avg: 0.5973) IoU: 0.4279 (Avg: 0.4663)
Train Epoch: [31][12/138] Loss: 0.1960 (Avg: 0.3343) Dice: 0.7552 (Avg: 0.6105) IoU: 0.6117 (Avg: 0.4784)
Train Epoch: [31][13/138] Loss: 0.3702 (Avg: 0.3371) Dice: 0.5738 (Avg: 0.6076) IoU: 0.4283 (Avg: 0.4745)
Train Epoch: [31][14/138] Loss: 0.1595 (Avg: 0.3244) Dice: 0.8069 (Avg: 0.6219) IoU: 0.6833 (Avg: 0.4894)
Train Epoch: [31][15/138] Loss: 0.3286 (Avg: 0.3247) Dice: 0.6028 (Avg: 0.6206) IoU: 0.5057 (Avg: 0.4905)
Train Epoch: [31][16/138] Loss: 0.2640 (Avg: 0.3209) Dice: 0.6894 (Avg: 0.6249) IoU: 0.5370 (Avg: 0.4934)
Train Epoch: [31][17/138] Loss: 0.2163 (Avg: 0.3147) Dice: 0.7435 (Avg: 0.6319) IoU: 0.6011 (Avg: 0.4998)
Train Epoch: [31][18/138] Loss: 0.4465 (Avg: 0.3220) Dice: 0.5077 (Avg: 0.6250) IoU: 0.3703 (Avg: 0.4926)
Train Epoch: [31][19/138] Loss: 0.2982 (Avg: 0.3208) Dice: 0.6603 (Avg: 0.6268) IoU: 0.5191 (Avg: 0.4940)
Train Epoch: [31][20/138] Loss: 0.2494 (Avg: 0.3172) Dice: 0.6968 (Avg: 0.6303) IoU: 0.5619 (Avg: 0.4974)
Train Epoch: [31][21/138] Loss: 0.3235 (Avg: 0.3175) Dice: 0.6043 (Avg: 0.6291) IoU: 0.4332 (Avg: 0.4943)
Train Epoch: [31][22/138] Loss: 0.2619 (Avg: 0.3150) Dice: 0.7161 (Avg: 0.6330) IoU: 0.5819 (Avg: 0.4983)
Train Epoch: [31][23/138] Loss: 0.3516 (Avg: 0.3166) Dice: 0.6178 (Avg: 0.6324) IoU: 0.5210 (Avg: 0.4993)
Train Epoch: [31][24/138] Loss: 0.1826 (Avg: 0.3110) Dice: 0.7822 (Avg: 0.6386) IoU: 0.6546 (Avg: 0.5057)
Train Epoch: [31][25/138] Loss: 0.3061 (Avg: 0.3108) Dice: 0.6461 (Avg: 0.6389) IoU: 0.4793 (Avg: 0.5047)
Train Epoch: [31][26/138] Loss: 0.4303 (Avg: 0.3154) Dice: 0.5087 (Avg: 0.6339) IoU: 0.3523 (Avg: 0.4988)
Train Epoch: [31][27/138] Loss: 0.4048 (Avg: 0.3187) Dice: 0.5143 (Avg: 0.6295) IoU: 0.3887 (Avg: 0.4947)
Train Epoch: [31][28/138] Loss: 0.3012 (Avg: 0.3181) Dice: 0.6538 (Avg: 0.6304) IoU: 0.4927 (Avg: 0.4947)
Train Epoch: [31][29/138] Loss: 0.2322 (Avg: 0.3151) Dice: 0.7297 (Avg: 0.6338) IoU: 0.5902 (Avg: 0.4980)
Train Epoch: [31][30/138] Loss: 0.2339 (Avg: 0.3124) Dice: 0.7247 (Avg: 0.6368) IoU: 0.5814 (Avg: 0.5007)
Train Epoch: [31][31/138] Loss: 0.3436 (Avg: 0.3134) Dice: 0.6043 (Avg: 0.6358) IoU: 0.4510 (Avg: 0.4991)
Train Epoch: [31][32/138] Loss: 0.1706 (Avg: 0.3090) Dice: 0.7895 (Avg: 0.6406) IoU: 0.6559 (Avg: 0.5040)
Train Epoch: [31][33/138] Loss: 0.5348 (Avg: 0.3158) Dice: 0.3997 (Avg: 0.6333) IoU: 0.2620 (Avg: 0.4967)
Train Epoch: [31][34/138] Loss: 0.2289 (Avg: 0.3132) Dice: 0.7119 (Avg: 0.6356) IoU: 0.5558 (Avg: 0.4984)
Train Epoch: [31][35/138] Loss: 0.3439 (Avg: 0.3141) Dice: 0.6285 (Avg: 0.6354) IoU: 0.4837 (Avg: 0.4980)
Train Epoch: [31][36/138] Loss: 0.1209 (Avg: 0.3088) Dice: 0.8641 (Avg: 0.6417) IoU: 0.7629 (Avg: 0.5054)
Train Epoch: [31][37/138] Loss: 0.2816 (Avg: 0.3080) Dice: 0.6895 (Avg: 0.6430) IoU: 0.5427 (Avg: 0.5064)
Train Epoch: [31][38/138] Loss: 0.3531 (Avg: 0.3092) Dice: 0.5928 (Avg: 0.6417) IoU: 0.4332 (Avg: 0.5045)
Train Epoch: [31][39/138] Loss: 0.4228 (Avg: 0.3121) Dice: 0.4902 (Avg: 0.6378) IoU: 0.3345 (Avg: 0.5001)
Train Epoch: [31][40/138] Loss: 0.4943 (Avg: 0.3167) Dice: 0.4598 (Avg: 0.6334) IoU: 0.3237 (Avg: 0.4957)
Train Epoch: [31][41/138] Loss: 0.3897 (Avg: 0.3184) Dice: 0.5503 (Avg: 0.6313) IoU: 0.3973 (Avg: 0.4933)
Train Epoch: [31][42/138] Loss: 0.1592 (Avg: 0.3147) Dice: 0.8154 (Avg: 0.6357) IoU: 0.6909 (Avg: 0.4980)
Train Epoch: [31][43/138] Loss: 0.3657 (Avg: 0.3158) Dice: 0.5610 (Avg: 0.6340) IoU: 0.4105 (Avg: 0.4960)
Train Epoch: [31][44/138] Loss: 0.2261 (Avg: 0.3138) Dice: 0.7287 (Avg: 0.6361) IoU: 0.5762 (Avg: 0.4978)
Train Epoch: [31][45/138] Loss: 0.4672 (Avg: 0.3172) Dice: 0.4699 (Avg: 0.6324) IoU: 0.3440 (Avg: 0.4944)
Train Epoch: [31][46/138] Loss: 0.3108 (Avg: 0.3171) Dice: 0.6608 (Avg: 0.6331) IoU: 0.5430 (Avg: 0.4954)
Train Epoch: [31][47/138] Loss: 0.3353 (Avg: 0.3175) Dice: 0.6290 (Avg: 0.6330) IoU: 0.4888 (Avg: 0.4953)
Train Epoch: [31][48/138] Loss: 0.4572 (Avg: 0.3204) Dice: 0.4560 (Avg: 0.6293) IoU: 0.3877 (Avg: 0.4930)
Train Epoch: [31][49/138] Loss: 0.1821 (Avg: 0.3176) Dice: 0.7744 (Avg: 0.6322) IoU: 0.6398 (Avg: 0.4960)
Train Epoch: [31][50/138] Loss: 0.4124 (Avg: 0.3194) Dice: 0.5508 (Avg: 0.6306) IoU: 0.4422 (Avg: 0.4950)
Train Epoch: [31][51/138] Loss: 0.1810 (Avg: 0.3167) Dice: 0.7862 (Avg: 0.6337) IoU: 0.6540 (Avg: 0.4981)
Train Epoch: [31][52/138] Loss: 0.2094 (Avg: 0.3147) Dice: 0.7546 (Avg: 0.6360) IoU: 0.6238 (Avg: 0.5005)
Train Epoch: [31][53/138] Loss: 0.2824 (Avg: 0.3141) Dice: 0.7025 (Avg: 0.6372) IoU: 0.5454 (Avg: 0.5013)
Train Epoch: [31][54/138] Loss: 0.3592 (Avg: 0.3149) Dice: 0.5583 (Avg: 0.6358) IoU: 0.4562 (Avg: 0.5005)
Train Epoch: [31][55/138] Loss: 0.4095 (Avg: 0.3166) Dice: 0.5430 (Avg: 0.6341) IoU: 0.4415 (Avg: 0.4994)
Train Epoch: [31][56/138] Loss: 0.3628 (Avg: 0.3174) Dice: 0.5931 (Avg: 0.6334) IoU: 0.4890 (Avg: 0.4993)
Train Epoch: [31][57/138] Loss: 0.2920 (Avg: 0.3170) Dice: 0.6290 (Avg: 0.6333) IoU: 0.5008 (Avg: 0.4993)
Train Epoch: [31][58/138] Loss: 0.5427 (Avg: 0.3209) Dice: 0.4222 (Avg: 0.6296) IoU: 0.3098 (Avg: 0.4960)
Train Epoch: [31][59/138] Loss: 0.1814 (Avg: 0.3185) Dice: 0.7912 (Avg: 0.6324) IoU: 0.6736 (Avg: 0.4990)
Train Epoch: [31][60/138] Loss: 0.4299 (Avg: 0.3204) Dice: 0.5294 (Avg: 0.6307) IoU: 0.4123 (Avg: 0.4976)
Train Epoch: [31][61/138] Loss: 0.1499 (Avg: 0.3176) Dice: 0.8224 (Avg: 0.6338) IoU: 0.7089 (Avg: 0.5010)
Train Epoch: [31][62/138] Loss: 0.3295 (Avg: 0.3178) Dice: 0.6193 (Avg: 0.6336) IoU: 0.4742 (Avg: 0.5006)
Train Epoch: [31][63/138] Loss: 0.2848 (Avg: 0.3173) Dice: 0.6509 (Avg: 0.6339) IoU: 0.5029 (Avg: 0.5006)
Train Epoch: [31][64/138] Loss: 0.2797 (Avg: 0.3167) Dice: 0.6937 (Avg: 0.6348) IoU: 0.5658 (Avg: 0.5017)
Train Epoch: [31][65/138] Loss: 0.4031 (Avg: 0.3180) Dice: 0.5678 (Avg: 0.6338) IoU: 0.4591 (Avg: 0.5010)
Train Epoch: [31][66/138] Loss: 0.2721 (Avg: 0.3173) Dice: 0.6655 (Avg: 0.6342) IoU: 0.5081 (Avg: 0.5011)
Train Epoch: [31][67/138] Loss: 0.1837 (Avg: 0.3153) Dice: 0.7782 (Avg: 0.6364) IoU: 0.6404 (Avg: 0.5032)
Train Epoch: [31][68/138] Loss: 0.2937 (Avg: 0.3150) Dice: 0.6862 (Avg: 0.6371) IoU: 0.5356 (Avg: 0.5037)
Train Epoch: [31][69/138] Loss: 0.2828 (Avg: 0.3145) Dice: 0.6679 (Avg: 0.6376) IoU: 0.5241 (Avg: 0.5040)
Train Epoch: [31][70/138] Loss: 0.2057 (Avg: 0.3130) Dice: 0.7526 (Avg: 0.6392) IoU: 0.6112 (Avg: 0.5055)
Train Epoch: [31][71/138] Loss: 0.3502 (Avg: 0.3135) Dice: 0.6034 (Avg: 0.6387) IoU: 0.4549 (Avg: 0.5048)
Train Epoch: [31][72/138] Loss: 0.3628 (Avg: 0.3142) Dice: 0.5676 (Avg: 0.6377) IoU: 0.4595 (Avg: 0.5042)
Train Epoch: [31][73/138] Loss: 0.2109 (Avg: 0.3128) Dice: 0.7693 (Avg: 0.6395) IoU: 0.6349 (Avg: 0.5059)
Train Epoch: [31][74/138] Loss: 0.3225 (Avg: 0.3129) Dice: 0.6472 (Avg: 0.6396) IoU: 0.5032 (Avg: 0.5059)
Train Epoch: [31][75/138] Loss: 0.3277 (Avg: 0.3131) Dice: 0.6228 (Avg: 0.6394) IoU: 0.4731 (Avg: 0.5055)
Train Epoch: [31][76/138] Loss: 0.2501 (Avg: 0.3123) Dice: 0.6902 (Avg: 0.6401) IoU: 0.5407 (Avg: 0.5059)
Train Epoch: [31][77/138] Loss: 0.4782 (Avg: 0.3144) Dice: 0.4668 (Avg: 0.6378) IoU: 0.3434 (Avg: 0.5038)
Train Epoch: [31][78/138] Loss: 0.2666 (Avg: 0.3138) Dice: 0.7010 (Avg: 0.6386) IoU: 0.5718 (Avg: 0.5047)
Train Epoch: [31][79/138] Loss: 0.2228 (Avg: 0.3127) Dice: 0.7688 (Avg: 0.6403) IoU: 0.6420 (Avg: 0.5064)
Train Epoch: [31][80/138] Loss: 0.3517 (Avg: 0.3131) Dice: 0.5994 (Avg: 0.6398) IoU: 0.4757 (Avg: 0.5061)
Train Epoch: [31][81/138] Loss: 0.4310 (Avg: 0.3146) Dice: 0.5278 (Avg: 0.6384) IoU: 0.4085 (Avg: 0.5048)
Train Epoch: [31][82/138] Loss: 0.1846 (Avg: 0.3130) Dice: 0.7913 (Avg: 0.6402) IoU: 0.6719 (Avg: 0.5069)
Train Epoch: [31][83/138] Loss: 0.2119 (Avg: 0.3118) Dice: 0.7448 (Avg: 0.6415) IoU: 0.6017 (Avg: 0.5080)
Train Epoch: [31][84/138] Loss: 0.3325 (Avg: 0.3120) Dice: 0.6190 (Avg: 0.6412) IoU: 0.4746 (Avg: 0.5076)
Train Epoch: [31][85/138] Loss: 0.2505 (Avg: 0.3113) Dice: 0.7091 (Avg: 0.6420) IoU: 0.5533 (Avg: 0.5082)
Train Epoch: [31][86/138] Loss: 0.4657 (Avg: 0.3131) Dice: 0.4892 (Avg: 0.6403) IoU: 0.3765 (Avg: 0.5066)
Train Epoch: [31][87/138] Loss: 0.4639 (Avg: 0.3148) Dice: 0.5009 (Avg: 0.6387) IoU: 0.4100 (Avg: 0.5055)
Train Epoch: [31][88/138] Loss: 0.4221 (Avg: 0.3161) Dice: 0.5244 (Avg: 0.6374) IoU: 0.4173 (Avg: 0.5045)
Train Epoch: [31][89/138] Loss: 0.3170 (Avg: 0.3161) Dice: 0.6287 (Avg: 0.6373) IoU: 0.4764 (Avg: 0.5042)
Train Epoch: [31][90/138] Loss: 0.4115 (Avg: 0.3171) Dice: 0.5798 (Avg: 0.6366) IoU: 0.4560 (Avg: 0.5037)
Train Epoch: [31][91/138] Loss: 0.3248 (Avg: 0.3172) Dice: 0.6627 (Avg: 0.6369) IoU: 0.5038 (Avg: 0.5037)
Train Epoch: [31][92/138] Loss: 0.2825 (Avg: 0.3168) Dice: 0.6834 (Avg: 0.6374) IoU: 0.5415 (Avg: 0.5041)
Train Epoch: [31][93/138] Loss: 0.3204 (Avg: 0.3169) Dice: 0.6217 (Avg: 0.6372) IoU: 0.4585 (Avg: 0.5036)
Train Epoch: [31][94/138] Loss: 0.3511 (Avg: 0.3172) Dice: 0.6175 (Avg: 0.6370) IoU: 0.5051 (Avg: 0.5036)
Train Epoch: [31][95/138] Loss: 0.3472 (Avg: 0.3176) Dice: 0.6164 (Avg: 0.6368) IoU: 0.4885 (Avg: 0.5035)
Train Epoch: [31][96/138] Loss: 0.3678 (Avg: 0.3181) Dice: 0.6182 (Avg: 0.6366) IoU: 0.5327 (Avg: 0.5038)
Train Epoch: [31][97/138] Loss: 0.2950 (Avg: 0.3178) Dice: 0.6790 (Avg: 0.6371) IoU: 0.5285 (Avg: 0.5040)
Train Epoch: [31][98/138] Loss: 0.2050 (Avg: 0.3167) Dice: 0.7319 (Avg: 0.6380) IoU: 0.5912 (Avg: 0.5049)
Train Epoch: [31][99/138] Loss: 0.5239 (Avg: 0.3188) Dice: 0.4509 (Avg: 0.6361) IoU: 0.3199 (Avg: 0.5030)
Train Epoch: [31][100/138] Loss: 0.3987 (Avg: 0.3196) Dice: 0.5595 (Avg: 0.6354) IoU: 0.4566 (Avg: 0.5026)
Train Epoch: [31][101/138] Loss: 0.1488 (Avg: 0.3179) Dice: 0.8284 (Avg: 0.6373) IoU: 0.7196 (Avg: 0.5047)
Train Epoch: [31][102/138] Loss: 0.2928 (Avg: 0.3176) Dice: 0.6624 (Avg: 0.6375) IoU: 0.5038 (Avg: 0.5047)
Train Epoch: [31][103/138] Loss: 0.2592 (Avg: 0.3171) Dice: 0.6874 (Avg: 0.6380) IoU: 0.5261 (Avg: 0.5049)
Train Epoch: [31][104/138] Loss: 0.3313 (Avg: 0.3172) Dice: 0.6067 (Avg: 0.6377) IoU: 0.4604 (Avg: 0.5045)
Train Epoch: [31][105/138] Loss: 0.2457 (Avg: 0.3165) Dice: 0.7044 (Avg: 0.6383) IoU: 0.5732 (Avg: 0.5051)
Train Epoch: [31][106/138] Loss: 0.3311 (Avg: 0.3167) Dice: 0.6120 (Avg: 0.6381) IoU: 0.4494 (Avg: 0.5046)
Train Epoch: [31][107/138] Loss: 0.2531 (Avg: 0.3161) Dice: 0.7001 (Avg: 0.6387) IoU: 0.5508 (Avg: 0.5050)
Train Epoch: [31][108/138] Loss: 0.2243 (Avg: 0.3152) Dice: 0.7393 (Avg: 0.6396) IoU: 0.6041 (Avg: 0.5060)
Train Epoch: [31][109/138] Loss: 0.1763 (Avg: 0.3140) Dice: 0.7918 (Avg: 0.6410) IoU: 0.6561 (Avg: 0.5073)
Train Epoch: [31][110/138] Loss: 0.3084 (Avg: 0.3139) Dice: 0.5869 (Avg: 0.6405) IoU: 0.4873 (Avg: 0.5072)
Train Epoch: [31][111/138] Loss: 0.2558 (Avg: 0.3134) Dice: 0.6957 (Avg: 0.6410) IoU: 0.5685 (Avg: 0.5077)
Train Epoch: [31][112/138] Loss: 0.1662 (Avg: 0.3121) Dice: 0.8013 (Avg: 0.6424) IoU: 0.6797 (Avg: 0.5092)
Train Epoch: [31][113/138] Loss: 0.2528 (Avg: 0.3115) Dice: 0.7073 (Avg: 0.6430) IoU: 0.5517 (Avg: 0.5096)
Train Epoch: [31][114/138] Loss: 0.3947 (Avg: 0.3123) Dice: 0.5512 (Avg: 0.6422) IoU: 0.4273 (Avg: 0.5089)
Train Epoch: [31][115/138] Loss: 0.4072 (Avg: 0.3131) Dice: 0.5606 (Avg: 0.6415) IoU: 0.4457 (Avg: 0.5084)
Train Epoch: [31][116/138] Loss: 0.1896 (Avg: 0.3120) Dice: 0.7695 (Avg: 0.6426) IoU: 0.6340 (Avg: 0.5094)
Train Epoch: [31][117/138] Loss: 0.2871 (Avg: 0.3118) Dice: 0.6606 (Avg: 0.6428) IoU: 0.5080 (Avg: 0.5094)
Train Epoch: [31][118/138] Loss: 0.3133 (Avg: 0.3118) Dice: 0.6453 (Avg: 0.6428) IoU: 0.5031 (Avg: 0.5094)
Train Epoch: [31][119/138] Loss: 0.3277 (Avg: 0.3120) Dice: 0.6230 (Avg: 0.6426) IoU: 0.5160 (Avg: 0.5094)
Train Epoch: [31][120/138] Loss: 0.2190 (Avg: 0.3112) Dice: 0.7316 (Avg: 0.6434) IoU: 0.5777 (Avg: 0.5100)
Train Epoch: [31][121/138] Loss: 0.3034 (Avg: 0.3111) Dice: 0.6512 (Avg: 0.6434) IoU: 0.4994 (Avg: 0.5099)
Train Epoch: [31][122/138] Loss: 0.2073 (Avg: 0.3103) Dice: 0.7512 (Avg: 0.6443) IoU: 0.6068 (Avg: 0.5107)
Train Epoch: [31][123/138] Loss: 0.1758 (Avg: 0.3092) Dice: 0.7916 (Avg: 0.6455) IoU: 0.6661 (Avg: 0.5120)
Train Epoch: [31][124/138] Loss: 0.3172 (Avg: 0.3092) Dice: 0.6283 (Avg: 0.6454) IoU: 0.4779 (Avg: 0.5117)
Train Epoch: [31][125/138] Loss: 0.3517 (Avg: 0.3096) Dice: 0.5676 (Avg: 0.6447) IoU: 0.4122 (Avg: 0.5109)
Train Epoch: [31][126/138] Loss: 0.3337 (Avg: 0.3098) Dice: 0.6110 (Avg: 0.6445) IoU: 0.4677 (Avg: 0.5106)
Train Epoch: [31][127/138] Loss: 0.4693 (Avg: 0.3110) Dice: 0.4854 (Avg: 0.6432) IoU: 0.3292 (Avg: 0.5091)
Train Epoch: [31][128/138] Loss: 0.2871 (Avg: 0.3108) Dice: 0.6803 (Avg: 0.6435) IoU: 0.5555 (Avg: 0.5095)
Train Epoch: [31][129/138] Loss: 0.1426 (Avg: 0.3095) Dice: 0.8397 (Avg: 0.6450) IoU: 0.7283 (Avg: 0.5112)
Train Epoch: [31][130/138] Loss: 0.1883 (Avg: 0.3086) Dice: 0.7757 (Avg: 0.6460) IoU: 0.6385 (Avg: 0.5122)
Train Epoch: [31][131/138] Loss: 0.1650 (Avg: 0.3075) Dice: 0.8147 (Avg: 0.6473) IoU: 0.6899 (Avg: 0.5135)
Train Epoch: [31][132/138] Loss: 0.4335 (Avg: 0.3085) Dice: 0.5190 (Avg: 0.6464) IoU: 0.3762 (Avg: 0.5125)
Train Epoch: [31][133/138] Loss: 0.3410 (Avg: 0.3087) Dice: 0.6196 (Avg: 0.6461) IoU: 0.4632 (Avg: 0.5121)
Train Epoch: [31][134/138] Loss: 0.3437 (Avg: 0.3090) Dice: 0.6090 (Avg: 0.6459) IoU: 0.4522 (Avg: 0.5117)
Train Epoch: [31][135/138] Loss: 0.3421 (Avg: 0.3092) Dice: 0.5974 (Avg: 0.6455) IoU: 0.4329 (Avg: 0.5111)
Train Epoch: [31][136/138] Loss: 0.2709 (Avg: 0.3089) Dice: 0.6865 (Avg: 0.6458) IoU: 0.5370 (Avg: 0.5113)
Train Epoch: [31][137/138] Loss: 0.3889 (Avg: 0.3095) Dice: 0.5749 (Avg: 0.6453) IoU: 0.4302 (Avg: 0.5107)
Train Epoch: [31][138/138] Loss: 0.7064 (Avg: 0.3086) Dice: 0.1980 (Avg: 0.6410) IoU: 0.1099 (Avg: 0.5072)
Validation Epoch: [31] Avg Loss: 0.3483 Avg Dice: 0.5995 Avg IoU: 0.4672
	 Best dice improved from 0.5962 to 0.5995
	 Model saved to ImageEncoder_Pretrain\UNet\Pretrain_05.25_10h55\models\best_model-UNet.pth.tar

========= Epoch [32/50] =========
Train Epoch: [32][1/138] Loss: 0.2211 (Avg: 0.2211) Dice: 0.7221 (Avg: 0.7221) IoU: 0.5706 (Avg: 0.5706)
Train Epoch: [32][2/138] Loss: 0.2275 (Avg: 0.2243) Dice: 0.7305 (Avg: 0.7263) IoU: 0.5847 (Avg: 0.5776)
Train Epoch: [32][3/138] Loss: 0.4068 (Avg: 0.2852) Dice: 0.5600 (Avg: 0.6709) IoU: 0.4501 (Avg: 0.5351)
Train Epoch: [32][4/138] Loss: 0.1563 (Avg: 0.2529) Dice: 0.8151 (Avg: 0.7069) IoU: 0.6918 (Avg: 0.5743)
Train Epoch: [32][5/138] Loss: 0.5332 (Avg: 0.3090) Dice: 0.4163 (Avg: 0.6488) IoU: 0.2993 (Avg: 0.5193)
Train Epoch: [32][6/138] Loss: 0.3230 (Avg: 0.3113) Dice: 0.6067 (Avg: 0.6418) IoU: 0.4397 (Avg: 0.5060)
Train Epoch: [32][7/138] Loss: 0.4663 (Avg: 0.3335) Dice: 0.4947 (Avg: 0.6208) IoU: 0.3810 (Avg: 0.4882)
Train Epoch: [32][8/138] Loss: 0.3327 (Avg: 0.3334) Dice: 0.6089 (Avg: 0.6193) IoU: 0.4447 (Avg: 0.4827)
Train Epoch: [32][9/138] Loss: 0.3072 (Avg: 0.3305) Dice: 0.6304 (Avg: 0.6205) IoU: 0.5114 (Avg: 0.4859)
Train Epoch: [32][10/138] Loss: 0.3273 (Avg: 0.3301) Dice: 0.6003 (Avg: 0.6185) IoU: 0.4506 (Avg: 0.4824)
Train Epoch: [32][11/138] Loss: 0.2657 (Avg: 0.3243) Dice: 0.7462 (Avg: 0.6301) IoU: 0.5964 (Avg: 0.4927)
Train Epoch: [32][12/138] Loss: 0.2938 (Avg: 0.3217) Dice: 0.6605 (Avg: 0.6326) IoU: 0.5101 (Avg: 0.4942)
Train Epoch: [32][13/138] Loss: 0.2206 (Avg: 0.3140) Dice: 0.7109 (Avg: 0.6387) IoU: 0.5643 (Avg: 0.4996)
Train Epoch: [32][14/138] Loss: 0.4774 (Avg: 0.3256) Dice: 0.4593 (Avg: 0.6258) IoU: 0.3402 (Avg: 0.4882)
Train Epoch: [32][15/138] Loss: 0.2615 (Avg: 0.3214) Dice: 0.6867 (Avg: 0.6299) IoU: 0.5372 (Avg: 0.4915)
Train Epoch: [32][16/138] Loss: 0.2044 (Avg: 0.3141) Dice: 0.7553 (Avg: 0.6377) IoU: 0.6223 (Avg: 0.4996)
Train Epoch: [32][17/138] Loss: 0.3316 (Avg: 0.3151) Dice: 0.6326 (Avg: 0.6374) IoU: 0.4976 (Avg: 0.4995)
Train Epoch: [32][18/138] Loss: 0.3071 (Avg: 0.3146) Dice: 0.6367 (Avg: 0.6374) IoU: 0.4750 (Avg: 0.4982)
Train Epoch: [32][19/138] Loss: 0.3048 (Avg: 0.3141) Dice: 0.6609 (Avg: 0.6386) IoU: 0.5047 (Avg: 0.4985)
Train Epoch: [32][20/138] Loss: 0.2201 (Avg: 0.3094) Dice: 0.6995 (Avg: 0.6417) IoU: 0.5620 (Avg: 0.5017)
Train Epoch: [32][21/138] Loss: 0.3545 (Avg: 0.3116) Dice: 0.6412 (Avg: 0.6417) IoU: 0.4862 (Avg: 0.5009)
Train Epoch: [32][22/138] Loss: 0.2081 (Avg: 0.3069) Dice: 0.7404 (Avg: 0.6461) IoU: 0.6124 (Avg: 0.5060)
Train Epoch: [32][23/138] Loss: 0.1867 (Avg: 0.3016) Dice: 0.7799 (Avg: 0.6520) IoU: 0.6493 (Avg: 0.5122)
Train Epoch: [32][24/138] Loss: 0.3597 (Avg: 0.3041) Dice: 0.5985 (Avg: 0.6497) IoU: 0.4556 (Avg: 0.5099)
Train Epoch: [32][25/138] Loss: 0.2984 (Avg: 0.3038) Dice: 0.6568 (Avg: 0.6500) IoU: 0.5300 (Avg: 0.5107)
Train Epoch: [32][26/138] Loss: 0.3795 (Avg: 0.3067) Dice: 0.5775 (Avg: 0.6472) IoU: 0.4596 (Avg: 0.5087)
Train Epoch: [32][27/138] Loss: 0.3400 (Avg: 0.3080) Dice: 0.6398 (Avg: 0.6469) IoU: 0.5124 (Avg: 0.5089)
Train Epoch: [32][28/138] Loss: 0.2975 (Avg: 0.3076) Dice: 0.6335 (Avg: 0.6465) IoU: 0.5521 (Avg: 0.5104)
Train Epoch: [32][29/138] Loss: 0.4386 (Avg: 0.3121) Dice: 0.5192 (Avg: 0.6421) IoU: 0.4139 (Avg: 0.5071)
Train Epoch: [32][30/138] Loss: 0.2621 (Avg: 0.3104) Dice: 0.6881 (Avg: 0.6436) IoU: 0.5351 (Avg: 0.5080)
Train Epoch: [32][31/138] Loss: 0.3467 (Avg: 0.3116) Dice: 0.6445 (Avg: 0.6436) IoU: 0.4988 (Avg: 0.5077)
Train Epoch: [32][32/138] Loss: 0.4361 (Avg: 0.3155) Dice: 0.5096 (Avg: 0.6395) IoU: 0.3526 (Avg: 0.5029)
Train Epoch: [32][33/138] Loss: 0.3397 (Avg: 0.3162) Dice: 0.6111 (Avg: 0.6386) IoU: 0.4596 (Avg: 0.5016)
Train Epoch: [32][34/138] Loss: 0.2697 (Avg: 0.3149) Dice: 0.6864 (Avg: 0.6400) IoU: 0.5518 (Avg: 0.5030)
Train Epoch: [32][35/138] Loss: 0.3422 (Avg: 0.3157) Dice: 0.6041 (Avg: 0.6390) IoU: 0.4333 (Avg: 0.5010)
Train Epoch: [32][36/138] Loss: 0.2798 (Avg: 0.3147) Dice: 0.6729 (Avg: 0.6399) IoU: 0.5298 (Avg: 0.5018)
Train Epoch: [32][37/138] Loss: 0.3465 (Avg: 0.3155) Dice: 0.6122 (Avg: 0.6392) IoU: 0.4797 (Avg: 0.5012)
Train Epoch: [32][38/138] Loss: 0.3223 (Avg: 0.3157) Dice: 0.5731 (Avg: 0.6374) IoU: 0.4752 (Avg: 0.5006)
Train Epoch: [32][39/138] Loss: 0.2970 (Avg: 0.3152) Dice: 0.6602 (Avg: 0.6380) IoU: 0.5321 (Avg: 0.5014)
Train Epoch: [32][40/138] Loss: 0.2051 (Avg: 0.3125) Dice: 0.7749 (Avg: 0.6414) IoU: 0.6521 (Avg: 0.5051)
Train Epoch: [32][41/138] Loss: 0.2955 (Avg: 0.3121) Dice: 0.6368 (Avg: 0.6413) IoU: 0.5013 (Avg: 0.5050)
Train Epoch: [32][42/138] Loss: 0.4669 (Avg: 0.3157) Dice: 0.4918 (Avg: 0.6378) IoU: 0.3976 (Avg: 0.5025)
Train Epoch: [32][43/138] Loss: 0.3714 (Avg: 0.3170) Dice: 0.6028 (Avg: 0.6369) IoU: 0.5044 (Avg: 0.5025)
Train Epoch: [32][44/138] Loss: 0.3465 (Avg: 0.3177) Dice: 0.6089 (Avg: 0.6363) IoU: 0.4688 (Avg: 0.5018)
Train Epoch: [32][45/138] Loss: 0.1986 (Avg: 0.3151) Dice: 0.7680 (Avg: 0.6392) IoU: 0.6329 (Avg: 0.5047)
Train Epoch: [32][46/138] Loss: 0.2750 (Avg: 0.3142) Dice: 0.6748 (Avg: 0.6400) IoU: 0.5135 (Avg: 0.5049)
Train Epoch: [32][47/138] Loss: 0.1938 (Avg: 0.3116) Dice: 0.7530 (Avg: 0.6424) IoU: 0.6288 (Avg: 0.5075)
Train Epoch: [32][48/138] Loss: 0.3193 (Avg: 0.3118) Dice: 0.6234 (Avg: 0.6420) IoU: 0.4606 (Avg: 0.5065)
Train Epoch: [32][49/138] Loss: 0.4182 (Avg: 0.3140) Dice: 0.5073 (Avg: 0.6393) IoU: 0.3467 (Avg: 0.5033)
Train Epoch: [32][50/138] Loss: 0.2642 (Avg: 0.3130) Dice: 0.6892 (Avg: 0.6403) IoU: 0.5396 (Avg: 0.5040)
Train Epoch: [32][51/138] Loss: 0.5186 (Avg: 0.3170) Dice: 0.4433 (Avg: 0.6364) IoU: 0.2985 (Avg: 0.5000)
Train Epoch: [32][52/138] Loss: 0.3545 (Avg: 0.3177) Dice: 0.6043 (Avg: 0.6358) IoU: 0.5069 (Avg: 0.5001)
Train Epoch: [32][53/138] Loss: 0.3172 (Avg: 0.3177) Dice: 0.6563 (Avg: 0.6362) IoU: 0.5182 (Avg: 0.5004)
Train Epoch: [32][54/138] Loss: 0.3239 (Avg: 0.3178) Dice: 0.6332 (Avg: 0.6361) IoU: 0.4885 (Avg: 0.5002)
Train Epoch: [32][55/138] Loss: 0.2506 (Avg: 0.3166) Dice: 0.7138 (Avg: 0.6375) IoU: 0.5640 (Avg: 0.5014)
Train Epoch: [32][56/138] Loss: 0.1442 (Avg: 0.3135) Dice: 0.8334 (Avg: 0.6410) IoU: 0.7173 (Avg: 0.5052)
Train Epoch: [32][57/138] Loss: 0.3610 (Avg: 0.3143) Dice: 0.5404 (Avg: 0.6393) IoU: 0.3886 (Avg: 0.5032)
Train Epoch: [32][58/138] Loss: 0.4700 (Avg: 0.3170) Dice: 0.4825 (Avg: 0.6366) IoU: 0.3731 (Avg: 0.5009)
Train Epoch: [32][59/138] Loss: 0.3814 (Avg: 0.3181) Dice: 0.5974 (Avg: 0.6359) IoU: 0.5034 (Avg: 0.5010)
Train Epoch: [32][60/138] Loss: 0.3341 (Avg: 0.3184) Dice: 0.6116 (Avg: 0.6355) IoU: 0.4995 (Avg: 0.5010)
Train Epoch: [32][61/138] Loss: 0.3415 (Avg: 0.3188) Dice: 0.6192 (Avg: 0.6352) IoU: 0.4683 (Avg: 0.5004)
Train Epoch: [32][62/138] Loss: 0.2959 (Avg: 0.3184) Dice: 0.6534 (Avg: 0.6355) IoU: 0.4988 (Avg: 0.5004)
Train Epoch: [32][63/138] Loss: 0.2400 (Avg: 0.3172) Dice: 0.7076 (Avg: 0.6367) IoU: 0.5574 (Avg: 0.5013)
Train Epoch: [32][64/138] Loss: 0.4443 (Avg: 0.3191) Dice: 0.5252 (Avg: 0.6349) IoU: 0.4119 (Avg: 0.4999)
Train Epoch: [32][65/138] Loss: 0.2258 (Avg: 0.3177) Dice: 0.7360 (Avg: 0.6365) IoU: 0.6052 (Avg: 0.5015)
Train Epoch: [32][66/138] Loss: 0.1905 (Avg: 0.3158) Dice: 0.7483 (Avg: 0.6382) IoU: 0.6099 (Avg: 0.5032)
Train Epoch: [32][67/138] Loss: 0.4242 (Avg: 0.3174) Dice: 0.5408 (Avg: 0.6367) IoU: 0.4249 (Avg: 0.5020)
Train Epoch: [32][68/138] Loss: 0.2814 (Avg: 0.3169) Dice: 0.6778 (Avg: 0.6373) IoU: 0.5290 (Avg: 0.5024)
Train Epoch: [32][69/138] Loss: 0.2292 (Avg: 0.3156) Dice: 0.7345 (Avg: 0.6387) IoU: 0.5956 (Avg: 0.5037)
Train Epoch: [32][70/138] Loss: 0.1166 (Avg: 0.3128) Dice: 0.8586 (Avg: 0.6419) IoU: 0.7556 (Avg: 0.5073)
Train Epoch: [32][71/138] Loss: 0.4016 (Avg: 0.3140) Dice: 0.5157 (Avg: 0.6401) IoU: 0.3554 (Avg: 0.5052)
Train Epoch: [32][72/138] Loss: 0.4162 (Avg: 0.3154) Dice: 0.5117 (Avg: 0.6383) IoU: 0.3982 (Avg: 0.5037)
Train Epoch: [32][73/138] Loss: 0.1349 (Avg: 0.3130) Dice: 0.8342 (Avg: 0.6410) IoU: 0.7200 (Avg: 0.5067)
Train Epoch: [32][74/138] Loss: 0.1980 (Avg: 0.3114) Dice: 0.7386 (Avg: 0.6423) IoU: 0.6069 (Avg: 0.5080)
Train Epoch: [32][75/138] Loss: 0.2239 (Avg: 0.3102) Dice: 0.7497 (Avg: 0.6437) IoU: 0.6131 (Avg: 0.5094)
Train Epoch: [32][76/138] Loss: 0.1861 (Avg: 0.3086) Dice: 0.7730 (Avg: 0.6454) IoU: 0.6324 (Avg: 0.5111)
Train Epoch: [32][77/138] Loss: 0.3562 (Avg: 0.3092) Dice: 0.5826 (Avg: 0.6446) IoU: 0.4199 (Avg: 0.5099)
Train Epoch: [32][78/138] Loss: 0.2951 (Avg: 0.3090) Dice: 0.6527 (Avg: 0.6447) IoU: 0.4911 (Avg: 0.5096)
Train Epoch: [32][79/138] Loss: 0.1457 (Avg: 0.3070) Dice: 0.8219 (Avg: 0.6470) IoU: 0.7001 (Avg: 0.5120)
Train Epoch: [32][80/138] Loss: 0.2730 (Avg: 0.3065) Dice: 0.6806 (Avg: 0.6474) IoU: 0.5319 (Avg: 0.5123)
Train Epoch: [32][81/138] Loss: 0.3719 (Avg: 0.3074) Dice: 0.5589 (Avg: 0.6463) IoU: 0.4469 (Avg: 0.5115)
Train Epoch: [32][82/138] Loss: 0.3745 (Avg: 0.3082) Dice: 0.5913 (Avg: 0.6456) IoU: 0.4896 (Avg: 0.5112)
Train Epoch: [32][83/138] Loss: 0.1874 (Avg: 0.3067) Dice: 0.7859 (Avg: 0.6473) IoU: 0.6491 (Avg: 0.5129)
Train Epoch: [32][84/138] Loss: 0.4065 (Avg: 0.3079) Dice: 0.5365 (Avg: 0.6460) IoU: 0.3727 (Avg: 0.5112)
Train Epoch: [32][85/138] Loss: 0.4154 (Avg: 0.3092) Dice: 0.5222 (Avg: 0.6445) IoU: 0.3835 (Avg: 0.5097)
Train Epoch: [32][86/138] Loss: 0.4788 (Avg: 0.3111) Dice: 0.4975 (Avg: 0.6428) IoU: 0.3737 (Avg: 0.5081)
Train Epoch: [32][87/138] Loss: 0.2803 (Avg: 0.3108) Dice: 0.6479 (Avg: 0.6429) IoU: 0.5249 (Avg: 0.5083)
Train Epoch: [32][88/138] Loss: 0.1935 (Avg: 0.3095) Dice: 0.7648 (Avg: 0.6443) IoU: 0.6211 (Avg: 0.5096)
Train Epoch: [32][89/138] Loss: 0.1703 (Avg: 0.3079) Dice: 0.8049 (Avg: 0.6461) IoU: 0.6819 (Avg: 0.5115)
Train Epoch: [32][90/138] Loss: 0.3362 (Avg: 0.3082) Dice: 0.6129 (Avg: 0.6457) IoU: 0.4652 (Avg: 0.5110)
Train Epoch: [32][91/138] Loss: 0.4405 (Avg: 0.3097) Dice: 0.4878 (Avg: 0.6440) IoU: 0.3360 (Avg: 0.5091)
Train Epoch: [32][92/138] Loss: 0.3264 (Avg: 0.3098) Dice: 0.6098 (Avg: 0.6436) IoU: 0.4617 (Avg: 0.5086)
Train Epoch: [32][93/138] Loss: 0.2786 (Avg: 0.3095) Dice: 0.6679 (Avg: 0.6439) IoU: 0.5101 (Avg: 0.5086)
Train Epoch: [32][94/138] Loss: 0.4653 (Avg: 0.3112) Dice: 0.4898 (Avg: 0.6422) IoU: 0.3579 (Avg: 0.5070)
Train Epoch: [32][95/138] Loss: 0.3630 (Avg: 0.3117) Dice: 0.5897 (Avg: 0.6417) IoU: 0.4625 (Avg: 0.5065)
Train Epoch: [32][96/138] Loss: 0.3334 (Avg: 0.3119) Dice: 0.6029 (Avg: 0.6413) IoU: 0.4827 (Avg: 0.5063)
Train Epoch: [32][97/138] Loss: 0.2419 (Avg: 0.3112) Dice: 0.7217 (Avg: 0.6421) IoU: 0.5788 (Avg: 0.5070)
Train Epoch: [32][98/138] Loss: 0.1363 (Avg: 0.3094) Dice: 0.8355 (Avg: 0.6441) IoU: 0.7201 (Avg: 0.5092)
Train Epoch: [32][99/138] Loss: 0.3796 (Avg: 0.3101) Dice: 0.5886 (Avg: 0.6435) IoU: 0.4891 (Avg: 0.5090)
Train Epoch: [32][100/138] Loss: 0.2655 (Avg: 0.3097) Dice: 0.6858 (Avg: 0.6439) IoU: 0.5361 (Avg: 0.5093)
Train Epoch: [32][101/138] Loss: 0.1907 (Avg: 0.3085) Dice: 0.7572 (Avg: 0.6451) IoU: 0.6237 (Avg: 0.5104)
Train Epoch: [32][102/138] Loss: 0.3194 (Avg: 0.3086) Dice: 0.6125 (Avg: 0.6447) IoU: 0.5320 (Avg: 0.5106)
Train Epoch: [32][103/138] Loss: 0.2279 (Avg: 0.3078) Dice: 0.7481 (Avg: 0.6457) IoU: 0.6181 (Avg: 0.5117)
Train Epoch: [32][104/138] Loss: 0.2827 (Avg: 0.3076) Dice: 0.6824 (Avg: 0.6461) IoU: 0.5372 (Avg: 0.5119)
Train Epoch: [32][105/138] Loss: 0.4201 (Avg: 0.3087) Dice: 0.4941 (Avg: 0.6446) IoU: 0.3718 (Avg: 0.5106)
Train Epoch: [32][106/138] Loss: 0.4370 (Avg: 0.3099) Dice: 0.4593 (Avg: 0.6429) IoU: 0.3415 (Avg: 0.5090)
Train Epoch: [32][107/138] Loss: 0.4222 (Avg: 0.3109) Dice: 0.5312 (Avg: 0.6419) IoU: 0.3984 (Avg: 0.5079)
Train Epoch: [32][108/138] Loss: 0.3834 (Avg: 0.3116) Dice: 0.5463 (Avg: 0.6410) IoU: 0.3836 (Avg: 0.5068)
Train Epoch: [32][109/138] Loss: 0.3168 (Avg: 0.3116) Dice: 0.6328 (Avg: 0.6409) IoU: 0.4903 (Avg: 0.5066)
Train Epoch: [32][110/138] Loss: 0.1879 (Avg: 0.3105) Dice: 0.7698 (Avg: 0.6421) IoU: 0.6334 (Avg: 0.5078)
Train Epoch: [32][111/138] Loss: 0.3342 (Avg: 0.3107) Dice: 0.6322 (Avg: 0.6420) IoU: 0.4928 (Avg: 0.5077)
Train Epoch: [32][112/138] Loss: 0.1707 (Avg: 0.3095) Dice: 0.8279 (Avg: 0.6436) IoU: 0.7088 (Avg: 0.5094)
Train Epoch: [32][113/138] Loss: 0.4054 (Avg: 0.3103) Dice: 0.5754 (Avg: 0.6430) IoU: 0.4131 (Avg: 0.5086)
Train Epoch: [32][114/138] Loss: 0.3051 (Avg: 0.3103) Dice: 0.6521 (Avg: 0.6431) IoU: 0.5072 (Avg: 0.5086)
Train Epoch: [32][115/138] Loss: 0.2246 (Avg: 0.3095) Dice: 0.7293 (Avg: 0.6439) IoU: 0.5851 (Avg: 0.5092)
Train Epoch: [32][116/138] Loss: 0.2099 (Avg: 0.3087) Dice: 0.7379 (Avg: 0.6447) IoU: 0.6079 (Avg: 0.5101)
Train Epoch: [32][117/138] Loss: 0.2705 (Avg: 0.3084) Dice: 0.7007 (Avg: 0.6452) IoU: 0.5645 (Avg: 0.5106)
Train Epoch: [32][118/138] Loss: 0.1425 (Avg: 0.3069) Dice: 0.8327 (Avg: 0.6467) IoU: 0.7196 (Avg: 0.5123)
Train Epoch: [32][119/138] Loss: 0.1606 (Avg: 0.3057) Dice: 0.8441 (Avg: 0.6484) IoU: 0.7360 (Avg: 0.5142)
Train Epoch: [32][120/138] Loss: 0.2734 (Avg: 0.3054) Dice: 0.6823 (Avg: 0.6487) IoU: 0.5254 (Avg: 0.5143)
Train Epoch: [32][121/138] Loss: 0.2639 (Avg: 0.3051) Dice: 0.7044 (Avg: 0.6491) IoU: 0.5466 (Avg: 0.5146)
Train Epoch: [32][122/138] Loss: 0.2309 (Avg: 0.3045) Dice: 0.7278 (Avg: 0.6498) IoU: 0.5811 (Avg: 0.5151)
Train Epoch: [32][123/138] Loss: 0.5184 (Avg: 0.3062) Dice: 0.3759 (Avg: 0.6476) IoU: 0.2690 (Avg: 0.5131)
Train Epoch: [32][124/138] Loss: 0.2403 (Avg: 0.3057) Dice: 0.7067 (Avg: 0.6480) IoU: 0.5553 (Avg: 0.5135)
Train Epoch: [32][125/138] Loss: 0.1578 (Avg: 0.3045) Dice: 0.8096 (Avg: 0.6493) IoU: 0.6826 (Avg: 0.5148)
Train Epoch: [32][126/138] Loss: 0.2952 (Avg: 0.3044) Dice: 0.6586 (Avg: 0.6494) IoU: 0.5010 (Avg: 0.5147)
Train Epoch: [32][127/138] Loss: 0.4872 (Avg: 0.3059) Dice: 0.4562 (Avg: 0.6479) IoU: 0.3373 (Avg: 0.5133)
Train Epoch: [32][128/138] Loss: 0.2745 (Avg: 0.3056) Dice: 0.6689 (Avg: 0.6480) IoU: 0.5191 (Avg: 0.5134)
Train Epoch: [32][129/138] Loss: 0.3097 (Avg: 0.3057) Dice: 0.6949 (Avg: 0.6484) IoU: 0.5438 (Avg: 0.5136)
Train Epoch: [32][130/138] Loss: 0.3521 (Avg: 0.3060) Dice: 0.6064 (Avg: 0.6481) IoU: 0.4889 (Avg: 0.5134)
Train Epoch: [32][131/138] Loss: 0.1311 (Avg: 0.3047) Dice: 0.8578 (Avg: 0.6497) IoU: 0.7533 (Avg: 0.5152)
Train Epoch: [32][132/138] Loss: 0.3247 (Avg: 0.3048) Dice: 0.6214 (Avg: 0.6495) IoU: 0.4871 (Avg: 0.5150)
Train Epoch: [32][133/138] Loss: 0.4100 (Avg: 0.3056) Dice: 0.5404 (Avg: 0.6487) IoU: 0.3850 (Avg: 0.5140)
Train Epoch: [32][134/138] Loss: 0.1353 (Avg: 0.3044) Dice: 0.8446 (Avg: 0.6501) IoU: 0.7346 (Avg: 0.5157)
Train Epoch: [32][135/138] Loss: 0.1463 (Avg: 0.3032) Dice: 0.8346 (Avg: 0.6515) IoU: 0.7220 (Avg: 0.5172)
Train Epoch: [32][136/138] Loss: 0.2869 (Avg: 0.3031) Dice: 0.6603 (Avg: 0.6515) IoU: 0.5061 (Avg: 0.5171)
Train Epoch: [32][137/138] Loss: 0.3633 (Avg: 0.3035) Dice: 0.5255 (Avg: 0.6506) IoU: 0.4134 (Avg: 0.5164)
Train Epoch: [32][138/138] Loss: 0.1566 (Avg: 0.3016) Dice: 0.7986 (Avg: 0.6474) IoU: 0.6647 (Avg: 0.5138)
Validation Epoch: [32] Avg Loss: 0.3471 Avg Dice: 0.6068 Avg IoU: 0.4701
	 Best dice improved from 0.5995 to 0.6068
	 Model saved to ImageEncoder_Pretrain\UNet\Pretrain_05.25_10h55\models\best_model-UNet.pth.tar

========= Epoch [33/50] =========
Train Epoch: [33][1/138] Loss: 0.2535 (Avg: 0.2535) Dice: 0.6976 (Avg: 0.6976) IoU: 0.5509 (Avg: 0.5509)
Train Epoch: [33][2/138] Loss: 0.3857 (Avg: 0.3196) Dice: 0.5725 (Avg: 0.6351) IoU: 0.4446 (Avg: 0.4978)
Train Epoch: [33][3/138] Loss: 0.2228 (Avg: 0.2873) Dice: 0.7213 (Avg: 0.6638) IoU: 0.5793 (Avg: 0.5249)
Train Epoch: [33][4/138] Loss: 0.2498 (Avg: 0.2779) Dice: 0.6901 (Avg: 0.6704) IoU: 0.5442 (Avg: 0.5297)
Train Epoch: [33][5/138] Loss: 0.2043 (Avg: 0.2632) Dice: 0.7383 (Avg: 0.6840) IoU: 0.6042 (Avg: 0.5446)
Train Epoch: [33][6/138] Loss: 0.2507 (Avg: 0.2611) Dice: 0.7110 (Avg: 0.6885) IoU: 0.5602 (Avg: 0.5472)
Train Epoch: [33][7/138] Loss: 0.2520 (Avg: 0.2598) Dice: 0.7685 (Avg: 0.6999) IoU: 0.6299 (Avg: 0.5590)
Train Epoch: [33][8/138] Loss: 0.3229 (Avg: 0.2677) Dice: 0.6175 (Avg: 0.6896) IoU: 0.4579 (Avg: 0.5464)
Train Epoch: [33][9/138] Loss: 0.2374 (Avg: 0.2643) Dice: 0.7231 (Avg: 0.6933) IoU: 0.5781 (Avg: 0.5499)
Train Epoch: [33][10/138] Loss: 0.1926 (Avg: 0.2572) Dice: 0.7830 (Avg: 0.7023) IoU: 0.6488 (Avg: 0.5598)
Train Epoch: [33][11/138] Loss: 0.3066 (Avg: 0.2617) Dice: 0.6517 (Avg: 0.6977) IoU: 0.5182 (Avg: 0.5560)
Train Epoch: [33][12/138] Loss: 0.4458 (Avg: 0.2770) Dice: 0.4846 (Avg: 0.6799) IoU: 0.3343 (Avg: 0.5375)
Train Epoch: [33][13/138] Loss: 0.3978 (Avg: 0.2863) Dice: 0.5474 (Avg: 0.6697) IoU: 0.3825 (Avg: 0.5256)
Train Epoch: [33][14/138] Loss: 0.2081 (Avg: 0.2807) Dice: 0.7554 (Avg: 0.6759) IoU: 0.6172 (Avg: 0.5322)
Train Epoch: [33][15/138] Loss: 0.3540 (Avg: 0.2856) Dice: 0.6266 (Avg: 0.6726) IoU: 0.4709 (Avg: 0.5281)
Train Epoch: [33][16/138] Loss: 0.1793 (Avg: 0.2789) Dice: 0.8187 (Avg: 0.6817) IoU: 0.6999 (Avg: 0.5388)
Train Epoch: [33][17/138] Loss: 0.4419 (Avg: 0.2885) Dice: 0.5420 (Avg: 0.6735) IoU: 0.4304 (Avg: 0.5324)
Train Epoch: [33][18/138] Loss: 0.3292 (Avg: 0.2908) Dice: 0.6148 (Avg: 0.6702) IoU: 0.4568 (Avg: 0.5282)
Train Epoch: [33][19/138] Loss: 0.3816 (Avg: 0.2956) Dice: 0.5549 (Avg: 0.6642) IoU: 0.4434 (Avg: 0.5238)
Train Epoch: [33][20/138] Loss: 0.1852 (Avg: 0.2900) Dice: 0.7745 (Avg: 0.6697) IoU: 0.6401 (Avg: 0.5296)
Train Epoch: [33][21/138] Loss: 0.4847 (Avg: 0.2993) Dice: 0.4607 (Avg: 0.6597) IoU: 0.3454 (Avg: 0.5208)
Train Epoch: [33][22/138] Loss: 0.3066 (Avg: 0.2997) Dice: 0.6528 (Avg: 0.6594) IoU: 0.4928 (Avg: 0.5195)
Train Epoch: [33][23/138] Loss: 0.3149 (Avg: 0.3003) Dice: 0.6549 (Avg: 0.6592) IoU: 0.5441 (Avg: 0.5206)
Train Epoch: [33][24/138] Loss: 0.2549 (Avg: 0.2984) Dice: 0.6871 (Avg: 0.6604) IoU: 0.5345 (Avg: 0.5212)
Train Epoch: [33][25/138] Loss: 0.2782 (Avg: 0.2976) Dice: 0.6760 (Avg: 0.6610) IoU: 0.5230 (Avg: 0.5213)
Train Epoch: [33][26/138] Loss: 0.2760 (Avg: 0.2968) Dice: 0.6504 (Avg: 0.6606) IoU: 0.4918 (Avg: 0.5201)
Train Epoch: [33][27/138] Loss: 0.2040 (Avg: 0.2933) Dice: 0.7598 (Avg: 0.6643) IoU: 0.6246 (Avg: 0.5240)
Train Epoch: [33][28/138] Loss: 0.3835 (Avg: 0.2966) Dice: 0.5762 (Avg: 0.6611) IoU: 0.4656 (Avg: 0.5219)
Train Epoch: [33][29/138] Loss: 0.2919 (Avg: 0.2964) Dice: 0.6665 (Avg: 0.6613) IoU: 0.5199 (Avg: 0.5218)
Train Epoch: [33][30/138] Loss: 0.2505 (Avg: 0.2949) Dice: 0.7377 (Avg: 0.6639) IoU: 0.6011 (Avg: 0.5245)
Train Epoch: [33][31/138] Loss: 0.3295 (Avg: 0.2960) Dice: 0.6360 (Avg: 0.6630) IoU: 0.4827 (Avg: 0.5231)
Train Epoch: [33][32/138] Loss: 0.3515 (Avg: 0.2977) Dice: 0.5952 (Avg: 0.6608) IoU: 0.4356 (Avg: 0.5204)
Train Epoch: [33][33/138] Loss: 0.2205 (Avg: 0.2954) Dice: 0.7322 (Avg: 0.6630) IoU: 0.5943 (Avg: 0.5226)
Train Epoch: [33][34/138] Loss: 0.2653 (Avg: 0.2945) Dice: 0.6903 (Avg: 0.6638) IoU: 0.5583 (Avg: 0.5237)
Train Epoch: [33][35/138] Loss: 0.2503 (Avg: 0.2932) Dice: 0.7003 (Avg: 0.6648) IoU: 0.5406 (Avg: 0.5242)
Train Epoch: [33][36/138] Loss: 0.2749 (Avg: 0.2927) Dice: 0.6909 (Avg: 0.6656) IoU: 0.5542 (Avg: 0.5250)
Train Epoch: [33][37/138] Loss: 0.2512 (Avg: 0.2916) Dice: 0.7185 (Avg: 0.6670) IoU: 0.5622 (Avg: 0.5260)
Train Epoch: [33][38/138] Loss: 0.3953 (Avg: 0.2943) Dice: 0.5606 (Avg: 0.6642) IoU: 0.4058 (Avg: 0.5228)
Train Epoch: [33][39/138] Loss: 0.4657 (Avg: 0.2987) Dice: 0.5011 (Avg: 0.6600) IoU: 0.4054 (Avg: 0.5198)
Train Epoch: [33][40/138] Loss: 0.3344 (Avg: 0.2996) Dice: 0.6210 (Avg: 0.6590) IoU: 0.5308 (Avg: 0.5201)
Train Epoch: [33][41/138] Loss: 0.3096 (Avg: 0.2999) Dice: 0.6469 (Avg: 0.6587) IoU: 0.5714 (Avg: 0.5214)
Train Epoch: [33][42/138] Loss: 0.1949 (Avg: 0.2974) Dice: 0.7608 (Avg: 0.6612) IoU: 0.6239 (Avg: 0.5238)
Train Epoch: [33][43/138] Loss: 0.2523 (Avg: 0.2963) Dice: 0.7078 (Avg: 0.6623) IoU: 0.6023 (Avg: 0.5256)
Train Epoch: [33][44/138] Loss: 0.3674 (Avg: 0.2979) Dice: 0.5701 (Avg: 0.6602) IoU: 0.4100 (Avg: 0.5230)
Train Epoch: [33][45/138] Loss: 0.2654 (Avg: 0.2972) Dice: 0.6738 (Avg: 0.6605) IoU: 0.5097 (Avg: 0.5227)
Train Epoch: [33][46/138] Loss: 0.3673 (Avg: 0.2987) Dice: 0.5789 (Avg: 0.6587) IoU: 0.4134 (Avg: 0.5203)
Train Epoch: [33][47/138] Loss: 0.2611 (Avg: 0.2979) Dice: 0.6858 (Avg: 0.6593) IoU: 0.5497 (Avg: 0.5210)
Train Epoch: [33][48/138] Loss: 0.2613 (Avg: 0.2972) Dice: 0.7112 (Avg: 0.6604) IoU: 0.5763 (Avg: 0.5221)
Train Epoch: [33][49/138] Loss: 0.2119 (Avg: 0.2954) Dice: 0.7596 (Avg: 0.6624) IoU: 0.6295 (Avg: 0.5243)
Train Epoch: [33][50/138] Loss: 0.2431 (Avg: 0.2944) Dice: 0.7066 (Avg: 0.6633) IoU: 0.5508 (Avg: 0.5248)
Train Epoch: [33][51/138] Loss: 0.1981 (Avg: 0.2925) Dice: 0.7549 (Avg: 0.6651) IoU: 0.6222 (Avg: 0.5267)
Train Epoch: [33][52/138] Loss: 0.3125 (Avg: 0.2929) Dice: 0.6432 (Avg: 0.6646) IoU: 0.5003 (Avg: 0.5262)
Train Epoch: [33][53/138] Loss: 0.4167 (Avg: 0.2952) Dice: 0.5061 (Avg: 0.6616) IoU: 0.3960 (Avg: 0.5238)
Train Epoch: [33][54/138] Loss: 0.2266 (Avg: 0.2939) Dice: 0.7123 (Avg: 0.6626) IoU: 0.5983 (Avg: 0.5252)
Train Epoch: [33][55/138] Loss: 0.3393 (Avg: 0.2948) Dice: 0.6388 (Avg: 0.6622) IoU: 0.5575 (Avg: 0.5257)
Train Epoch: [33][56/138] Loss: 0.3133 (Avg: 0.2951) Dice: 0.6710 (Avg: 0.6623) IoU: 0.5240 (Avg: 0.5257)
Train Epoch: [33][57/138] Loss: 0.3418 (Avg: 0.2959) Dice: 0.6138 (Avg: 0.6615) IoU: 0.4886 (Avg: 0.5251)
Train Epoch: [33][58/138] Loss: 0.6382 (Avg: 0.3018) Dice: 0.3249 (Avg: 0.6557) IoU: 0.2479 (Avg: 0.5203)
Train Epoch: [33][59/138] Loss: 0.5582 (Avg: 0.3062) Dice: 0.4219 (Avg: 0.6517) IoU: 0.3443 (Avg: 0.5173)
Train Epoch: [33][60/138] Loss: 0.1781 (Avg: 0.3040) Dice: 0.7856 (Avg: 0.6539) IoU: 0.6568 (Avg: 0.5196)
Train Epoch: [33][61/138] Loss: 0.3180 (Avg: 0.3043) Dice: 0.6643 (Avg: 0.6541) IoU: 0.5355 (Avg: 0.5199)
Train Epoch: [33][62/138] Loss: 0.2501 (Avg: 0.3034) Dice: 0.7108 (Avg: 0.6550) IoU: 0.5683 (Avg: 0.5207)
Train Epoch: [33][63/138] Loss: 0.2223 (Avg: 0.3021) Dice: 0.7273 (Avg: 0.6562) IoU: 0.5831 (Avg: 0.5217)
Train Epoch: [33][64/138] Loss: 0.3248 (Avg: 0.3025) Dice: 0.6349 (Avg: 0.6558) IoU: 0.5000 (Avg: 0.5213)
Train Epoch: [33][65/138] Loss: 0.4460 (Avg: 0.3047) Dice: 0.5126 (Avg: 0.6536) IoU: 0.3941 (Avg: 0.5194)
Train Epoch: [33][66/138] Loss: 0.1874 (Avg: 0.3029) Dice: 0.8025 (Avg: 0.6559) IoU: 0.6723 (Avg: 0.5217)
Train Epoch: [33][67/138] Loss: 0.3146 (Avg: 0.3031) Dice: 0.6475 (Avg: 0.6558) IoU: 0.5451 (Avg: 0.5220)
Train Epoch: [33][68/138] Loss: 0.2354 (Avg: 0.3021) Dice: 0.7239 (Avg: 0.6568) IoU: 0.5998 (Avg: 0.5232)
Train Epoch: [33][69/138] Loss: 0.2310 (Avg: 0.3010) Dice: 0.7357 (Avg: 0.6579) IoU: 0.5943 (Avg: 0.5242)
Train Epoch: [33][70/138] Loss: 0.1696 (Avg: 0.2992) Dice: 0.7905 (Avg: 0.6598) IoU: 0.6551 (Avg: 0.5261)
Train Epoch: [33][71/138] Loss: 0.3377 (Avg: 0.2997) Dice: 0.5685 (Avg: 0.6585) IoU: 0.4443 (Avg: 0.5249)
Train Epoch: [33][72/138] Loss: 0.1942 (Avg: 0.2982) Dice: 0.7512 (Avg: 0.6598) IoU: 0.6209 (Avg: 0.5263)
Train Epoch: [33][73/138] Loss: 0.4607 (Avg: 0.3005) Dice: 0.4832 (Avg: 0.6574) IoU: 0.3510 (Avg: 0.5239)
Train Epoch: [33][74/138] Loss: 0.1321 (Avg: 0.2982) Dice: 0.8202 (Avg: 0.6596) IoU: 0.6975 (Avg: 0.5262)
Train Epoch: [33][75/138] Loss: 0.1992 (Avg: 0.2969) Dice: 0.7419 (Avg: 0.6607) IoU: 0.5992 (Avg: 0.5272)
Train Epoch: [33][76/138] Loss: 0.2305 (Avg: 0.2960) Dice: 0.7398 (Avg: 0.6617) IoU: 0.6024 (Avg: 0.5282)
Train Epoch: [33][77/138] Loss: 0.4262 (Avg: 0.2977) Dice: 0.5328 (Avg: 0.6600) IoU: 0.3945 (Avg: 0.5264)
Train Epoch: [33][78/138] Loss: 0.1828 (Avg: 0.2962) Dice: 0.7727 (Avg: 0.6615) IoU: 0.6415 (Avg: 0.5279)
Train Epoch: [33][79/138] Loss: 0.3015 (Avg: 0.2963) Dice: 0.6595 (Avg: 0.6615) IoU: 0.5077 (Avg: 0.5276)
Train Epoch: [33][80/138] Loss: 0.2670 (Avg: 0.2959) Dice: 0.6837 (Avg: 0.6617) IoU: 0.5239 (Avg: 0.5276)
Train Epoch: [33][81/138] Loss: 0.2255 (Avg: 0.2950) Dice: 0.7714 (Avg: 0.6631) IoU: 0.6394 (Avg: 0.5290)
Train Epoch: [33][82/138] Loss: 0.2662 (Avg: 0.2947) Dice: 0.6856 (Avg: 0.6634) IoU: 0.5350 (Avg: 0.5291)
Train Epoch: [33][83/138] Loss: 0.2951 (Avg: 0.2947) Dice: 0.6746 (Avg: 0.6635) IoU: 0.5422 (Avg: 0.5292)
Train Epoch: [33][84/138] Loss: 0.1920 (Avg: 0.2935) Dice: 0.7566 (Avg: 0.6646) IoU: 0.6151 (Avg: 0.5302)
Train Epoch: [33][85/138] Loss: 0.1969 (Avg: 0.2923) Dice: 0.7551 (Avg: 0.6657) IoU: 0.6129 (Avg: 0.5312)
Train Epoch: [33][86/138] Loss: 0.3603 (Avg: 0.2931) Dice: 0.5311 (Avg: 0.6641) IoU: 0.4196 (Avg: 0.5299)
Train Epoch: [33][87/138] Loss: 0.2003 (Avg: 0.2921) Dice: 0.7666 (Avg: 0.6653) IoU: 0.6431 (Avg: 0.5312)
Train Epoch: [33][88/138] Loss: 0.1883 (Avg: 0.2909) Dice: 0.7746 (Avg: 0.6665) IoU: 0.6390 (Avg: 0.5324)
Train Epoch: [33][89/138] Loss: 0.3049 (Avg: 0.2910) Dice: 0.6409 (Avg: 0.6662) IoU: 0.4792 (Avg: 0.5318)
Train Epoch: [33][90/138] Loss: 0.4973 (Avg: 0.2933) Dice: 0.4347 (Avg: 0.6637) IoU: 0.3243 (Avg: 0.5295)
Train Epoch: [33][91/138] Loss: 0.3520 (Avg: 0.2940) Dice: 0.6061 (Avg: 0.6630) IoU: 0.4587 (Avg: 0.5288)
Train Epoch: [33][92/138] Loss: 0.3646 (Avg: 0.2947) Dice: 0.5842 (Avg: 0.6622) IoU: 0.4385 (Avg: 0.5278)
Train Epoch: [33][93/138] Loss: 0.2502 (Avg: 0.2943) Dice: 0.6881 (Avg: 0.6625) IoU: 0.5370 (Avg: 0.5279)
Train Epoch: [33][94/138] Loss: 0.2605 (Avg: 0.2939) Dice: 0.7023 (Avg: 0.6629) IoU: 0.5722 (Avg: 0.5283)
Train Epoch: [33][95/138] Loss: 0.3494 (Avg: 0.2945) Dice: 0.6142 (Avg: 0.6624) IoU: 0.4535 (Avg: 0.5276)
Train Epoch: [33][96/138] Loss: 0.3153 (Avg: 0.2947) Dice: 0.6341 (Avg: 0.6621) IoU: 0.4804 (Avg: 0.5271)
Train Epoch: [33][97/138] Loss: 0.4566 (Avg: 0.2964) Dice: 0.5008 (Avg: 0.6604) IoU: 0.4042 (Avg: 0.5258)
Train Epoch: [33][98/138] Loss: 0.3898 (Avg: 0.2973) Dice: 0.5279 (Avg: 0.6591) IoU: 0.4465 (Avg: 0.5250)
Train Epoch: [33][99/138] Loss: 0.2981 (Avg: 0.2973) Dice: 0.6683 (Avg: 0.6592) IoU: 0.5077 (Avg: 0.5248)
Train Epoch: [33][100/138] Loss: 0.3075 (Avg: 0.2974) Dice: 0.6183 (Avg: 0.6588) IoU: 0.4962 (Avg: 0.5245)
Train Epoch: [33][101/138] Loss: 0.1520 (Avg: 0.2960) Dice: 0.8094 (Avg: 0.6602) IoU: 0.6869 (Avg: 0.5261)
Train Epoch: [33][102/138] Loss: 0.4473 (Avg: 0.2975) Dice: 0.4273 (Avg: 0.6580) IoU: 0.3437 (Avg: 0.5243)
Train Epoch: [33][103/138] Loss: 0.2461 (Avg: 0.2970) Dice: 0.7001 (Avg: 0.6584) IoU: 0.5497 (Avg: 0.5246)
Train Epoch: [33][104/138] Loss: 0.2313 (Avg: 0.2963) Dice: 0.7130 (Avg: 0.6589) IoU: 0.5586 (Avg: 0.5249)
Train Epoch: [33][105/138] Loss: 0.5054 (Avg: 0.2983) Dice: 0.4559 (Avg: 0.6570) IoU: 0.3519 (Avg: 0.5233)
Train Epoch: [33][106/138] Loss: 0.2818 (Avg: 0.2982) Dice: 0.6787 (Avg: 0.6572) IoU: 0.5496 (Avg: 0.5235)
Train Epoch: [33][107/138] Loss: 0.2332 (Avg: 0.2976) Dice: 0.7052 (Avg: 0.6576) IoU: 0.5637 (Avg: 0.5239)
Train Epoch: [33][108/138] Loss: 0.1516 (Avg: 0.2962) Dice: 0.8375 (Avg: 0.6593) IoU: 0.7249 (Avg: 0.5258)
Train Epoch: [33][109/138] Loss: 0.2880 (Avg: 0.2961) Dice: 0.6727 (Avg: 0.6594) IoU: 0.5396 (Avg: 0.5259)
Train Epoch: [33][110/138] Loss: 0.1277 (Avg: 0.2946) Dice: 0.8499 (Avg: 0.6611) IoU: 0.7419 (Avg: 0.5278)
Train Epoch: [33][111/138] Loss: 0.2109 (Avg: 0.2939) Dice: 0.7613 (Avg: 0.6620) IoU: 0.6350 (Avg: 0.5288)
Train Epoch: [33][112/138] Loss: 0.2290 (Avg: 0.2933) Dice: 0.7158 (Avg: 0.6625) IoU: 0.5609 (Avg: 0.5291)
Train Epoch: [33][113/138] Loss: 0.2996 (Avg: 0.2933) Dice: 0.6585 (Avg: 0.6625) IoU: 0.5627 (Avg: 0.5294)
Train Epoch: [33][114/138] Loss: 0.4583 (Avg: 0.2948) Dice: 0.4591 (Avg: 0.6607) IoU: 0.3113 (Avg: 0.5275)
Train Epoch: [33][115/138] Loss: 0.2830 (Avg: 0.2947) Dice: 0.6648 (Avg: 0.6607) IoU: 0.5318 (Avg: 0.5275)
Train Epoch: [33][116/138] Loss: 0.1962 (Avg: 0.2938) Dice: 0.7561 (Avg: 0.6616) IoU: 0.6093 (Avg: 0.5282)
Train Epoch: [33][117/138] Loss: 0.2858 (Avg: 0.2938) Dice: 0.6620 (Avg: 0.6616) IoU: 0.5111 (Avg: 0.5281)
Train Epoch: [33][118/138] Loss: 0.3467 (Avg: 0.2942) Dice: 0.5942 (Avg: 0.6610) IoU: 0.4264 (Avg: 0.5272)
Train Epoch: [33][119/138] Loss: 0.2791 (Avg: 0.2941) Dice: 0.6815 (Avg: 0.6612) IoU: 0.5409 (Avg: 0.5273)
Train Epoch: [33][120/138] Loss: 0.2029 (Avg: 0.2933) Dice: 0.7638 (Avg: 0.6620) IoU: 0.6299 (Avg: 0.5282)
Train Epoch: [33][121/138] Loss: 0.5532 (Avg: 0.2955) Dice: 0.3927 (Avg: 0.6598) IoU: 0.2862 (Avg: 0.5262)
Train Epoch: [33][122/138] Loss: 0.5842 (Avg: 0.2978) Dice: 0.3974 (Avg: 0.6576) IoU: 0.3098 (Avg: 0.5244)
Train Epoch: [33][123/138] Loss: 0.2858 (Avg: 0.2977) Dice: 0.6752 (Avg: 0.6578) IoU: 0.5347 (Avg: 0.5245)
Train Epoch: [33][124/138] Loss: 0.3909 (Avg: 0.2985) Dice: 0.5579 (Avg: 0.6570) IoU: 0.4361 (Avg: 0.5238)
Train Epoch: [33][125/138] Loss: 0.2698 (Avg: 0.2983) Dice: 0.6889 (Avg: 0.6572) IoU: 0.5358 (Avg: 0.5239)
Train Epoch: [33][126/138] Loss: 0.3621 (Avg: 0.2988) Dice: 0.5806 (Avg: 0.6566) IoU: 0.4286 (Avg: 0.5231)
Train Epoch: [33][127/138] Loss: 0.4910 (Avg: 0.3003) Dice: 0.4806 (Avg: 0.6552) IoU: 0.3343 (Avg: 0.5216)
Train Epoch: [33][128/138] Loss: 0.2645 (Avg: 0.3000) Dice: 0.6965 (Avg: 0.6556) IoU: 0.5452 (Avg: 0.5218)
Train Epoch: [33][129/138] Loss: 0.3677 (Avg: 0.3005) Dice: 0.5904 (Avg: 0.6551) IoU: 0.4197 (Avg: 0.5210)
Train Epoch: [33][130/138] Loss: 0.3455 (Avg: 0.3009) Dice: 0.6056 (Avg: 0.6547) IoU: 0.4473 (Avg: 0.5205)
Train Epoch: [33][131/138] Loss: 0.2596 (Avg: 0.3006) Dice: 0.7051 (Avg: 0.6551) IoU: 0.5594 (Avg: 0.5208)
Train Epoch: [33][132/138] Loss: 0.1753 (Avg: 0.2996) Dice: 0.7977 (Avg: 0.6561) IoU: 0.6701 (Avg: 0.5219)
Train Epoch: [33][133/138] Loss: 0.4525 (Avg: 0.3008) Dice: 0.5013 (Avg: 0.6550) IoU: 0.4248 (Avg: 0.5212)
Train Epoch: [33][134/138] Loss: 0.2831 (Avg: 0.3006) Dice: 0.6470 (Avg: 0.6549) IoU: 0.5049 (Avg: 0.5210)
Train Epoch: [33][135/138] Loss: 0.2069 (Avg: 0.2999) Dice: 0.7642 (Avg: 0.6557) IoU: 0.6223 (Avg: 0.5218)
Train Epoch: [33][136/138] Loss: 0.3987 (Avg: 0.3007) Dice: 0.5472 (Avg: 0.6549) IoU: 0.3927 (Avg: 0.5208)
Train Epoch: [33][137/138] Loss: 0.2724 (Avg: 0.3005) Dice: 0.6741 (Avg: 0.6551) IoU: 0.5133 (Avg: 0.5208)
Train Epoch: [33][138/138] Loss: 0.5555 (Avg: 0.2993) Dice: 0.3373 (Avg: 0.6509) IoU: 0.2029 (Avg: 0.5174)
Validation Epoch: [33] Avg Loss: 0.3705 Avg Dice: 0.5737 Avg IoU: 0.4427

========= Epoch [34/50] =========
Train Epoch: [34][1/138] Loss: 0.3025 (Avg: 0.3025) Dice: 0.6831 (Avg: 0.6831) IoU: 0.5330 (Avg: 0.5330)
Train Epoch: [34][2/138] Loss: 0.1505 (Avg: 0.2265) Dice: 0.8168 (Avg: 0.7499) IoU: 0.6996 (Avg: 0.6163)
Train Epoch: [34][3/138] Loss: 0.2828 (Avg: 0.2453) Dice: 0.6982 (Avg: 0.7327) IoU: 0.5931 (Avg: 0.6086)
Train Epoch: [34][4/138] Loss: 0.3362 (Avg: 0.2680) Dice: 0.6223 (Avg: 0.7051) IoU: 0.4600 (Avg: 0.5714)
Train Epoch: [34][5/138] Loss: 0.4684 (Avg: 0.3081) Dice: 0.7390 (Avg: 0.7119) IoU: 0.3650 (Avg: 0.5301)
Train Epoch: [34][6/138] Loss: 0.2136 (Avg: 0.2923) Dice: 0.7377 (Avg: 0.7162) IoU: 0.5935 (Avg: 0.5407)
Train Epoch: [34][7/138] Loss: 0.3097 (Avg: 0.2948) Dice: 0.6598 (Avg: 0.7081) IoU: 0.5144 (Avg: 0.5369)
Train Epoch: [34][8/138] Loss: 0.2058 (Avg: 0.2837) Dice: 0.7289 (Avg: 0.7107) IoU: 0.5742 (Avg: 0.5416)
Train Epoch: [34][9/138] Loss: 0.1306 (Avg: 0.2667) Dice: 0.8487 (Avg: 0.7261) IoU: 0.7390 (Avg: 0.5635)
Train Epoch: [34][10/138] Loss: 0.4144 (Avg: 0.2815) Dice: 0.5614 (Avg: 0.7096) IoU: 0.4130 (Avg: 0.5485)
Train Epoch: [34][11/138] Loss: 0.4000 (Avg: 0.2922) Dice: 0.5548 (Avg: 0.6955) IoU: 0.4453 (Avg: 0.5391)
Train Epoch: [34][12/138] Loss: 0.5068 (Avg: 0.3101) Dice: 0.4440 (Avg: 0.6746) IoU: 0.3029 (Avg: 0.5194)
Train Epoch: [34][13/138] Loss: 0.4186 (Avg: 0.3185) Dice: 0.5232 (Avg: 0.6629) IoU: 0.3673 (Avg: 0.5077)
Train Epoch: [34][14/138] Loss: 0.3595 (Avg: 0.3214) Dice: 0.6006 (Avg: 0.6585) IoU: 0.4674 (Avg: 0.5048)
Train Epoch: [34][15/138] Loss: 0.4293 (Avg: 0.3286) Dice: 0.5496 (Avg: 0.6512) IoU: 0.4502 (Avg: 0.5012)
Train Epoch: [34][16/138] Loss: 0.1248 (Avg: 0.3159) Dice: 0.8511 (Avg: 0.6637) IoU: 0.7442 (Avg: 0.5164)
Train Epoch: [34][17/138] Loss: 0.2926 (Avg: 0.3145) Dice: 0.6484 (Avg: 0.6628) IoU: 0.4962 (Avg: 0.5152)
Train Epoch: [34][18/138] Loss: 0.1748 (Avg: 0.3067) Dice: 0.7822 (Avg: 0.6694) IoU: 0.6485 (Avg: 0.5226)
Train Epoch: [34][19/138] Loss: 0.2343 (Avg: 0.3029) Dice: 0.7077 (Avg: 0.6715) IoU: 0.5534 (Avg: 0.5242)
Train Epoch: [34][20/138] Loss: 0.2633 (Avg: 0.3009) Dice: 0.6691 (Avg: 0.6713) IoU: 0.5116 (Avg: 0.5236)
Train Epoch: [34][21/138] Loss: 0.3180 (Avg: 0.3017) Dice: 0.6328 (Avg: 0.6695) IoU: 0.4857 (Avg: 0.5218)
Train Epoch: [34][22/138] Loss: 0.3316 (Avg: 0.3031) Dice: 0.6067 (Avg: 0.6666) IoU: 0.4583 (Avg: 0.5189)
Train Epoch: [34][23/138] Loss: 0.4627 (Avg: 0.3100) Dice: 0.4593 (Avg: 0.6576) IoU: 0.3484 (Avg: 0.5115)
Train Epoch: [34][24/138] Loss: 0.2459 (Avg: 0.3074) Dice: 0.6995 (Avg: 0.6594) IoU: 0.5578 (Avg: 0.5134)
Train Epoch: [34][25/138] Loss: 0.2158 (Avg: 0.3037) Dice: 0.7695 (Avg: 0.6638) IoU: 0.6373 (Avg: 0.5184)
Train Epoch: [34][26/138] Loss: 0.2426 (Avg: 0.3014) Dice: 0.6893 (Avg: 0.6648) IoU: 0.5456 (Avg: 0.5194)
Train Epoch: [34][27/138] Loss: 0.2331 (Avg: 0.2988) Dice: 0.7358 (Avg: 0.6674) IoU: 0.5899 (Avg: 0.5220)
Train Epoch: [34][28/138] Loss: 0.1958 (Avg: 0.2951) Dice: 0.7990 (Avg: 0.6721) IoU: 0.6825 (Avg: 0.5278)
Train Epoch: [34][29/138] Loss: 0.2794 (Avg: 0.2946) Dice: 0.6616 (Avg: 0.6717) IoU: 0.5272 (Avg: 0.5277)
Train Epoch: [34][30/138] Loss: 0.1451 (Avg: 0.2896) Dice: 0.8300 (Avg: 0.6770) IoU: 0.7203 (Avg: 0.5342)
Train Epoch: [34][31/138] Loss: 0.4058 (Avg: 0.2934) Dice: 0.5334 (Avg: 0.6724) IoU: 0.3771 (Avg: 0.5291)
Train Epoch: [34][32/138] Loss: 0.6191 (Avg: 0.3035) Dice: 0.3149 (Avg: 0.6612) IoU: 0.2395 (Avg: 0.5200)
Train Epoch: [34][33/138] Loss: 0.4628 (Avg: 0.3084) Dice: 0.4876 (Avg: 0.6559) IoU: 0.3667 (Avg: 0.5154)
Train Epoch: [34][34/138] Loss: 0.5383 (Avg: 0.3151) Dice: 0.3846 (Avg: 0.6480) IoU: 0.2603 (Avg: 0.5079)
Train Epoch: [34][35/138] Loss: 0.1751 (Avg: 0.3111) Dice: 0.7895 (Avg: 0.6520) IoU: 0.6582 (Avg: 0.5122)
Train Epoch: [34][36/138] Loss: 0.1450 (Avg: 0.3065) Dice: 0.8437 (Avg: 0.6573) IoU: 0.7408 (Avg: 0.5185)
Train Epoch: [34][37/138] Loss: 0.4334 (Avg: 0.3099) Dice: 0.5449 (Avg: 0.6543) IoU: 0.4180 (Avg: 0.5158)
Train Epoch: [34][38/138] Loss: 0.2981 (Avg: 0.3096) Dice: 0.6693 (Avg: 0.6547) IoU: 0.5471 (Avg: 0.5166)
Train Epoch: [34][39/138] Loss: 0.3902 (Avg: 0.3117) Dice: 0.5358 (Avg: 0.6516) IoU: 0.4184 (Avg: 0.5141)
Train Epoch: [34][40/138] Loss: 0.1907 (Avg: 0.3087) Dice: 0.7567 (Avg: 0.6543) IoU: 0.6494 (Avg: 0.5175)
Train Epoch: [34][41/138] Loss: 0.2402 (Avg: 0.3070) Dice: 0.7029 (Avg: 0.6555) IoU: 0.5585 (Avg: 0.5185)
Train Epoch: [34][42/138] Loss: 0.1880 (Avg: 0.3042) Dice: 0.7554 (Avg: 0.6578) IoU: 0.6166 (Avg: 0.5208)
Train Epoch: [34][43/138] Loss: 0.2795 (Avg: 0.3036) Dice: 0.6516 (Avg: 0.6577) IoU: 0.4989 (Avg: 0.5203)
Train Epoch: [34][44/138] Loss: 0.2123 (Avg: 0.3015) Dice: 0.7366 (Avg: 0.6595) IoU: 0.6025 (Avg: 0.5222)
Train Epoch: [34][45/138] Loss: 0.2320 (Avg: 0.3000) Dice: 0.7278 (Avg: 0.6610) IoU: 0.5825 (Avg: 0.5235)
Train Epoch: [34][46/138] Loss: 0.2626 (Avg: 0.2992) Dice: 0.6716 (Avg: 0.6612) IoU: 0.5255 (Avg: 0.5236)
Train Epoch: [34][47/138] Loss: 0.3198 (Avg: 0.2996) Dice: 0.6412 (Avg: 0.6608) IoU: 0.4928 (Avg: 0.5229)
Train Epoch: [34][48/138] Loss: 0.1697 (Avg: 0.2969) Dice: 0.8139 (Avg: 0.6640) IoU: 0.6948 (Avg: 0.5265)
Train Epoch: [34][49/138] Loss: 0.5022 (Avg: 0.3011) Dice: 0.4643 (Avg: 0.6599) IoU: 0.3668 (Avg: 0.5232)
Train Epoch: [34][50/138] Loss: 0.1768 (Avg: 0.2986) Dice: 0.7939 (Avg: 0.6626) IoU: 0.6650 (Avg: 0.5261)
Train Epoch: [34][51/138] Loss: 0.5365 (Avg: 0.3033) Dice: 0.4260 (Avg: 0.6580) IoU: 0.3111 (Avg: 0.5219)
Train Epoch: [34][52/138] Loss: 0.2091 (Avg: 0.3015) Dice: 0.7564 (Avg: 0.6598) IoU: 0.6135 (Avg: 0.5236)
Train Epoch: [34][53/138] Loss: 0.4951 (Avg: 0.3051) Dice: 0.4576 (Avg: 0.6560) IoU: 0.3270 (Avg: 0.5199)
Train Epoch: [34][54/138] Loss: 0.2480 (Avg: 0.3041) Dice: 0.7082 (Avg: 0.6570) IoU: 0.5649 (Avg: 0.5207)
Train Epoch: [34][55/138] Loss: 0.5326 (Avg: 0.3082) Dice: 0.4262 (Avg: 0.6528) IoU: 0.3115 (Avg: 0.5169)
Train Epoch: [34][56/138] Loss: 0.2530 (Avg: 0.3072) Dice: 0.7151 (Avg: 0.6539) IoU: 0.5784 (Avg: 0.5180)
Train Epoch: [34][57/138] Loss: 0.2905 (Avg: 0.3069) Dice: 0.6578 (Avg: 0.6540) IoU: 0.4919 (Avg: 0.5176)
Train Epoch: [34][58/138] Loss: 0.1954 (Avg: 0.3050) Dice: 0.7670 (Avg: 0.6559) IoU: 0.6332 (Avg: 0.5196)
Train Epoch: [34][59/138] Loss: 0.3751 (Avg: 0.3062) Dice: 0.5742 (Avg: 0.6545) IoU: 0.4239 (Avg: 0.5180)
Train Epoch: [34][60/138] Loss: 0.4131 (Avg: 0.3080) Dice: 0.5393 (Avg: 0.6526) IoU: 0.3757 (Avg: 0.5156)
Train Epoch: [34][61/138] Loss: 0.4476 (Avg: 0.3103) Dice: 0.4943 (Avg: 0.6500) IoU: 0.3531 (Avg: 0.5129)
Train Epoch: [34][62/138] Loss: 0.3218 (Avg: 0.3105) Dice: 0.6338 (Avg: 0.6498) IoU: 0.5163 (Avg: 0.5130)
Train Epoch: [34][63/138] Loss: 0.2214 (Avg: 0.3090) Dice: 0.7616 (Avg: 0.6515) IoU: 0.6261 (Avg: 0.5148)
Train Epoch: [34][64/138] Loss: 0.2582 (Avg: 0.3082) Dice: 0.6972 (Avg: 0.6523) IoU: 0.5499 (Avg: 0.5153)
Train Epoch: [34][65/138] Loss: 0.2754 (Avg: 0.3077) Dice: 0.6752 (Avg: 0.6526) IoU: 0.5258 (Avg: 0.5155)
Train Epoch: [34][66/138] Loss: 0.5957 (Avg: 0.3121) Dice: 0.3322 (Avg: 0.6478) IoU: 0.2062 (Avg: 0.5108)
Train Epoch: [34][67/138] Loss: 0.1755 (Avg: 0.3101) Dice: 0.7859 (Avg: 0.6498) IoU: 0.6497 (Avg: 0.5129)
Train Epoch: [34][68/138] Loss: 0.3717 (Avg: 0.3110) Dice: 0.5506 (Avg: 0.6484) IoU: 0.3821 (Avg: 0.5109)
Train Epoch: [34][69/138] Loss: 0.3547 (Avg: 0.3116) Dice: 0.5769 (Avg: 0.6473) IoU: 0.4201 (Avg: 0.5096)
Train Epoch: [34][70/138] Loss: 0.4106 (Avg: 0.3130) Dice: 0.4858 (Avg: 0.6450) IoU: 0.3403 (Avg: 0.5072)
Train Epoch: [34][71/138] Loss: 0.2627 (Avg: 0.3123) Dice: 0.6851 (Avg: 0.6456) IoU: 0.5432 (Avg: 0.5077)
Train Epoch: [34][72/138] Loss: 0.2734 (Avg: 0.3118) Dice: 0.6722 (Avg: 0.6460) IoU: 0.5249 (Avg: 0.5080)
Train Epoch: [34][73/138] Loss: 0.1778 (Avg: 0.3099) Dice: 0.7854 (Avg: 0.6479) IoU: 0.6618 (Avg: 0.5101)
Train Epoch: [34][74/138] Loss: 0.2168 (Avg: 0.3087) Dice: 0.7600 (Avg: 0.6494) IoU: 0.6262 (Avg: 0.5116)
Train Epoch: [34][75/138] Loss: 0.3728 (Avg: 0.3095) Dice: 0.5622 (Avg: 0.6482) IoU: 0.4119 (Avg: 0.5103)
Train Epoch: [34][76/138] Loss: 0.2710 (Avg: 0.3090) Dice: 0.6914 (Avg: 0.6488) IoU: 0.5505 (Avg: 0.5108)
Train Epoch: [34][77/138] Loss: 0.2388 (Avg: 0.3081) Dice: 0.7024 (Avg: 0.6495) IoU: 0.5542 (Avg: 0.5114)
Train Epoch: [34][78/138] Loss: 0.3793 (Avg: 0.3090) Dice: 0.5995 (Avg: 0.6488) IoU: 0.5066 (Avg: 0.5113)
Train Epoch: [34][79/138] Loss: 0.2568 (Avg: 0.3084) Dice: 0.6919 (Avg: 0.6494) IoU: 0.5531 (Avg: 0.5119)
Train Epoch: [34][80/138] Loss: 0.2367 (Avg: 0.3075) Dice: 0.7098 (Avg: 0.6501) IoU: 0.5567 (Avg: 0.5124)
Train Epoch: [34][81/138] Loss: 0.4772 (Avg: 0.3096) Dice: 0.4866 (Avg: 0.6481) IoU: 0.3914 (Avg: 0.5109)
Train Epoch: [34][82/138] Loss: 0.2444 (Avg: 0.3088) Dice: 0.7310 (Avg: 0.6491) IoU: 0.6124 (Avg: 0.5122)
Train Epoch: [34][83/138] Loss: 0.2606 (Avg: 0.3082) Dice: 0.7025 (Avg: 0.6498) IoU: 0.5673 (Avg: 0.5128)
Train Epoch: [34][84/138] Loss: 0.4288 (Avg: 0.3096) Dice: 0.5231 (Avg: 0.6483) IoU: 0.3634 (Avg: 0.5111)
Train Epoch: [34][85/138] Loss: 0.4165 (Avg: 0.3109) Dice: 0.5566 (Avg: 0.6472) IoU: 0.4421 (Avg: 0.5102)
Train Epoch: [34][86/138] Loss: 0.2441 (Avg: 0.3101) Dice: 0.7172 (Avg: 0.6480) IoU: 0.5743 (Avg: 0.5110)
Train Epoch: [34][87/138] Loss: 0.5290 (Avg: 0.3126) Dice: 0.4374 (Avg: 0.6456) IoU: 0.3272 (Avg: 0.5089)
Train Epoch: [34][88/138] Loss: 0.3415 (Avg: 0.3129) Dice: 0.6009 (Avg: 0.6451) IoU: 0.4440 (Avg: 0.5081)
Train Epoch: [34][89/138] Loss: 0.2080 (Avg: 0.3118) Dice: 0.7722 (Avg: 0.6465) IoU: 0.6362 (Avg: 0.5096)
Train Epoch: [34][90/138] Loss: 0.3016 (Avg: 0.3117) Dice: 0.6399 (Avg: 0.6464) IoU: 0.4926 (Avg: 0.5094)
Train Epoch: [34][91/138] Loss: 0.3717 (Avg: 0.3123) Dice: 0.6006 (Avg: 0.6459) IoU: 0.4591 (Avg: 0.5088)
Train Epoch: [34][92/138] Loss: 0.2925 (Avg: 0.3121) Dice: 0.6693 (Avg: 0.6462) IoU: 0.5217 (Avg: 0.5090)
Train Epoch: [34][93/138] Loss: 0.1598 (Avg: 0.3105) Dice: 0.8220 (Avg: 0.6481) IoU: 0.7039 (Avg: 0.5111)
Train Epoch: [34][94/138] Loss: 0.2679 (Avg: 0.3100) Dice: 0.6761 (Avg: 0.6484) IoU: 0.5279 (Avg: 0.5113)
Train Epoch: [34][95/138] Loss: 0.1575 (Avg: 0.3084) Dice: 0.8193 (Avg: 0.6502) IoU: 0.6969 (Avg: 0.5132)
Train Epoch: [34][96/138] Loss: 0.3615 (Avg: 0.3090) Dice: 0.5775 (Avg: 0.6494) IoU: 0.4230 (Avg: 0.5123)
Train Epoch: [34][97/138] Loss: 0.3455 (Avg: 0.3093) Dice: 0.6033 (Avg: 0.6489) IoU: 0.4433 (Avg: 0.5116)
Train Epoch: [34][98/138] Loss: 0.2471 (Avg: 0.3087) Dice: 0.7178 (Avg: 0.6496) IoU: 0.5764 (Avg: 0.5122)
Train Epoch: [34][99/138] Loss: 0.2153 (Avg: 0.3078) Dice: 0.7559 (Avg: 0.6507) IoU: 0.6174 (Avg: 0.5133)
Train Epoch: [34][100/138] Loss: 0.1576 (Avg: 0.3063) Dice: 0.8305 (Avg: 0.6525) IoU: 0.7165 (Avg: 0.5153)
Train Epoch: [34][101/138] Loss: 0.2541 (Avg: 0.3057) Dice: 0.7020 (Avg: 0.6530) IoU: 0.5638 (Avg: 0.5158)
Train Epoch: [34][102/138] Loss: 0.3083 (Avg: 0.3058) Dice: 0.6450 (Avg: 0.6529) IoU: 0.4939 (Avg: 0.5156)
Train Epoch: [34][103/138] Loss: 0.2862 (Avg: 0.3056) Dice: 0.6489 (Avg: 0.6529) IoU: 0.4949 (Avg: 0.5154)
Train Epoch: [34][104/138] Loss: 0.1921 (Avg: 0.3045) Dice: 0.7628 (Avg: 0.6539) IoU: 0.6191 (Avg: 0.5164)
Train Epoch: [34][105/138] Loss: 0.3882 (Avg: 0.3053) Dice: 0.5657 (Avg: 0.6531) IoU: 0.4612 (Avg: 0.5158)
Train Epoch: [34][106/138] Loss: 0.6045 (Avg: 0.3081) Dice: 0.3449 (Avg: 0.6502) IoU: 0.2372 (Avg: 0.5132)
Train Epoch: [34][107/138] Loss: 0.2658 (Avg: 0.3077) Dice: 0.6811 (Avg: 0.6505) IoU: 0.5297 (Avg: 0.5134)
Train Epoch: [34][108/138] Loss: 0.2005 (Avg: 0.3067) Dice: 0.7483 (Avg: 0.6514) IoU: 0.6126 (Avg: 0.5143)
Train Epoch: [34][109/138] Loss: 0.2974 (Avg: 0.3066) Dice: 0.6443 (Avg: 0.6513) IoU: 0.4848 (Avg: 0.5140)
Train Epoch: [34][110/138] Loss: 0.4202 (Avg: 0.3077) Dice: 0.5453 (Avg: 0.6504) IoU: 0.4381 (Avg: 0.5133)
Train Epoch: [34][111/138] Loss: 0.3373 (Avg: 0.3079) Dice: 0.6125 (Avg: 0.6500) IoU: 0.4436 (Avg: 0.5127)
Train Epoch: [34][112/138] Loss: 0.2107 (Avg: 0.3071) Dice: 0.7525 (Avg: 0.6509) IoU: 0.6191 (Avg: 0.5137)
Train Epoch: [34][113/138] Loss: 0.2440 (Avg: 0.3065) Dice: 0.7192 (Avg: 0.6515) IoU: 0.5738 (Avg: 0.5142)
Train Epoch: [34][114/138] Loss: 0.2127 (Avg: 0.3057) Dice: 0.7556 (Avg: 0.6524) IoU: 0.6214 (Avg: 0.5151)
Train Epoch: [34][115/138] Loss: 0.1905 (Avg: 0.3047) Dice: 0.7635 (Avg: 0.6534) IoU: 0.6263 (Avg: 0.5161)
Train Epoch: [34][116/138] Loss: 0.2558 (Avg: 0.3043) Dice: 0.6967 (Avg: 0.6538) IoU: 0.5436 (Avg: 0.5163)
Train Epoch: [34][117/138] Loss: 0.5232 (Avg: 0.3061) Dice: 0.4201 (Avg: 0.6518) IoU: 0.2950 (Avg: 0.5144)
Train Epoch: [34][118/138] Loss: 0.2756 (Avg: 0.3059) Dice: 0.6683 (Avg: 0.6519) IoU: 0.5214 (Avg: 0.5145)
Train Epoch: [34][119/138] Loss: 0.2675 (Avg: 0.3055) Dice: 0.6786 (Avg: 0.6522) IoU: 0.5289 (Avg: 0.5146)
Train Epoch: [34][120/138] Loss: 0.2046 (Avg: 0.3047) Dice: 0.7522 (Avg: 0.6530) IoU: 0.6149 (Avg: 0.5155)
Train Epoch: [34][121/138] Loss: 0.4248 (Avg: 0.3057) Dice: 0.5045 (Avg: 0.6518) IoU: 0.4064 (Avg: 0.5146)
Train Epoch: [34][122/138] Loss: 0.3011 (Avg: 0.3057) Dice: 0.7001 (Avg: 0.6522) IoU: 0.5779 (Avg: 0.5151)
Train Epoch: [34][123/138] Loss: 0.2032 (Avg: 0.3048) Dice: 0.7421 (Avg: 0.6529) IoU: 0.5971 (Avg: 0.5157)
Train Epoch: [34][124/138] Loss: 0.2144 (Avg: 0.3041) Dice: 0.7514 (Avg: 0.6537) IoU: 0.6036 (Avg: 0.5164)
Train Epoch: [34][125/138] Loss: 0.4543 (Avg: 0.3053) Dice: 0.3858 (Avg: 0.6515) IoU: 0.2704 (Avg: 0.5145)
Train Epoch: [34][126/138] Loss: 0.3294 (Avg: 0.3055) Dice: 0.6108 (Avg: 0.6512) IoU: 0.4469 (Avg: 0.5139)
Train Epoch: [34][127/138] Loss: 0.2337 (Avg: 0.3049) Dice: 0.7221 (Avg: 0.6518) IoU: 0.5751 (Avg: 0.5144)
Train Epoch: [34][128/138] Loss: 0.2924 (Avg: 0.3048) Dice: 0.6604 (Avg: 0.6518) IoU: 0.5538 (Avg: 0.5147)
Train Epoch: [34][129/138] Loss: 0.2282 (Avg: 0.3042) Dice: 0.7191 (Avg: 0.6524) IoU: 0.5644 (Avg: 0.5151)
Train Epoch: [34][130/138] Loss: 0.4506 (Avg: 0.3054) Dice: 0.5283 (Avg: 0.6514) IoU: 0.4358 (Avg: 0.5145)
Train Epoch: [34][131/138] Loss: 0.2789 (Avg: 0.3052) Dice: 0.6800 (Avg: 0.6516) IoU: 0.5175 (Avg: 0.5145)
Train Epoch: [34][132/138] Loss: 0.2050 (Avg: 0.3044) Dice: 0.7506 (Avg: 0.6524) IoU: 0.6077 (Avg: 0.5152)
Train Epoch: [34][133/138] Loss: 0.1381 (Avg: 0.3031) Dice: 0.8313 (Avg: 0.6537) IoU: 0.7126 (Avg: 0.5167)
Train Epoch: [34][134/138] Loss: 0.3339 (Avg: 0.3034) Dice: 0.6087 (Avg: 0.6534) IoU: 0.4700 (Avg: 0.5164)
Train Epoch: [34][135/138] Loss: 0.1478 (Avg: 0.3022) Dice: 0.8109 (Avg: 0.6546) IoU: 0.6842 (Avg: 0.5176)
Train Epoch: [34][136/138] Loss: 0.2413 (Avg: 0.3018) Dice: 0.7247 (Avg: 0.6551) IoU: 0.5772 (Avg: 0.5181)
Train Epoch: [34][137/138] Loss: 0.4019 (Avg: 0.3025) Dice: 0.5625 (Avg: 0.6544) IoU: 0.4431 (Avg: 0.5175)
Train Epoch: [34][138/138] Loss: 0.3328 (Avg: 0.3009) Dice: 0.6009 (Avg: 0.6507) IoU: 0.4294 (Avg: 0.5145)
Validation Epoch: [34] Avg Loss: 0.3495 Avg Dice: 0.6018 Avg IoU: 0.4673

========= Epoch [35/50] =========
Train Epoch: [35][1/138] Loss: 0.4146 (Avg: 0.4146) Dice: 0.5723 (Avg: 0.5723) IoU: 0.4219 (Avg: 0.4219)
Train Epoch: [35][2/138] Loss: 0.5326 (Avg: 0.4736) Dice: 0.4126 (Avg: 0.4924) IoU: 0.2905 (Avg: 0.3562)
Train Epoch: [35][3/138] Loss: 0.3161 (Avg: 0.4211) Dice: 0.6328 (Avg: 0.5392) IoU: 0.4859 (Avg: 0.3994)
Train Epoch: [35][4/138] Loss: 0.2442 (Avg: 0.3769) Dice: 0.7115 (Avg: 0.5823) IoU: 0.5715 (Avg: 0.4425)
Train Epoch: [35][5/138] Loss: 0.4319 (Avg: 0.3879) Dice: 0.4766 (Avg: 0.5612) IoU: 0.3303 (Avg: 0.4200)
Train Epoch: [35][6/138] Loss: 0.2731 (Avg: 0.3688) Dice: 0.6795 (Avg: 0.5809) IoU: 0.5206 (Avg: 0.4368)
Train Epoch: [35][7/138] Loss: 0.5419 (Avg: 0.3935) Dice: 0.4110 (Avg: 0.5566) IoU: 0.2872 (Avg: 0.4154)
Train Epoch: [35][8/138] Loss: 0.2787 (Avg: 0.3791) Dice: 0.6811 (Avg: 0.5722) IoU: 0.5302 (Avg: 0.4298)
Train Epoch: [35][9/138] Loss: 0.3008 (Avg: 0.3704) Dice: 0.6926 (Avg: 0.5856) IoU: 0.5459 (Avg: 0.4427)
Train Epoch: [35][10/138] Loss: 0.5251 (Avg: 0.3859) Dice: 0.3780 (Avg: 0.5648) IoU: 0.2971 (Avg: 0.4281)
Train Epoch: [35][11/138] Loss: 0.4484 (Avg: 0.3916) Dice: 0.4858 (Avg: 0.5576) IoU: 0.3559 (Avg: 0.4215)
Train Epoch: [35][12/138] Loss: 0.2451 (Avg: 0.3794) Dice: 0.6851 (Avg: 0.5682) IoU: 0.5264 (Avg: 0.4303)
Train Epoch: [35][13/138] Loss: 0.3224 (Avg: 0.3750) Dice: 0.6231 (Avg: 0.5725) IoU: 0.4776 (Avg: 0.4339)
Train Epoch: [35][14/138] Loss: 0.1597 (Avg: 0.3596) Dice: 0.8066 (Avg: 0.5892) IoU: 0.6832 (Avg: 0.4517)
Train Epoch: [35][15/138] Loss: 0.1711 (Avg: 0.3471) Dice: 0.7843 (Avg: 0.6022) IoU: 0.6540 (Avg: 0.4652)
Train Epoch: [35][16/138] Loss: 0.2114 (Avg: 0.3386) Dice: 0.7427 (Avg: 0.6110) IoU: 0.5975 (Avg: 0.4735)
Train Epoch: [35][17/138] Loss: 0.2894 (Avg: 0.3357) Dice: 0.6426 (Avg: 0.6128) IoU: 0.4907 (Avg: 0.4745)
Train Epoch: [35][18/138] Loss: 0.4492 (Avg: 0.3420) Dice: 0.5778 (Avg: 0.6109) IoU: 0.4211 (Avg: 0.4715)
Train Epoch: [35][19/138] Loss: 0.1638 (Avg: 0.3326) Dice: 0.8054 (Avg: 0.6211) IoU: 0.6778 (Avg: 0.4824)
Train Epoch: [35][20/138] Loss: 0.2331 (Avg: 0.3276) Dice: 0.7268 (Avg: 0.6264) IoU: 0.6021 (Avg: 0.4884)
Train Epoch: [35][21/138] Loss: 0.4783 (Avg: 0.3348) Dice: 0.4835 (Avg: 0.6196) IoU: 0.3807 (Avg: 0.4832)
Train Epoch: [35][22/138] Loss: 0.1588 (Avg: 0.3268) Dice: 0.8307 (Avg: 0.6292) IoU: 0.7111 (Avg: 0.4936)
Train Epoch: [35][23/138] Loss: 0.2615 (Avg: 0.3240) Dice: 0.6766 (Avg: 0.6313) IoU: 0.5176 (Avg: 0.4946)
Train Epoch: [35][24/138] Loss: 0.5731 (Avg: 0.3344) Dice: 0.3766 (Avg: 0.6206) IoU: 0.2743 (Avg: 0.4855)
Train Epoch: [35][25/138] Loss: 0.3830 (Avg: 0.3363) Dice: 0.6022 (Avg: 0.6199) IoU: 0.5096 (Avg: 0.4864)
Train Epoch: [35][26/138] Loss: 0.2496 (Avg: 0.3330) Dice: 0.6989 (Avg: 0.6229) IoU: 0.5436 (Avg: 0.4886)
Train Epoch: [35][27/138] Loss: 0.1865 (Avg: 0.3275) Dice: 0.7964 (Avg: 0.6294) IoU: 0.6643 (Avg: 0.4951)
Train Epoch: [35][28/138] Loss: 0.1945 (Avg: 0.3228) Dice: 0.7823 (Avg: 0.6348) IoU: 0.6459 (Avg: 0.5005)
Train Epoch: [35][29/138] Loss: 0.2893 (Avg: 0.3216) Dice: 0.6681 (Avg: 0.6360) IoU: 0.5061 (Avg: 0.5007)
Train Epoch: [35][30/138] Loss: 0.2535 (Avg: 0.3194) Dice: 0.7129 (Avg: 0.6385) IoU: 0.5855 (Avg: 0.5035)
Train Epoch: [35][31/138] Loss: 0.2681 (Avg: 0.3177) Dice: 0.7079 (Avg: 0.6408) IoU: 0.5840 (Avg: 0.5061)
Train Epoch: [35][32/138] Loss: 0.2431 (Avg: 0.3154) Dice: 0.7218 (Avg: 0.6433) IoU: 0.5874 (Avg: 0.5087)
Train Epoch: [35][33/138] Loss: 0.2927 (Avg: 0.3147) Dice: 0.6914 (Avg: 0.6448) IoU: 0.5883 (Avg: 0.5111)
Train Epoch: [35][34/138] Loss: 0.3241 (Avg: 0.3150) Dice: 0.6504 (Avg: 0.6449) IoU: 0.4926 (Avg: 0.5105)
Train Epoch: [35][35/138] Loss: 0.1295 (Avg: 0.3097) Dice: 0.8501 (Avg: 0.6508) IoU: 0.7502 (Avg: 0.5174)
Train Epoch: [35][36/138] Loss: 0.3184 (Avg: 0.3099) Dice: 0.6802 (Avg: 0.6516) IoU: 0.5226 (Avg: 0.5175)
Train Epoch: [35][37/138] Loss: 0.3077 (Avg: 0.3099) Dice: 0.6562 (Avg: 0.6517) IoU: 0.5316 (Avg: 0.5179)
Train Epoch: [35][38/138] Loss: 0.3102 (Avg: 0.3099) Dice: 0.6481 (Avg: 0.6516) IoU: 0.5256 (Avg: 0.5181)
Train Epoch: [35][39/138] Loss: 0.2754 (Avg: 0.3090) Dice: 0.6476 (Avg: 0.6515) IoU: 0.4996 (Avg: 0.5176)
Train Epoch: [35][40/138] Loss: 0.1622 (Avg: 0.3053) Dice: 0.8010 (Avg: 0.6553) IoU: 0.6806 (Avg: 0.5217)
Train Epoch: [35][41/138] Loss: 0.2580 (Avg: 0.3042) Dice: 0.6917 (Avg: 0.6562) IoU: 0.5512 (Avg: 0.5224)
Train Epoch: [35][42/138] Loss: 0.1469 (Avg: 0.3004) Dice: 0.8246 (Avg: 0.6602) IoU: 0.7041 (Avg: 0.5268)
Train Epoch: [35][43/138] Loss: 0.3872 (Avg: 0.3024) Dice: 0.5549 (Avg: 0.6577) IoU: 0.4004 (Avg: 0.5238)
Train Epoch: [35][44/138] Loss: 0.2345 (Avg: 0.3009) Dice: 0.7137 (Avg: 0.6590) IoU: 0.5695 (Avg: 0.5249)
Train Epoch: [35][45/138] Loss: 0.4313 (Avg: 0.3038) Dice: 0.5104 (Avg: 0.6557) IoU: 0.3883 (Avg: 0.5218)
Train Epoch: [35][46/138] Loss: 0.2353 (Avg: 0.3023) Dice: 0.7281 (Avg: 0.6573) IoU: 0.5752 (Avg: 0.5230)
Train Epoch: [35][47/138] Loss: 0.3272 (Avg: 0.3028) Dice: 0.6066 (Avg: 0.6562) IoU: 0.4414 (Avg: 0.5212)
Train Epoch: [35][48/138] Loss: 0.2164 (Avg: 0.3010) Dice: 0.7536 (Avg: 0.6582) IoU: 0.6251 (Avg: 0.5234)
Train Epoch: [35][49/138] Loss: 0.4800 (Avg: 0.3047) Dice: 0.4604 (Avg: 0.6542) IoU: 0.3307 (Avg: 0.5195)
Train Epoch: [35][50/138] Loss: 0.2980 (Avg: 0.3045) Dice: 0.6284 (Avg: 0.6537) IoU: 0.4604 (Avg: 0.5183)
Train Epoch: [35][51/138] Loss: 0.4588 (Avg: 0.3076) Dice: 0.5053 (Avg: 0.6508) IoU: 0.3874 (Avg: 0.5157)
Train Epoch: [35][52/138] Loss: 0.2699 (Avg: 0.3068) Dice: 0.6984 (Avg: 0.6517) IoU: 0.5483 (Avg: 0.5164)
Train Epoch: [35][53/138] Loss: 0.3199 (Avg: 0.3071) Dice: 0.6841 (Avg: 0.6523) IoU: 0.5553 (Avg: 0.5171)
Train Epoch: [35][54/138] Loss: 0.1953 (Avg: 0.3050) Dice: 0.7747 (Avg: 0.6546) IoU: 0.6554 (Avg: 0.5196)
Train Epoch: [35][55/138] Loss: 0.3168 (Avg: 0.3052) Dice: 0.6327 (Avg: 0.6542) IoU: 0.5120 (Avg: 0.5195)
Train Epoch: [35][56/138] Loss: 0.3136 (Avg: 0.3054) Dice: 0.6709 (Avg: 0.6545) IoU: 0.5153 (Avg: 0.5194)
Train Epoch: [35][57/138] Loss: 0.2632 (Avg: 0.3046) Dice: 0.6928 (Avg: 0.6551) IoU: 0.5481 (Avg: 0.5199)
Train Epoch: [35][58/138] Loss: 0.5823 (Avg: 0.3094) Dice: 0.3601 (Avg: 0.6500) IoU: 0.2804 (Avg: 0.5158)
Train Epoch: [35][59/138] Loss: 0.1886 (Avg: 0.3074) Dice: 0.7699 (Avg: 0.6521) IoU: 0.6359 (Avg: 0.5178)
Train Epoch: [35][60/138] Loss: 0.4466 (Avg: 0.3097) Dice: 0.5110 (Avg: 0.6497) IoU: 0.4012 (Avg: 0.5159)
Train Epoch: [35][61/138] Loss: 0.1953 (Avg: 0.3078) Dice: 0.7494 (Avg: 0.6514) IoU: 0.6057 (Avg: 0.5174)
Train Epoch: [35][62/138] Loss: 0.2577 (Avg: 0.3070) Dice: 0.6906 (Avg: 0.6520) IoU: 0.5448 (Avg: 0.5178)
Train Epoch: [35][63/138] Loss: 0.3673 (Avg: 0.3080) Dice: 0.5872 (Avg: 0.6510) IoU: 0.4704 (Avg: 0.5171)
Train Epoch: [35][64/138] Loss: 0.2070 (Avg: 0.3064) Dice: 0.7519 (Avg: 0.6525) IoU: 0.6101 (Avg: 0.5185)
Train Epoch: [35][65/138] Loss: 0.1929 (Avg: 0.3047) Dice: 0.7706 (Avg: 0.6544) IoU: 0.6275 (Avg: 0.5202)
Train Epoch: [35][66/138] Loss: 0.2512 (Avg: 0.3038) Dice: 0.7074 (Avg: 0.6552) IoU: 0.5606 (Avg: 0.5208)
Train Epoch: [35][67/138] Loss: 0.2620 (Avg: 0.3032) Dice: 0.6961 (Avg: 0.6558) IoU: 0.5433 (Avg: 0.5211)
Train Epoch: [35][68/138] Loss: 0.3621 (Avg: 0.3041) Dice: 0.5843 (Avg: 0.6547) IoU: 0.4385 (Avg: 0.5199)
Train Epoch: [35][69/138] Loss: 0.3054 (Avg: 0.3041) Dice: 0.6284 (Avg: 0.6543) IoU: 0.4856 (Avg: 0.5194)
Train Epoch: [35][70/138] Loss: 0.4855 (Avg: 0.3067) Dice: 0.4829 (Avg: 0.6519) IoU: 0.3675 (Avg: 0.5173)
Train Epoch: [35][71/138] Loss: 0.3852 (Avg: 0.3078) Dice: 0.5472 (Avg: 0.6504) IoU: 0.4146 (Avg: 0.5158)
Train Epoch: [35][72/138] Loss: 0.2109 (Avg: 0.3065) Dice: 0.7519 (Avg: 0.6518) IoU: 0.6114 (Avg: 0.5171)
Train Epoch: [35][73/138] Loss: 0.3064 (Avg: 0.3065) Dice: 0.6385 (Avg: 0.6516) IoU: 0.4778 (Avg: 0.5166)
Train Epoch: [35][74/138] Loss: 0.2168 (Avg: 0.3052) Dice: 0.7418 (Avg: 0.6529) IoU: 0.5946 (Avg: 0.5177)
Train Epoch: [35][75/138] Loss: 0.3121 (Avg: 0.3053) Dice: 0.6093 (Avg: 0.6523) IoU: 0.4614 (Avg: 0.5169)
Train Epoch: [35][76/138] Loss: 0.1847 (Avg: 0.3037) Dice: 0.8043 (Avg: 0.6543) IoU: 0.6755 (Avg: 0.5190)
Train Epoch: [35][77/138] Loss: 0.2026 (Avg: 0.3024) Dice: 0.7562 (Avg: 0.6556) IoU: 0.6293 (Avg: 0.5204)
Train Epoch: [35][78/138] Loss: 0.2046 (Avg: 0.3012) Dice: 0.7644 (Avg: 0.6570) IoU: 0.6309 (Avg: 0.5218)
Train Epoch: [35][79/138] Loss: 0.3703 (Avg: 0.3021) Dice: 0.6002 (Avg: 0.6563) IoU: 0.4574 (Avg: 0.5210)
Train Epoch: [35][80/138] Loss: 0.2524 (Avg: 0.3014) Dice: 0.7034 (Avg: 0.6569) IoU: 0.5618 (Avg: 0.5215)
Train Epoch: [35][81/138] Loss: 0.2635 (Avg: 0.3010) Dice: 0.7016 (Avg: 0.6574) IoU: 0.5466 (Avg: 0.5218)
Train Epoch: [35][82/138] Loss: 0.4227 (Avg: 0.3024) Dice: 0.5566 (Avg: 0.6562) IoU: 0.4220 (Avg: 0.5206)
Train Epoch: [35][83/138] Loss: 0.3061 (Avg: 0.3025) Dice: 0.6574 (Avg: 0.6562) IoU: 0.5216 (Avg: 0.5206)
Train Epoch: [35][84/138] Loss: 0.2602 (Avg: 0.3020) Dice: 0.6816 (Avg: 0.6565) IoU: 0.5501 (Avg: 0.5210)
Train Epoch: [35][85/138] Loss: 0.1890 (Avg: 0.3007) Dice: 0.7761 (Avg: 0.6579) IoU: 0.6383 (Avg: 0.5224)
Train Epoch: [35][86/138] Loss: 0.5131 (Avg: 0.3031) Dice: 0.4193 (Avg: 0.6551) IoU: 0.3141 (Avg: 0.5199)
Train Epoch: [35][87/138] Loss: 0.2823 (Avg: 0.3029) Dice: 0.6638 (Avg: 0.6552) IoU: 0.5214 (Avg: 0.5200)
Train Epoch: [35][88/138] Loss: 0.1642 (Avg: 0.3013) Dice: 0.8007 (Avg: 0.6569) IoU: 0.6755 (Avg: 0.5217)
Train Epoch: [35][89/138] Loss: 0.2946 (Avg: 0.3012) Dice: 0.6430 (Avg: 0.6567) IoU: 0.4842 (Avg: 0.5213)
Train Epoch: [35][90/138] Loss: 0.3502 (Avg: 0.3018) Dice: 0.5883 (Avg: 0.6560) IoU: 0.4345 (Avg: 0.5203)
Train Epoch: [35][91/138] Loss: 0.1802 (Avg: 0.3004) Dice: 0.7882 (Avg: 0.6574) IoU: 0.6673 (Avg: 0.5220)
Train Epoch: [35][92/138] Loss: 0.2745 (Avg: 0.3002) Dice: 0.6726 (Avg: 0.6576) IoU: 0.5720 (Avg: 0.5225)
Train Epoch: [35][93/138] Loss: 0.2377 (Avg: 0.2995) Dice: 0.7128 (Avg: 0.6582) IoU: 0.5668 (Avg: 0.5230)
Train Epoch: [35][94/138] Loss: 0.2523 (Avg: 0.2990) Dice: 0.6873 (Avg: 0.6585) IoU: 0.5270 (Avg: 0.5230)
Train Epoch: [35][95/138] Loss: 0.3052 (Avg: 0.2991) Dice: 0.6452 (Avg: 0.6584) IoU: 0.4871 (Avg: 0.5226)
Train Epoch: [35][96/138] Loss: 0.5856 (Avg: 0.3020) Dice: 0.4005 (Avg: 0.6557) IoU: 0.2996 (Avg: 0.5203)
Train Epoch: [35][97/138] Loss: 0.2787 (Avg: 0.3018) Dice: 0.6933 (Avg: 0.6561) IoU: 0.5471 (Avg: 0.5206)
Train Epoch: [35][98/138] Loss: 0.2716 (Avg: 0.3015) Dice: 0.6612 (Avg: 0.6561) IoU: 0.5155 (Avg: 0.5205)
Train Epoch: [35][99/138] Loss: 0.3374 (Avg: 0.3019) Dice: 0.6159 (Avg: 0.6557) IoU: 0.4659 (Avg: 0.5200)
Train Epoch: [35][100/138] Loss: 0.2935 (Avg: 0.3018) Dice: 0.6770 (Avg: 0.6559) IoU: 0.5383 (Avg: 0.5202)
Train Epoch: [35][101/138] Loss: 0.3528 (Avg: 0.3023) Dice: 0.5967 (Avg: 0.6553) IoU: 0.4544 (Avg: 0.5195)
Train Epoch: [35][102/138] Loss: 0.1877 (Avg: 0.3012) Dice: 0.7936 (Avg: 0.6567) IoU: 0.6602 (Avg: 0.5209)
Train Epoch: [35][103/138] Loss: 0.6689 (Avg: 0.3047) Dice: 0.2989 (Avg: 0.6532) IoU: 0.2329 (Avg: 0.5181)
Train Epoch: [35][104/138] Loss: 0.1922 (Avg: 0.3036) Dice: 0.7588 (Avg: 0.6542) IoU: 0.6195 (Avg: 0.5191)
Train Epoch: [35][105/138] Loss: 0.1960 (Avg: 0.3026) Dice: 0.7599 (Avg: 0.6552) IoU: 0.6260 (Avg: 0.5201)
Train Epoch: [35][106/138] Loss: 0.6498 (Avg: 0.3059) Dice: 0.2974 (Avg: 0.6519) IoU: 0.2176 (Avg: 0.5172)
Train Epoch: [35][107/138] Loss: 0.4069 (Avg: 0.3068) Dice: 0.5320 (Avg: 0.6507) IoU: 0.4123 (Avg: 0.5163)
Train Epoch: [35][108/138] Loss: 0.1425 (Avg: 0.3053) Dice: 0.8214 (Avg: 0.6523) IoU: 0.6994 (Avg: 0.5180)
Train Epoch: [35][109/138] Loss: 0.2746 (Avg: 0.3050) Dice: 0.6926 (Avg: 0.6527) IoU: 0.5339 (Avg: 0.5181)
Train Epoch: [35][110/138] Loss: 0.3674 (Avg: 0.3056) Dice: 0.6008 (Avg: 0.6522) IoU: 0.4928 (Avg: 0.5179)
Train Epoch: [35][111/138] Loss: 0.2609 (Avg: 0.3052) Dice: 0.6972 (Avg: 0.6526) IoU: 0.5476 (Avg: 0.5181)
Train Epoch: [35][112/138] Loss: 0.2963 (Avg: 0.3051) Dice: 0.6637 (Avg: 0.6527) IoU: 0.5091 (Avg: 0.5181)
Train Epoch: [35][113/138] Loss: 0.2278 (Avg: 0.3044) Dice: 0.7133 (Avg: 0.6533) IoU: 0.5971 (Avg: 0.5188)
Train Epoch: [35][114/138] Loss: 0.3369 (Avg: 0.3047) Dice: 0.6065 (Avg: 0.6528) IoU: 0.4529 (Avg: 0.5182)
Train Epoch: [35][115/138] Loss: 0.2048 (Avg: 0.3039) Dice: 0.7570 (Avg: 0.6538) IoU: 0.6143 (Avg: 0.5190)
Train Epoch: [35][116/138] Loss: 0.2210 (Avg: 0.3031) Dice: 0.7149 (Avg: 0.6543) IoU: 0.5645 (Avg: 0.5194)
Train Epoch: [35][117/138] Loss: 0.3701 (Avg: 0.3037) Dice: 0.5998 (Avg: 0.6538) IoU: 0.4538 (Avg: 0.5189)
Train Epoch: [35][118/138] Loss: 0.3877 (Avg: 0.3044) Dice: 0.5737 (Avg: 0.6531) IoU: 0.4231 (Avg: 0.5180)
Train Epoch: [35][119/138] Loss: 0.2359 (Avg: 0.3038) Dice: 0.7004 (Avg: 0.6535) IoU: 0.5553 (Avg: 0.5184)
Train Epoch: [35][120/138] Loss: 0.1911 (Avg: 0.3029) Dice: 0.7739 (Avg: 0.6545) IoU: 0.6332 (Avg: 0.5193)
Train Epoch: [35][121/138] Loss: 0.4330 (Avg: 0.3040) Dice: 0.4635 (Avg: 0.6530) IoU: 0.3385 (Avg: 0.5178)
Train Epoch: [35][122/138] Loss: 0.1845 (Avg: 0.3030) Dice: 0.7695 (Avg: 0.6539) IoU: 0.6283 (Avg: 0.5187)
Train Epoch: [35][123/138] Loss: 0.3118 (Avg: 0.3031) Dice: 0.6283 (Avg: 0.6537) IoU: 0.5031 (Avg: 0.5186)
Train Epoch: [35][124/138] Loss: 0.3299 (Avg: 0.3033) Dice: 0.6207 (Avg: 0.6534) IoU: 0.4760 (Avg: 0.5183)
Train Epoch: [35][125/138] Loss: 0.3684 (Avg: 0.3038) Dice: 0.6010 (Avg: 0.6530) IoU: 0.4859 (Avg: 0.5180)
Train Epoch: [35][126/138] Loss: 0.2761 (Avg: 0.3036) Dice: 0.6875 (Avg: 0.6533) IoU: 0.5293 (Avg: 0.5181)
Train Epoch: [35][127/138] Loss: 0.2181 (Avg: 0.3029) Dice: 0.7483 (Avg: 0.6540) IoU: 0.6123 (Avg: 0.5188)
Train Epoch: [35][128/138] Loss: 0.2281 (Avg: 0.3023) Dice: 0.7185 (Avg: 0.6545) IoU: 0.5749 (Avg: 0.5193)
Train Epoch: [35][129/138] Loss: 0.5311 (Avg: 0.3041) Dice: 0.3208 (Avg: 0.6520) IoU: 0.2400 (Avg: 0.5171)
Train Epoch: [35][130/138] Loss: 0.3768 (Avg: 0.3047) Dice: 0.5537 (Avg: 0.6512) IoU: 0.4021 (Avg: 0.5162)
Train Epoch: [35][131/138] Loss: 0.2158 (Avg: 0.3040) Dice: 0.7591 (Avg: 0.6520) IoU: 0.6269 (Avg: 0.5171)
Train Epoch: [35][132/138] Loss: 0.2601 (Avg: 0.3037) Dice: 0.6969 (Avg: 0.6524) IoU: 0.5607 (Avg: 0.5174)
Train Epoch: [35][133/138] Loss: 0.2750 (Avg: 0.3034) Dice: 0.6676 (Avg: 0.6525) IoU: 0.5146 (Avg: 0.5174)
Train Epoch: [35][134/138] Loss: 0.1688 (Avg: 0.3024) Dice: 0.8083 (Avg: 0.6536) IoU: 0.6838 (Avg: 0.5186)
Train Epoch: [35][135/138] Loss: 0.3610 (Avg: 0.3029) Dice: 0.5784 (Avg: 0.6531) IoU: 0.4559 (Avg: 0.5181)
Train Epoch: [35][136/138] Loss: 0.5419 (Avg: 0.3046) Dice: 0.4190 (Avg: 0.6514) IoU: 0.3002 (Avg: 0.5165)
Train Epoch: [35][137/138] Loss: 0.3126 (Avg: 0.3047) Dice: 0.6461 (Avg: 0.6513) IoU: 0.4965 (Avg: 0.5164)
Train Epoch: [35][138/138] Loss: 0.2623 (Avg: 0.3030) Dice: 0.6829 (Avg: 0.6478) IoU: 0.5185 (Avg: 0.5136)
Validation Epoch: [35] Avg Loss: 0.3505 Avg Dice: 0.5973 Avg IoU: 0.4666

========= Epoch [36/50] =========
Train Epoch: [36][1/138] Loss: 0.3005 (Avg: 0.3005) Dice: 0.6602 (Avg: 0.6602) IoU: 0.4977 (Avg: 0.4977)
Train Epoch: [36][2/138] Loss: 0.2492 (Avg: 0.2748) Dice: 0.7076 (Avg: 0.6839) IoU: 0.5606 (Avg: 0.5292)
Train Epoch: [36][3/138] Loss: 0.2444 (Avg: 0.2647) Dice: 0.7524 (Avg: 0.7067) IoU: 0.6155 (Avg: 0.5579)
Train Epoch: [36][4/138] Loss: 0.1845 (Avg: 0.2447) Dice: 0.7779 (Avg: 0.7245) IoU: 0.6459 (Avg: 0.5799)
Train Epoch: [36][5/138] Loss: 0.2309 (Avg: 0.2419) Dice: 0.7328 (Avg: 0.7262) IoU: 0.5845 (Avg: 0.5808)
Train Epoch: [36][6/138] Loss: 0.5035 (Avg: 0.2855) Dice: 0.4440 (Avg: 0.6791) IoU: 0.3249 (Avg: 0.5382)
Train Epoch: [36][7/138] Loss: 0.2320 (Avg: 0.2779) Dice: 0.7180 (Avg: 0.6847) IoU: 0.5705 (Avg: 0.5428)
Train Epoch: [36][8/138] Loss: 0.2550 (Avg: 0.2750) Dice: 0.6938 (Avg: 0.6858) IoU: 0.5391 (Avg: 0.5423)
Train Epoch: [36][9/138] Loss: 0.3741 (Avg: 0.2860) Dice: 0.5662 (Avg: 0.6726) IoU: 0.4021 (Avg: 0.5267)
Train Epoch: [36][10/138] Loss: 0.4324 (Avg: 0.3007) Dice: 0.5315 (Avg: 0.6585) IoU: 0.4248 (Avg: 0.5166)
Train Epoch: [36][11/138] Loss: 0.3546 (Avg: 0.3056) Dice: 0.6013 (Avg: 0.6533) IoU: 0.4556 (Avg: 0.5110)
Train Epoch: [36][12/138] Loss: 0.2483 (Avg: 0.3008) Dice: 0.7285 (Avg: 0.6595) IoU: 0.5858 (Avg: 0.5172)
Train Epoch: [36][13/138] Loss: 0.4038 (Avg: 0.3087) Dice: 0.5419 (Avg: 0.6505) IoU: 0.3831 (Avg: 0.5069)
Train Epoch: [36][14/138] Loss: 0.2096 (Avg: 0.3016) Dice: 0.7400 (Avg: 0.6569) IoU: 0.5901 (Avg: 0.5129)
Train Epoch: [36][15/138] Loss: 0.4339 (Avg: 0.3104) Dice: 0.5338 (Avg: 0.6487) IoU: 0.4262 (Avg: 0.5071)
Train Epoch: [36][16/138] Loss: 0.4013 (Avg: 0.3161) Dice: 0.5413 (Avg: 0.6420) IoU: 0.4165 (Avg: 0.5014)
Train Epoch: [36][17/138] Loss: 0.2474 (Avg: 0.3121) Dice: 0.7133 (Avg: 0.6461) IoU: 0.5649 (Avg: 0.5052)
Train Epoch: [36][18/138] Loss: 0.2736 (Avg: 0.3099) Dice: 0.6810 (Avg: 0.6481) IoU: 0.5204 (Avg: 0.5060)
Train Epoch: [36][19/138] Loss: 0.2094 (Avg: 0.3047) Dice: 0.7509 (Avg: 0.6535) IoU: 0.6343 (Avg: 0.5128)
Train Epoch: [36][20/138] Loss: 0.1767 (Avg: 0.2983) Dice: 0.7728 (Avg: 0.6595) IoU: 0.6388 (Avg: 0.5191)
Train Epoch: [36][21/138] Loss: 0.2774 (Avg: 0.2973) Dice: 0.6681 (Avg: 0.6599) IoU: 0.5043 (Avg: 0.5184)
Train Epoch: [36][22/138] Loss: 0.2841 (Avg: 0.2967) Dice: 0.6815 (Avg: 0.6609) IoU: 0.5523 (Avg: 0.5199)
Train Epoch: [36][23/138] Loss: 0.1830 (Avg: 0.2917) Dice: 0.7869 (Avg: 0.6663) IoU: 0.6525 (Avg: 0.5257)
Train Epoch: [36][24/138] Loss: 0.3439 (Avg: 0.2939) Dice: 0.6126 (Avg: 0.6641) IoU: 0.4680 (Avg: 0.5233)
Train Epoch: [36][25/138] Loss: 0.4110 (Avg: 0.2986) Dice: 0.5290 (Avg: 0.6587) IoU: 0.4003 (Avg: 0.5183)
Train Epoch: [36][26/138] Loss: 0.4619 (Avg: 0.3049) Dice: 0.4439 (Avg: 0.6504) IoU: 0.3394 (Avg: 0.5115)
Train Epoch: [36][27/138] Loss: 0.4960 (Avg: 0.3119) Dice: 0.4350 (Avg: 0.6425) IoU: 0.3284 (Avg: 0.5047)
Train Epoch: [36][28/138] Loss: 0.2896 (Avg: 0.3111) Dice: 0.6403 (Avg: 0.6424) IoU: 0.4838 (Avg: 0.5039)
Train Epoch: [36][29/138] Loss: 0.5729 (Avg: 0.3202) Dice: 0.3843 (Avg: 0.6335) IoU: 0.3103 (Avg: 0.4973)
Train Epoch: [36][30/138] Loss: 0.3374 (Avg: 0.3207) Dice: 0.6322 (Avg: 0.6334) IoU: 0.4940 (Avg: 0.4972)
Train Epoch: [36][31/138] Loss: 0.1667 (Avg: 0.3158) Dice: 0.7867 (Avg: 0.6384) IoU: 0.6582 (Avg: 0.5023)
Train Epoch: [36][32/138] Loss: 0.3063 (Avg: 0.3155) Dice: 0.6477 (Avg: 0.6387) IoU: 0.5095 (Avg: 0.5026)
Train Epoch: [36][33/138] Loss: 0.2900 (Avg: 0.3147) Dice: 0.6804 (Avg: 0.6399) IoU: 0.5189 (Avg: 0.5031)
Train Epoch: [36][34/138] Loss: 0.2750 (Avg: 0.3135) Dice: 0.6882 (Avg: 0.6414) IoU: 0.5511 (Avg: 0.5045)
Train Epoch: [36][35/138] Loss: 0.4653 (Avg: 0.3179) Dice: 0.4874 (Avg: 0.6370) IoU: 0.3751 (Avg: 0.5008)
Train Epoch: [36][36/138] Loss: 0.4871 (Avg: 0.3226) Dice: 0.4515 (Avg: 0.6318) IoU: 0.3369 (Avg: 0.4962)
Train Epoch: [36][37/138] Loss: 0.1853 (Avg: 0.3189) Dice: 0.7917 (Avg: 0.6361) IoU: 0.6644 (Avg: 0.5008)
Train Epoch: [36][38/138] Loss: 0.2675 (Avg: 0.3175) Dice: 0.7047 (Avg: 0.6379) IoU: 0.5880 (Avg: 0.5031)
Train Epoch: [36][39/138] Loss: 0.1760 (Avg: 0.3139) Dice: 0.7929 (Avg: 0.6419) IoU: 0.6720 (Avg: 0.5074)
Train Epoch: [36][40/138] Loss: 0.4308 (Avg: 0.3168) Dice: 0.5308 (Avg: 0.6391) IoU: 0.4156 (Avg: 0.5051)
Train Epoch: [36][41/138] Loss: 0.2433 (Avg: 0.3150) Dice: 0.7282 (Avg: 0.6413) IoU: 0.5954 (Avg: 0.5073)
Train Epoch: [36][42/138] Loss: 0.2414 (Avg: 0.3133) Dice: 0.7132 (Avg: 0.6430) IoU: 0.5658 (Avg: 0.5087)
Train Epoch: [36][43/138] Loss: 0.2013 (Avg: 0.3107) Dice: 0.8091 (Avg: 0.6469) IoU: 0.6854 (Avg: 0.5128)
Train Epoch: [36][44/138] Loss: 0.1932 (Avg: 0.3080) Dice: 0.7696 (Avg: 0.6497) IoU: 0.6286 (Avg: 0.5154)
Train Epoch: [36][45/138] Loss: 0.1554 (Avg: 0.3046) Dice: 0.8072 (Avg: 0.6532) IoU: 0.6939 (Avg: 0.5194)
Train Epoch: [36][46/138] Loss: 0.1018 (Avg: 0.3002) Dice: 0.8758 (Avg: 0.6580) IoU: 0.7806 (Avg: 0.5251)
Train Epoch: [36][47/138] Loss: 0.4518 (Avg: 0.3034) Dice: 0.5082 (Avg: 0.6548) IoU: 0.3594 (Avg: 0.5216)
Train Epoch: [36][48/138] Loss: 0.2451 (Avg: 0.3022) Dice: 0.7056 (Avg: 0.6559) IoU: 0.5567 (Avg: 0.5223)
Train Epoch: [36][49/138] Loss: 0.1889 (Avg: 0.2999) Dice: 0.7708 (Avg: 0.6582) IoU: 0.6271 (Avg: 0.5244)
Train Epoch: [36][50/138] Loss: 0.3083 (Avg: 0.3001) Dice: 0.6330 (Avg: 0.6577) IoU: 0.4703 (Avg: 0.5233)
Train Epoch: [36][51/138] Loss: 0.1701 (Avg: 0.2975) Dice: 0.7952 (Avg: 0.6604) IoU: 0.6630 (Avg: 0.5261)
Train Epoch: [36][52/138] Loss: 0.2153 (Avg: 0.2959) Dice: 0.7429 (Avg: 0.6620) IoU: 0.6063 (Avg: 0.5276)
Train Epoch: [36][53/138] Loss: 0.5367 (Avg: 0.3005) Dice: 0.3636 (Avg: 0.6564) IoU: 0.2446 (Avg: 0.5223)
Train Epoch: [36][54/138] Loss: 0.2058 (Avg: 0.2987) Dice: 0.7596 (Avg: 0.6583) IoU: 0.6183 (Avg: 0.5241)
Train Epoch: [36][55/138] Loss: 0.3577 (Avg: 0.2998) Dice: 0.5837 (Avg: 0.6569) IoU: 0.4413 (Avg: 0.5226)
Train Epoch: [36][56/138] Loss: 0.3360 (Avg: 0.3004) Dice: 0.6152 (Avg: 0.6562) IoU: 0.4567 (Avg: 0.5214)
Train Epoch: [36][57/138] Loss: 0.3202 (Avg: 0.3008) Dice: 0.6530 (Avg: 0.6561) IoU: 0.5276 (Avg: 0.5215)
Train Epoch: [36][58/138] Loss: 0.3307 (Avg: 0.3013) Dice: 0.6049 (Avg: 0.6552) IoU: 0.4470 (Avg: 0.5202)
Train Epoch: [36][59/138] Loss: 0.2568 (Avg: 0.3005) Dice: 0.7022 (Avg: 0.6560) IoU: 0.5536 (Avg: 0.5208)
Train Epoch: [36][60/138] Loss: 0.3359 (Avg: 0.3011) Dice: 0.6100 (Avg: 0.6553) IoU: 0.4554 (Avg: 0.5197)
Train Epoch: [36][61/138] Loss: 0.1707 (Avg: 0.2990) Dice: 0.8107 (Avg: 0.6578) IoU: 0.6945 (Avg: 0.5226)
Train Epoch: [36][62/138] Loss: 0.2342 (Avg: 0.2979) Dice: 0.7386 (Avg: 0.6591) IoU: 0.6337 (Avg: 0.5243)
Train Epoch: [36][63/138] Loss: 0.5994 (Avg: 0.3027) Dice: 0.3402 (Avg: 0.6541) IoU: 0.2410 (Avg: 0.5198)
Train Epoch: [36][64/138] Loss: 0.3394 (Avg: 0.3033) Dice: 0.6258 (Avg: 0.6536) IoU: 0.4798 (Avg: 0.5192)
Train Epoch: [36][65/138] Loss: 0.4211 (Avg: 0.3051) Dice: 0.5570 (Avg: 0.6521) IoU: 0.4421 (Avg: 0.5180)
Train Epoch: [36][66/138] Loss: 0.2911 (Avg: 0.3049) Dice: 0.6664 (Avg: 0.6523) IoU: 0.5219 (Avg: 0.5181)
Train Epoch: [36][67/138] Loss: 0.6062 (Avg: 0.3094) Dice: 0.3510 (Avg: 0.6478) IoU: 0.2629 (Avg: 0.5143)
Train Epoch: [36][68/138] Loss: 0.2111 (Avg: 0.3080) Dice: 0.7523 (Avg: 0.6494) IoU: 0.6132 (Avg: 0.5157)
Train Epoch: [36][69/138] Loss: 0.1563 (Avg: 0.3058) Dice: 0.8067 (Avg: 0.6517) IoU: 0.6845 (Avg: 0.5182)
Train Epoch: [36][70/138] Loss: 0.3615 (Avg: 0.3066) Dice: 0.5776 (Avg: 0.6506) IoU: 0.4279 (Avg: 0.5169)
Train Epoch: [36][71/138] Loss: 0.2323 (Avg: 0.3055) Dice: 0.7451 (Avg: 0.6519) IoU: 0.6158 (Avg: 0.5183)
Train Epoch: [36][72/138] Loss: 0.1401 (Avg: 0.3032) Dice: 0.8239 (Avg: 0.6543) IoU: 0.7018 (Avg: 0.5208)
Train Epoch: [36][73/138] Loss: 0.2971 (Avg: 0.3031) Dice: 0.6345 (Avg: 0.6541) IoU: 0.4848 (Avg: 0.5203)
Train Epoch: [36][74/138] Loss: 0.3109 (Avg: 0.3032) Dice: 0.6397 (Avg: 0.6539) IoU: 0.4815 (Avg: 0.5198)
Train Epoch: [36][75/138] Loss: 0.2379 (Avg: 0.3024) Dice: 0.7179 (Avg: 0.6547) IoU: 0.5816 (Avg: 0.5206)
Train Epoch: [36][76/138] Loss: 0.2397 (Avg: 0.3015) Dice: 0.7068 (Avg: 0.6554) IoU: 0.5972 (Avg: 0.5216)
Train Epoch: [36][77/138] Loss: 0.4697 (Avg: 0.3037) Dice: 0.4171 (Avg: 0.6523) IoU: 0.2998 (Avg: 0.5188)
Train Epoch: [36][78/138] Loss: 0.2265 (Avg: 0.3027) Dice: 0.7301 (Avg: 0.6533) IoU: 0.5885 (Avg: 0.5197)
Train Epoch: [36][79/138] Loss: 0.2978 (Avg: 0.3027) Dice: 0.6691 (Avg: 0.6535) IoU: 0.5161 (Avg: 0.5196)
Train Epoch: [36][80/138] Loss: 0.3602 (Avg: 0.3034) Dice: 0.5716 (Avg: 0.6525) IoU: 0.4129 (Avg: 0.5183)
Train Epoch: [36][81/138] Loss: 0.4956 (Avg: 0.3058) Dice: 0.4663 (Avg: 0.6502) IoU: 0.3545 (Avg: 0.5163)
Train Epoch: [36][82/138] Loss: 0.2400 (Avg: 0.3050) Dice: 0.7353 (Avg: 0.6512) IoU: 0.5953 (Avg: 0.5172)
Train Epoch: [36][83/138] Loss: 0.2277 (Avg: 0.3040) Dice: 0.7257 (Avg: 0.6521) IoU: 0.5760 (Avg: 0.5179)
Train Epoch: [36][84/138] Loss: 0.1529 (Avg: 0.3022) Dice: 0.8524 (Avg: 0.6545) IoU: 0.7485 (Avg: 0.5207)
Train Epoch: [36][85/138] Loss: 0.2625 (Avg: 0.3018) Dice: 0.6967 (Avg: 0.6550) IoU: 0.5473 (Avg: 0.5210)
Train Epoch: [36][86/138] Loss: 0.4967 (Avg: 0.3040) Dice: 0.4566 (Avg: 0.6527) IoU: 0.3157 (Avg: 0.5186)
Train Epoch: [36][87/138] Loss: 0.4613 (Avg: 0.3058) Dice: 0.4733 (Avg: 0.6506) IoU: 0.3868 (Avg: 0.5171)
Train Epoch: [36][88/138] Loss: 0.2182 (Avg: 0.3048) Dice: 0.7324 (Avg: 0.6516) IoU: 0.5913 (Avg: 0.5179)
Train Epoch: [36][89/138] Loss: 0.2660 (Avg: 0.3044) Dice: 0.6769 (Avg: 0.6518) IoU: 0.5219 (Avg: 0.5180)
Train Epoch: [36][90/138] Loss: 0.2230 (Avg: 0.3035) Dice: 0.7561 (Avg: 0.6530) IoU: 0.6220 (Avg: 0.5191)
Train Epoch: [36][91/138] Loss: 0.3336 (Avg: 0.3038) Dice: 0.6395 (Avg: 0.6528) IoU: 0.4859 (Avg: 0.5188)
Train Epoch: [36][92/138] Loss: 0.2369 (Avg: 0.3031) Dice: 0.7402 (Avg: 0.6538) IoU: 0.6028 (Avg: 0.5197)
Train Epoch: [36][93/138] Loss: 0.2216 (Avg: 0.3022) Dice: 0.7425 (Avg: 0.6548) IoU: 0.5928 (Avg: 0.5205)
Train Epoch: [36][94/138] Loss: 0.2546 (Avg: 0.3017) Dice: 0.7098 (Avg: 0.6553) IoU: 0.5528 (Avg: 0.5208)
Train Epoch: [36][95/138] Loss: 0.4540 (Avg: 0.3033) Dice: 0.5241 (Avg: 0.6540) IoU: 0.3930 (Avg: 0.5195)
Train Epoch: [36][96/138] Loss: 0.4335 (Avg: 0.3047) Dice: 0.5549 (Avg: 0.6529) IoU: 0.4489 (Avg: 0.5187)
Train Epoch: [36][97/138] Loss: 0.4251 (Avg: 0.3059) Dice: 0.5439 (Avg: 0.6518) IoU: 0.4302 (Avg: 0.5178)
Train Epoch: [36][98/138] Loss: 0.2721 (Avg: 0.3056) Dice: 0.6808 (Avg: 0.6521) IoU: 0.5298 (Avg: 0.5179)
Train Epoch: [36][99/138] Loss: 0.2542 (Avg: 0.3051) Dice: 0.6979 (Avg: 0.6526) IoU: 0.5517 (Avg: 0.5183)
Train Epoch: [36][100/138] Loss: 0.3259 (Avg: 0.3053) Dice: 0.6187 (Avg: 0.6522) IoU: 0.4582 (Avg: 0.5177)
Train Epoch: [36][101/138] Loss: 0.2774 (Avg: 0.3050) Dice: 0.6638 (Avg: 0.6523) IoU: 0.5161 (Avg: 0.5177)
Train Epoch: [36][102/138] Loss: 0.2297 (Avg: 0.3043) Dice: 0.7338 (Avg: 0.6531) IoU: 0.5949 (Avg: 0.5184)
Train Epoch: [36][103/138] Loss: 0.1113 (Avg: 0.3024) Dice: 0.8664 (Avg: 0.6552) IoU: 0.7677 (Avg: 0.5208)
Train Epoch: [36][104/138] Loss: 0.3232 (Avg: 0.3026) Dice: 0.6145 (Avg: 0.6548) IoU: 0.4637 (Avg: 0.5203)
Train Epoch: [36][105/138] Loss: 0.2729 (Avg: 0.3023) Dice: 0.6705 (Avg: 0.6550) IoU: 0.5198 (Avg: 0.5203)
Train Epoch: [36][106/138] Loss: 0.3967 (Avg: 0.3032) Dice: 0.5377 (Avg: 0.6539) IoU: 0.3984 (Avg: 0.5191)
Train Epoch: [36][107/138] Loss: 0.2630 (Avg: 0.3028) Dice: 0.7035 (Avg: 0.6543) IoU: 0.5654 (Avg: 0.5196)
Train Epoch: [36][108/138] Loss: 0.4205 (Avg: 0.3039) Dice: 0.5230 (Avg: 0.6531) IoU: 0.4072 (Avg: 0.5185)
Train Epoch: [36][109/138] Loss: 0.2224 (Avg: 0.3032) Dice: 0.7349 (Avg: 0.6539) IoU: 0.5945 (Avg: 0.5192)
Train Epoch: [36][110/138] Loss: 0.2096 (Avg: 0.3023) Dice: 0.7508 (Avg: 0.6547) IoU: 0.6149 (Avg: 0.5201)
Train Epoch: [36][111/138] Loss: 0.2206 (Avg: 0.3016) Dice: 0.7366 (Avg: 0.6555) IoU: 0.5972 (Avg: 0.5208)
Train Epoch: [36][112/138] Loss: 0.3259 (Avg: 0.3018) Dice: 0.6311 (Avg: 0.6553) IoU: 0.4823 (Avg: 0.5204)
Train Epoch: [36][113/138] Loss: 0.4999 (Avg: 0.3035) Dice: 0.4706 (Avg: 0.6536) IoU: 0.3604 (Avg: 0.5190)
Train Epoch: [36][114/138] Loss: 0.2472 (Avg: 0.3030) Dice: 0.6819 (Avg: 0.6539) IoU: 0.5298 (Avg: 0.5191)
Train Epoch: [36][115/138] Loss: 0.4177 (Avg: 0.3040) Dice: 0.5505 (Avg: 0.6530) IoU: 0.4470 (Avg: 0.5185)
Train Epoch: [36][116/138] Loss: 0.2319 (Avg: 0.3034) Dice: 0.7642 (Avg: 0.6539) IoU: 0.6331 (Avg: 0.5195)
Train Epoch: [36][117/138] Loss: 0.3043 (Avg: 0.3034) Dice: 0.6379 (Avg: 0.6538) IoU: 0.4742 (Avg: 0.5191)
Train Epoch: [36][118/138] Loss: 0.1790 (Avg: 0.3024) Dice: 0.7834 (Avg: 0.6549) IoU: 0.6632 (Avg: 0.5203)
Train Epoch: [36][119/138] Loss: 0.2544 (Avg: 0.3020) Dice: 0.6996 (Avg: 0.6553) IoU: 0.5524 (Avg: 0.5206)
Train Epoch: [36][120/138] Loss: 0.2358 (Avg: 0.3014) Dice: 0.6884 (Avg: 0.6555) IoU: 0.5945 (Avg: 0.5212)
Train Epoch: [36][121/138] Loss: 0.2983 (Avg: 0.3014) Dice: 0.6475 (Avg: 0.6555) IoU: 0.4798 (Avg: 0.5209)
Train Epoch: [36][122/138] Loss: 0.2511 (Avg: 0.3010) Dice: 0.7018 (Avg: 0.6559) IoU: 0.5533 (Avg: 0.5211)
Train Epoch: [36][123/138] Loss: 0.4891 (Avg: 0.3025) Dice: 0.4115 (Avg: 0.6539) IoU: 0.3499 (Avg: 0.5197)
Train Epoch: [36][124/138] Loss: 0.1839 (Avg: 0.3016) Dice: 0.7746 (Avg: 0.6548) IoU: 0.6385 (Avg: 0.5207)
Train Epoch: [36][125/138] Loss: 0.3425 (Avg: 0.3019) Dice: 0.6158 (Avg: 0.6545) IoU: 0.4989 (Avg: 0.5205)
Train Epoch: [36][126/138] Loss: 0.2328 (Avg: 0.3013) Dice: 0.7184 (Avg: 0.6550) IoU: 0.5771 (Avg: 0.5210)
Train Epoch: [36][127/138] Loss: 0.2582 (Avg: 0.3010) Dice: 0.6961 (Avg: 0.6554) IoU: 0.5452 (Avg: 0.5212)
Train Epoch: [36][128/138] Loss: 0.3309 (Avg: 0.3012) Dice: 0.6264 (Avg: 0.6551) IoU: 0.4710 (Avg: 0.5208)
Train Epoch: [36][129/138] Loss: 0.3929 (Avg: 0.3019) Dice: 0.5308 (Avg: 0.6542) IoU: 0.3865 (Avg: 0.5197)
Train Epoch: [36][130/138] Loss: 0.3354 (Avg: 0.3022) Dice: 0.6156 (Avg: 0.6539) IoU: 0.4552 (Avg: 0.5192)
Train Epoch: [36][131/138] Loss: 0.4492 (Avg: 0.3033) Dice: 0.4861 (Avg: 0.6526) IoU: 0.3570 (Avg: 0.5180)
Train Epoch: [36][132/138] Loss: 0.2726 (Avg: 0.3031) Dice: 0.7021 (Avg: 0.6530) IoU: 0.5873 (Avg: 0.5185)
Train Epoch: [36][133/138] Loss: 0.2541 (Avg: 0.3027) Dice: 0.7267 (Avg: 0.6535) IoU: 0.5871 (Avg: 0.5190)
Train Epoch: [36][134/138] Loss: 0.3336 (Avg: 0.3029) Dice: 0.6125 (Avg: 0.6532) IoU: 0.4683 (Avg: 0.5187)
Train Epoch: [36][135/138] Loss: 0.2233 (Avg: 0.3024) Dice: 0.7366 (Avg: 0.6538) IoU: 0.6077 (Avg: 0.5193)
Train Epoch: [36][136/138] Loss: 0.2917 (Avg: 0.3023) Dice: 0.6580 (Avg: 0.6539) IoU: 0.5395 (Avg: 0.5195)
Train Epoch: [36][137/138] Loss: 0.1970 (Avg: 0.3015) Dice: 0.7660 (Avg: 0.6547) IoU: 0.6280 (Avg: 0.5203)
Train Epoch: [36][138/138] Loss: 0.8261 (Avg: 0.3008) Dice: 0.1190 (Avg: 0.6502) IoU: 0.0633 (Avg: 0.5166)
Validation Epoch: [36] Avg Loss: 0.3652 Avg Dice: 0.5845 Avg IoU: 0.4528

========= Epoch [37/50] =========
Train Epoch: [37][1/138] Loss: 0.2952 (Avg: 0.2952) Dice: 0.6520 (Avg: 0.6520) IoU: 0.4877 (Avg: 0.4877)
Train Epoch: [37][2/138] Loss: 0.3270 (Avg: 0.3111) Dice: 0.6209 (Avg: 0.6364) IoU: 0.4823 (Avg: 0.4850)
Train Epoch: [37][3/138] Loss: 0.2342 (Avg: 0.2855) Dice: 0.7161 (Avg: 0.6630) IoU: 0.5630 (Avg: 0.5110)
Train Epoch: [37][4/138] Loss: 0.3739 (Avg: 0.3076) Dice: 0.5606 (Avg: 0.6374) IoU: 0.4546 (Avg: 0.4969)
Train Epoch: [37][5/138] Loss: 0.2619 (Avg: 0.2984) Dice: 0.6956 (Avg: 0.6490) IoU: 0.5469 (Avg: 0.5069)
Train Epoch: [37][6/138] Loss: 0.4873 (Avg: 0.3299) Dice: 0.4946 (Avg: 0.6233) IoU: 0.3876 (Avg: 0.4870)
Train Epoch: [37][7/138] Loss: 0.4009 (Avg: 0.3401) Dice: 0.5376 (Avg: 0.6110) IoU: 0.3912 (Avg: 0.4733)
Train Epoch: [37][8/138] Loss: 0.4072 (Avg: 0.3484) Dice: 0.5502 (Avg: 0.6034) IoU: 0.4672 (Avg: 0.4726)
Train Epoch: [37][9/138] Loss: 0.1965 (Avg: 0.3316) Dice: 0.7655 (Avg: 0.6214) IoU: 0.6286 (Avg: 0.4899)
Train Epoch: [37][10/138] Loss: 0.3211 (Avg: 0.3305) Dice: 0.6393 (Avg: 0.6232) IoU: 0.4809 (Avg: 0.4890)
Train Epoch: [37][11/138] Loss: 0.3268 (Avg: 0.3302) Dice: 0.6058 (Avg: 0.6216) IoU: 0.4601 (Avg: 0.4864)
Train Epoch: [37][12/138] Loss: 0.2697 (Avg: 0.3251) Dice: 0.6918 (Avg: 0.6275) IoU: 0.5756 (Avg: 0.4938)
Train Epoch: [37][13/138] Loss: 0.3169 (Avg: 0.3245) Dice: 0.6245 (Avg: 0.6273) IoU: 0.4781 (Avg: 0.4926)
Train Epoch: [37][14/138] Loss: 0.3535 (Avg: 0.3266) Dice: 0.6205 (Avg: 0.6268) IoU: 0.4701 (Avg: 0.4910)
Train Epoch: [37][15/138] Loss: 0.3574 (Avg: 0.3286) Dice: 0.6096 (Avg: 0.6256) IoU: 0.4671 (Avg: 0.4894)
Train Epoch: [37][16/138] Loss: 0.4085 (Avg: 0.3336) Dice: 0.5437 (Avg: 0.6205) IoU: 0.3806 (Avg: 0.4826)
Train Epoch: [37][17/138] Loss: 0.5543 (Avg: 0.3466) Dice: 0.4446 (Avg: 0.6102) IoU: 0.2869 (Avg: 0.4711)
Train Epoch: [37][18/138] Loss: 0.2699 (Avg: 0.3423) Dice: 0.6975 (Avg: 0.6150) IoU: 0.5429 (Avg: 0.4751)
Train Epoch: [37][19/138] Loss: 0.3409 (Avg: 0.3423) Dice: 0.6200 (Avg: 0.6153) IoU: 0.4665 (Avg: 0.4746)
Train Epoch: [37][20/138] Loss: 0.2583 (Avg: 0.3381) Dice: 0.6911 (Avg: 0.6191) IoU: 0.5532 (Avg: 0.4786)
Train Epoch: [37][21/138] Loss: 0.1886 (Avg: 0.3310) Dice: 0.7586 (Avg: 0.6257) IoU: 0.6151 (Avg: 0.4851)
Train Epoch: [37][22/138] Loss: 0.4785 (Avg: 0.3377) Dice: 0.4480 (Avg: 0.6176) IoU: 0.3178 (Avg: 0.4775)
Train Epoch: [37][23/138] Loss: 0.3150 (Avg: 0.3367) Dice: 0.6428 (Avg: 0.6187) IoU: 0.5034 (Avg: 0.4786)
Train Epoch: [37][24/138] Loss: 0.3866 (Avg: 0.3388) Dice: 0.5572 (Avg: 0.6162) IoU: 0.3945 (Avg: 0.4751)
Train Epoch: [37][25/138] Loss: 0.3084 (Avg: 0.3375) Dice: 0.6477 (Avg: 0.6174) IoU: 0.4864 (Avg: 0.4755)
Train Epoch: [37][26/138] Loss: 0.4518 (Avg: 0.3419) Dice: 0.4974 (Avg: 0.6128) IoU: 0.3451 (Avg: 0.4705)
Train Epoch: [37][27/138] Loss: 0.2743 (Avg: 0.3394) Dice: 0.6652 (Avg: 0.6147) IoU: 0.5086 (Avg: 0.4719)
Train Epoch: [37][28/138] Loss: 0.3263 (Avg: 0.3390) Dice: 0.6232 (Avg: 0.6151) IoU: 0.4539 (Avg: 0.4713)
Train Epoch: [37][29/138] Loss: 0.3547 (Avg: 0.3395) Dice: 0.5988 (Avg: 0.6145) IoU: 0.4550 (Avg: 0.4707)
Train Epoch: [37][30/138] Loss: 0.1562 (Avg: 0.3334) Dice: 0.8142 (Avg: 0.6211) IoU: 0.6936 (Avg: 0.4782)
Train Epoch: [37][31/138] Loss: 0.2365 (Avg: 0.3303) Dice: 0.7649 (Avg: 0.6258) IoU: 0.6246 (Avg: 0.4829)
Train Epoch: [37][32/138] Loss: 0.4924 (Avg: 0.3353) Dice: 0.4227 (Avg: 0.6194) IoU: 0.3370 (Avg: 0.4783)
Train Epoch: [37][33/138] Loss: 0.2781 (Avg: 0.3336) Dice: 0.6722 (Avg: 0.6210) IoU: 0.5445 (Avg: 0.4803)
Train Epoch: [37][34/138] Loss: 0.3049 (Avg: 0.3328) Dice: 0.6436 (Avg: 0.6217) IoU: 0.4898 (Avg: 0.4806)
Train Epoch: [37][35/138] Loss: 0.3978 (Avg: 0.3346) Dice: 0.5565 (Avg: 0.6198) IoU: 0.4097 (Avg: 0.4786)
Train Epoch: [37][36/138] Loss: 0.2076 (Avg: 0.3311) Dice: 0.7441 (Avg: 0.6233) IoU: 0.5988 (Avg: 0.4819)
Train Epoch: [37][37/138] Loss: 0.5070 (Avg: 0.3358) Dice: 0.4366 (Avg: 0.6182) IoU: 0.3290 (Avg: 0.4778)
Train Epoch: [37][38/138] Loss: 0.5523 (Avg: 0.3415) Dice: 0.4120 (Avg: 0.6128) IoU: 0.2816 (Avg: 0.4726)
Train Epoch: [37][39/138] Loss: 0.1815 (Avg: 0.3374) Dice: 0.7935 (Avg: 0.6175) IoU: 0.6595 (Avg: 0.4774)
Train Epoch: [37][40/138] Loss: 0.6356 (Avg: 0.3449) Dice: 0.3068 (Avg: 0.6097) IoU: 0.1839 (Avg: 0.4701)
Train Epoch: [37][41/138] Loss: 0.4715 (Avg: 0.3480) Dice: 0.4921 (Avg: 0.6068) IoU: 0.3536 (Avg: 0.4672)
Train Epoch: [37][42/138] Loss: 0.3996 (Avg: 0.3492) Dice: 0.5570 (Avg: 0.6056) IoU: 0.3870 (Avg: 0.4653)
Train Epoch: [37][43/138] Loss: 0.1203 (Avg: 0.3439) Dice: 0.8468 (Avg: 0.6112) IoU: 0.7374 (Avg: 0.4717)
Train Epoch: [37][44/138] Loss: 0.2491 (Avg: 0.3417) Dice: 0.7051 (Avg: 0.6134) IoU: 0.5588 (Avg: 0.4736)
Train Epoch: [37][45/138] Loss: 0.3870 (Avg: 0.3427) Dice: 0.5722 (Avg: 0.6125) IoU: 0.4073 (Avg: 0.4722)
Train Epoch: [37][46/138] Loss: 0.3225 (Avg: 0.3423) Dice: 0.6180 (Avg: 0.6126) IoU: 0.4723 (Avg: 0.4722)
Train Epoch: [37][47/138] Loss: 0.3844 (Avg: 0.3432) Dice: 0.5572 (Avg: 0.6114) IoU: 0.3940 (Avg: 0.4705)
Train Epoch: [37][48/138] Loss: 0.1890 (Avg: 0.3400) Dice: 0.7578 (Avg: 0.6144) IoU: 0.6202 (Avg: 0.4736)
Train Epoch: [37][49/138] Loss: 0.3896 (Avg: 0.3410) Dice: 0.5519 (Avg: 0.6132) IoU: 0.4089 (Avg: 0.4723)
Train Epoch: [37][50/138] Loss: 0.3443 (Avg: 0.3411) Dice: 0.5927 (Avg: 0.6128) IoU: 0.4256 (Avg: 0.4714)
Train Epoch: [37][51/138] Loss: 0.2621 (Avg: 0.3395) Dice: 0.7018 (Avg: 0.6145) IoU: 0.5674 (Avg: 0.4732)
Train Epoch: [37][52/138] Loss: 0.1666 (Avg: 0.3362) Dice: 0.8305 (Avg: 0.6187) IoU: 0.7132 (Avg: 0.4779)
Train Epoch: [37][53/138] Loss: 0.4616 (Avg: 0.3385) Dice: 0.4208 (Avg: 0.6149) IoU: 0.2870 (Avg: 0.4743)
Train Epoch: [37][54/138] Loss: 0.2693 (Avg: 0.3373) Dice: 0.6393 (Avg: 0.6154) IoU: 0.4718 (Avg: 0.4742)
Train Epoch: [37][55/138] Loss: 0.4737 (Avg: 0.3397) Dice: 0.4438 (Avg: 0.6123) IoU: 0.3169 (Avg: 0.4714)
Train Epoch: [37][56/138] Loss: 0.2516 (Avg: 0.3382) Dice: 0.7066 (Avg: 0.6139) IoU: 0.5625 (Avg: 0.4730)
Train Epoch: [37][57/138] Loss: 0.2399 (Avg: 0.3364) Dice: 0.7117 (Avg: 0.6157) IoU: 0.5628 (Avg: 0.4746)
Train Epoch: [37][58/138] Loss: 0.3301 (Avg: 0.3363) Dice: 0.6449 (Avg: 0.6162) IoU: 0.5264 (Avg: 0.4755)
Train Epoch: [37][59/138] Loss: 0.3103 (Avg: 0.3359) Dice: 0.6458 (Avg: 0.6167) IoU: 0.5259 (Avg: 0.4763)
Train Epoch: [37][60/138] Loss: 0.2347 (Avg: 0.3342) Dice: 0.7209 (Avg: 0.6184) IoU: 0.5710 (Avg: 0.4779)
Train Epoch: [37][61/138] Loss: 0.3266 (Avg: 0.3341) Dice: 0.6379 (Avg: 0.6187) IoU: 0.5053 (Avg: 0.4783)
Train Epoch: [37][62/138] Loss: 0.2776 (Avg: 0.3332) Dice: 0.6765 (Avg: 0.6197) IoU: 0.5189 (Avg: 0.4790)
Train Epoch: [37][63/138] Loss: 0.4475 (Avg: 0.3350) Dice: 0.5135 (Avg: 0.6180) IoU: 0.3988 (Avg: 0.4777)
Train Epoch: [37][64/138] Loss: 0.3739 (Avg: 0.3356) Dice: 0.5847 (Avg: 0.6174) IoU: 0.4545 (Avg: 0.4774)
Train Epoch: [37][65/138] Loss: 0.2739 (Avg: 0.3346) Dice: 0.6733 (Avg: 0.6183) IoU: 0.5217 (Avg: 0.4780)
Train Epoch: [37][66/138] Loss: 0.4985 (Avg: 0.3371) Dice: 0.4466 (Avg: 0.6157) IoU: 0.3191 (Avg: 0.4756)
Train Epoch: [37][67/138] Loss: 0.3604 (Avg: 0.3375) Dice: 0.5904 (Avg: 0.6153) IoU: 0.4362 (Avg: 0.4750)
Train Epoch: [37][68/138] Loss: 0.5433 (Avg: 0.3405) Dice: 0.3961 (Avg: 0.6121) IoU: 0.2612 (Avg: 0.4719)
Train Epoch: [37][69/138] Loss: 0.2705 (Avg: 0.3395) Dice: 0.6978 (Avg: 0.6133) IoU: 0.5486 (Avg: 0.4730)
Train Epoch: [37][70/138] Loss: 0.2766 (Avg: 0.3386) Dice: 0.7003 (Avg: 0.6146) IoU: 0.5423 (Avg: 0.4740)
Train Epoch: [37][71/138] Loss: 0.2437 (Avg: 0.3373) Dice: 0.6937 (Avg: 0.6157) IoU: 0.5531 (Avg: 0.4751)
Train Epoch: [37][72/138] Loss: 0.2555 (Avg: 0.3361) Dice: 0.7018 (Avg: 0.6169) IoU: 0.5576 (Avg: 0.4763)
Train Epoch: [37][73/138] Loss: 0.2111 (Avg: 0.3344) Dice: 0.7404 (Avg: 0.6186) IoU: 0.5972 (Avg: 0.4779)
Train Epoch: [37][74/138] Loss: 0.2007 (Avg: 0.3326) Dice: 0.7674 (Avg: 0.6206) IoU: 0.6374 (Avg: 0.4801)
Train Epoch: [37][75/138] Loss: 0.2987 (Avg: 0.3322) Dice: 0.6603 (Avg: 0.6211) IoU: 0.5453 (Avg: 0.4809)
Train Epoch: [37][76/138] Loss: 0.3205 (Avg: 0.3320) Dice: 0.6473 (Avg: 0.6215) IoU: 0.5196 (Avg: 0.4814)
Train Epoch: [37][77/138] Loss: 0.4543 (Avg: 0.3336) Dice: 0.5068 (Avg: 0.6200) IoU: 0.3704 (Avg: 0.4800)
Train Epoch: [37][78/138] Loss: 0.2323 (Avg: 0.3323) Dice: 0.7317 (Avg: 0.6214) IoU: 0.5891 (Avg: 0.4814)
Train Epoch: [37][79/138] Loss: 0.2015 (Avg: 0.3306) Dice: 0.7555 (Avg: 0.6231) IoU: 0.6123 (Avg: 0.4831)
Train Epoch: [37][80/138] Loss: 0.3821 (Avg: 0.3313) Dice: 0.5692 (Avg: 0.6224) IoU: 0.4503 (Avg: 0.4826)
Train Epoch: [37][81/138] Loss: 0.2581 (Avg: 0.3304) Dice: 0.6940 (Avg: 0.6233) IoU: 0.5633 (Avg: 0.4836)
Train Epoch: [37][82/138] Loss: 0.2496 (Avg: 0.3294) Dice: 0.6858 (Avg: 0.6241) IoU: 0.5506 (Avg: 0.4845)
Train Epoch: [37][83/138] Loss: 0.2888 (Avg: 0.3289) Dice: 0.6690 (Avg: 0.6246) IoU: 0.5181 (Avg: 0.4849)
Train Epoch: [37][84/138] Loss: 0.4272 (Avg: 0.3301) Dice: 0.5326 (Avg: 0.6235) IoU: 0.3723 (Avg: 0.4835)
Train Epoch: [37][85/138] Loss: 0.2352 (Avg: 0.3290) Dice: 0.7337 (Avg: 0.6248) IoU: 0.5857 (Avg: 0.4847)
Train Epoch: [37][86/138] Loss: 0.2878 (Avg: 0.3285) Dice: 0.6519 (Avg: 0.6251) IoU: 0.4978 (Avg: 0.4849)
Train Epoch: [37][87/138] Loss: 0.4790 (Avg: 0.3302) Dice: 0.4632 (Avg: 0.6233) IoU: 0.3154 (Avg: 0.4829)
Train Epoch: [37][88/138] Loss: 0.1668 (Avg: 0.3283) Dice: 0.7891 (Avg: 0.6252) IoU: 0.6718 (Avg: 0.4851)
Train Epoch: [37][89/138] Loss: 0.1681 (Avg: 0.3265) Dice: 0.8142 (Avg: 0.6273) IoU: 0.6876 (Avg: 0.4874)
Train Epoch: [37][90/138] Loss: 0.2780 (Avg: 0.3260) Dice: 0.6662 (Avg: 0.6277) IoU: 0.5054 (Avg: 0.4876)
Train Epoch: [37][91/138] Loss: 0.2112 (Avg: 0.3247) Dice: 0.7465 (Avg: 0.6290) IoU: 0.6134 (Avg: 0.4889)
Train Epoch: [37][92/138] Loss: 0.4826 (Avg: 0.3265) Dice: 0.4705 (Avg: 0.6273) IoU: 0.3561 (Avg: 0.4875)
Train Epoch: [37][93/138] Loss: 0.1610 (Avg: 0.3247) Dice: 0.8092 (Avg: 0.6293) IoU: 0.6813 (Avg: 0.4896)
Train Epoch: [37][94/138] Loss: 0.4747 (Avg: 0.3263) Dice: 0.4887 (Avg: 0.6278) IoU: 0.3852 (Avg: 0.4885)
Train Epoch: [37][95/138] Loss: 0.4332 (Avg: 0.3274) Dice: 0.5001 (Avg: 0.6264) IoU: 0.3792 (Avg: 0.4873)
Train Epoch: [37][96/138] Loss: 0.2618 (Avg: 0.3267) Dice: 0.6877 (Avg: 0.6271) IoU: 0.5473 (Avg: 0.4879)
Train Epoch: [37][97/138] Loss: 0.2187 (Avg: 0.3256) Dice: 0.7367 (Avg: 0.6282) IoU: 0.6024 (Avg: 0.4891)
Train Epoch: [37][98/138] Loss: 0.3932 (Avg: 0.3263) Dice: 0.5322 (Avg: 0.6272) IoU: 0.4182 (Avg: 0.4884)
Train Epoch: [37][99/138] Loss: 0.4112 (Avg: 0.3272) Dice: 0.5687 (Avg: 0.6266) IoU: 0.4236 (Avg: 0.4877)
Train Epoch: [37][100/138] Loss: 0.2640 (Avg: 0.3265) Dice: 0.6980 (Avg: 0.6273) IoU: 0.5504 (Avg: 0.4884)
Train Epoch: [37][101/138] Loss: 0.2347 (Avg: 0.3256) Dice: 0.7174 (Avg: 0.6282) IoU: 0.5714 (Avg: 0.4892)
Train Epoch: [37][102/138] Loss: 0.3564 (Avg: 0.3259) Dice: 0.6030 (Avg: 0.6280) IoU: 0.4503 (Avg: 0.4888)
Train Epoch: [37][103/138] Loss: 0.3701 (Avg: 0.3263) Dice: 0.6156 (Avg: 0.6279) IoU: 0.4987 (Avg: 0.4889)
Train Epoch: [37][104/138] Loss: 0.4652 (Avg: 0.3277) Dice: 0.4894 (Avg: 0.6265) IoU: 0.4107 (Avg: 0.4882)
Train Epoch: [37][105/138] Loss: 0.1846 (Avg: 0.3263) Dice: 0.7887 (Avg: 0.6281) IoU: 0.6596 (Avg: 0.4898)
Train Epoch: [37][106/138] Loss: 0.3238 (Avg: 0.3263) Dice: 0.6324 (Avg: 0.6281) IoU: 0.4992 (Avg: 0.4899)
Train Epoch: [37][107/138] Loss: 0.2099 (Avg: 0.3252) Dice: 0.7394 (Avg: 0.6291) IoU: 0.5941 (Avg: 0.4908)
Train Epoch: [37][108/138] Loss: 0.5152 (Avg: 0.3270) Dice: 0.3679 (Avg: 0.6267) IoU: 0.2579 (Avg: 0.4887)
Train Epoch: [37][109/138] Loss: 0.2519 (Avg: 0.3263) Dice: 0.6980 (Avg: 0.6274) IoU: 0.5694 (Avg: 0.4894)
Train Epoch: [37][110/138] Loss: 0.2856 (Avg: 0.3259) Dice: 0.6739 (Avg: 0.6278) IoU: 0.5308 (Avg: 0.4898)
Train Epoch: [37][111/138] Loss: 0.4507 (Avg: 0.3270) Dice: 0.4844 (Avg: 0.6265) IoU: 0.3228 (Avg: 0.4883)
Train Epoch: [37][112/138] Loss: 0.2069 (Avg: 0.3260) Dice: 0.7766 (Avg: 0.6279) IoU: 0.6403 (Avg: 0.4897)
Train Epoch: [37][113/138] Loss: 0.2136 (Avg: 0.3250) Dice: 0.7491 (Avg: 0.6289) IoU: 0.6028 (Avg: 0.4907)
Train Epoch: [37][114/138] Loss: 0.1839 (Avg: 0.3237) Dice: 0.7811 (Avg: 0.6303) IoU: 0.6507 (Avg: 0.4921)
Train Epoch: [37][115/138] Loss: 0.4210 (Avg: 0.3246) Dice: 0.5918 (Avg: 0.6299) IoU: 0.4521 (Avg: 0.4917)
Train Epoch: [37][116/138] Loss: 0.2136 (Avg: 0.3236) Dice: 0.7479 (Avg: 0.6309) IoU: 0.6067 (Avg: 0.4927)
Train Epoch: [37][117/138] Loss: 0.2398 (Avg: 0.3229) Dice: 0.7122 (Avg: 0.6316) IoU: 0.5538 (Avg: 0.4932)
Train Epoch: [37][118/138] Loss: 0.1598 (Avg: 0.3215) Dice: 0.8189 (Avg: 0.6332) IoU: 0.7004 (Avg: 0.4950)
Train Epoch: [37][119/138] Loss: 0.3957 (Avg: 0.3221) Dice: 0.5731 (Avg: 0.6327) IoU: 0.4397 (Avg: 0.4945)
Train Epoch: [37][120/138] Loss: 0.2970 (Avg: 0.3219) Dice: 0.6071 (Avg: 0.6325) IoU: 0.4868 (Avg: 0.4945)
Train Epoch: [37][121/138] Loss: 0.3756 (Avg: 0.3224) Dice: 0.5785 (Avg: 0.6321) IoU: 0.4736 (Avg: 0.4943)
Train Epoch: [37][122/138] Loss: 0.3762 (Avg: 0.3228) Dice: 0.6409 (Avg: 0.6321) IoU: 0.4961 (Avg: 0.4943)
Train Epoch: [37][123/138] Loss: 0.1558 (Avg: 0.3215) Dice: 0.8087 (Avg: 0.6336) IoU: 0.6817 (Avg: 0.4958)
Train Epoch: [37][124/138] Loss: 0.4103 (Avg: 0.3222) Dice: 0.5035 (Avg: 0.6325) IoU: 0.3737 (Avg: 0.4948)
Train Epoch: [37][125/138] Loss: 0.5795 (Avg: 0.3242) Dice: 0.4005 (Avg: 0.6307) IoU: 0.3341 (Avg: 0.4936)
Train Epoch: [37][126/138] Loss: 0.5082 (Avg: 0.3257) Dice: 0.4630 (Avg: 0.6293) IoU: 0.3745 (Avg: 0.4926)
Train Epoch: [37][127/138] Loss: 0.3892 (Avg: 0.3262) Dice: 0.5747 (Avg: 0.6289) IoU: 0.4670 (Avg: 0.4924)
Train Epoch: [37][128/138] Loss: 0.2608 (Avg: 0.3257) Dice: 0.6600 (Avg: 0.6291) IoU: 0.5174 (Avg: 0.4926)
Train Epoch: [37][129/138] Loss: 0.2677 (Avg: 0.3252) Dice: 0.6784 (Avg: 0.6295) IoU: 0.5291 (Avg: 0.4929)
Train Epoch: [37][130/138] Loss: 0.3290 (Avg: 0.3253) Dice: 0.6268 (Avg: 0.6295) IoU: 0.4913 (Avg: 0.4929)
Train Epoch: [37][131/138] Loss: 0.4667 (Avg: 0.3263) Dice: 0.4822 (Avg: 0.6284) IoU: 0.3433 (Avg: 0.4917)
Train Epoch: [37][132/138] Loss: 0.2095 (Avg: 0.3255) Dice: 0.7506 (Avg: 0.6293) IoU: 0.6252 (Avg: 0.4927)
Train Epoch: [37][133/138] Loss: 0.3273 (Avg: 0.3255) Dice: 0.6555 (Avg: 0.6295) IoU: 0.5826 (Avg: 0.4934)
Train Epoch: [37][134/138] Loss: 0.3337 (Avg: 0.3255) Dice: 0.6169 (Avg: 0.6294) IoU: 0.4691 (Avg: 0.4932)
Train Epoch: [37][135/138] Loss: 0.4365 (Avg: 0.3264) Dice: 0.5462 (Avg: 0.6288) IoU: 0.4311 (Avg: 0.4928)
Train Epoch: [37][136/138] Loss: 0.2760 (Avg: 0.3260) Dice: 0.6760 (Avg: 0.6291) IoU: 0.5388 (Avg: 0.4931)
Train Epoch: [37][137/138] Loss: 0.2950 (Avg: 0.3258) Dice: 0.6394 (Avg: 0.6292) IoU: 0.4897 (Avg: 0.4931)
Train Epoch: [37][138/138] Loss: 0.2302 (Avg: 0.3238) Dice: 0.7478 (Avg: 0.6260) IoU: 0.5972 (Avg: 0.4906)
Validation Epoch: [37] Avg Loss: 0.3922 Avg Dice: 0.5504 Avg IoU: 0.4232

========= Epoch [38/50] =========
Train Epoch: [38][1/138] Loss: 0.3400 (Avg: 0.3400) Dice: 0.6278 (Avg: 0.6278) IoU: 0.4914 (Avg: 0.4914)
Train Epoch: [38][2/138] Loss: 0.2272 (Avg: 0.2836) Dice: 0.7396 (Avg: 0.6837) IoU: 0.6083 (Avg: 0.5498)
Train Epoch: [38][3/138] Loss: 0.4367 (Avg: 0.3346) Dice: 0.5285 (Avg: 0.6320) IoU: 0.4145 (Avg: 0.5047)
Train Epoch: [38][4/138] Loss: 0.2900 (Avg: 0.3235) Dice: 0.6336 (Avg: 0.6324) IoU: 0.4836 (Avg: 0.4994)
Train Epoch: [38][5/138] Loss: 0.2824 (Avg: 0.3153) Dice: 0.6755 (Avg: 0.6410) IoU: 0.5260 (Avg: 0.5048)
Train Epoch: [38][6/138] Loss: 0.2450 (Avg: 0.3036) Dice: 0.6790 (Avg: 0.6473) IoU: 0.5385 (Avg: 0.5104)
Train Epoch: [38][7/138] Loss: 0.4002 (Avg: 0.3174) Dice: 0.5443 (Avg: 0.6326) IoU: 0.3926 (Avg: 0.4935)
Train Epoch: [38][8/138] Loss: 0.4083 (Avg: 0.3287) Dice: 0.5259 (Avg: 0.6193) IoU: 0.3895 (Avg: 0.4805)
Train Epoch: [38][9/138] Loss: 0.1624 (Avg: 0.3102) Dice: 0.7993 (Avg: 0.6393) IoU: 0.6735 (Avg: 0.5020)
Train Epoch: [38][10/138] Loss: 0.1488 (Avg: 0.2941) Dice: 0.8107 (Avg: 0.6564) IoU: 0.7006 (Avg: 0.5218)
Train Epoch: [38][11/138] Loss: 0.4006 (Avg: 0.3038) Dice: 0.4702 (Avg: 0.6395) IoU: 0.3433 (Avg: 0.5056)
Train Epoch: [38][12/138] Loss: 0.3065 (Avg: 0.3040) Dice: 0.6541 (Avg: 0.6407) IoU: 0.4993 (Avg: 0.5051)
Train Epoch: [38][13/138] Loss: 0.2420 (Avg: 0.2992) Dice: 0.7118 (Avg: 0.6462) IoU: 0.5755 (Avg: 0.5105)
Train Epoch: [38][14/138] Loss: 0.4048 (Avg: 0.3068) Dice: 0.5577 (Avg: 0.6399) IoU: 0.4642 (Avg: 0.5072)
Train Epoch: [38][15/138] Loss: 0.4717 (Avg: 0.3178) Dice: 0.4480 (Avg: 0.6271) IoU: 0.3081 (Avg: 0.4939)
Train Epoch: [38][16/138] Loss: 0.4412 (Avg: 0.3255) Dice: 0.4881 (Avg: 0.6184) IoU: 0.3685 (Avg: 0.4861)
Train Epoch: [38][17/138] Loss: 0.4315 (Avg: 0.3317) Dice: 0.5073 (Avg: 0.6119) IoU: 0.3624 (Avg: 0.4788)
Train Epoch: [38][18/138] Loss: 0.2211 (Avg: 0.3256) Dice: 0.7463 (Avg: 0.6193) IoU: 0.5976 (Avg: 0.4854)
Train Epoch: [38][19/138] Loss: 0.2950 (Avg: 0.3240) Dice: 0.6437 (Avg: 0.6206) IoU: 0.5003 (Avg: 0.4862)
Train Epoch: [38][20/138] Loss: 0.1612 (Avg: 0.3158) Dice: 0.8107 (Avg: 0.6301) IoU: 0.6875 (Avg: 0.4963)
Train Epoch: [38][21/138] Loss: 0.4083 (Avg: 0.3202) Dice: 0.5599 (Avg: 0.6268) IoU: 0.4543 (Avg: 0.4943)
Train Epoch: [38][22/138] Loss: 0.2325 (Avg: 0.3162) Dice: 0.7294 (Avg: 0.6314) IoU: 0.5883 (Avg: 0.4985)
Train Epoch: [38][23/138] Loss: 0.4373 (Avg: 0.3215) Dice: 0.5146 (Avg: 0.6263) IoU: 0.3637 (Avg: 0.4927)
Train Epoch: [38][24/138] Loss: 0.3462 (Avg: 0.3225) Dice: 0.5800 (Avg: 0.6244) IoU: 0.4365 (Avg: 0.4903)
Train Epoch: [38][25/138] Loss: 0.4741 (Avg: 0.3286) Dice: 0.4883 (Avg: 0.6190) IoU: 0.3858 (Avg: 0.4861)
Train Epoch: [38][26/138] Loss: 0.1808 (Avg: 0.3229) Dice: 0.7934 (Avg: 0.6257) IoU: 0.6587 (Avg: 0.4928)
Train Epoch: [38][27/138] Loss: 0.2760 (Avg: 0.3212) Dice: 0.6841 (Avg: 0.6278) IoU: 0.5543 (Avg: 0.4951)
Train Epoch: [38][28/138] Loss: 0.2715 (Avg: 0.3194) Dice: 0.6781 (Avg: 0.6296) IoU: 0.5303 (Avg: 0.4963)
Train Epoch: [38][29/138] Loss: 0.6434 (Avg: 0.3306) Dice: 0.3117 (Avg: 0.6187) IoU: 0.2040 (Avg: 0.4862)
Train Epoch: [38][30/138] Loss: 0.3256 (Avg: 0.3304) Dice: 0.6381 (Avg: 0.6193) IoU: 0.4979 (Avg: 0.4866)
Train Epoch: [38][31/138] Loss: 0.2476 (Avg: 0.3277) Dice: 0.7020 (Avg: 0.6220) IoU: 0.5427 (Avg: 0.4884)
Train Epoch: [38][32/138] Loss: 0.2441 (Avg: 0.3251) Dice: 0.7509 (Avg: 0.6260) IoU: 0.6509 (Avg: 0.4935)
Train Epoch: [38][33/138] Loss: 0.4000 (Avg: 0.3274) Dice: 0.5482 (Avg: 0.6237) IoU: 0.4445 (Avg: 0.4920)
Train Epoch: [38][34/138] Loss: 0.1720 (Avg: 0.3228) Dice: 0.7908 (Avg: 0.6286) IoU: 0.6643 (Avg: 0.4971)
Train Epoch: [38][35/138] Loss: 0.3685 (Avg: 0.3241) Dice: 0.5672 (Avg: 0.6268) IoU: 0.4142 (Avg: 0.4947)
Train Epoch: [38][36/138] Loss: 0.1754 (Avg: 0.3200) Dice: 0.7938 (Avg: 0.6315) IoU: 0.6609 (Avg: 0.4993)
Train Epoch: [38][37/138] Loss: 0.4662 (Avg: 0.3239) Dice: 0.4642 (Avg: 0.6269) IoU: 0.3110 (Avg: 0.4943)
Train Epoch: [38][38/138] Loss: 0.3895 (Avg: 0.3257) Dice: 0.5550 (Avg: 0.6251) IoU: 0.4558 (Avg: 0.4932)
Train Epoch: [38][39/138] Loss: 0.3876 (Avg: 0.3273) Dice: 0.5683 (Avg: 0.6236) IoU: 0.4277 (Avg: 0.4916)
Train Epoch: [38][40/138] Loss: 0.3168 (Avg: 0.3270) Dice: 0.6196 (Avg: 0.6235) IoU: 0.4651 (Avg: 0.4909)
Train Epoch: [38][41/138] Loss: 0.3504 (Avg: 0.3276) Dice: 0.5818 (Avg: 0.6225) IoU: 0.4481 (Avg: 0.4899)
Train Epoch: [38][42/138] Loss: 0.3630 (Avg: 0.3284) Dice: 0.5342 (Avg: 0.6204) IoU: 0.3689 (Avg: 0.4870)
Train Epoch: [38][43/138] Loss: 0.3355 (Avg: 0.3286) Dice: 0.6145 (Avg: 0.6202) IoU: 0.4580 (Avg: 0.4863)
Train Epoch: [38][44/138] Loss: 0.3118 (Avg: 0.3282) Dice: 0.6271 (Avg: 0.6204) IoU: 0.4658 (Avg: 0.4858)
Train Epoch: [38][45/138] Loss: 0.4522 (Avg: 0.3310) Dice: 0.5012 (Avg: 0.6177) IoU: 0.3434 (Avg: 0.4827)
Train Epoch: [38][46/138] Loss: 0.3512 (Avg: 0.3314) Dice: 0.6135 (Avg: 0.6177) IoU: 0.4820 (Avg: 0.4827)
Train Epoch: [38][47/138] Loss: 0.2066 (Avg: 0.3287) Dice: 0.7475 (Avg: 0.6204) IoU: 0.5993 (Avg: 0.4851)
Train Epoch: [38][48/138] Loss: 0.4019 (Avg: 0.3303) Dice: 0.5664 (Avg: 0.6193) IoU: 0.4358 (Avg: 0.4841)
Train Epoch: [38][49/138] Loss: 0.3426 (Avg: 0.3305) Dice: 0.6157 (Avg: 0.6192) IoU: 0.4485 (Avg: 0.4834)
Train Epoch: [38][50/138] Loss: 0.4135 (Avg: 0.3322) Dice: 0.5369 (Avg: 0.6176) IoU: 0.3847 (Avg: 0.4814)
Train Epoch: [38][51/138] Loss: 0.2600 (Avg: 0.3308) Dice: 0.6921 (Avg: 0.6190) IoU: 0.5351 (Avg: 0.4825)
Train Epoch: [38][52/138] Loss: 0.3610 (Avg: 0.3313) Dice: 0.6085 (Avg: 0.6188) IoU: 0.4717 (Avg: 0.4823)
Train Epoch: [38][53/138] Loss: 0.4467 (Avg: 0.3335) Dice: 0.5123 (Avg: 0.6168) IoU: 0.3773 (Avg: 0.4803)
Train Epoch: [38][54/138] Loss: 0.2596 (Avg: 0.3321) Dice: 0.6910 (Avg: 0.6182) IoU: 0.5314 (Avg: 0.4812)
Train Epoch: [38][55/138] Loss: 0.1678 (Avg: 0.3292) Dice: 0.8020 (Avg: 0.6215) IoU: 0.6741 (Avg: 0.4847)
Train Epoch: [38][56/138] Loss: 0.2343 (Avg: 0.3275) Dice: 0.7203 (Avg: 0.6233) IoU: 0.5724 (Avg: 0.4863)
Train Epoch: [38][57/138] Loss: 0.4209 (Avg: 0.3291) Dice: 0.5084 (Avg: 0.6213) IoU: 0.4086 (Avg: 0.4849)
Train Epoch: [38][58/138] Loss: 0.5431 (Avg: 0.3328) Dice: 0.4159 (Avg: 0.6177) IoU: 0.3349 (Avg: 0.4823)
Train Epoch: [38][59/138] Loss: 0.4127 (Avg: 0.3341) Dice: 0.5882 (Avg: 0.6172) IoU: 0.4563 (Avg: 0.4819)
Train Epoch: [38][60/138] Loss: 0.3657 (Avg: 0.3347) Dice: 0.5910 (Avg: 0.6168) IoU: 0.4343 (Avg: 0.4811)
Train Epoch: [38][61/138] Loss: 0.1458 (Avg: 0.3316) Dice: 0.8282 (Avg: 0.6203) IoU: 0.7095 (Avg: 0.4849)
Train Epoch: [38][62/138] Loss: 0.1935 (Avg: 0.3294) Dice: 0.7688 (Avg: 0.6227) IoU: 0.6419 (Avg: 0.4874)
Train Epoch: [38][63/138] Loss: 0.3434 (Avg: 0.3296) Dice: 0.5923 (Avg: 0.6222) IoU: 0.4401 (Avg: 0.4866)
Train Epoch: [38][64/138] Loss: 0.4695 (Avg: 0.3318) Dice: 0.4099 (Avg: 0.6189) IoU: 0.3053 (Avg: 0.4838)
Train Epoch: [38][65/138] Loss: 0.2941 (Avg: 0.3312) Dice: 0.6872 (Avg: 0.6199) IoU: 0.5971 (Avg: 0.4855)
Train Epoch: [38][66/138] Loss: 0.2721 (Avg: 0.3303) Dice: 0.7114 (Avg: 0.6213) IoU: 0.5607 (Avg: 0.4867)
Train Epoch: [38][67/138] Loss: 0.3634 (Avg: 0.3308) Dice: 0.5790 (Avg: 0.6207) IoU: 0.4252 (Avg: 0.4858)
Train Epoch: [38][68/138] Loss: 0.3951 (Avg: 0.3317) Dice: 0.5328 (Avg: 0.6194) IoU: 0.3965 (Avg: 0.4845)
Train Epoch: [38][69/138] Loss: 0.2887 (Avg: 0.3311) Dice: 0.6208 (Avg: 0.6194) IoU: 0.4793 (Avg: 0.4844)
Train Epoch: [38][70/138] Loss: 0.2933 (Avg: 0.3306) Dice: 0.6514 (Avg: 0.6199) IoU: 0.4875 (Avg: 0.4844)
Train Epoch: [38][71/138] Loss: 0.1762 (Avg: 0.3284) Dice: 0.7843 (Avg: 0.6222) IoU: 0.6477 (Avg: 0.4867)
Train Epoch: [38][72/138] Loss: 0.3665 (Avg: 0.3289) Dice: 0.5996 (Avg: 0.6219) IoU: 0.4572 (Avg: 0.4863)
Train Epoch: [38][73/138] Loss: 0.3582 (Avg: 0.3293) Dice: 0.5839 (Avg: 0.6213) IoU: 0.4228 (Avg: 0.4854)
Train Epoch: [38][74/138] Loss: 0.1445 (Avg: 0.3268) Dice: 0.8280 (Avg: 0.6241) IoU: 0.7105 (Avg: 0.4885)
Train Epoch: [38][75/138] Loss: 0.2095 (Avg: 0.3253) Dice: 0.7536 (Avg: 0.6259) IoU: 0.6090 (Avg: 0.4901)
Train Epoch: [38][76/138] Loss: 0.2362 (Avg: 0.3241) Dice: 0.7095 (Avg: 0.6270) IoU: 0.5589 (Avg: 0.4910)
Train Epoch: [38][77/138] Loss: 0.2876 (Avg: 0.3236) Dice: 0.6766 (Avg: 0.6276) IoU: 0.5308 (Avg: 0.4915)
Train Epoch: [38][78/138] Loss: 0.4937 (Avg: 0.3258) Dice: 0.4419 (Avg: 0.6252) IoU: 0.3295 (Avg: 0.4894)
Train Epoch: [38][79/138] Loss: 0.3474 (Avg: 0.3261) Dice: 0.6072 (Avg: 0.6250) IoU: 0.4873 (Avg: 0.4894)
Train Epoch: [38][80/138] Loss: 0.5865 (Avg: 0.3293) Dice: 0.3784 (Avg: 0.6219) IoU: 0.2693 (Avg: 0.4867)
Train Epoch: [38][81/138] Loss: 0.2524 (Avg: 0.3284) Dice: 0.7066 (Avg: 0.6230) IoU: 0.5590 (Avg: 0.4875)
Train Epoch: [38][82/138] Loss: 0.1701 (Avg: 0.3264) Dice: 0.7936 (Avg: 0.6250) IoU: 0.6741 (Avg: 0.4898)
Train Epoch: [38][83/138] Loss: 0.3908 (Avg: 0.3272) Dice: 0.5642 (Avg: 0.6243) IoU: 0.4065 (Avg: 0.4888)
Train Epoch: [38][84/138] Loss: 0.2182 (Avg: 0.3259) Dice: 0.7448 (Avg: 0.6257) IoU: 0.6100 (Avg: 0.4903)
Train Epoch: [38][85/138] Loss: 0.1890 (Avg: 0.3243) Dice: 0.7786 (Avg: 0.6275) IoU: 0.6448 (Avg: 0.4921)
Train Epoch: [38][86/138] Loss: 0.2114 (Avg: 0.3230) Dice: 0.7241 (Avg: 0.6287) IoU: 0.5798 (Avg: 0.4931)
Train Epoch: [38][87/138] Loss: 0.1920 (Avg: 0.3215) Dice: 0.7769 (Avg: 0.6304) IoU: 0.6472 (Avg: 0.4949)
Train Epoch: [38][88/138] Loss: 0.2651 (Avg: 0.3208) Dice: 0.7061 (Avg: 0.6312) IoU: 0.5548 (Avg: 0.4956)
Train Epoch: [38][89/138] Loss: 0.2165 (Avg: 0.3197) Dice: 0.7367 (Avg: 0.6324) IoU: 0.5934 (Avg: 0.4967)
Train Epoch: [38][90/138] Loss: 0.3670 (Avg: 0.3202) Dice: 0.6109 (Avg: 0.6322) IoU: 0.5200 (Avg: 0.4969)
Train Epoch: [38][91/138] Loss: 0.2108 (Avg: 0.3190) Dice: 0.7466 (Avg: 0.6334) IoU: 0.6031 (Avg: 0.4981)
Train Epoch: [38][92/138] Loss: 0.2367 (Avg: 0.3181) Dice: 0.7301 (Avg: 0.6345) IoU: 0.6050 (Avg: 0.4992)
Train Epoch: [38][93/138] Loss: 0.3785 (Avg: 0.3188) Dice: 0.5838 (Avg: 0.6339) IoU: 0.4333 (Avg: 0.4985)
Train Epoch: [38][94/138] Loss: 0.3049 (Avg: 0.3186) Dice: 0.6474 (Avg: 0.6341) IoU: 0.5095 (Avg: 0.4986)
Train Epoch: [38][95/138] Loss: 0.3643 (Avg: 0.3191) Dice: 0.5770 (Avg: 0.6335) IoU: 0.4275 (Avg: 0.4979)
Train Epoch: [38][96/138] Loss: 0.3082 (Avg: 0.3190) Dice: 0.6574 (Avg: 0.6337) IoU: 0.4955 (Avg: 0.4979)
Train Epoch: [38][97/138] Loss: 0.3814 (Avg: 0.3196) Dice: 0.5685 (Avg: 0.6331) IoU: 0.4198 (Avg: 0.4971)
Train Epoch: [38][98/138] Loss: 0.2591 (Avg: 0.3190) Dice: 0.6896 (Avg: 0.6336) IoU: 0.5393 (Avg: 0.4975)
Train Epoch: [38][99/138] Loss: 0.4754 (Avg: 0.3206) Dice: 0.4702 (Avg: 0.6320) IoU: 0.3533 (Avg: 0.4960)
Train Epoch: [38][100/138] Loss: 0.3420 (Avg: 0.3208) Dice: 0.6079 (Avg: 0.6317) IoU: 0.4531 (Avg: 0.4956)
Train Epoch: [38][101/138] Loss: 0.2130 (Avg: 0.3197) Dice: 0.7506 (Avg: 0.6329) IoU: 0.6096 (Avg: 0.4967)
Train Epoch: [38][102/138] Loss: 0.2317 (Avg: 0.3189) Dice: 0.7432 (Avg: 0.6340) IoU: 0.6056 (Avg: 0.4978)
Train Epoch: [38][103/138] Loss: 0.1992 (Avg: 0.3177) Dice: 0.7452 (Avg: 0.6351) IoU: 0.5946 (Avg: 0.4988)
Train Epoch: [38][104/138] Loss: 0.1841 (Avg: 0.3164) Dice: 0.7727 (Avg: 0.6364) IoU: 0.6372 (Avg: 0.5001)
Train Epoch: [38][105/138] Loss: 0.4479 (Avg: 0.3177) Dice: 0.5228 (Avg: 0.6353) IoU: 0.4136 (Avg: 0.4993)
Train Epoch: [38][106/138] Loss: 0.2088 (Avg: 0.3166) Dice: 0.7470 (Avg: 0.6364) IoU: 0.6006 (Avg: 0.5002)
Train Epoch: [38][107/138] Loss: 0.4337 (Avg: 0.3177) Dice: 0.5148 (Avg: 0.6352) IoU: 0.4054 (Avg: 0.4993)
Train Epoch: [38][108/138] Loss: 0.3317 (Avg: 0.3179) Dice: 0.5942 (Avg: 0.6349) IoU: 0.4458 (Avg: 0.4988)
Train Epoch: [38][109/138] Loss: 0.1496 (Avg: 0.3163) Dice: 0.8122 (Avg: 0.6365) IoU: 0.6874 (Avg: 0.5006)
Train Epoch: [38][110/138] Loss: 0.2560 (Avg: 0.3158) Dice: 0.6783 (Avg: 0.6369) IoU: 0.5642 (Avg: 0.5011)
Train Epoch: [38][111/138] Loss: 0.3289 (Avg: 0.3159) Dice: 0.6322 (Avg: 0.6368) IoU: 0.4777 (Avg: 0.5009)
Train Epoch: [38][112/138] Loss: 0.3379 (Avg: 0.3161) Dice: 0.6459 (Avg: 0.6369) IoU: 0.4864 (Avg: 0.5008)
Train Epoch: [38][113/138] Loss: 0.2814 (Avg: 0.3158) Dice: 0.7067 (Avg: 0.6375) IoU: 0.5492 (Avg: 0.5012)
Train Epoch: [38][114/138] Loss: 0.4323 (Avg: 0.3168) Dice: 0.5273 (Avg: 0.6366) IoU: 0.4107 (Avg: 0.5004)
Train Epoch: [38][115/138] Loss: 0.1541 (Avg: 0.3154) Dice: 0.8174 (Avg: 0.6381) IoU: 0.6941 (Avg: 0.5021)
Train Epoch: [38][116/138] Loss: 0.2870 (Avg: 0.3151) Dice: 0.6545 (Avg: 0.6383) IoU: 0.5144 (Avg: 0.5022)
Train Epoch: [38][117/138] Loss: 0.3521 (Avg: 0.3155) Dice: 0.5970 (Avg: 0.6379) IoU: 0.4578 (Avg: 0.5018)
Train Epoch: [38][118/138] Loss: 0.3955 (Avg: 0.3161) Dice: 0.5751 (Avg: 0.6374) IoU: 0.4224 (Avg: 0.5012)
Train Epoch: [38][119/138] Loss: 0.2989 (Avg: 0.3160) Dice: 0.6606 (Avg: 0.6376) IoU: 0.5053 (Avg: 0.5012)
Train Epoch: [38][120/138] Loss: 0.3152 (Avg: 0.3160) Dice: 0.6233 (Avg: 0.6375) IoU: 0.4840 (Avg: 0.5011)
Train Epoch: [38][121/138] Loss: 0.1768 (Avg: 0.3148) Dice: 0.7926 (Avg: 0.6387) IoU: 0.6671 (Avg: 0.5024)
Train Epoch: [38][122/138] Loss: 0.1705 (Avg: 0.3137) Dice: 0.7974 (Avg: 0.6400) IoU: 0.6638 (Avg: 0.5038)
Train Epoch: [38][123/138] Loss: 0.3144 (Avg: 0.3137) Dice: 0.6393 (Avg: 0.6400) IoU: 0.5024 (Avg: 0.5037)
Train Epoch: [38][124/138] Loss: 0.2876 (Avg: 0.3135) Dice: 0.6831 (Avg: 0.6404) IoU: 0.5413 (Avg: 0.5041)
Train Epoch: [38][125/138] Loss: 0.2203 (Avg: 0.3127) Dice: 0.7042 (Avg: 0.6409) IoU: 0.6121 (Avg: 0.5049)
Train Epoch: [38][126/138] Loss: 0.3523 (Avg: 0.3130) Dice: 0.6070 (Avg: 0.6406) IoU: 0.4400 (Avg: 0.5044)
Train Epoch: [38][127/138] Loss: 0.4948 (Avg: 0.3145) Dice: 0.4970 (Avg: 0.6395) IoU: 0.3771 (Avg: 0.5034)
Train Epoch: [38][128/138] Loss: 0.2095 (Avg: 0.3136) Dice: 0.7524 (Avg: 0.6404) IoU: 0.6131 (Avg: 0.5043)
Train Epoch: [38][129/138] Loss: 0.2623 (Avg: 0.3132) Dice: 0.6681 (Avg: 0.6406) IoU: 0.5073 (Avg: 0.5043)
Train Epoch: [38][130/138] Loss: 0.1784 (Avg: 0.3122) Dice: 0.7722 (Avg: 0.6416) IoU: 0.6341 (Avg: 0.5053)
Train Epoch: [38][131/138] Loss: 0.3337 (Avg: 0.3124) Dice: 0.6127 (Avg: 0.6414) IoU: 0.4703 (Avg: 0.5050)
Train Epoch: [38][132/138] Loss: 0.3806 (Avg: 0.3129) Dice: 0.5578 (Avg: 0.6407) IoU: 0.4110 (Avg: 0.5043)
Train Epoch: [38][133/138] Loss: 0.3800 (Avg: 0.3134) Dice: 0.5625 (Avg: 0.6402) IoU: 0.3948 (Avg: 0.5035)
Train Epoch: [38][134/138] Loss: 0.3673 (Avg: 0.3138) Dice: 0.5880 (Avg: 0.6398) IoU: 0.4620 (Avg: 0.5032)
Train Epoch: [38][135/138] Loss: 0.5650 (Avg: 0.3156) Dice: 0.4056 (Avg: 0.6380) IoU: 0.3246 (Avg: 0.5018)
Train Epoch: [38][136/138] Loss: 0.5316 (Avg: 0.3172) Dice: 0.3642 (Avg: 0.6360) IoU: 0.2481 (Avg: 0.5000)
Train Epoch: [38][137/138] Loss: 0.2941 (Avg: 0.3171) Dice: 0.6500 (Avg: 0.6361) IoU: 0.5008 (Avg: 0.5000)
Train Epoch: [38][138/138] Loss: 0.4112 (Avg: 0.3155) Dice: 0.5586 (Avg: 0.6325) IoU: 0.3875 (Avg: 0.4971)
Validation Epoch: [38] Avg Loss: 0.3688 Avg Dice: 0.5796 Avg IoU: 0.4472

========= Epoch [39/50] =========
Train Epoch: [39][1/138] Loss: 0.1820 (Avg: 0.1820) Dice: 0.7983 (Avg: 0.7983) IoU: 0.6694 (Avg: 0.6694)
Train Epoch: [39][2/138] Loss: 0.4999 (Avg: 0.3409) Dice: 0.4820 (Avg: 0.6401) IoU: 0.3825 (Avg: 0.5259)
Train Epoch: [39][3/138] Loss: 0.2864 (Avg: 0.3228) Dice: 0.6650 (Avg: 0.6484) IoU: 0.5154 (Avg: 0.5224)
Train Epoch: [39][4/138] Loss: 0.4597 (Avg: 0.3570) Dice: 0.4976 (Avg: 0.6107) IoU: 0.3749 (Avg: 0.4855)
Train Epoch: [39][5/138] Loss: 0.1975 (Avg: 0.3251) Dice: 0.7576 (Avg: 0.6401) IoU: 0.6188 (Avg: 0.5122)
Train Epoch: [39][6/138] Loss: 0.1960 (Avg: 0.3036) Dice: 0.7636 (Avg: 0.6607) IoU: 0.6193 (Avg: 0.5300)
Train Epoch: [39][7/138] Loss: 0.2417 (Avg: 0.2947) Dice: 0.7219 (Avg: 0.6694) IoU: 0.5907 (Avg: 0.5387)
Train Epoch: [39][8/138] Loss: 0.2961 (Avg: 0.2949) Dice: 0.6485 (Avg: 0.6668) IoU: 0.4908 (Avg: 0.5327)
Train Epoch: [39][9/138] Loss: 0.1538 (Avg: 0.2792) Dice: 0.8071 (Avg: 0.6824) IoU: 0.6830 (Avg: 0.5494)
Train Epoch: [39][10/138] Loss: 0.2308 (Avg: 0.2744) Dice: 0.7259 (Avg: 0.6867) IoU: 0.5894 (Avg: 0.5534)
Train Epoch: [39][11/138] Loss: 0.2228 (Avg: 0.2697) Dice: 0.7286 (Avg: 0.6906) IoU: 0.5746 (Avg: 0.5553)
Train Epoch: [39][12/138] Loss: 0.4271 (Avg: 0.2828) Dice: 0.5161 (Avg: 0.6760) IoU: 0.3609 (Avg: 0.5391)
Train Epoch: [39][13/138] Loss: 0.2471 (Avg: 0.2801) Dice: 0.7085 (Avg: 0.6785) IoU: 0.5587 (Avg: 0.5406)
Train Epoch: [39][14/138] Loss: 0.4911 (Avg: 0.2951) Dice: 0.4672 (Avg: 0.6634) IoU: 0.3429 (Avg: 0.5265)
Train Epoch: [39][15/138] Loss: 0.4026 (Avg: 0.3023) Dice: 0.5629 (Avg: 0.6567) IoU: 0.4465 (Avg: 0.5212)
Train Epoch: [39][16/138] Loss: 0.2460 (Avg: 0.2988) Dice: 0.6885 (Avg: 0.6587) IoU: 0.5286 (Avg: 0.5216)
Train Epoch: [39][17/138] Loss: 0.1793 (Avg: 0.2918) Dice: 0.7856 (Avg: 0.6662) IoU: 0.6510 (Avg: 0.5293)
Train Epoch: [39][18/138] Loss: 0.3840 (Avg: 0.2969) Dice: 0.5496 (Avg: 0.6597) IoU: 0.3977 (Avg: 0.5219)
Train Epoch: [39][19/138] Loss: 0.1539 (Avg: 0.2894) Dice: 0.8224 (Avg: 0.6682) IoU: 0.7021 (Avg: 0.5314)
Train Epoch: [39][20/138] Loss: 0.3614 (Avg: 0.2930) Dice: 0.5648 (Avg: 0.6631) IoU: 0.4152 (Avg: 0.5256)
Train Epoch: [39][21/138] Loss: 0.2642 (Avg: 0.2916) Dice: 0.6932 (Avg: 0.6645) IoU: 0.5324 (Avg: 0.5259)
Train Epoch: [39][22/138] Loss: 0.2198 (Avg: 0.2883) Dice: 0.7433 (Avg: 0.6681) IoU: 0.5958 (Avg: 0.5291)
Train Epoch: [39][23/138] Loss: 0.3376 (Avg: 0.2905) Dice: 0.6196 (Avg: 0.6660) IoU: 0.4690 (Avg: 0.5265)
Train Epoch: [39][24/138] Loss: 0.1652 (Avg: 0.2853) Dice: 0.7972 (Avg: 0.6714) IoU: 0.6685 (Avg: 0.5324)
Train Epoch: [39][25/138] Loss: 0.6067 (Avg: 0.2981) Dice: 0.3450 (Avg: 0.6584) IoU: 0.2466 (Avg: 0.5210)
Train Epoch: [39][26/138] Loss: 0.3946 (Avg: 0.3018) Dice: 0.5351 (Avg: 0.6536) IoU: 0.3908 (Avg: 0.5160)
Train Epoch: [39][27/138] Loss: 0.2421 (Avg: 0.2996) Dice: 0.7222 (Avg: 0.6562) IoU: 0.5923 (Avg: 0.5188)
Train Epoch: [39][28/138] Loss: 0.4682 (Avg: 0.3056) Dice: 0.4805 (Avg: 0.6499) IoU: 0.3681 (Avg: 0.5134)
Train Epoch: [39][29/138] Loss: 0.2224 (Avg: 0.3028) Dice: 0.7429 (Avg: 0.6531) IoU: 0.6022 (Avg: 0.5165)
Train Epoch: [39][30/138] Loss: 0.3706 (Avg: 0.3050) Dice: 0.5255 (Avg: 0.6489) IoU: 0.3880 (Avg: 0.5122)
Train Epoch: [39][31/138] Loss: 0.1800 (Avg: 0.3010) Dice: 0.7955 (Avg: 0.6536) IoU: 0.6671 (Avg: 0.5172)
Train Epoch: [39][32/138] Loss: 0.2334 (Avg: 0.2989) Dice: 0.6865 (Avg: 0.6546) IoU: 0.5421 (Avg: 0.5180)
Train Epoch: [39][33/138] Loss: 0.2761 (Avg: 0.2982) Dice: 0.6739 (Avg: 0.6552) IoU: 0.5191 (Avg: 0.5180)
Train Epoch: [39][34/138] Loss: 0.2368 (Avg: 0.2964) Dice: 0.7131 (Avg: 0.6569) IoU: 0.5600 (Avg: 0.5192)
Train Epoch: [39][35/138] Loss: 0.2095 (Avg: 0.2939) Dice: 0.7614 (Avg: 0.6599) IoU: 0.6392 (Avg: 0.5227)
Train Epoch: [39][36/138] Loss: 0.3579 (Avg: 0.2957) Dice: 0.6004 (Avg: 0.6582) IoU: 0.4509 (Avg: 0.5207)
Train Epoch: [39][37/138] Loss: 0.4115 (Avg: 0.2988) Dice: 0.5639 (Avg: 0.6557) IoU: 0.4667 (Avg: 0.5192)
Train Epoch: [39][38/138] Loss: 0.2672 (Avg: 0.2980) Dice: 0.7100 (Avg: 0.6571) IoU: 0.5555 (Avg: 0.5202)
Train Epoch: [39][39/138] Loss: 0.4126 (Avg: 0.3009) Dice: 0.5370 (Avg: 0.6540) IoU: 0.4152 (Avg: 0.5175)
Train Epoch: [39][40/138] Loss: 0.3772 (Avg: 0.3028) Dice: 0.5466 (Avg: 0.6514) IoU: 0.4503 (Avg: 0.5158)
Train Epoch: [39][41/138] Loss: 0.1614 (Avg: 0.2994) Dice: 0.7979 (Avg: 0.6549) IoU: 0.6719 (Avg: 0.5196)
Train Epoch: [39][42/138] Loss: 0.3017 (Avg: 0.2994) Dice: 0.6562 (Avg: 0.6550) IoU: 0.5110 (Avg: 0.5194)
Train Epoch: [39][43/138] Loss: 0.3631 (Avg: 0.3009) Dice: 0.5806 (Avg: 0.6532) IoU: 0.4507 (Avg: 0.5178)
Train Epoch: [39][44/138] Loss: 0.2937 (Avg: 0.3007) Dice: 0.6666 (Avg: 0.6535) IoU: 0.5067 (Avg: 0.5176)
Train Epoch: [39][45/138] Loss: 0.2637 (Avg: 0.2999) Dice: 0.6666 (Avg: 0.6538) IoU: 0.5090 (Avg: 0.5174)
Train Epoch: [39][46/138] Loss: 0.3151 (Avg: 0.3003) Dice: 0.6377 (Avg: 0.6535) IoU: 0.5001 (Avg: 0.5170)
Train Epoch: [39][47/138] Loss: 0.2522 (Avg: 0.2992) Dice: 0.7079 (Avg: 0.6546) IoU: 0.5649 (Avg: 0.5180)
Train Epoch: [39][48/138] Loss: 0.4413 (Avg: 0.3022) Dice: 0.5039 (Avg: 0.6515) IoU: 0.3435 (Avg: 0.5144)
Train Epoch: [39][49/138] Loss: 0.4736 (Avg: 0.3057) Dice: 0.4906 (Avg: 0.6482) IoU: 0.3759 (Avg: 0.5115)
Train Epoch: [39][50/138] Loss: 0.2702 (Avg: 0.3050) Dice: 0.6829 (Avg: 0.6489) IoU: 0.5381 (Avg: 0.5121)
Train Epoch: [39][51/138] Loss: 0.3503 (Avg: 0.3059) Dice: 0.5907 (Avg: 0.6478) IoU: 0.4367 (Avg: 0.5106)
Train Epoch: [39][52/138] Loss: 0.5638 (Avg: 0.3108) Dice: 0.3741 (Avg: 0.6425) IoU: 0.2579 (Avg: 0.5057)
Train Epoch: [39][53/138] Loss: 0.3734 (Avg: 0.3120) Dice: 0.5925 (Avg: 0.6416) IoU: 0.5092 (Avg: 0.5058)
Train Epoch: [39][54/138] Loss: 0.3989 (Avg: 0.3136) Dice: 0.5576 (Avg: 0.6400) IoU: 0.4224 (Avg: 0.5043)
Train Epoch: [39][55/138] Loss: 0.4072 (Avg: 0.3153) Dice: 0.5663 (Avg: 0.6387) IoU: 0.4718 (Avg: 0.5037)
Train Epoch: [39][56/138] Loss: 0.2481 (Avg: 0.3141) Dice: 0.7049 (Avg: 0.6398) IoU: 0.5676 (Avg: 0.5048)
Train Epoch: [39][57/138] Loss: 0.2522 (Avg: 0.3130) Dice: 0.6607 (Avg: 0.6402) IoU: 0.5093 (Avg: 0.5049)
Train Epoch: [39][58/138] Loss: 0.3446 (Avg: 0.3136) Dice: 0.5970 (Avg: 0.6395) IoU: 0.4690 (Avg: 0.5043)
Train Epoch: [39][59/138] Loss: 0.5777 (Avg: 0.3181) Dice: 0.3502 (Avg: 0.6346) IoU: 0.2472 (Avg: 0.4999)
Train Epoch: [39][60/138] Loss: 0.2607 (Avg: 0.3171) Dice: 0.7045 (Avg: 0.6357) IoU: 0.5557 (Avg: 0.5008)
Train Epoch: [39][61/138] Loss: 0.2844 (Avg: 0.3166) Dice: 0.6690 (Avg: 0.6363) IoU: 0.5137 (Avg: 0.5011)
Train Epoch: [39][62/138] Loss: 0.2307 (Avg: 0.3152) Dice: 0.7136 (Avg: 0.6375) IoU: 0.5549 (Avg: 0.5019)
Train Epoch: [39][63/138] Loss: 0.5144 (Avg: 0.3183) Dice: 0.4314 (Avg: 0.6343) IoU: 0.3208 (Avg: 0.4990)
Train Epoch: [39][64/138] Loss: 0.2652 (Avg: 0.3175) Dice: 0.6889 (Avg: 0.6351) IoU: 0.5444 (Avg: 0.4998)
Train Epoch: [39][65/138] Loss: 0.2980 (Avg: 0.3172) Dice: 0.6648 (Avg: 0.6356) IoU: 0.5113 (Avg: 0.4999)
Train Epoch: [39][66/138] Loss: 0.5452 (Avg: 0.3207) Dice: 0.3980 (Avg: 0.6320) IoU: 0.2784 (Avg: 0.4966)
Train Epoch: [39][67/138] Loss: 0.2230 (Avg: 0.3192) Dice: 0.7299 (Avg: 0.6334) IoU: 0.5872 (Avg: 0.4979)
Train Epoch: [39][68/138] Loss: 0.2905 (Avg: 0.3188) Dice: 0.6741 (Avg: 0.6340) IoU: 0.5325 (Avg: 0.4984)
Train Epoch: [39][69/138] Loss: 0.6375 (Avg: 0.3234) Dice: 0.3265 (Avg: 0.6296) IoU: 0.2427 (Avg: 0.4947)
Train Epoch: [39][70/138] Loss: 0.1991 (Avg: 0.3216) Dice: 0.7572 (Avg: 0.6314) IoU: 0.6300 (Avg: 0.4967)
Train Epoch: [39][71/138] Loss: 0.2669 (Avg: 0.3209) Dice: 0.6700 (Avg: 0.6319) IoU: 0.5303 (Avg: 0.4971)
Train Epoch: [39][72/138] Loss: 0.2341 (Avg: 0.3196) Dice: 0.7213 (Avg: 0.6332) IoU: 0.5723 (Avg: 0.4982)
Train Epoch: [39][73/138] Loss: 0.2280 (Avg: 0.3184) Dice: 0.7300 (Avg: 0.6345) IoU: 0.5800 (Avg: 0.4993)
Train Epoch: [39][74/138] Loss: 0.3813 (Avg: 0.3192) Dice: 0.5497 (Avg: 0.6334) IoU: 0.3828 (Avg: 0.4977)
Train Epoch: [39][75/138] Loss: 0.1631 (Avg: 0.3172) Dice: 0.7924 (Avg: 0.6355) IoU: 0.6594 (Avg: 0.4999)
Train Epoch: [39][76/138] Loss: 0.2086 (Avg: 0.3157) Dice: 0.7409 (Avg: 0.6369) IoU: 0.6121 (Avg: 0.5014)
Train Epoch: [39][77/138] Loss: 0.2112 (Avg: 0.3144) Dice: 0.7755 (Avg: 0.6387) IoU: 0.6404 (Avg: 0.5032)
Train Epoch: [39][78/138] Loss: 0.2356 (Avg: 0.3134) Dice: 0.7345 (Avg: 0.6399) IoU: 0.5978 (Avg: 0.5044)
Train Epoch: [39][79/138] Loss: 0.2284 (Avg: 0.3123) Dice: 0.7516 (Avg: 0.6413) IoU: 0.6269 (Avg: 0.5059)
Train Epoch: [39][80/138] Loss: 0.2277 (Avg: 0.3112) Dice: 0.7246 (Avg: 0.6423) IoU: 0.5798 (Avg: 0.5069)
Train Epoch: [39][81/138] Loss: 0.3494 (Avg: 0.3117) Dice: 0.6260 (Avg: 0.6421) IoU: 0.5041 (Avg: 0.5068)
Train Epoch: [39][82/138] Loss: 0.3300 (Avg: 0.3119) Dice: 0.6177 (Avg: 0.6418) IoU: 0.4492 (Avg: 0.5061)
Train Epoch: [39][83/138] Loss: 0.1925 (Avg: 0.3105) Dice: 0.7594 (Avg: 0.6433) IoU: 0.6374 (Avg: 0.5077)
Train Epoch: [39][84/138] Loss: 0.3595 (Avg: 0.3111) Dice: 0.5552 (Avg: 0.6422) IoU: 0.4205 (Avg: 0.5067)
Train Epoch: [39][85/138] Loss: 0.3276 (Avg: 0.3113) Dice: 0.6471 (Avg: 0.6423) IoU: 0.5101 (Avg: 0.5067)
Train Epoch: [39][86/138] Loss: 0.1510 (Avg: 0.3094) Dice: 0.8088 (Avg: 0.6442) IoU: 0.6842 (Avg: 0.5088)
Train Epoch: [39][87/138] Loss: 0.3596 (Avg: 0.3100) Dice: 0.5948 (Avg: 0.6436) IoU: 0.4657 (Avg: 0.5083)
Train Epoch: [39][88/138] Loss: 0.2838 (Avg: 0.3097) Dice: 0.6716 (Avg: 0.6440) IoU: 0.5145 (Avg: 0.5083)
Train Epoch: [39][89/138] Loss: 0.4230 (Avg: 0.3110) Dice: 0.5062 (Avg: 0.6424) IoU: 0.4159 (Avg: 0.5073)
Train Epoch: [39][90/138] Loss: 0.3038 (Avg: 0.3109) Dice: 0.6504 (Avg: 0.6425) IoU: 0.5122 (Avg: 0.5074)
Train Epoch: [39][91/138] Loss: 0.3843 (Avg: 0.3117) Dice: 0.5586 (Avg: 0.6416) IoU: 0.4055 (Avg: 0.5062)
Train Epoch: [39][92/138] Loss: 0.3753 (Avg: 0.3124) Dice: 0.5766 (Avg: 0.6409) IoU: 0.4347 (Avg: 0.5055)
Train Epoch: [39][93/138] Loss: 0.3448 (Avg: 0.3127) Dice: 0.5848 (Avg: 0.6403) IoU: 0.4346 (Avg: 0.5047)
Train Epoch: [39][94/138] Loss: 0.6831 (Avg: 0.3167) Dice: 0.5244 (Avg: 0.6390) IoU: 0.1920 (Avg: 0.5014)
Train Epoch: [39][95/138] Loss: 0.3533 (Avg: 0.3170) Dice: 0.6051 (Avg: 0.6387) IoU: 0.4735 (Avg: 0.5011)
Train Epoch: [39][96/138] Loss: 0.3260 (Avg: 0.3171) Dice: 0.6272 (Avg: 0.6386) IoU: 0.4660 (Avg: 0.5007)
Train Epoch: [39][97/138] Loss: 0.2902 (Avg: 0.3169) Dice: 0.6704 (Avg: 0.6389) IoU: 0.5200 (Avg: 0.5009)
Train Epoch: [39][98/138] Loss: 0.3259 (Avg: 0.3170) Dice: 0.6042 (Avg: 0.6385) IoU: 0.4412 (Avg: 0.5003)
Train Epoch: [39][99/138] Loss: 0.3875 (Avg: 0.3177) Dice: 0.5569 (Avg: 0.6377) IoU: 0.4136 (Avg: 0.4994)
Train Epoch: [39][100/138] Loss: 0.2457 (Avg: 0.3169) Dice: 0.7241 (Avg: 0.6386) IoU: 0.5771 (Avg: 0.5002)
Train Epoch: [39][101/138] Loss: 0.5787 (Avg: 0.3195) Dice: 0.3176 (Avg: 0.6354) IoU: 0.2262 (Avg: 0.4975)
Train Epoch: [39][102/138] Loss: 0.2069 (Avg: 0.3184) Dice: 0.7678 (Avg: 0.6367) IoU: 0.6332 (Avg: 0.4988)
Train Epoch: [39][103/138] Loss: 0.2653 (Avg: 0.3179) Dice: 0.6994 (Avg: 0.6373) IoU: 0.5517 (Avg: 0.4993)
Train Epoch: [39][104/138] Loss: 0.3697 (Avg: 0.3184) Dice: 0.5558 (Avg: 0.6365) IoU: 0.3970 (Avg: 0.4984)
Train Epoch: [39][105/138] Loss: 0.3099 (Avg: 0.3183) Dice: 0.6379 (Avg: 0.6365) IoU: 0.4917 (Avg: 0.4983)
Train Epoch: [39][106/138] Loss: 0.3074 (Avg: 0.3182) Dice: 0.6421 (Avg: 0.6366) IoU: 0.4913 (Avg: 0.4982)
Train Epoch: [39][107/138] Loss: 0.3200 (Avg: 0.3182) Dice: 0.5845 (Avg: 0.6361) IoU: 0.4409 (Avg: 0.4977)
Train Epoch: [39][108/138] Loss: 0.1884 (Avg: 0.3170) Dice: 0.7793 (Avg: 0.6374) IoU: 0.6564 (Avg: 0.4992)
Train Epoch: [39][109/138] Loss: 0.4446 (Avg: 0.3182) Dice: 0.5281 (Avg: 0.6364) IoU: 0.3858 (Avg: 0.4981)
Train Epoch: [39][110/138] Loss: 0.1073 (Avg: 0.3163) Dice: 0.8792 (Avg: 0.6386) IoU: 0.7861 (Avg: 0.5007)
Train Epoch: [39][111/138] Loss: 0.3163 (Avg: 0.3163) Dice: 0.6474 (Avg: 0.6387) IoU: 0.5205 (Avg: 0.5009)
Train Epoch: [39][112/138] Loss: 0.3893 (Avg: 0.3170) Dice: 0.5427 (Avg: 0.6378) IoU: 0.3983 (Avg: 0.5000)
Train Epoch: [39][113/138] Loss: 0.2910 (Avg: 0.3167) Dice: 0.6617 (Avg: 0.6381) IoU: 0.4969 (Avg: 0.5000)
Train Epoch: [39][114/138] Loss: 0.4300 (Avg: 0.3177) Dice: 0.4915 (Avg: 0.6368) IoU: 0.3695 (Avg: 0.4988)
Train Epoch: [39][115/138] Loss: 0.5430 (Avg: 0.3197) Dice: 0.4144 (Avg: 0.6348) IoU: 0.3558 (Avg: 0.4976)
Train Epoch: [39][116/138] Loss: 0.2345 (Avg: 0.3189) Dice: 0.7341 (Avg: 0.6357) IoU: 0.5838 (Avg: 0.4983)
Train Epoch: [39][117/138] Loss: 0.2328 (Avg: 0.3182) Dice: 0.7334 (Avg: 0.6365) IoU: 0.5934 (Avg: 0.4991)
Train Epoch: [39][118/138] Loss: 0.5509 (Avg: 0.3202) Dice: 0.4095 (Avg: 0.6346) IoU: 0.3021 (Avg: 0.4975)
Train Epoch: [39][119/138] Loss: 0.2822 (Avg: 0.3199) Dice: 0.6104 (Avg: 0.6344) IoU: 0.4982 (Avg: 0.4975)
Train Epoch: [39][120/138] Loss: 0.4566 (Avg: 0.3210) Dice: 0.4656 (Avg: 0.6330) IoU: 0.3791 (Avg: 0.4965)
Train Epoch: [39][121/138] Loss: 0.2396 (Avg: 0.3203) Dice: 0.7240 (Avg: 0.6337) IoU: 0.5788 (Avg: 0.4972)
Train Epoch: [39][122/138] Loss: 0.2042 (Avg: 0.3194) Dice: 0.7660 (Avg: 0.6348) IoU: 0.6360 (Avg: 0.4983)
Train Epoch: [39][123/138] Loss: 0.3866 (Avg: 0.3199) Dice: 0.5533 (Avg: 0.6342) IoU: 0.3870 (Avg: 0.4974)
Train Epoch: [39][124/138] Loss: 0.3351 (Avg: 0.3200) Dice: 0.6331 (Avg: 0.6342) IoU: 0.4644 (Avg: 0.4971)
Train Epoch: [39][125/138] Loss: 0.1447 (Avg: 0.3186) Dice: 0.8286 (Avg: 0.6357) IoU: 0.7129 (Avg: 0.4989)
Train Epoch: [39][126/138] Loss: 0.1964 (Avg: 0.3177) Dice: 0.7585 (Avg: 0.6367) IoU: 0.6306 (Avg: 0.4999)
Train Epoch: [39][127/138] Loss: 0.1986 (Avg: 0.3167) Dice: 0.7616 (Avg: 0.6377) IoU: 0.6218 (Avg: 0.5009)
Train Epoch: [39][128/138] Loss: 0.4070 (Avg: 0.3174) Dice: 0.5245 (Avg: 0.6368) IoU: 0.3656 (Avg: 0.4998)
Train Epoch: [39][129/138] Loss: 0.1587 (Avg: 0.3162) Dice: 0.8029 (Avg: 0.6381) IoU: 0.6771 (Avg: 0.5012)
Train Epoch: [39][130/138] Loss: 0.3769 (Avg: 0.3167) Dice: 0.5718 (Avg: 0.6376) IoU: 0.4262 (Avg: 0.5006)
Train Epoch: [39][131/138] Loss: 0.3029 (Avg: 0.3166) Dice: 0.6549 (Avg: 0.6377) IoU: 0.5252 (Avg: 0.5008)
Train Epoch: [39][132/138] Loss: 0.2866 (Avg: 0.3163) Dice: 0.6653 (Avg: 0.6379) IoU: 0.5337 (Avg: 0.5010)
Train Epoch: [39][133/138] Loss: 0.1482 (Avg: 0.3151) Dice: 0.8007 (Avg: 0.6391) IoU: 0.6746 (Avg: 0.5023)
Train Epoch: [39][134/138] Loss: 0.2753 (Avg: 0.3148) Dice: 0.6826 (Avg: 0.6395) IoU: 0.5373 (Avg: 0.5026)
Train Epoch: [39][135/138] Loss: 0.4311 (Avg: 0.3156) Dice: 0.5054 (Avg: 0.6385) IoU: 0.3466 (Avg: 0.5015)
Train Epoch: [39][136/138] Loss: 0.2530 (Avg: 0.3152) Dice: 0.6972 (Avg: 0.6389) IoU: 0.5464 (Avg: 0.5018)
Train Epoch: [39][137/138] Loss: 0.3218 (Avg: 0.3152) Dice: 0.6323 (Avg: 0.6388) IoU: 0.5028 (Avg: 0.5018)
Train Epoch: [39][138/138] Loss: 0.1818 (Avg: 0.3133) Dice: 0.7464 (Avg: 0.6356) IoU: 0.5953 (Avg: 0.4992)
Validation Epoch: [39] Avg Loss: 0.3886 Avg Dice: 0.5462 Avg IoU: 0.4207

========= Epoch [40/50] =========
Train Epoch: [40][1/138] Loss: 0.1802 (Avg: 0.1802) Dice: 0.7894 (Avg: 0.7894) IoU: 0.6567 (Avg: 0.6567)
Train Epoch: [40][2/138] Loss: 0.4727 (Avg: 0.3265) Dice: 0.4566 (Avg: 0.6230) IoU: 0.3115 (Avg: 0.4841)
Train Epoch: [40][3/138] Loss: 0.3056 (Avg: 0.3195) Dice: 0.6400 (Avg: 0.6287) IoU: 0.5161 (Avg: 0.4948)
Train Epoch: [40][4/138] Loss: 0.2840 (Avg: 0.3106) Dice: 0.6432 (Avg: 0.6323) IoU: 0.4886 (Avg: 0.4932)
Train Epoch: [40][5/138] Loss: 0.2435 (Avg: 0.2972) Dice: 0.7141 (Avg: 0.6487) IoU: 0.5863 (Avg: 0.5118)
Train Epoch: [40][6/138] Loss: 0.2931 (Avg: 0.2965) Dice: 0.6226 (Avg: 0.6443) IoU: 0.4542 (Avg: 0.5022)
Train Epoch: [40][7/138] Loss: 0.3711 (Avg: 0.3072) Dice: 0.5650 (Avg: 0.6330) IoU: 0.4594 (Avg: 0.4961)
Train Epoch: [40][8/138] Loss: 0.2683 (Avg: 0.3023) Dice: 0.6768 (Avg: 0.6385) IoU: 0.5156 (Avg: 0.4985)
Train Epoch: [40][9/138] Loss: 0.2844 (Avg: 0.3003) Dice: 0.6708 (Avg: 0.6421) IoU: 0.5164 (Avg: 0.5005)
Train Epoch: [40][10/138] Loss: 0.4455 (Avg: 0.3149) Dice: 0.5098 (Avg: 0.6288) IoU: 0.3595 (Avg: 0.4864)
Train Epoch: [40][11/138] Loss: 0.2769 (Avg: 0.3114) Dice: 0.6995 (Avg: 0.6353) IoU: 0.5478 (Avg: 0.4920)
Train Epoch: [40][12/138] Loss: 0.2060 (Avg: 0.3026) Dice: 0.7460 (Avg: 0.6445) IoU: 0.5978 (Avg: 0.5008)
Train Epoch: [40][13/138] Loss: 0.3185 (Avg: 0.3038) Dice: 0.6538 (Avg: 0.6452) IoU: 0.5068 (Avg: 0.5013)
Train Epoch: [40][14/138] Loss: 0.4091 (Avg: 0.3114) Dice: 0.5383 (Avg: 0.6376) IoU: 0.3884 (Avg: 0.4932)
Train Epoch: [40][15/138] Loss: 0.4244 (Avg: 0.3189) Dice: 0.5406 (Avg: 0.6311) IoU: 0.4185 (Avg: 0.4882)
Train Epoch: [40][16/138] Loss: 0.2770 (Avg: 0.3163) Dice: 0.6538 (Avg: 0.6325) IoU: 0.4929 (Avg: 0.4885)
Train Epoch: [40][17/138] Loss: 0.3749 (Avg: 0.3197) Dice: 0.5843 (Avg: 0.6297) IoU: 0.4614 (Avg: 0.4869)
Train Epoch: [40][18/138] Loss: 0.4369 (Avg: 0.3262) Dice: 0.5061 (Avg: 0.6228) IoU: 0.3863 (Avg: 0.4813)
Train Epoch: [40][19/138] Loss: 0.4182 (Avg: 0.3311) Dice: 0.5496 (Avg: 0.6190) IoU: 0.4412 (Avg: 0.4792)
Train Epoch: [40][20/138] Loss: 0.3390 (Avg: 0.3315) Dice: 0.6235 (Avg: 0.6192) IoU: 0.5223 (Avg: 0.4814)
Train Epoch: [40][21/138] Loss: 0.2332 (Avg: 0.3268) Dice: 0.7112 (Avg: 0.6236) IoU: 0.5556 (Avg: 0.4849)
Train Epoch: [40][22/138] Loss: 0.4007 (Avg: 0.3302) Dice: 0.5468 (Avg: 0.6201) IoU: 0.3864 (Avg: 0.4804)
Train Epoch: [40][23/138] Loss: 0.1850 (Avg: 0.3238) Dice: 0.7844 (Avg: 0.6272) IoU: 0.6628 (Avg: 0.4884)
Train Epoch: [40][24/138] Loss: 0.2530 (Avg: 0.3209) Dice: 0.7030 (Avg: 0.6304) IoU: 0.5603 (Avg: 0.4914)
Train Epoch: [40][25/138] Loss: 0.2119 (Avg: 0.3165) Dice: 0.7707 (Avg: 0.6360) IoU: 0.6305 (Avg: 0.4969)
Train Epoch: [40][26/138] Loss: 0.3048 (Avg: 0.3161) Dice: 0.6538 (Avg: 0.6367) IoU: 0.4973 (Avg: 0.4969)
Train Epoch: [40][27/138] Loss: 0.4311 (Avg: 0.3203) Dice: 0.5107 (Avg: 0.6320) IoU: 0.3760 (Avg: 0.4925)
Train Epoch: [40][28/138] Loss: 0.2550 (Avg: 0.3180) Dice: 0.6903 (Avg: 0.6341) IoU: 0.5370 (Avg: 0.4941)
Train Epoch: [40][29/138] Loss: 0.6906 (Avg: 0.3309) Dice: 0.2509 (Avg: 0.6209) IoU: 0.1883 (Avg: 0.4835)
Train Epoch: [40][30/138] Loss: 0.3769 (Avg: 0.3324) Dice: 0.5382 (Avg: 0.6181) IoU: 0.4026 (Avg: 0.4808)
Train Epoch: [40][31/138] Loss: 0.3397 (Avg: 0.3326) Dice: 0.6047 (Avg: 0.6177) IoU: 0.5101 (Avg: 0.4818)
Train Epoch: [40][32/138] Loss: 0.3354 (Avg: 0.3327) Dice: 0.6284 (Avg: 0.6180) IoU: 0.4862 (Avg: 0.4819)
Train Epoch: [40][33/138] Loss: 0.2713 (Avg: 0.3308) Dice: 0.6604 (Avg: 0.6193) IoU: 0.5114 (Avg: 0.4828)
Train Epoch: [40][34/138] Loss: 0.1868 (Avg: 0.3266) Dice: 0.8074 (Avg: 0.6248) IoU: 0.6788 (Avg: 0.4886)
Train Epoch: [40][35/138] Loss: 0.5388 (Avg: 0.3327) Dice: 0.4244 (Avg: 0.6191) IoU: 0.3480 (Avg: 0.4845)
Train Epoch: [40][36/138] Loss: 0.2988 (Avg: 0.3317) Dice: 0.6371 (Avg: 0.6196) IoU: 0.4809 (Avg: 0.4844)
Train Epoch: [40][37/138] Loss: 0.3831 (Avg: 0.3331) Dice: 0.5533 (Avg: 0.6178) IoU: 0.4449 (Avg: 0.4834)
Train Epoch: [40][38/138] Loss: 0.1985 (Avg: 0.3296) Dice: 0.7845 (Avg: 0.6222) IoU: 0.6592 (Avg: 0.4880)
Train Epoch: [40][39/138] Loss: 0.2711 (Avg: 0.3281) Dice: 0.6918 (Avg: 0.6240) IoU: 0.5502 (Avg: 0.4896)
Train Epoch: [40][40/138] Loss: 0.5508 (Avg: 0.3336) Dice: 0.3955 (Avg: 0.6183) IoU: 0.2829 (Avg: 0.4844)
Train Epoch: [40][41/138] Loss: 0.3160 (Avg: 0.3332) Dice: 0.6567 (Avg: 0.6192) IoU: 0.5104 (Avg: 0.4851)
Train Epoch: [40][42/138] Loss: 0.3457 (Avg: 0.3335) Dice: 0.5994 (Avg: 0.6187) IoU: 0.4453 (Avg: 0.4841)
Train Epoch: [40][43/138] Loss: 0.3528 (Avg: 0.3340) Dice: 0.5852 (Avg: 0.6180) IoU: 0.4191 (Avg: 0.4826)
Train Epoch: [40][44/138] Loss: 0.3137 (Avg: 0.3335) Dice: 0.6741 (Avg: 0.6192) IoU: 0.5187 (Avg: 0.4834)
Train Epoch: [40][45/138] Loss: 0.4212 (Avg: 0.3355) Dice: 0.5334 (Avg: 0.6173) IoU: 0.3859 (Avg: 0.4813)
Train Epoch: [40][46/138] Loss: 0.1856 (Avg: 0.3322) Dice: 0.7846 (Avg: 0.6210) IoU: 0.6471 (Avg: 0.4849)
Train Epoch: [40][47/138] Loss: 0.3685 (Avg: 0.3330) Dice: 0.5615 (Avg: 0.6197) IoU: 0.4044 (Avg: 0.4832)
Train Epoch: [40][48/138] Loss: 0.2311 (Avg: 0.3308) Dice: 0.7548 (Avg: 0.6225) IoU: 0.6490 (Avg: 0.4866)
Train Epoch: [40][49/138] Loss: 0.5045 (Avg: 0.3344) Dice: 0.4069 (Avg: 0.6181) IoU: 0.2820 (Avg: 0.4824)
Train Epoch: [40][50/138] Loss: 0.4109 (Avg: 0.3359) Dice: 0.7891 (Avg: 0.6215) IoU: 0.4368 (Avg: 0.4815)
Train Epoch: [40][51/138] Loss: 0.2758 (Avg: 0.3347) Dice: 0.6899 (Avg: 0.6229) IoU: 0.5592 (Avg: 0.4830)
Train Epoch: [40][52/138] Loss: 0.5083 (Avg: 0.3381) Dice: 0.4681 (Avg: 0.6199) IoU: 0.3632 (Avg: 0.4807)
Train Epoch: [40][53/138] Loss: 0.3788 (Avg: 0.3388) Dice: 0.5477 (Avg: 0.6185) IoU: 0.4299 (Avg: 0.4798)
Train Epoch: [40][54/138] Loss: 0.1999 (Avg: 0.3363) Dice: 0.7761 (Avg: 0.6215) IoU: 0.6419 (Avg: 0.4828)
Train Epoch: [40][55/138] Loss: 0.2341 (Avg: 0.3344) Dice: 0.6948 (Avg: 0.6228) IoU: 0.5620 (Avg: 0.4842)
Train Epoch: [40][56/138] Loss: 0.4677 (Avg: 0.3368) Dice: 0.4598 (Avg: 0.6199) IoU: 0.3058 (Avg: 0.4810)
Train Epoch: [40][57/138] Loss: 0.2479 (Avg: 0.3352) Dice: 0.7106 (Avg: 0.6215) IoU: 0.5680 (Avg: 0.4826)
Train Epoch: [40][58/138] Loss: 0.2514 (Avg: 0.3338) Dice: 0.6978 (Avg: 0.6228) IoU: 0.5492 (Avg: 0.4837)
Train Epoch: [40][59/138] Loss: 0.4627 (Avg: 0.3360) Dice: 0.4608 (Avg: 0.6200) IoU: 0.3366 (Avg: 0.4812)
Train Epoch: [40][60/138] Loss: 0.3099 (Avg: 0.3355) Dice: 0.6915 (Avg: 0.6212) IoU: 0.5431 (Avg: 0.4822)
Train Epoch: [40][61/138] Loss: 0.2124 (Avg: 0.3335) Dice: 0.7572 (Avg: 0.6235) IoU: 0.6289 (Avg: 0.4847)
Train Epoch: [40][62/138] Loss: 0.1948 (Avg: 0.3313) Dice: 0.7553 (Avg: 0.6256) IoU: 0.6126 (Avg: 0.4867)
Train Epoch: [40][63/138] Loss: 0.2053 (Avg: 0.3293) Dice: 0.7517 (Avg: 0.6276) IoU: 0.6060 (Avg: 0.4886)
Train Epoch: [40][64/138] Loss: 0.4032 (Avg: 0.3304) Dice: 0.5617 (Avg: 0.6266) IoU: 0.4170 (Avg: 0.4875)
Train Epoch: [40][65/138] Loss: 0.4162 (Avg: 0.3318) Dice: 0.5558 (Avg: 0.6255) IoU: 0.4442 (Avg: 0.4868)
Train Epoch: [40][66/138] Loss: 0.3610 (Avg: 0.3322) Dice: 0.6005 (Avg: 0.6251) IoU: 0.4659 (Avg: 0.4865)
Train Epoch: [40][67/138] Loss: 0.3727 (Avg: 0.3328) Dice: 0.5616 (Avg: 0.6241) IoU: 0.3977 (Avg: 0.4852)
Train Epoch: [40][68/138] Loss: 0.1728 (Avg: 0.3305) Dice: 0.7695 (Avg: 0.6263) IoU: 0.6292 (Avg: 0.4873)
Train Epoch: [40][69/138] Loss: 0.2369 (Avg: 0.3291) Dice: 0.7197 (Avg: 0.6276) IoU: 0.5812 (Avg: 0.4887)
Train Epoch: [40][70/138] Loss: 0.2389 (Avg: 0.3278) Dice: 0.7138 (Avg: 0.6289) IoU: 0.5866 (Avg: 0.4901)
Train Epoch: [40][71/138] Loss: 0.2482 (Avg: 0.3267) Dice: 0.6847 (Avg: 0.6297) IoU: 0.5276 (Avg: 0.4906)
Train Epoch: [40][72/138] Loss: 0.2610 (Avg: 0.3258) Dice: 0.6611 (Avg: 0.6301) IoU: 0.4949 (Avg: 0.4906)
Train Epoch: [40][73/138] Loss: 0.3610 (Avg: 0.3263) Dice: 0.5929 (Avg: 0.6296) IoU: 0.4541 (Avg: 0.4901)
Train Epoch: [40][74/138] Loss: 0.3642 (Avg: 0.3268) Dice: 0.5555 (Avg: 0.6286) IoU: 0.4083 (Avg: 0.4890)
Train Epoch: [40][75/138] Loss: 0.2336 (Avg: 0.3255) Dice: 0.7349 (Avg: 0.6300) IoU: 0.5950 (Avg: 0.4905)
Train Epoch: [40][76/138] Loss: 0.4375 (Avg: 0.3270) Dice: 0.5411 (Avg: 0.6288) IoU: 0.3995 (Avg: 0.4893)
Train Epoch: [40][77/138] Loss: 0.2134 (Avg: 0.3255) Dice: 0.7368 (Avg: 0.6302) IoU: 0.5859 (Avg: 0.4905)
Train Epoch: [40][78/138] Loss: 0.2044 (Avg: 0.3240) Dice: 0.7534 (Avg: 0.6318) IoU: 0.6129 (Avg: 0.4921)
Train Epoch: [40][79/138] Loss: 0.3959 (Avg: 0.3249) Dice: 0.5221 (Avg: 0.6304) IoU: 0.4275 (Avg: 0.4913)
Train Epoch: [40][80/138] Loss: 0.2254 (Avg: 0.3236) Dice: 0.7686 (Avg: 0.6321) IoU: 0.6300 (Avg: 0.4930)
Train Epoch: [40][81/138] Loss: 0.3200 (Avg: 0.3236) Dice: 0.6086 (Avg: 0.6319) IoU: 0.4765 (Avg: 0.4928)
Train Epoch: [40][82/138] Loss: 0.5870 (Avg: 0.3268) Dice: 0.3921 (Avg: 0.6289) IoU: 0.3261 (Avg: 0.4908)
Train Epoch: [40][83/138] Loss: 0.4772 (Avg: 0.3286) Dice: 0.4637 (Avg: 0.6269) IoU: 0.3279 (Avg: 0.4888)
Train Epoch: [40][84/138] Loss: 0.3449 (Avg: 0.3288) Dice: 0.5463 (Avg: 0.6260) IoU: 0.4340 (Avg: 0.4881)
Train Epoch: [40][85/138] Loss: 0.1743 (Avg: 0.3270) Dice: 0.7863 (Avg: 0.6279) IoU: 0.6596 (Avg: 0.4902)
Train Epoch: [40][86/138] Loss: 0.2157 (Avg: 0.3257) Dice: 0.7435 (Avg: 0.6292) IoU: 0.5997 (Avg: 0.4914)
Train Epoch: [40][87/138] Loss: 0.2290 (Avg: 0.3246) Dice: 0.7261 (Avg: 0.6303) IoU: 0.5867 (Avg: 0.4925)
Train Epoch: [40][88/138] Loss: 0.3316 (Avg: 0.3247) Dice: 0.6368 (Avg: 0.6304) IoU: 0.4915 (Avg: 0.4925)
Train Epoch: [40][89/138] Loss: 0.4408 (Avg: 0.3260) Dice: 0.5138 (Avg: 0.6291) IoU: 0.4015 (Avg: 0.4915)
Train Epoch: [40][90/138] Loss: 0.2313 (Avg: 0.3249) Dice: 0.7342 (Avg: 0.6303) IoU: 0.5877 (Avg: 0.4926)
Train Epoch: [40][91/138] Loss: 0.2463 (Avg: 0.3241) Dice: 0.6706 (Avg: 0.6307) IoU: 0.5676 (Avg: 0.4934)
Train Epoch: [40][92/138] Loss: 0.2782 (Avg: 0.3236) Dice: 0.6786 (Avg: 0.6312) IoU: 0.5236 (Avg: 0.4937)
Train Epoch: [40][93/138] Loss: 0.3299 (Avg: 0.3236) Dice: 0.6031 (Avg: 0.6309) IoU: 0.4545 (Avg: 0.4933)
Train Epoch: [40][94/138] Loss: 0.1983 (Avg: 0.3223) Dice: 0.7493 (Avg: 0.6322) IoU: 0.6150 (Avg: 0.4946)
Train Epoch: [40][95/138] Loss: 0.4374 (Avg: 0.3235) Dice: 0.5248 (Avg: 0.6311) IoU: 0.4005 (Avg: 0.4936)
Train Epoch: [40][96/138] Loss: 0.3302 (Avg: 0.3236) Dice: 0.6456 (Avg: 0.6312) IoU: 0.4800 (Avg: 0.4935)
Train Epoch: [40][97/138] Loss: 0.4638 (Avg: 0.3250) Dice: 0.4869 (Avg: 0.6297) IoU: 0.3261 (Avg: 0.4917)
Train Epoch: [40][98/138] Loss: 0.2466 (Avg: 0.3242) Dice: 0.6993 (Avg: 0.6304) IoU: 0.5674 (Avg: 0.4925)
Train Epoch: [40][99/138] Loss: 0.2732 (Avg: 0.3237) Dice: 0.6860 (Avg: 0.6310) IoU: 0.5588 (Avg: 0.4932)
Train Epoch: [40][100/138] Loss: 0.3907 (Avg: 0.3244) Dice: 0.5638 (Avg: 0.6303) IoU: 0.4550 (Avg: 0.4928)
Train Epoch: [40][101/138] Loss: 0.2761 (Avg: 0.3239) Dice: 0.6975 (Avg: 0.6310) IoU: 0.5566 (Avg: 0.4934)
Train Epoch: [40][102/138] Loss: 0.2752 (Avg: 0.3234) Dice: 0.6802 (Avg: 0.6315) IoU: 0.5157 (Avg: 0.4936)
Train Epoch: [40][103/138] Loss: 0.3862 (Avg: 0.3240) Dice: 0.5719 (Avg: 0.6309) IoU: 0.4758 (Avg: 0.4935)
Train Epoch: [40][104/138] Loss: 0.1701 (Avg: 0.3226) Dice: 0.7778 (Avg: 0.6323) IoU: 0.6425 (Avg: 0.4949)
Train Epoch: [40][105/138] Loss: 0.2525 (Avg: 0.3219) Dice: 0.6992 (Avg: 0.6329) IoU: 0.5484 (Avg: 0.4954)
Train Epoch: [40][106/138] Loss: 0.2823 (Avg: 0.3215) Dice: 0.6567 (Avg: 0.6332) IoU: 0.5009 (Avg: 0.4955)
Train Epoch: [40][107/138] Loss: 0.4831 (Avg: 0.3230) Dice: 0.4533 (Avg: 0.6315) IoU: 0.3465 (Avg: 0.4941)
Train Epoch: [40][108/138] Loss: 0.1797 (Avg: 0.3217) Dice: 0.7816 (Avg: 0.6329) IoU: 0.6520 (Avg: 0.4955)
Train Epoch: [40][109/138] Loss: 0.4369 (Avg: 0.3228) Dice: 0.5631 (Avg: 0.6322) IoU: 0.4711 (Avg: 0.4953)
Train Epoch: [40][110/138] Loss: 0.2417 (Avg: 0.3220) Dice: 0.6975 (Avg: 0.6328) IoU: 0.5595 (Avg: 0.4959)
Train Epoch: [40][111/138] Loss: 0.2254 (Avg: 0.3211) Dice: 0.7550 (Avg: 0.6339) IoU: 0.6221 (Avg: 0.4970)
Train Epoch: [40][112/138] Loss: 0.1995 (Avg: 0.3201) Dice: 0.7594 (Avg: 0.6350) IoU: 0.6288 (Avg: 0.4982)
Train Epoch: [40][113/138] Loss: 0.3040 (Avg: 0.3199) Dice: 0.6563 (Avg: 0.6352) IoU: 0.5188 (Avg: 0.4984)
Train Epoch: [40][114/138] Loss: 0.2538 (Avg: 0.3193) Dice: 0.6982 (Avg: 0.6358) IoU: 0.5372 (Avg: 0.4987)
Train Epoch: [40][115/138] Loss: 0.4437 (Avg: 0.3204) Dice: 0.5032 (Avg: 0.6346) IoU: 0.3812 (Avg: 0.4977)
Train Epoch: [40][116/138] Loss: 0.2534 (Avg: 0.3198) Dice: 0.6960 (Avg: 0.6352) IoU: 0.5508 (Avg: 0.4982)
Train Epoch: [40][117/138] Loss: 0.1374 (Avg: 0.3183) Dice: 0.8306 (Avg: 0.6368) IoU: 0.7157 (Avg: 0.5000)
Train Epoch: [40][118/138] Loss: 0.2993 (Avg: 0.3181) Dice: 0.6713 (Avg: 0.6371) IoU: 0.5318 (Avg: 0.5003)
Train Epoch: [40][119/138] Loss: 0.2331 (Avg: 0.3174) Dice: 0.7171 (Avg: 0.6378) IoU: 0.5679 (Avg: 0.5009)
Train Epoch: [40][120/138] Loss: 0.3271 (Avg: 0.3175) Dice: 0.6068 (Avg: 0.6375) IoU: 0.4660 (Avg: 0.5006)
Train Epoch: [40][121/138] Loss: 0.3375 (Avg: 0.3177) Dice: 0.6286 (Avg: 0.6375) IoU: 0.5027 (Avg: 0.5006)
Train Epoch: [40][122/138] Loss: 0.1910 (Avg: 0.3166) Dice: 0.7737 (Avg: 0.6386) IoU: 0.6318 (Avg: 0.5017)
Train Epoch: [40][123/138] Loss: 0.1662 (Avg: 0.3154) Dice: 0.8015 (Avg: 0.6399) IoU: 0.6722 (Avg: 0.5031)
Train Epoch: [40][124/138] Loss: 0.2726 (Avg: 0.3150) Dice: 0.6776 (Avg: 0.6402) IoU: 0.5129 (Avg: 0.5031)
Train Epoch: [40][125/138] Loss: 0.2938 (Avg: 0.3149) Dice: 0.6600 (Avg: 0.6404) IoU: 0.5101 (Avg: 0.5032)
Train Epoch: [40][126/138] Loss: 0.2667 (Avg: 0.3145) Dice: 0.6751 (Avg: 0.6406) IoU: 0.5337 (Avg: 0.5034)
Train Epoch: [40][127/138] Loss: 0.7466 (Avg: 0.3179) Dice: 0.2059 (Avg: 0.6372) IoU: 0.1300 (Avg: 0.5005)
Train Epoch: [40][128/138] Loss: 0.4073 (Avg: 0.3186) Dice: 0.5615 (Avg: 0.6366) IoU: 0.4077 (Avg: 0.4998)
Train Epoch: [40][129/138] Loss: 0.4497 (Avg: 0.3196) Dice: 0.5408 (Avg: 0.6359) IoU: 0.3979 (Avg: 0.4990)
Train Epoch: [40][130/138] Loss: 0.4207 (Avg: 0.3204) Dice: 0.5314 (Avg: 0.6351) IoU: 0.3804 (Avg: 0.4981)
Train Epoch: [40][131/138] Loss: 0.3319 (Avg: 0.3205) Dice: 0.6089 (Avg: 0.6349) IoU: 0.4809 (Avg: 0.4979)
Train Epoch: [40][132/138] Loss: 0.3231 (Avg: 0.3205) Dice: 0.6271 (Avg: 0.6348) IoU: 0.4696 (Avg: 0.4977)
Train Epoch: [40][133/138] Loss: 0.2535 (Avg: 0.3200) Dice: 0.7128 (Avg: 0.6354) IoU: 0.5805 (Avg: 0.4983)
Train Epoch: [40][134/138] Loss: 0.2040 (Avg: 0.3191) Dice: 0.7473 (Avg: 0.6362) IoU: 0.6191 (Avg: 0.4992)
Train Epoch: [40][135/138] Loss: 0.2168 (Avg: 0.3184) Dice: 0.7540 (Avg: 0.6371) IoU: 0.6320 (Avg: 0.5002)
Train Epoch: [40][136/138] Loss: 0.3755 (Avg: 0.3188) Dice: 0.5367 (Avg: 0.6364) IoU: 0.4130 (Avg: 0.4996)
Train Epoch: [40][137/138] Loss: 0.3213 (Avg: 0.3188) Dice: 0.6398 (Avg: 0.6364) IoU: 0.4891 (Avg: 0.4995)
Train Epoch: [40][138/138] Loss: 0.5801 (Avg: 0.3175) Dice: 0.3784 (Avg: 0.6325) IoU: 0.2333 (Avg: 0.4963)
Validation Epoch: [40] Avg Loss: 0.3943 Avg Dice: 0.5492 Avg IoU: 0.4220

========= Epoch [41/50] =========
Train Epoch: [41][1/138] Loss: 0.3561 (Avg: 0.3561) Dice: 0.5808 (Avg: 0.5808) IoU: 0.4821 (Avg: 0.4821)
Train Epoch: [41][2/138] Loss: 0.2428 (Avg: 0.2995) Dice: 0.7121 (Avg: 0.6464) IoU: 0.5713 (Avg: 0.5267)
Train Epoch: [41][3/138] Loss: 0.2113 (Avg: 0.2701) Dice: 0.7309 (Avg: 0.6746) IoU: 0.5826 (Avg: 0.5453)
Train Epoch: [41][4/138] Loss: 0.3041 (Avg: 0.2786) Dice: 0.6133 (Avg: 0.6592) IoU: 0.4956 (Avg: 0.5329)
Train Epoch: [41][5/138] Loss: 0.1866 (Avg: 0.2602) Dice: 0.7776 (Avg: 0.6829) IoU: 0.6472 (Avg: 0.5558)
Train Epoch: [41][6/138] Loss: 0.2146 (Avg: 0.2526) Dice: 0.7464 (Avg: 0.6935) IoU: 0.6060 (Avg: 0.5641)
Train Epoch: [41][7/138] Loss: 0.2711 (Avg: 0.2552) Dice: 0.6812 (Avg: 0.6917) IoU: 0.5297 (Avg: 0.5592)
Train Epoch: [41][8/138] Loss: 0.3733 (Avg: 0.2700) Dice: 0.5542 (Avg: 0.6745) IoU: 0.4102 (Avg: 0.5406)
Train Epoch: [41][9/138] Loss: 0.1592 (Avg: 0.2577) Dice: 0.8136 (Avg: 0.6900) IoU: 0.6988 (Avg: 0.5582)
Train Epoch: [41][10/138] Loss: 0.1992 (Avg: 0.2518) Dice: 0.7535 (Avg: 0.6963) IoU: 0.6194 (Avg: 0.5643)
Train Epoch: [41][11/138] Loss: 0.1811 (Avg: 0.2454) Dice: 0.7838 (Avg: 0.7043) IoU: 0.6468 (Avg: 0.5718)
Train Epoch: [41][12/138] Loss: 0.1199 (Avg: 0.2349) Dice: 0.8656 (Avg: 0.7177) IoU: 0.7668 (Avg: 0.5880)
Train Epoch: [41][13/138] Loss: 0.3330 (Avg: 0.2425) Dice: 0.6215 (Avg: 0.7103) IoU: 0.4727 (Avg: 0.5792)
Train Epoch: [41][14/138] Loss: 0.4999 (Avg: 0.2609) Dice: 0.4897 (Avg: 0.6946) IoU: 0.4095 (Avg: 0.5671)
Train Epoch: [41][15/138] Loss: 0.4669 (Avg: 0.2746) Dice: 0.4686 (Avg: 0.6795) IoU: 0.3863 (Avg: 0.5550)
Train Epoch: [41][16/138] Loss: 0.1631 (Avg: 0.2676) Dice: 0.7979 (Avg: 0.6869) IoU: 0.6659 (Avg: 0.5619)
Train Epoch: [41][17/138] Loss: 0.2046 (Avg: 0.2639) Dice: 0.7563 (Avg: 0.6910) IoU: 0.6206 (Avg: 0.5654)
Train Epoch: [41][18/138] Loss: 0.3818 (Avg: 0.2705) Dice: 0.5736 (Avg: 0.6845) IoU: 0.4370 (Avg: 0.5583)
Train Epoch: [41][19/138] Loss: 0.3744 (Avg: 0.2759) Dice: 0.5889 (Avg: 0.6794) IoU: 0.4525 (Avg: 0.5527)
Train Epoch: [41][20/138] Loss: 0.2879 (Avg: 0.2765) Dice: 0.6773 (Avg: 0.6793) IoU: 0.5352 (Avg: 0.5518)
Train Epoch: [41][21/138] Loss: 0.4176 (Avg: 0.2833) Dice: 0.5425 (Avg: 0.6728) IoU: 0.4079 (Avg: 0.5450)
Train Epoch: [41][22/138] Loss: 0.2630 (Avg: 0.2823) Dice: 0.6872 (Avg: 0.6735) IoU: 0.5288 (Avg: 0.5442)
Train Epoch: [41][23/138] Loss: 0.2397 (Avg: 0.2805) Dice: 0.7346 (Avg: 0.6761) IoU: 0.5868 (Avg: 0.5461)
Train Epoch: [41][24/138] Loss: 0.2359 (Avg: 0.2786) Dice: 0.7224 (Avg: 0.6781) IoU: 0.5902 (Avg: 0.5479)
Train Epoch: [41][25/138] Loss: 0.4057 (Avg: 0.2837) Dice: 0.5627 (Avg: 0.6734) IoU: 0.3969 (Avg: 0.5419)
Train Epoch: [41][26/138] Loss: 0.1625 (Avg: 0.2790) Dice: 0.8113 (Avg: 0.6787) IoU: 0.6943 (Avg: 0.5477)
Train Epoch: [41][27/138] Loss: 0.4373 (Avg: 0.2849) Dice: 0.5318 (Avg: 0.6733) IoU: 0.4131 (Avg: 0.5428)
Train Epoch: [41][28/138] Loss: 0.2777 (Avg: 0.2847) Dice: 0.6901 (Avg: 0.6739) IoU: 0.5285 (Avg: 0.5422)
Train Epoch: [41][29/138] Loss: 0.3832 (Avg: 0.2880) Dice: 0.5422 (Avg: 0.6694) IoU: 0.4043 (Avg: 0.5375)
Train Epoch: [41][30/138] Loss: 0.3882 (Avg: 0.2914) Dice: 0.6035 (Avg: 0.6672) IoU: 0.5041 (Avg: 0.5364)
Train Epoch: [41][31/138] Loss: 0.1347 (Avg: 0.2863) Dice: 0.8333 (Avg: 0.6725) IoU: 0.7174 (Avg: 0.5422)
Train Epoch: [41][32/138] Loss: 0.3454 (Avg: 0.2882) Dice: 0.6185 (Avg: 0.6708) IoU: 0.5263 (Avg: 0.5417)
Train Epoch: [41][33/138] Loss: 0.3670 (Avg: 0.2906) Dice: 0.5595 (Avg: 0.6675) IoU: 0.3971 (Avg: 0.5373)
Train Epoch: [41][34/138] Loss: 0.2056 (Avg: 0.2881) Dice: 0.7540 (Avg: 0.6700) IoU: 0.6160 (Avg: 0.5396)
Train Epoch: [41][35/138] Loss: 0.3161 (Avg: 0.2889) Dice: 0.6312 (Avg: 0.6689) IoU: 0.4886 (Avg: 0.5382)
Train Epoch: [41][36/138] Loss: 0.4380 (Avg: 0.2930) Dice: 0.4538 (Avg: 0.6629) IoU: 0.3230 (Avg: 0.5322)
Train Epoch: [41][37/138] Loss: 0.2846 (Avg: 0.2928) Dice: 0.6462 (Avg: 0.6625) IoU: 0.5131 (Avg: 0.5317)
Train Epoch: [41][38/138] Loss: 0.3047 (Avg: 0.2931) Dice: 0.6401 (Avg: 0.6619) IoU: 0.4844 (Avg: 0.5305)
Train Epoch: [41][39/138] Loss: 0.4204 (Avg: 0.2964) Dice: 0.5657 (Avg: 0.6594) IoU: 0.4569 (Avg: 0.5286)
Train Epoch: [41][40/138] Loss: 0.1863 (Avg: 0.2936) Dice: 0.7773 (Avg: 0.6624) IoU: 0.6407 (Avg: 0.5314)
Train Epoch: [41][41/138] Loss: 0.3011 (Avg: 0.2938) Dice: 0.6634 (Avg: 0.6624) IoU: 0.5060 (Avg: 0.5307)
Train Epoch: [41][42/138] Loss: 0.2547 (Avg: 0.2929) Dice: 0.7034 (Avg: 0.6634) IoU: 0.5501 (Avg: 0.5312)
Train Epoch: [41][43/138] Loss: 0.3314 (Avg: 0.2938) Dice: 0.6225 (Avg: 0.6624) IoU: 0.5026 (Avg: 0.5305)
Train Epoch: [41][44/138] Loss: 0.2359 (Avg: 0.2924) Dice: 0.7174 (Avg: 0.6637) IoU: 0.5637 (Avg: 0.5313)
Train Epoch: [41][45/138] Loss: 0.1823 (Avg: 0.2900) Dice: 0.7717 (Avg: 0.6661) IoU: 0.6315 (Avg: 0.5335)
Train Epoch: [41][46/138] Loss: 0.4457 (Avg: 0.2934) Dice: 0.4640 (Avg: 0.6617) IoU: 0.3831 (Avg: 0.5303)
Train Epoch: [41][47/138] Loss: 0.4407 (Avg: 0.2965) Dice: 0.5234 (Avg: 0.6587) IoU: 0.3589 (Avg: 0.5266)
Train Epoch: [41][48/138] Loss: 0.2585 (Avg: 0.2957) Dice: 0.7134 (Avg: 0.6599) IoU: 0.5860 (Avg: 0.5278)
Train Epoch: [41][49/138] Loss: 0.3085 (Avg: 0.2960) Dice: 0.6413 (Avg: 0.6595) IoU: 0.4781 (Avg: 0.5268)
Train Epoch: [41][50/138] Loss: 0.4936 (Avg: 0.2999) Dice: 0.4578 (Avg: 0.6555) IoU: 0.3105 (Avg: 0.5225)
Train Epoch: [41][51/138] Loss: 0.2623 (Avg: 0.2992) Dice: 0.6865 (Avg: 0.6561) IoU: 0.5553 (Avg: 0.5231)
Train Epoch: [41][52/138] Loss: 0.1632 (Avg: 0.2966) Dice: 0.8003 (Avg: 0.6588) IoU: 0.6847 (Avg: 0.5263)
Train Epoch: [41][53/138] Loss: 0.2042 (Avg: 0.2948) Dice: 0.7553 (Avg: 0.6607) IoU: 0.6176 (Avg: 0.5280)
Train Epoch: [41][54/138] Loss: 0.2722 (Avg: 0.2944) Dice: 0.6961 (Avg: 0.6613) IoU: 0.5427 (Avg: 0.5283)
Train Epoch: [41][55/138] Loss: 0.2194 (Avg: 0.2931) Dice: 0.7615 (Avg: 0.6631) IoU: 0.6294 (Avg: 0.5301)
Train Epoch: [41][56/138] Loss: 0.2789 (Avg: 0.2928) Dice: 0.6634 (Avg: 0.6631) IoU: 0.5194 (Avg: 0.5299)
Train Epoch: [41][57/138] Loss: 0.6372 (Avg: 0.2988) Dice: 0.3138 (Avg: 0.6570) IoU: 0.2292 (Avg: 0.5246)
Train Epoch: [41][58/138] Loss: 0.3293 (Avg: 0.2994) Dice: 0.6257 (Avg: 0.6565) IoU: 0.5155 (Avg: 0.5245)
Train Epoch: [41][59/138] Loss: 0.2585 (Avg: 0.2987) Dice: 0.7013 (Avg: 0.6572) IoU: 0.5923 (Avg: 0.5256)
Train Epoch: [41][60/138] Loss: 0.3142 (Avg: 0.2989) Dice: 0.6060 (Avg: 0.6564) IoU: 0.4427 (Avg: 0.5242)
Train Epoch: [41][61/138] Loss: 0.1854 (Avg: 0.2971) Dice: 0.7715 (Avg: 0.6583) IoU: 0.6374 (Avg: 0.5261)
Train Epoch: [41][62/138] Loss: 0.2459 (Avg: 0.2962) Dice: 0.7129 (Avg: 0.6591) IoU: 0.5650 (Avg: 0.5267)
Train Epoch: [41][63/138] Loss: 0.2838 (Avg: 0.2961) Dice: 0.7020 (Avg: 0.6598) IoU: 0.6147 (Avg: 0.5281)
Train Epoch: [41][64/138] Loss: 0.2287 (Avg: 0.2950) Dice: 0.7388 (Avg: 0.6611) IoU: 0.5882 (Avg: 0.5291)
Train Epoch: [41][65/138] Loss: 0.2283 (Avg: 0.2940) Dice: 0.7361 (Avg: 0.6622) IoU: 0.5850 (Avg: 0.5299)
Train Epoch: [41][66/138] Loss: 0.2990 (Avg: 0.2940) Dice: 0.6461 (Avg: 0.6620) IoU: 0.4828 (Avg: 0.5292)
Train Epoch: [41][67/138] Loss: 0.2465 (Avg: 0.2933) Dice: 0.7045 (Avg: 0.6626) IoU: 0.5548 (Avg: 0.5296)
Train Epoch: [41][68/138] Loss: 0.3228 (Avg: 0.2938) Dice: 0.6006 (Avg: 0.6617) IoU: 0.4737 (Avg: 0.5288)
Train Epoch: [41][69/138] Loss: 0.1275 (Avg: 0.2914) Dice: 0.8605 (Avg: 0.6646) IoU: 0.7621 (Avg: 0.5321)
Train Epoch: [41][70/138] Loss: 0.1612 (Avg: 0.2895) Dice: 0.8116 (Avg: 0.6667) IoU: 0.6889 (Avg: 0.5344)
Train Epoch: [41][71/138] Loss: 0.1917 (Avg: 0.2881) Dice: 0.7698 (Avg: 0.6681) IoU: 0.6387 (Avg: 0.5358)
Train Epoch: [41][72/138] Loss: 0.2564 (Avg: 0.2877) Dice: 0.7021 (Avg: 0.6686) IoU: 0.5690 (Avg: 0.5363)
Train Epoch: [41][73/138] Loss: 0.4228 (Avg: 0.2895) Dice: 0.5047 (Avg: 0.6664) IoU: 0.3649 (Avg: 0.5340)
Train Epoch: [41][74/138] Loss: 0.3013 (Avg: 0.2897) Dice: 0.6649 (Avg: 0.6663) IoU: 0.5334 (Avg: 0.5340)
Train Epoch: [41][75/138] Loss: 0.2678 (Avg: 0.2894) Dice: 0.6920 (Avg: 0.6667) IoU: 0.5450 (Avg: 0.5341)
Train Epoch: [41][76/138] Loss: 0.2929 (Avg: 0.2894) Dice: 0.6676 (Avg: 0.6667) IoU: 0.5106 (Avg: 0.5338)
Train Epoch: [41][77/138] Loss: 0.2790 (Avg: 0.2893) Dice: 0.6672 (Avg: 0.6667) IoU: 0.5113 (Avg: 0.5335)
Train Epoch: [41][78/138] Loss: 0.1888 (Avg: 0.2880) Dice: 0.7585 (Avg: 0.6679) IoU: 0.6232 (Avg: 0.5346)
Train Epoch: [41][79/138] Loss: 0.4577 (Avg: 0.2902) Dice: 0.4652 (Avg: 0.6653) IoU: 0.3567 (Avg: 0.5324)
Train Epoch: [41][80/138] Loss: 0.4282 (Avg: 0.2919) Dice: 0.5356 (Avg: 0.6637) IoU: 0.4276 (Avg: 0.5311)
Train Epoch: [41][81/138] Loss: 0.2430 (Avg: 0.2913) Dice: 0.7217 (Avg: 0.6644) IoU: 0.5749 (Avg: 0.5316)
Train Epoch: [41][82/138] Loss: 0.2205 (Avg: 0.2904) Dice: 0.7254 (Avg: 0.6651) IoU: 0.5758 (Avg: 0.5322)
Train Epoch: [41][83/138] Loss: 0.2126 (Avg: 0.2895) Dice: 0.7392 (Avg: 0.6660) IoU: 0.6066 (Avg: 0.5331)
Train Epoch: [41][84/138] Loss: 0.3171 (Avg: 0.2898) Dice: 0.6325 (Avg: 0.6656) IoU: 0.5166 (Avg: 0.5329)
Train Epoch: [41][85/138] Loss: 0.2715 (Avg: 0.2896) Dice: 0.6481 (Avg: 0.6654) IoU: 0.5163 (Avg: 0.5327)
Train Epoch: [41][86/138] Loss: 0.1641 (Avg: 0.2881) Dice: 0.7968 (Avg: 0.6670) IoU: 0.6751 (Avg: 0.5343)
Train Epoch: [41][87/138] Loss: 0.3268 (Avg: 0.2886) Dice: 0.6082 (Avg: 0.6663) IoU: 0.4474 (Avg: 0.5333)
Train Epoch: [41][88/138] Loss: 0.3201 (Avg: 0.2889) Dice: 0.6543 (Avg: 0.6662) IoU: 0.5456 (Avg: 0.5335)
Train Epoch: [41][89/138] Loss: 0.1886 (Avg: 0.2878) Dice: 0.7727 (Avg: 0.6673) IoU: 0.6402 (Avg: 0.5347)
Train Epoch: [41][90/138] Loss: 0.6599 (Avg: 0.2920) Dice: 0.2942 (Avg: 0.6632) IoU: 0.2055 (Avg: 0.5310)
Train Epoch: [41][91/138] Loss: 0.3729 (Avg: 0.2928) Dice: 0.5955 (Avg: 0.6625) IoU: 0.5149 (Avg: 0.5308)
Train Epoch: [41][92/138] Loss: 0.4818 (Avg: 0.2949) Dice: 0.4649 (Avg: 0.6603) IoU: 0.3169 (Avg: 0.5285)
Train Epoch: [41][93/138] Loss: 0.3997 (Avg: 0.2960) Dice: 0.5631 (Avg: 0.6593) IoU: 0.4292 (Avg: 0.5274)
Train Epoch: [41][94/138] Loss: 0.3217 (Avg: 0.2963) Dice: 0.6360 (Avg: 0.6590) IoU: 0.4879 (Avg: 0.5270)
Train Epoch: [41][95/138] Loss: 0.3477 (Avg: 0.2968) Dice: 0.6339 (Avg: 0.6588) IoU: 0.4847 (Avg: 0.5266)
Train Epoch: [41][96/138] Loss: 0.2649 (Avg: 0.2965) Dice: 0.6843 (Avg: 0.6590) IoU: 0.5406 (Avg: 0.5267)
Train Epoch: [41][97/138] Loss: 0.1880 (Avg: 0.2954) Dice: 0.7752 (Avg: 0.6602) IoU: 0.6514 (Avg: 0.5280)
Train Epoch: [41][98/138] Loss: 0.2417 (Avg: 0.2948) Dice: 0.7192 (Avg: 0.6608) IoU: 0.5732 (Avg: 0.5285)
Train Epoch: [41][99/138] Loss: 0.3555 (Avg: 0.2955) Dice: 0.5406 (Avg: 0.6596) IoU: 0.4032 (Avg: 0.5272)
Train Epoch: [41][100/138] Loss: 0.3336 (Avg: 0.2958) Dice: 0.6375 (Avg: 0.6594) IoU: 0.4749 (Avg: 0.5267)
Train Epoch: [41][101/138] Loss: 0.1266 (Avg: 0.2942) Dice: 0.8535 (Avg: 0.6613) IoU: 0.7462 (Avg: 0.5289)
Train Epoch: [41][102/138] Loss: 0.4047 (Avg: 0.2952) Dice: 0.5685 (Avg: 0.6604) IoU: 0.4017 (Avg: 0.5276)
Train Epoch: [41][103/138] Loss: 0.2539 (Avg: 0.2948) Dice: 0.7056 (Avg: 0.6608) IoU: 0.5669 (Avg: 0.5280)
Train Epoch: [41][104/138] Loss: 0.2417 (Avg: 0.2943) Dice: 0.6997 (Avg: 0.6612) IoU: 0.5423 (Avg: 0.5281)
Train Epoch: [41][105/138] Loss: 0.2206 (Avg: 0.2936) Dice: 0.7402 (Avg: 0.6620) IoU: 0.5913 (Avg: 0.5287)
Train Epoch: [41][106/138] Loss: 0.2435 (Avg: 0.2932) Dice: 0.7446 (Avg: 0.6627) IoU: 0.6136 (Avg: 0.5295)
Train Epoch: [41][107/138] Loss: 0.3043 (Avg: 0.2933) Dice: 0.6512 (Avg: 0.6626) IoU: 0.5280 (Avg: 0.5295)
Train Epoch: [41][108/138] Loss: 0.4967 (Avg: 0.2951) Dice: 0.4521 (Avg: 0.6607) IoU: 0.2979 (Avg: 0.5274)
Train Epoch: [41][109/138] Loss: 0.2473 (Avg: 0.2947) Dice: 0.7197 (Avg: 0.6612) IoU: 0.5631 (Avg: 0.5277)
Train Epoch: [41][110/138] Loss: 0.4686 (Avg: 0.2963) Dice: 0.4818 (Avg: 0.6596) IoU: 0.3761 (Avg: 0.5263)
Train Epoch: [41][111/138] Loss: 0.3496 (Avg: 0.2968) Dice: 0.5871 (Avg: 0.6589) IoU: 0.4654 (Avg: 0.5258)
Train Epoch: [41][112/138] Loss: 0.1637 (Avg: 0.2956) Dice: 0.8210 (Avg: 0.6604) IoU: 0.7014 (Avg: 0.5273)
Train Epoch: [41][113/138] Loss: 0.2889 (Avg: 0.2955) Dice: 0.6402 (Avg: 0.6602) IoU: 0.4737 (Avg: 0.5269)
Train Epoch: [41][114/138] Loss: 0.3709 (Avg: 0.2962) Dice: 0.5740 (Avg: 0.6595) IoU: 0.4235 (Avg: 0.5260)
Train Epoch: [41][115/138] Loss: 0.2205 (Avg: 0.2955) Dice: 0.7380 (Avg: 0.6601) IoU: 0.5856 (Avg: 0.5265)
Train Epoch: [41][116/138] Loss: 0.3632 (Avg: 0.2961) Dice: 0.5893 (Avg: 0.6595) IoU: 0.4425 (Avg: 0.5257)
Train Epoch: [41][117/138] Loss: 0.2829 (Avg: 0.2960) Dice: 0.6608 (Avg: 0.6595) IoU: 0.5147 (Avg: 0.5257)
Train Epoch: [41][118/138] Loss: 0.2422 (Avg: 0.2955) Dice: 0.7089 (Avg: 0.6600) IoU: 0.5513 (Avg: 0.5259)
Train Epoch: [41][119/138] Loss: 0.2753 (Avg: 0.2954) Dice: 0.6670 (Avg: 0.6600) IoU: 0.5173 (Avg: 0.5258)
Train Epoch: [41][120/138] Loss: 0.1805 (Avg: 0.2944) Dice: 0.7887 (Avg: 0.6611) IoU: 0.6601 (Avg: 0.5269)
Train Epoch: [41][121/138] Loss: 0.1591 (Avg: 0.2933) Dice: 0.7998 (Avg: 0.6622) IoU: 0.6709 (Avg: 0.5281)
Train Epoch: [41][122/138] Loss: 0.2140 (Avg: 0.2926) Dice: 0.7380 (Avg: 0.6629) IoU: 0.5955 (Avg: 0.5287)
Train Epoch: [41][123/138] Loss: 0.1309 (Avg: 0.2913) Dice: 0.8356 (Avg: 0.6643) IoU: 0.7209 (Avg: 0.5302)
Train Epoch: [41][124/138] Loss: 0.3256 (Avg: 0.2916) Dice: 0.6193 (Avg: 0.6639) IoU: 0.4693 (Avg: 0.5297)
Train Epoch: [41][125/138] Loss: 0.3141 (Avg: 0.2918) Dice: 0.6386 (Avg: 0.6637) IoU: 0.5201 (Avg: 0.5297)
Train Epoch: [41][126/138] Loss: 0.3577 (Avg: 0.2923) Dice: 0.6054 (Avg: 0.6632) IoU: 0.4404 (Avg: 0.5289)
Train Epoch: [41][127/138] Loss: 0.2744 (Avg: 0.2922) Dice: 0.6697 (Avg: 0.6633) IoU: 0.5344 (Avg: 0.5290)
Train Epoch: [41][128/138] Loss: 0.2290 (Avg: 0.2917) Dice: 0.7319 (Avg: 0.6638) IoU: 0.6081 (Avg: 0.5296)
Train Epoch: [41][129/138] Loss: 0.3558 (Avg: 0.2922) Dice: 0.6184 (Avg: 0.6635) IoU: 0.5322 (Avg: 0.5296)
Train Epoch: [41][130/138] Loss: 0.3220 (Avg: 0.2924) Dice: 0.6326 (Avg: 0.6632) IoU: 0.5017 (Avg: 0.5294)
Train Epoch: [41][131/138] Loss: 0.1955 (Avg: 0.2917) Dice: 0.7781 (Avg: 0.6641) IoU: 0.6397 (Avg: 0.5303)
Train Epoch: [41][132/138] Loss: 0.1653 (Avg: 0.2907) Dice: 0.8025 (Avg: 0.6652) IoU: 0.6732 (Avg: 0.5313)
Train Epoch: [41][133/138] Loss: 0.2464 (Avg: 0.2904) Dice: 0.7161 (Avg: 0.6655) IoU: 0.5702 (Avg: 0.5316)
Train Epoch: [41][134/138] Loss: 0.2535 (Avg: 0.2901) Dice: 0.6940 (Avg: 0.6657) IoU: 0.5517 (Avg: 0.5318)
Train Epoch: [41][135/138] Loss: 0.2337 (Avg: 0.2897) Dice: 0.7408 (Avg: 0.6663) IoU: 0.5943 (Avg: 0.5322)
Train Epoch: [41][136/138] Loss: 0.4828 (Avg: 0.2911) Dice: 0.4231 (Avg: 0.6645) IoU: 0.3277 (Avg: 0.5307)
Train Epoch: [41][137/138] Loss: 0.2769 (Avg: 0.2910) Dice: 0.6648 (Avg: 0.6645) IoU: 0.4993 (Avg: 0.5305)
Train Epoch: [41][138/138] Loss: 0.2243 (Avg: 0.2893) Dice: 0.7159 (Avg: 0.6610) IoU: 0.5575 (Avg: 0.5277)
Validation Epoch: [41] Avg Loss: 0.3394 Avg Dice: 0.6091 Avg IoU: 0.4776
	 Best dice improved from 0.6068 to 0.6091
	 Model saved to ImageEncoder_Pretrain\UNet\Pretrain_05.25_10h55\models\best_model-UNet.pth.tar

========= Epoch [42/50] =========
Train Epoch: [42][1/138] Loss: 0.1434 (Avg: 0.1434) Dice: 0.8340 (Avg: 0.8340) IoU: 0.7201 (Avg: 0.7201)
Train Epoch: [42][2/138] Loss: 0.3187 (Avg: 0.2310) Dice: 0.6101 (Avg: 0.7221) IoU: 0.4442 (Avg: 0.5821)
Train Epoch: [42][3/138] Loss: 0.1780 (Avg: 0.2134) Dice: 0.7462 (Avg: 0.7301) IoU: 0.6316 (Avg: 0.5986)
Train Epoch: [42][4/138] Loss: 0.1356 (Avg: 0.1939) Dice: 0.8294 (Avg: 0.7549) IoU: 0.7097 (Avg: 0.6264)
Train Epoch: [42][5/138] Loss: 0.2373 (Avg: 0.2026) Dice: 0.7350 (Avg: 0.7510) IoU: 0.6077 (Avg: 0.6227)
Train Epoch: [42][6/138] Loss: 0.2621 (Avg: 0.2125) Dice: 0.6839 (Avg: 0.7398) IoU: 0.5394 (Avg: 0.6088)
Train Epoch: [42][7/138] Loss: 0.4951 (Avg: 0.2529) Dice: 0.4478 (Avg: 0.6981) IoU: 0.3016 (Avg: 0.5649)
Train Epoch: [42][8/138] Loss: 0.2058 (Avg: 0.2470) Dice: 0.7699 (Avg: 0.7070) IoU: 0.6473 (Avg: 0.5752)
Train Epoch: [42][9/138] Loss: 0.2404 (Avg: 0.2463) Dice: 0.7119 (Avg: 0.7076) IoU: 0.5614 (Avg: 0.5737)
Train Epoch: [42][10/138] Loss: 0.1759 (Avg: 0.2392) Dice: 0.7794 (Avg: 0.7148) IoU: 0.6567 (Avg: 0.5820)
Train Epoch: [42][11/138] Loss: 0.4321 (Avg: 0.2568) Dice: 0.5302 (Avg: 0.6980) IoU: 0.4397 (Avg: 0.5690)
Train Epoch: [42][12/138] Loss: 0.2581 (Avg: 0.2569) Dice: 0.7061 (Avg: 0.6987) IoU: 0.5590 (Avg: 0.5682)
Train Epoch: [42][13/138] Loss: 0.2357 (Avg: 0.2552) Dice: 0.7171 (Avg: 0.7001) IoU: 0.5711 (Avg: 0.5684)
Train Epoch: [42][14/138] Loss: 0.2124 (Avg: 0.2522) Dice: 0.7297 (Avg: 0.7022) IoU: 0.5749 (Avg: 0.5689)
Train Epoch: [42][15/138] Loss: 0.3396 (Avg: 0.2580) Dice: 0.6307 (Avg: 0.6974) IoU: 0.5095 (Avg: 0.5649)
Train Epoch: [42][16/138] Loss: 0.3081 (Avg: 0.2611) Dice: 0.6735 (Avg: 0.6959) IoU: 0.5130 (Avg: 0.5617)
Train Epoch: [42][17/138] Loss: 0.4279 (Avg: 0.2709) Dice: 0.5143 (Avg: 0.6853) IoU: 0.4000 (Avg: 0.5522)
Train Epoch: [42][18/138] Loss: 0.3080 (Avg: 0.2730) Dice: 0.5694 (Avg: 0.6788) IoU: 0.4662 (Avg: 0.5474)
Train Epoch: [42][19/138] Loss: 0.2451 (Avg: 0.2715) Dice: 0.6910 (Avg: 0.6795) IoU: 0.5426 (Avg: 0.5471)
Train Epoch: [42][20/138] Loss: 0.3613 (Avg: 0.2760) Dice: 0.6011 (Avg: 0.6755) IoU: 0.4673 (Avg: 0.5432)
Train Epoch: [42][21/138] Loss: 0.2462 (Avg: 0.2746) Dice: 0.6864 (Avg: 0.6761) IoU: 0.5278 (Avg: 0.5424)
Train Epoch: [42][22/138] Loss: 0.5398 (Avg: 0.2867) Dice: 0.3996 (Avg: 0.6635) IoU: 0.2868 (Avg: 0.5308)
Train Epoch: [42][23/138] Loss: 0.3745 (Avg: 0.2905) Dice: 0.5497 (Avg: 0.6585) IoU: 0.3962 (Avg: 0.5249)
Train Epoch: [42][24/138] Loss: 0.1664 (Avg: 0.2853) Dice: 0.7975 (Avg: 0.6643) IoU: 0.6689 (Avg: 0.5309)
Train Epoch: [42][25/138] Loss: 0.2035 (Avg: 0.2820) Dice: 0.7656 (Avg: 0.6684) IoU: 0.6256 (Avg: 0.5347)
Train Epoch: [42][26/138] Loss: 0.3768 (Avg: 0.2857) Dice: 0.5783 (Avg: 0.6649) IoU: 0.4439 (Avg: 0.5312)
Train Epoch: [42][27/138] Loss: 0.3096 (Avg: 0.2866) Dice: 0.6418 (Avg: 0.6641) IoU: 0.4837 (Avg: 0.5295)
Train Epoch: [42][28/138] Loss: 0.2444 (Avg: 0.2851) Dice: 0.7149 (Avg: 0.6659) IoU: 0.5681 (Avg: 0.5309)
Train Epoch: [42][29/138] Loss: 0.2578 (Avg: 0.2841) Dice: 0.6997 (Avg: 0.6670) IoU: 0.5693 (Avg: 0.5322)
Train Epoch: [42][30/138] Loss: 0.1971 (Avg: 0.2812) Dice: 0.7711 (Avg: 0.6705) IoU: 0.6566 (Avg: 0.5363)
Train Epoch: [42][31/138] Loss: 0.2527 (Avg: 0.2803) Dice: 0.6985 (Avg: 0.6714) IoU: 0.5479 (Avg: 0.5367)
Train Epoch: [42][32/138] Loss: 0.3485 (Avg: 0.2824) Dice: 0.6053 (Avg: 0.6694) IoU: 0.4819 (Avg: 0.5350)
Train Epoch: [42][33/138] Loss: 0.3604 (Avg: 0.2848) Dice: 0.5951 (Avg: 0.6671) IoU: 0.4937 (Avg: 0.5337)
Train Epoch: [42][34/138] Loss: 0.3076 (Avg: 0.2855) Dice: 0.6447 (Avg: 0.6664) IoU: 0.5175 (Avg: 0.5333)
Train Epoch: [42][35/138] Loss: 0.1347 (Avg: 0.2812) Dice: 0.8375 (Avg: 0.6713) IoU: 0.7221 (Avg: 0.5387)
Train Epoch: [42][36/138] Loss: 0.3060 (Avg: 0.2818) Dice: 0.6551 (Avg: 0.6709) IoU: 0.5238 (Avg: 0.5382)
Train Epoch: [42][37/138] Loss: 0.2219 (Avg: 0.2802) Dice: 0.7402 (Avg: 0.6728) IoU: 0.5945 (Avg: 0.5398)
Train Epoch: [42][38/138] Loss: 0.2730 (Avg: 0.2800) Dice: 0.6877 (Avg: 0.6731) IoU: 0.5324 (Avg: 0.5396)
Train Epoch: [42][39/138] Loss: 0.3207 (Avg: 0.2811) Dice: 0.6375 (Avg: 0.6722) IoU: 0.4842 (Avg: 0.5381)
Train Epoch: [42][40/138] Loss: 0.2739 (Avg: 0.2809) Dice: 0.6753 (Avg: 0.6723) IoU: 0.5246 (Avg: 0.5378)
Train Epoch: [42][41/138] Loss: 0.2129 (Avg: 0.2792) Dice: 0.7221 (Avg: 0.6735) IoU: 0.5778 (Avg: 0.5388)
Train Epoch: [42][42/138] Loss: 0.2662 (Avg: 0.2789) Dice: 0.6482 (Avg: 0.6729) IoU: 0.4827 (Avg: 0.5374)
Train Epoch: [42][43/138] Loss: 0.1891 (Avg: 0.2768) Dice: 0.7517 (Avg: 0.6748) IoU: 0.6256 (Avg: 0.5395)
Train Epoch: [42][44/138] Loss: 0.2480 (Avg: 0.2762) Dice: 0.7030 (Avg: 0.6754) IoU: 0.5697 (Avg: 0.5402)
Train Epoch: [42][45/138] Loss: 0.2935 (Avg: 0.2766) Dice: 0.6655 (Avg: 0.6752) IoU: 0.5139 (Avg: 0.5396)
Train Epoch: [42][46/138] Loss: 0.3796 (Avg: 0.2788) Dice: 0.5887 (Avg: 0.6733) IoU: 0.4411 (Avg: 0.5375)
Train Epoch: [42][47/138] Loss: 0.1596 (Avg: 0.2763) Dice: 0.8052 (Avg: 0.6761) IoU: 0.6988 (Avg: 0.5409)
Train Epoch: [42][48/138] Loss: 0.1643 (Avg: 0.2739) Dice: 0.7996 (Avg: 0.6787) IoU: 0.6725 (Avg: 0.5436)
Train Epoch: [42][49/138] Loss: 0.2164 (Avg: 0.2728) Dice: 0.7408 (Avg: 0.6799) IoU: 0.6047 (Avg: 0.5449)
Train Epoch: [42][50/138] Loss: 0.3129 (Avg: 0.2736) Dice: 0.6376 (Avg: 0.6791) IoU: 0.4955 (Avg: 0.5439)
Train Epoch: [42][51/138] Loss: 0.1437 (Avg: 0.2710) Dice: 0.8248 (Avg: 0.6820) IoU: 0.7106 (Avg: 0.5472)
Train Epoch: [42][52/138] Loss: 0.2576 (Avg: 0.2708) Dice: 0.7122 (Avg: 0.6825) IoU: 0.5775 (Avg: 0.5477)
Train Epoch: [42][53/138] Loss: 0.1385 (Avg: 0.2683) Dice: 0.8430 (Avg: 0.6856) IoU: 0.7333 (Avg: 0.5512)
Train Epoch: [42][54/138] Loss: 0.2130 (Avg: 0.2672) Dice: 0.7374 (Avg: 0.6865) IoU: 0.5914 (Avg: 0.5520)
Train Epoch: [42][55/138] Loss: 0.3816 (Avg: 0.2693) Dice: 0.5721 (Avg: 0.6844) IoU: 0.4160 (Avg: 0.5495)
Train Epoch: [42][56/138] Loss: 0.3935 (Avg: 0.2715) Dice: 0.5916 (Avg: 0.6828) IoU: 0.4964 (Avg: 0.5486)
Train Epoch: [42][57/138] Loss: 0.1970 (Avg: 0.2702) Dice: 0.7654 (Avg: 0.6842) IoU: 0.6255 (Avg: 0.5499)
Train Epoch: [42][58/138] Loss: 0.2429 (Avg: 0.2698) Dice: 0.7312 (Avg: 0.6850) IoU: 0.5906 (Avg: 0.5506)
Train Epoch: [42][59/138] Loss: 0.2469 (Avg: 0.2694) Dice: 0.7163 (Avg: 0.6856) IoU: 0.5860 (Avg: 0.5512)
Train Epoch: [42][60/138] Loss: 0.1979 (Avg: 0.2682) Dice: 0.7622 (Avg: 0.6869) IoU: 0.6401 (Avg: 0.5527)
Train Epoch: [42][61/138] Loss: 0.3357 (Avg: 0.2693) Dice: 0.6323 (Avg: 0.6860) IoU: 0.5204 (Avg: 0.5522)
Train Epoch: [42][62/138] Loss: 0.2220 (Avg: 0.2685) Dice: 0.7486 (Avg: 0.6870) IoU: 0.6323 (Avg: 0.5535)
Train Epoch: [42][63/138] Loss: 0.3445 (Avg: 0.2697) Dice: 0.6060 (Avg: 0.6857) IoU: 0.4674 (Avg: 0.5521)
Train Epoch: [42][64/138] Loss: 0.3603 (Avg: 0.2711) Dice: 0.5537 (Avg: 0.6836) IoU: 0.4436 (Avg: 0.5504)
Train Epoch: [42][65/138] Loss: 0.1753 (Avg: 0.2697) Dice: 0.7762 (Avg: 0.6850) IoU: 0.6438 (Avg: 0.5518)
Train Epoch: [42][66/138] Loss: 0.2738 (Avg: 0.2697) Dice: 0.6714 (Avg: 0.6848) IoU: 0.5186 (Avg: 0.5513)
Train Epoch: [42][67/138] Loss: 0.1889 (Avg: 0.2685) Dice: 0.7636 (Avg: 0.6860) IoU: 0.6217 (Avg: 0.5524)
Train Epoch: [42][68/138] Loss: 0.2780 (Avg: 0.2687) Dice: 0.6638 (Avg: 0.6857) IoU: 0.5169 (Avg: 0.5519)
Train Epoch: [42][69/138] Loss: 0.3467 (Avg: 0.2698) Dice: 0.5925 (Avg: 0.6843) IoU: 0.4375 (Avg: 0.5502)
Train Epoch: [42][70/138] Loss: 0.1702 (Avg: 0.2684) Dice: 0.7930 (Avg: 0.6859) IoU: 0.6612 (Avg: 0.5518)
Train Epoch: [42][71/138] Loss: 0.4567 (Avg: 0.2710) Dice: 0.5040 (Avg: 0.6833) IoU: 0.3834 (Avg: 0.5494)
Train Epoch: [42][72/138] Loss: 0.3802 (Avg: 0.2725) Dice: 0.5781 (Avg: 0.6819) IoU: 0.4400 (Avg: 0.5479)
Train Epoch: [42][73/138] Loss: 0.1817 (Avg: 0.2713) Dice: 0.7596 (Avg: 0.6829) IoU: 0.6219 (Avg: 0.5489)
Train Epoch: [42][74/138] Loss: 0.3032 (Avg: 0.2717) Dice: 0.6388 (Avg: 0.6823) IoU: 0.4805 (Avg: 0.5480)
Train Epoch: [42][75/138] Loss: 0.2603 (Avg: 0.2716) Dice: 0.6918 (Avg: 0.6825) IoU: 0.5572 (Avg: 0.5481)
Train Epoch: [42][76/138] Loss: 0.4287 (Avg: 0.2736) Dice: 0.5031 (Avg: 0.6801) IoU: 0.3687 (Avg: 0.5457)
Train Epoch: [42][77/138] Loss: 0.3271 (Avg: 0.2743) Dice: 0.6186 (Avg: 0.6793) IoU: 0.4602 (Avg: 0.5446)
Train Epoch: [42][78/138] Loss: 0.3210 (Avg: 0.2749) Dice: 0.6274 (Avg: 0.6786) IoU: 0.5049 (Avg: 0.5441)
Train Epoch: [42][79/138] Loss: 0.3384 (Avg: 0.2757) Dice: 0.6389 (Avg: 0.6781) IoU: 0.5586 (Avg: 0.5443)
Train Epoch: [42][80/138] Loss: 0.2511 (Avg: 0.2754) Dice: 0.7300 (Avg: 0.6788) IoU: 0.5955 (Avg: 0.5450)
Train Epoch: [42][81/138] Loss: 0.2009 (Avg: 0.2745) Dice: 0.7413 (Avg: 0.6796) IoU: 0.6007 (Avg: 0.5456)
Train Epoch: [42][82/138] Loss: 0.3012 (Avg: 0.2748) Dice: 0.6372 (Avg: 0.6790) IoU: 0.4844 (Avg: 0.5449)
Train Epoch: [42][83/138] Loss: 0.2400 (Avg: 0.2744) Dice: 0.7292 (Avg: 0.6796) IoU: 0.5819 (Avg: 0.5453)
Train Epoch: [42][84/138] Loss: 0.1911 (Avg: 0.2734) Dice: 0.7888 (Avg: 0.6809) IoU: 0.6630 (Avg: 0.5467)
Train Epoch: [42][85/138] Loss: 0.1835 (Avg: 0.2724) Dice: 0.7767 (Avg: 0.6821) IoU: 0.6482 (Avg: 0.5479)
Train Epoch: [42][86/138] Loss: 0.5013 (Avg: 0.2750) Dice: 0.4696 (Avg: 0.6796) IoU: 0.3472 (Avg: 0.5456)
Train Epoch: [42][87/138] Loss: 0.5493 (Avg: 0.2782) Dice: 0.4180 (Avg: 0.6766) IoU: 0.3492 (Avg: 0.5433)
Train Epoch: [42][88/138] Loss: 0.2639 (Avg: 0.2780) Dice: 0.6883 (Avg: 0.6767) IoU: 0.5487 (Avg: 0.5434)
Train Epoch: [42][89/138] Loss: 0.1727 (Avg: 0.2768) Dice: 0.7859 (Avg: 0.6780) IoU: 0.6505 (Avg: 0.5446)
Train Epoch: [42][90/138] Loss: 0.4443 (Avg: 0.2787) Dice: 0.5113 (Avg: 0.6761) IoU: 0.3507 (Avg: 0.5425)
Train Epoch: [42][91/138] Loss: 0.1928 (Avg: 0.2778) Dice: 0.7701 (Avg: 0.6771) IoU: 0.6325 (Avg: 0.5434)
Train Epoch: [42][92/138] Loss: 0.2187 (Avg: 0.2771) Dice: 0.7465 (Avg: 0.6779) IoU: 0.6014 (Avg: 0.5441)
Train Epoch: [42][93/138] Loss: 0.2020 (Avg: 0.2763) Dice: 0.7690 (Avg: 0.6789) IoU: 0.6441 (Avg: 0.5451)
Train Epoch: [42][94/138] Loss: 0.4130 (Avg: 0.2778) Dice: 0.5355 (Avg: 0.6773) IoU: 0.4225 (Avg: 0.5438)
Train Epoch: [42][95/138] Loss: 0.1856 (Avg: 0.2768) Dice: 0.7813 (Avg: 0.6784) IoU: 0.6438 (Avg: 0.5449)
Train Epoch: [42][96/138] Loss: 0.3245 (Avg: 0.2773) Dice: 0.6267 (Avg: 0.6779) IoU: 0.4591 (Avg: 0.5440)
Train Epoch: [42][97/138] Loss: 0.3068 (Avg: 0.2776) Dice: 0.5994 (Avg: 0.6771) IoU: 0.4834 (Avg: 0.5434)
Train Epoch: [42][98/138] Loss: 0.4112 (Avg: 0.2790) Dice: 0.5694 (Avg: 0.6760) IoU: 0.4774 (Avg: 0.5427)
Train Epoch: [42][99/138] Loss: 0.2428 (Avg: 0.2786) Dice: 0.6925 (Avg: 0.6762) IoU: 0.5387 (Avg: 0.5427)
Train Epoch: [42][100/138] Loss: 0.2127 (Avg: 0.2779) Dice: 0.7493 (Avg: 0.6769) IoU: 0.6144 (Avg: 0.5434)
Train Epoch: [42][101/138] Loss: 0.4322 (Avg: 0.2795) Dice: 0.5254 (Avg: 0.6754) IoU: 0.3778 (Avg: 0.5417)
Train Epoch: [42][102/138] Loss: 0.2381 (Avg: 0.2791) Dice: 0.7160 (Avg: 0.6758) IoU: 0.5696 (Avg: 0.5420)
Train Epoch: [42][103/138] Loss: 0.1570 (Avg: 0.2779) Dice: 0.8042 (Avg: 0.6770) IoU: 0.6738 (Avg: 0.5433)
Train Epoch: [42][104/138] Loss: 0.2619 (Avg: 0.2777) Dice: 0.6958 (Avg: 0.6772) IoU: 0.5978 (Avg: 0.5438)
Train Epoch: [42][105/138] Loss: 0.1930 (Avg: 0.2769) Dice: 0.7612 (Avg: 0.6780) IoU: 0.6224 (Avg: 0.5446)
Train Epoch: [42][106/138] Loss: 0.2596 (Avg: 0.2767) Dice: 0.6981 (Avg: 0.6782) IoU: 0.5771 (Avg: 0.5449)
Train Epoch: [42][107/138] Loss: 0.3872 (Avg: 0.2778) Dice: 0.5411 (Avg: 0.6769) IoU: 0.4290 (Avg: 0.5438)
Train Epoch: [42][108/138] Loss: 0.2974 (Avg: 0.2780) Dice: 0.6433 (Avg: 0.6766) IoU: 0.4818 (Avg: 0.5432)
Train Epoch: [42][109/138] Loss: 0.3187 (Avg: 0.2783) Dice: 0.6424 (Avg: 0.6763) IoU: 0.5055 (Avg: 0.5429)
Train Epoch: [42][110/138] Loss: 0.3449 (Avg: 0.2789) Dice: 0.6300 (Avg: 0.6759) IoU: 0.5434 (Avg: 0.5429)
Train Epoch: [42][111/138] Loss: 0.1490 (Avg: 0.2778) Dice: 0.8397 (Avg: 0.6774) IoU: 0.7249 (Avg: 0.5445)
Train Epoch: [42][112/138] Loss: 0.3891 (Avg: 0.2788) Dice: 0.5392 (Avg: 0.6761) IoU: 0.3709 (Avg: 0.5430)
Train Epoch: [42][113/138] Loss: 0.1717 (Avg: 0.2778) Dice: 0.7868 (Avg: 0.6771) IoU: 0.6583 (Avg: 0.5440)
Train Epoch: [42][114/138] Loss: 0.1875 (Avg: 0.2770) Dice: 0.7651 (Avg: 0.6779) IoU: 0.6297 (Avg: 0.5447)
Train Epoch: [42][115/138] Loss: 0.3627 (Avg: 0.2778) Dice: 0.5908 (Avg: 0.6771) IoU: 0.4685 (Avg: 0.5441)
Train Epoch: [42][116/138] Loss: 0.4262 (Avg: 0.2790) Dice: 0.6007 (Avg: 0.6765) IoU: 0.5033 (Avg: 0.5437)
Train Epoch: [42][117/138] Loss: 0.2008 (Avg: 0.2784) Dice: 0.7623 (Avg: 0.6772) IoU: 0.6320 (Avg: 0.5445)
Train Epoch: [42][118/138] Loss: 0.1689 (Avg: 0.2774) Dice: 0.8226 (Avg: 0.6784) IoU: 0.6991 (Avg: 0.5458)
Train Epoch: [42][119/138] Loss: 0.4146 (Avg: 0.2786) Dice: 0.4757 (Avg: 0.6767) IoU: 0.3652 (Avg: 0.5443)
Train Epoch: [42][120/138] Loss: 0.3124 (Avg: 0.2789) Dice: 0.6228 (Avg: 0.6763) IoU: 0.4900 (Avg: 0.5438)
Train Epoch: [42][121/138] Loss: 0.2505 (Avg: 0.2786) Dice: 0.7015 (Avg: 0.6765) IoU: 0.5435 (Avg: 0.5438)
Train Epoch: [42][122/138] Loss: 0.2349 (Avg: 0.2783) Dice: 0.7231 (Avg: 0.6769) IoU: 0.5707 (Avg: 0.5440)
Train Epoch: [42][123/138] Loss: 0.3342 (Avg: 0.2787) Dice: 0.6278 (Avg: 0.6765) IoU: 0.4943 (Avg: 0.5436)
Train Epoch: [42][124/138] Loss: 0.4083 (Avg: 0.2798) Dice: 0.4983 (Avg: 0.6750) IoU: 0.3798 (Avg: 0.5423)
Train Epoch: [42][125/138] Loss: 0.1844 (Avg: 0.2790) Dice: 0.7844 (Avg: 0.6759) IoU: 0.6493 (Avg: 0.5432)
Train Epoch: [42][126/138] Loss: 0.1509 (Avg: 0.2780) Dice: 0.8071 (Avg: 0.6769) IoU: 0.6821 (Avg: 0.5443)
Train Epoch: [42][127/138] Loss: 0.3029 (Avg: 0.2782) Dice: 0.6350 (Avg: 0.6766) IoU: 0.4720 (Avg: 0.5437)
Train Epoch: [42][128/138] Loss: 0.3271 (Avg: 0.2786) Dice: 0.6206 (Avg: 0.6762) IoU: 0.4523 (Avg: 0.5430)
Train Epoch: [42][129/138] Loss: 0.1972 (Avg: 0.2780) Dice: 0.7721 (Avg: 0.6769) IoU: 0.6323 (Avg: 0.5437)
Train Epoch: [42][130/138] Loss: 0.3071 (Avg: 0.2782) Dice: 0.6431 (Avg: 0.6767) IoU: 0.5068 (Avg: 0.5434)
Train Epoch: [42][131/138] Loss: 0.1757 (Avg: 0.2774) Dice: 0.7895 (Avg: 0.6775) IoU: 0.6601 (Avg: 0.5443)
Train Epoch: [42][132/138] Loss: 0.4242 (Avg: 0.2785) Dice: 0.5255 (Avg: 0.6764) IoU: 0.3818 (Avg: 0.5431)
Train Epoch: [42][133/138] Loss: 0.4975 (Avg: 0.2802) Dice: 0.4539 (Avg: 0.6747) IoU: 0.3048 (Avg: 0.5413)
Train Epoch: [42][134/138] Loss: 0.3697 (Avg: 0.2808) Dice: 0.5788 (Avg: 0.6740) IoU: 0.4416 (Avg: 0.5405)
Train Epoch: [42][135/138] Loss: 0.3381 (Avg: 0.2812) Dice: 0.6040 (Avg: 0.6735) IoU: 0.4611 (Avg: 0.5399)
Train Epoch: [42][136/138] Loss: 0.2032 (Avg: 0.2807) Dice: 0.7507 (Avg: 0.6740) IoU: 0.6070 (Avg: 0.5404)
Train Epoch: [42][137/138] Loss: 0.2852 (Avg: 0.2807) Dice: 0.6278 (Avg: 0.6737) IoU: 0.5053 (Avg: 0.5402)
Train Epoch: [42][138/138] Loss: 0.9551 (Avg: 0.2804) Dice: 0.0367 (Avg: 0.6689) IoU: 0.0187 (Avg: 0.5363)
Validation Epoch: [42] Avg Loss: 0.3491 Avg Dice: 0.5893 Avg IoU: 0.4595

========= Epoch [43/50] =========
Train Epoch: [43][1/138] Loss: 0.4142 (Avg: 0.4142) Dice: 0.5542 (Avg: 0.5542) IoU: 0.4126 (Avg: 0.4126)
Train Epoch: [43][2/138] Loss: 0.3332 (Avg: 0.3737) Dice: 0.6558 (Avg: 0.6050) IoU: 0.4980 (Avg: 0.4553)
Train Epoch: [43][3/138] Loss: 0.2201 (Avg: 0.3225) Dice: 0.7260 (Avg: 0.6453) IoU: 0.6032 (Avg: 0.5046)
Train Epoch: [43][4/138] Loss: 0.3384 (Avg: 0.3265) Dice: 0.6031 (Avg: 0.6348) IoU: 0.4364 (Avg: 0.4876)
Train Epoch: [43][5/138] Loss: 0.2062 (Avg: 0.3024) Dice: 0.7233 (Avg: 0.6525) IoU: 0.5888 (Avg: 0.5078)
Train Epoch: [43][6/138] Loss: 0.2061 (Avg: 0.2864) Dice: 0.7521 (Avg: 0.6691) IoU: 0.6307 (Avg: 0.5283)
Train Epoch: [43][7/138] Loss: 0.3016 (Avg: 0.2885) Dice: 0.6566 (Avg: 0.6673) IoU: 0.5077 (Avg: 0.5253)
Train Epoch: [43][8/138] Loss: 0.2163 (Avg: 0.2795) Dice: 0.7433 (Avg: 0.6768) IoU: 0.6119 (Avg: 0.5362)
Train Epoch: [43][9/138] Loss: 0.3912 (Avg: 0.2919) Dice: 0.5370 (Avg: 0.6613) IoU: 0.4240 (Avg: 0.5237)
Train Epoch: [43][10/138] Loss: 0.3296 (Avg: 0.2957) Dice: 0.6140 (Avg: 0.6565) IoU: 0.4783 (Avg: 0.5192)
Train Epoch: [43][11/138] Loss: 0.1917 (Avg: 0.2862) Dice: 0.7778 (Avg: 0.6676) IoU: 0.6489 (Avg: 0.5310)
Train Epoch: [43][12/138] Loss: 0.3922 (Avg: 0.2951) Dice: 0.5578 (Avg: 0.6584) IoU: 0.3953 (Avg: 0.5197)
Train Epoch: [43][13/138] Loss: 0.4235 (Avg: 0.3049) Dice: 0.5435 (Avg: 0.6496) IoU: 0.4469 (Avg: 0.5141)
Train Epoch: [43][14/138] Loss: 0.3676 (Avg: 0.3094) Dice: 0.6146 (Avg: 0.6471) IoU: 0.5215 (Avg: 0.5146)
Train Epoch: [43][15/138] Loss: 0.3124 (Avg: 0.3096) Dice: 0.6243 (Avg: 0.6455) IoU: 0.4743 (Avg: 0.5119)
Train Epoch: [43][16/138] Loss: 0.3633 (Avg: 0.3130) Dice: 0.5578 (Avg: 0.6401) IoU: 0.4059 (Avg: 0.5053)
Train Epoch: [43][17/138] Loss: 0.2460 (Avg: 0.3090) Dice: 0.7277 (Avg: 0.6452) IoU: 0.5773 (Avg: 0.5095)
Train Epoch: [43][18/138] Loss: 0.2702 (Avg: 0.3069) Dice: 0.6400 (Avg: 0.6449) IoU: 0.4838 (Avg: 0.5081)
Train Epoch: [43][19/138] Loss: 0.3967 (Avg: 0.3116) Dice: 0.5636 (Avg: 0.6406) IoU: 0.4546 (Avg: 0.5053)
Train Epoch: [43][20/138] Loss: 0.2370 (Avg: 0.3079) Dice: 0.6910 (Avg: 0.6432) IoU: 0.5568 (Avg: 0.5078)
Train Epoch: [43][21/138] Loss: 0.2654 (Avg: 0.3058) Dice: 0.6755 (Avg: 0.6447) IoU: 0.5366 (Avg: 0.5092)
Train Epoch: [43][22/138] Loss: 0.4210 (Avg: 0.3111) Dice: 0.5120 (Avg: 0.6387) IoU: 0.3547 (Avg: 0.5022)
Train Epoch: [43][23/138] Loss: 0.2639 (Avg: 0.3090) Dice: 0.7097 (Avg: 0.6418) IoU: 0.5659 (Avg: 0.5050)
Train Epoch: [43][24/138] Loss: 0.5727 (Avg: 0.3200) Dice: 0.3896 (Avg: 0.6313) IoU: 0.2902 (Avg: 0.4960)
Train Epoch: [43][25/138] Loss: 0.1943 (Avg: 0.3150) Dice: 0.7827 (Avg: 0.6373) IoU: 0.6505 (Avg: 0.5022)
Train Epoch: [43][26/138] Loss: 0.4542 (Avg: 0.3203) Dice: 0.5094 (Avg: 0.6324) IoU: 0.4156 (Avg: 0.4989)
Train Epoch: [43][27/138] Loss: 0.3190 (Avg: 0.3203) Dice: 0.6434 (Avg: 0.6328) IoU: 0.4964 (Avg: 0.4988)
Train Epoch: [43][28/138] Loss: 0.1466 (Avg: 0.3141) Dice: 0.8492 (Avg: 0.6405) IoU: 0.7407 (Avg: 0.5074)
Train Epoch: [43][29/138] Loss: 0.6319 (Avg: 0.3251) Dice: 0.3311 (Avg: 0.6299) IoU: 0.2028 (Avg: 0.4969)
Train Epoch: [43][30/138] Loss: 0.2628 (Avg: 0.3230) Dice: 0.7324 (Avg: 0.6333) IoU: 0.5867 (Avg: 0.4999)
Train Epoch: [43][31/138] Loss: 0.2022 (Avg: 0.3191) Dice: 0.7474 (Avg: 0.6370) IoU: 0.6078 (Avg: 0.5034)
Train Epoch: [43][32/138] Loss: 0.1598 (Avg: 0.3141) Dice: 0.8062 (Avg: 0.6423) IoU: 0.6761 (Avg: 0.5088)
Train Epoch: [43][33/138] Loss: 0.3993 (Avg: 0.3167) Dice: 0.5775 (Avg: 0.6403) IoU: 0.4368 (Avg: 0.5066)
Train Epoch: [43][34/138] Loss: 0.2056 (Avg: 0.3134) Dice: 0.7524 (Avg: 0.6436) IoU: 0.6153 (Avg: 0.5098)
Train Epoch: [43][35/138] Loss: 0.3798 (Avg: 0.3153) Dice: 0.5620 (Avg: 0.6413) IoU: 0.4031 (Avg: 0.5067)
Train Epoch: [43][36/138] Loss: 0.3621 (Avg: 0.3166) Dice: 0.5680 (Avg: 0.6392) IoU: 0.4574 (Avg: 0.5054)
Train Epoch: [43][37/138] Loss: 0.1677 (Avg: 0.3126) Dice: 0.7940 (Avg: 0.6434) IoU: 0.6602 (Avg: 0.5096)
Train Epoch: [43][38/138] Loss: 0.2718 (Avg: 0.3115) Dice: 0.6301 (Avg: 0.6431) IoU: 0.4789 (Avg: 0.5088)
Train Epoch: [43][39/138] Loss: 0.1164 (Avg: 0.3065) Dice: 0.8585 (Avg: 0.6486) IoU: 0.7559 (Avg: 0.5151)
Train Epoch: [43][40/138] Loss: 0.2514 (Avg: 0.3051) Dice: 0.7097 (Avg: 0.6501) IoU: 0.5736 (Avg: 0.5166)
Train Epoch: [43][41/138] Loss: 0.1020 (Avg: 0.3002) Dice: 0.8812 (Avg: 0.6557) IoU: 0.7904 (Avg: 0.5232)
Train Epoch: [43][42/138] Loss: 0.2430 (Avg: 0.2988) Dice: 0.7198 (Avg: 0.6573) IoU: 0.5712 (Avg: 0.5244)
Train Epoch: [43][43/138] Loss: 0.2193 (Avg: 0.2970) Dice: 0.7569 (Avg: 0.6596) IoU: 0.6135 (Avg: 0.5264)
Train Epoch: [43][44/138] Loss: 0.1902 (Avg: 0.2945) Dice: 0.7612 (Avg: 0.6619) IoU: 0.6208 (Avg: 0.5286)
Train Epoch: [43][45/138] Loss: 0.2791 (Avg: 0.2942) Dice: 0.6745 (Avg: 0.6622) IoU: 0.5305 (Avg: 0.5286)
Train Epoch: [43][46/138] Loss: 0.2342 (Avg: 0.2929) Dice: 0.7284 (Avg: 0.6636) IoU: 0.5878 (Avg: 0.5299)
Train Epoch: [43][47/138] Loss: 0.2126 (Avg: 0.2912) Dice: 0.7652 (Avg: 0.6658) IoU: 0.6288 (Avg: 0.5320)
Train Epoch: [43][48/138] Loss: 0.3010 (Avg: 0.2914) Dice: 0.6525 (Avg: 0.6655) IoU: 0.4914 (Avg: 0.5312)
Train Epoch: [43][49/138] Loss: 0.2064 (Avg: 0.2897) Dice: 0.7406 (Avg: 0.6670) IoU: 0.5977 (Avg: 0.5325)
Train Epoch: [43][50/138] Loss: 0.2664 (Avg: 0.2892) Dice: 0.6910 (Avg: 0.6675) IoU: 0.5414 (Avg: 0.5327)
Train Epoch: [43][51/138] Loss: 0.2389 (Avg: 0.2882) Dice: 0.7042 (Avg: 0.6682) IoU: 0.5466 (Avg: 0.5330)
Train Epoch: [43][52/138] Loss: 0.2059 (Avg: 0.2866) Dice: 0.7406 (Avg: 0.6696) IoU: 0.6017 (Avg: 0.5343)
Train Epoch: [43][53/138] Loss: 0.5308 (Avg: 0.2912) Dice: 0.4354 (Avg: 0.6652) IoU: 0.3149 (Avg: 0.5302)
Train Epoch: [43][54/138] Loss: 0.3608 (Avg: 0.2925) Dice: 0.5589 (Avg: 0.6632) IoU: 0.4627 (Avg: 0.5289)
Train Epoch: [43][55/138] Loss: 0.1811 (Avg: 0.2905) Dice: 0.7781 (Avg: 0.6653) IoU: 0.6526 (Avg: 0.5312)
Train Epoch: [43][56/138] Loss: 0.3185 (Avg: 0.2910) Dice: 0.6191 (Avg: 0.6645) IoU: 0.4578 (Avg: 0.5299)
Train Epoch: [43][57/138] Loss: 0.1971 (Avg: 0.2893) Dice: 0.7540 (Avg: 0.6661) IoU: 0.6205 (Avg: 0.5314)
Train Epoch: [43][58/138] Loss: 0.2937 (Avg: 0.2894) Dice: 0.6537 (Avg: 0.6659) IoU: 0.4882 (Avg: 0.5307)
Train Epoch: [43][59/138] Loss: 0.2042 (Avg: 0.2880) Dice: 0.7560 (Avg: 0.6674) IoU: 0.6167 (Avg: 0.5322)
Train Epoch: [43][60/138] Loss: 0.1612 (Avg: 0.2859) Dice: 0.8041 (Avg: 0.6697) IoU: 0.6770 (Avg: 0.5346)
Train Epoch: [43][61/138] Loss: 0.1209 (Avg: 0.2832) Dice: 0.8710 (Avg: 0.6730) IoU: 0.7752 (Avg: 0.5385)
Train Epoch: [43][62/138] Loss: 0.2722 (Avg: 0.2830) Dice: 0.6913 (Avg: 0.6733) IoU: 0.5473 (Avg: 0.5387)
Train Epoch: [43][63/138] Loss: 0.2185 (Avg: 0.2820) Dice: 0.7409 (Avg: 0.6743) IoU: 0.6052 (Avg: 0.5397)
Train Epoch: [43][64/138] Loss: 0.1446 (Avg: 0.2798) Dice: 0.8254 (Avg: 0.6767) IoU: 0.7037 (Avg: 0.5423)
Train Epoch: [43][65/138] Loss: 0.3383 (Avg: 0.2807) Dice: 0.6173 (Avg: 0.6758) IoU: 0.4610 (Avg: 0.5410)
Train Epoch: [43][66/138] Loss: 0.2105 (Avg: 0.2797) Dice: 0.7516 (Avg: 0.6769) IoU: 0.6165 (Avg: 0.5422)
Train Epoch: [43][67/138] Loss: 0.2379 (Avg: 0.2790) Dice: 0.7374 (Avg: 0.6778) IoU: 0.5860 (Avg: 0.5428)
Train Epoch: [43][68/138] Loss: 0.2643 (Avg: 0.2788) Dice: 0.6851 (Avg: 0.6779) IoU: 0.5300 (Avg: 0.5426)
Train Epoch: [43][69/138] Loss: 0.2729 (Avg: 0.2787) Dice: 0.7089 (Avg: 0.6784) IoU: 0.5613 (Avg: 0.5429)
Train Epoch: [43][70/138] Loss: 0.1085 (Avg: 0.2763) Dice: 0.8742 (Avg: 0.6812) IoU: 0.7769 (Avg: 0.5462)
Train Epoch: [43][71/138] Loss: 0.3914 (Avg: 0.2779) Dice: 0.5352 (Avg: 0.6791) IoU: 0.4468 (Avg: 0.5448)
Train Epoch: [43][72/138] Loss: 0.3400 (Avg: 0.2788) Dice: 0.6096 (Avg: 0.6782) IoU: 0.4664 (Avg: 0.5438)
Train Epoch: [43][73/138] Loss: 0.3592 (Avg: 0.2799) Dice: 0.5828 (Avg: 0.6769) IoU: 0.4209 (Avg: 0.5421)
Train Epoch: [43][74/138] Loss: 0.2028 (Avg: 0.2788) Dice: 0.7616 (Avg: 0.6780) IoU: 0.6277 (Avg: 0.5432)
Train Epoch: [43][75/138] Loss: 0.5008 (Avg: 0.2818) Dice: 0.4736 (Avg: 0.6753) IoU: 0.3485 (Avg: 0.5406)
Train Epoch: [43][76/138] Loss: 0.2010 (Avg: 0.2807) Dice: 0.7522 (Avg: 0.6763) IoU: 0.6087 (Avg: 0.5415)
Train Epoch: [43][77/138] Loss: 0.2658 (Avg: 0.2805) Dice: 0.6810 (Avg: 0.6763) IoU: 0.5239 (Avg: 0.5413)
Train Epoch: [43][78/138] Loss: 0.3651 (Avg: 0.2816) Dice: 0.5539 (Avg: 0.6748) IoU: 0.4161 (Avg: 0.5397)
Train Epoch: [43][79/138] Loss: 0.3531 (Avg: 0.2825) Dice: 0.6175 (Avg: 0.6741) IoU: 0.5199 (Avg: 0.5394)
Train Epoch: [43][80/138] Loss: 0.2482 (Avg: 0.2821) Dice: 0.7126 (Avg: 0.6745) IoU: 0.5599 (Avg: 0.5397)
Train Epoch: [43][81/138] Loss: 0.2641 (Avg: 0.2819) Dice: 0.6722 (Avg: 0.6745) IoU: 0.5208 (Avg: 0.5395)
Train Epoch: [43][82/138] Loss: 0.1990 (Avg: 0.2809) Dice: 0.7536 (Avg: 0.6755) IoU: 0.6060 (Avg: 0.5403)
Train Epoch: [43][83/138] Loss: 0.3097 (Avg: 0.2812) Dice: 0.6432 (Avg: 0.6751) IoU: 0.4907 (Avg: 0.5397)
Train Epoch: [43][84/138] Loss: 0.2190 (Avg: 0.2805) Dice: 0.7413 (Avg: 0.6759) IoU: 0.5953 (Avg: 0.5403)
Train Epoch: [43][85/138] Loss: 0.2358 (Avg: 0.2800) Dice: 0.7171 (Avg: 0.6764) IoU: 0.5658 (Avg: 0.5406)
Train Epoch: [43][86/138] Loss: 0.1585 (Avg: 0.2785) Dice: 0.7999 (Avg: 0.6778) IoU: 0.6752 (Avg: 0.5422)
Train Epoch: [43][87/138] Loss: 0.2811 (Avg: 0.2786) Dice: 0.6264 (Avg: 0.6772) IoU: 0.4847 (Avg: 0.5415)
Train Epoch: [43][88/138] Loss: 0.2436 (Avg: 0.2782) Dice: 0.7267 (Avg: 0.6778) IoU: 0.5979 (Avg: 0.5422)
Train Epoch: [43][89/138] Loss: 0.1693 (Avg: 0.2769) Dice: 0.7925 (Avg: 0.6791) IoU: 0.6810 (Avg: 0.5437)
Train Epoch: [43][90/138] Loss: 0.3646 (Avg: 0.2779) Dice: 0.5618 (Avg: 0.6777) IoU: 0.4287 (Avg: 0.5425)
Train Epoch: [43][91/138] Loss: 0.2540 (Avg: 0.2777) Dice: 0.7050 (Avg: 0.6780) IoU: 0.5945 (Avg: 0.5430)
Train Epoch: [43][92/138] Loss: 0.1926 (Avg: 0.2767) Dice: 0.7671 (Avg: 0.6790) IoU: 0.6398 (Avg: 0.5441)
Train Epoch: [43][93/138] Loss: 0.4416 (Avg: 0.2785) Dice: 0.5177 (Avg: 0.6773) IoU: 0.4451 (Avg: 0.5430)
Train Epoch: [43][94/138] Loss: 0.3632 (Avg: 0.2794) Dice: 0.5907 (Avg: 0.6764) IoU: 0.4296 (Avg: 0.5418)
Train Epoch: [43][95/138] Loss: 0.2261 (Avg: 0.2788) Dice: 0.7518 (Avg: 0.6772) IoU: 0.6035 (Avg: 0.5425)
Train Epoch: [43][96/138] Loss: 0.2424 (Avg: 0.2785) Dice: 0.7150 (Avg: 0.6775) IoU: 0.5679 (Avg: 0.5427)
Train Epoch: [43][97/138] Loss: 0.2530 (Avg: 0.2782) Dice: 0.7154 (Avg: 0.6779) IoU: 0.5905 (Avg: 0.5432)
Train Epoch: [43][98/138] Loss: 0.2522 (Avg: 0.2779) Dice: 0.6953 (Avg: 0.6781) IoU: 0.5588 (Avg: 0.5434)
Train Epoch: [43][99/138] Loss: 0.1467 (Avg: 0.2766) Dice: 0.8288 (Avg: 0.6796) IoU: 0.7180 (Avg: 0.5452)
Train Epoch: [43][100/138] Loss: 0.2461 (Avg: 0.2763) Dice: 0.7023 (Avg: 0.6799) IoU: 0.5662 (Avg: 0.5454)
Train Epoch: [43][101/138] Loss: 0.3125 (Avg: 0.2767) Dice: 0.6328 (Avg: 0.6794) IoU: 0.4786 (Avg: 0.5447)
Train Epoch: [43][102/138] Loss: 0.2590 (Avg: 0.2765) Dice: 0.7007 (Avg: 0.6796) IoU: 0.5481 (Avg: 0.5447)
Train Epoch: [43][103/138] Loss: 0.2218 (Avg: 0.2760) Dice: 0.7642 (Avg: 0.6804) IoU: 0.6419 (Avg: 0.5457)
Train Epoch: [43][104/138] Loss: 0.1844 (Avg: 0.2751) Dice: 0.7738 (Avg: 0.6813) IoU: 0.6458 (Avg: 0.5466)
Train Epoch: [43][105/138] Loss: 0.2717 (Avg: 0.2751) Dice: 0.7024 (Avg: 0.6815) IoU: 0.5760 (Avg: 0.5469)
Train Epoch: [43][106/138] Loss: 0.2591 (Avg: 0.2749) Dice: 0.7092 (Avg: 0.6818) IoU: 0.5585 (Avg: 0.5470)
Train Epoch: [43][107/138] Loss: 0.2752 (Avg: 0.2749) Dice: 0.6614 (Avg: 0.6816) IoU: 0.5155 (Avg: 0.5467)
Train Epoch: [43][108/138] Loss: 0.1806 (Avg: 0.2740) Dice: 0.8008 (Avg: 0.6827) IoU: 0.6782 (Avg: 0.5480)
Train Epoch: [43][109/138] Loss: 0.1303 (Avg: 0.2727) Dice: 0.8469 (Avg: 0.6842) IoU: 0.7457 (Avg: 0.5498)
Train Epoch: [43][110/138] Loss: 0.2943 (Avg: 0.2729) Dice: 0.6503 (Avg: 0.6839) IoU: 0.5155 (Avg: 0.5495)
Train Epoch: [43][111/138] Loss: 0.2405 (Avg: 0.2726) Dice: 0.7047 (Avg: 0.6841) IoU: 0.5536 (Avg: 0.5495)
Train Epoch: [43][112/138] Loss: 0.2486 (Avg: 0.2724) Dice: 0.7018 (Avg: 0.6842) IoU: 0.5445 (Avg: 0.5494)
Train Epoch: [43][113/138] Loss: 0.3136 (Avg: 0.2728) Dice: 0.6434 (Avg: 0.6839) IoU: 0.4937 (Avg: 0.5490)
Train Epoch: [43][114/138] Loss: 0.2327 (Avg: 0.2724) Dice: 0.7269 (Avg: 0.6843) IoU: 0.5907 (Avg: 0.5493)
Train Epoch: [43][115/138] Loss: 0.2727 (Avg: 0.2724) Dice: 0.5977 (Avg: 0.6835) IoU: 0.5046 (Avg: 0.5489)
Train Epoch: [43][116/138] Loss: 0.2972 (Avg: 0.2726) Dice: 0.6454 (Avg: 0.6832) IoU: 0.5052 (Avg: 0.5486)
Train Epoch: [43][117/138] Loss: 0.2275 (Avg: 0.2722) Dice: 0.7254 (Avg: 0.6835) IoU: 0.5827 (Avg: 0.5488)
Train Epoch: [43][118/138] Loss: 0.3553 (Avg: 0.2730) Dice: 0.6108 (Avg: 0.6829) IoU: 0.4639 (Avg: 0.5481)
Train Epoch: [43][119/138] Loss: 0.1970 (Avg: 0.2723) Dice: 0.7639 (Avg: 0.6836) IoU: 0.6244 (Avg: 0.5488)
Train Epoch: [43][120/138] Loss: 0.2560 (Avg: 0.2722) Dice: 0.6942 (Avg: 0.6837) IoU: 0.5367 (Avg: 0.5487)
Train Epoch: [43][121/138] Loss: 0.2604 (Avg: 0.2721) Dice: 0.6545 (Avg: 0.6835) IoU: 0.5178 (Avg: 0.5484)
Train Epoch: [43][122/138] Loss: 0.2039 (Avg: 0.2715) Dice: 0.7265 (Avg: 0.6838) IoU: 0.5763 (Avg: 0.5486)
Train Epoch: [43][123/138] Loss: 0.1131 (Avg: 0.2702) Dice: 0.8617 (Avg: 0.6852) IoU: 0.7591 (Avg: 0.5504)
Train Epoch: [43][124/138] Loss: 0.2548 (Avg: 0.2701) Dice: 0.6950 (Avg: 0.6853) IoU: 0.5483 (Avg: 0.5503)
Train Epoch: [43][125/138] Loss: 0.2744 (Avg: 0.2701) Dice: 0.6882 (Avg: 0.6854) IoU: 0.5372 (Avg: 0.5502)
Train Epoch: [43][126/138] Loss: 0.3956 (Avg: 0.2711) Dice: 0.5322 (Avg: 0.6841) IoU: 0.3801 (Avg: 0.5489)
Train Epoch: [43][127/138] Loss: 0.2798 (Avg: 0.2712) Dice: 0.6640 (Avg: 0.6840) IoU: 0.5250 (Avg: 0.5487)
Train Epoch: [43][128/138] Loss: 0.3765 (Avg: 0.2720) Dice: 0.5660 (Avg: 0.6831) IoU: 0.4596 (Avg: 0.5480)
Train Epoch: [43][129/138] Loss: 0.1609 (Avg: 0.2712) Dice: 0.8093 (Avg: 0.6840) IoU: 0.6856 (Avg: 0.5491)
Train Epoch: [43][130/138] Loss: 0.1383 (Avg: 0.2701) Dice: 0.8235 (Avg: 0.6851) IoU: 0.7044 (Avg: 0.5503)
Train Epoch: [43][131/138] Loss: 0.4387 (Avg: 0.2714) Dice: 0.5132 (Avg: 0.6838) IoU: 0.3757 (Avg: 0.5489)
Train Epoch: [43][132/138] Loss: 0.2889 (Avg: 0.2716) Dice: 0.6522 (Avg: 0.6836) IoU: 0.5064 (Avg: 0.5486)
Train Epoch: [43][133/138] Loss: 0.3536 (Avg: 0.2722) Dice: 0.6266 (Avg: 0.6831) IoU: 0.4747 (Avg: 0.5480)
Train Epoch: [43][134/138] Loss: 0.2360 (Avg: 0.2719) Dice: 0.7287 (Avg: 0.6835) IoU: 0.5764 (Avg: 0.5483)
Train Epoch: [43][135/138] Loss: 0.4163 (Avg: 0.2730) Dice: 0.5501 (Avg: 0.6825) IoU: 0.4351 (Avg: 0.5474)
Train Epoch: [43][136/138] Loss: 0.2686 (Avg: 0.2729) Dice: 0.6822 (Avg: 0.6825) IoU: 0.5545 (Avg: 0.5475)
Train Epoch: [43][137/138] Loss: 0.1658 (Avg: 0.2722) Dice: 0.8169 (Avg: 0.6835) IoU: 0.7007 (Avg: 0.5486)
Train Epoch: [43][138/138] Loss: 0.1242 (Avg: 0.2704) Dice: 0.8649 (Avg: 0.6801) IoU: 0.7619 (Avg: 0.5460)
Validation Epoch: [43] Avg Loss: 0.3393 Avg Dice: 0.6100 Avg IoU: 0.4797
	 Best dice improved from 0.6091 to 0.6100
	 Model saved to ImageEncoder_Pretrain\UNet\Pretrain_05.25_10h55\models\best_model-UNet.pth.tar

========= Epoch [44/50] =========
Train Epoch: [44][1/138] Loss: 0.1635 (Avg: 0.1635) Dice: 0.7982 (Avg: 0.7982) IoU: 0.6704 (Avg: 0.6704)
Train Epoch: [44][2/138] Loss: 0.2354 (Avg: 0.1995) Dice: 0.6953 (Avg: 0.7468) IoU: 0.5785 (Avg: 0.6244)
Train Epoch: [44][3/138] Loss: 0.1741 (Avg: 0.1910) Dice: 0.7859 (Avg: 0.7598) IoU: 0.6554 (Avg: 0.6347)
Train Epoch: [44][4/138] Loss: 0.3613 (Avg: 0.2336) Dice: 0.5826 (Avg: 0.7155) IoU: 0.4526 (Avg: 0.5892)
Train Epoch: [44][5/138] Loss: 0.2471 (Avg: 0.2363) Dice: 0.7083 (Avg: 0.7141) IoU: 0.5628 (Avg: 0.5839)
Train Epoch: [44][6/138] Loss: 0.3276 (Avg: 0.2515) Dice: 0.6176 (Avg: 0.6980) IoU: 0.4706 (Avg: 0.5651)
Train Epoch: [44][7/138] Loss: 0.1614 (Avg: 0.2386) Dice: 0.7987 (Avg: 0.7124) IoU: 0.6790 (Avg: 0.5813)
Train Epoch: [44][8/138] Loss: 0.2482 (Avg: 0.2398) Dice: 0.6961 (Avg: 0.7103) IoU: 0.5414 (Avg: 0.5763)
Train Epoch: [44][9/138] Loss: 0.3700 (Avg: 0.2543) Dice: 0.5705 (Avg: 0.6948) IoU: 0.4458 (Avg: 0.5618)
Train Epoch: [44][10/138] Loss: 0.2258 (Avg: 0.2515) Dice: 0.7364 (Avg: 0.6990) IoU: 0.5886 (Avg: 0.5645)
Train Epoch: [44][11/138] Loss: 0.2634 (Avg: 0.2525) Dice: 0.6924 (Avg: 0.6984) IoU: 0.5334 (Avg: 0.5617)
Train Epoch: [44][12/138] Loss: 0.3955 (Avg: 0.2645) Dice: 0.5413 (Avg: 0.6853) IoU: 0.4280 (Avg: 0.5505)
Train Epoch: [44][13/138] Loss: 0.2268 (Avg: 0.2616) Dice: 0.7212 (Avg: 0.6880) IoU: 0.5753 (Avg: 0.5524)
Train Epoch: [44][14/138] Loss: 0.2470 (Avg: 0.2605) Dice: 0.7046 (Avg: 0.6892) IoU: 0.5541 (Avg: 0.5526)
Train Epoch: [44][15/138] Loss: 0.2975 (Avg: 0.2630) Dice: 0.6281 (Avg: 0.6851) IoU: 0.5273 (Avg: 0.5509)
Train Epoch: [44][16/138] Loss: 0.2241 (Avg: 0.2606) Dice: 0.7348 (Avg: 0.6882) IoU: 0.6153 (Avg: 0.5549)
Train Epoch: [44][17/138] Loss: 0.1845 (Avg: 0.2561) Dice: 0.7895 (Avg: 0.6942) IoU: 0.6655 (Avg: 0.5614)
Train Epoch: [44][18/138] Loss: 0.3575 (Avg: 0.2617) Dice: 0.5876 (Avg: 0.6883) IoU: 0.4323 (Avg: 0.5542)
Train Epoch: [44][19/138] Loss: 0.3509 (Avg: 0.2664) Dice: 0.5931 (Avg: 0.6833) IoU: 0.4375 (Avg: 0.5481)
Train Epoch: [44][20/138] Loss: 0.4330 (Avg: 0.2747) Dice: 0.5244 (Avg: 0.6753) IoU: 0.4138 (Avg: 0.5414)
Train Epoch: [44][21/138] Loss: 0.3525 (Avg: 0.2784) Dice: 0.5993 (Avg: 0.6717) IoU: 0.4434 (Avg: 0.5367)
Train Epoch: [44][22/138] Loss: 0.3491 (Avg: 0.2817) Dice: 0.6099 (Avg: 0.6689) IoU: 0.4972 (Avg: 0.5349)
Train Epoch: [44][23/138] Loss: 0.2471 (Avg: 0.2801) Dice: 0.6438 (Avg: 0.6678) IoU: 0.5661 (Avg: 0.5363)
Train Epoch: [44][24/138] Loss: 0.1669 (Avg: 0.2754) Dice: 0.8119 (Avg: 0.6738) IoU: 0.6889 (Avg: 0.5426)
Train Epoch: [44][25/138] Loss: 0.2449 (Avg: 0.2742) Dice: 0.6904 (Avg: 0.6745) IoU: 0.5310 (Avg: 0.5422)
Train Epoch: [44][26/138] Loss: 0.2317 (Avg: 0.2726) Dice: 0.7154 (Avg: 0.6761) IoU: 0.5695 (Avg: 0.5432)
Train Epoch: [44][27/138] Loss: 0.1640 (Avg: 0.2686) Dice: 0.8050 (Avg: 0.6808) IoU: 0.6775 (Avg: 0.5482)
Train Epoch: [44][28/138] Loss: 0.1930 (Avg: 0.2659) Dice: 0.7640 (Avg: 0.6838) IoU: 0.6286 (Avg: 0.5511)
Train Epoch: [44][29/138] Loss: 0.2523 (Avg: 0.2654) Dice: 0.6845 (Avg: 0.6838) IoU: 0.5359 (Avg: 0.5505)
Train Epoch: [44][30/138] Loss: 0.1866 (Avg: 0.2628) Dice: 0.7614 (Avg: 0.6864) IoU: 0.6223 (Avg: 0.5529)
Train Epoch: [44][31/138] Loss: 0.2262 (Avg: 0.2616) Dice: 0.7145 (Avg: 0.6873) IoU: 0.5778 (Avg: 0.5537)
Train Epoch: [44][32/138] Loss: 0.2285 (Avg: 0.2605) Dice: 0.6905 (Avg: 0.6874) IoU: 0.5335 (Avg: 0.5531)
Train Epoch: [44][33/138] Loss: 0.3109 (Avg: 0.2621) Dice: 0.6152 (Avg: 0.6852) IoU: 0.5222 (Avg: 0.5522)
Train Epoch: [44][34/138] Loss: 0.3527 (Avg: 0.2647) Dice: 0.5893 (Avg: 0.6824) IoU: 0.4375 (Avg: 0.5488)
Train Epoch: [44][35/138] Loss: 0.2207 (Avg: 0.2635) Dice: 0.7569 (Avg: 0.6845) IoU: 0.6293 (Avg: 0.5511)
Train Epoch: [44][36/138] Loss: 0.3509 (Avg: 0.2659) Dice: 0.5992 (Avg: 0.6822) IoU: 0.4638 (Avg: 0.5487)
Train Epoch: [44][37/138] Loss: 0.1680 (Avg: 0.2633) Dice: 0.7995 (Avg: 0.6853) IoU: 0.6695 (Avg: 0.5519)
Train Epoch: [44][38/138] Loss: 0.2912 (Avg: 0.2640) Dice: 0.6646 (Avg: 0.6848) IoU: 0.5315 (Avg: 0.5514)
Train Epoch: [44][39/138] Loss: 0.3067 (Avg: 0.2651) Dice: 0.6393 (Avg: 0.6836) IoU: 0.4919 (Avg: 0.5499)
Train Epoch: [44][40/138] Loss: 0.1914 (Avg: 0.2633) Dice: 0.7784 (Avg: 0.6860) IoU: 0.6687 (Avg: 0.5528)
Train Epoch: [44][41/138] Loss: 0.4407 (Avg: 0.2676) Dice: 0.5105 (Avg: 0.6817) IoU: 0.3663 (Avg: 0.5483)
Train Epoch: [44][42/138] Loss: 0.2547 (Avg: 0.2673) Dice: 0.6934 (Avg: 0.6820) IoU: 0.5436 (Avg: 0.5482)
Train Epoch: [44][43/138] Loss: 0.2747 (Avg: 0.2674) Dice: 0.6898 (Avg: 0.6822) IoU: 0.5512 (Avg: 0.5482)
Train Epoch: [44][44/138] Loss: 0.2328 (Avg: 0.2667) Dice: 0.7292 (Avg: 0.6832) IoU: 0.5937 (Avg: 0.5493)
Train Epoch: [44][45/138] Loss: 0.2879 (Avg: 0.2671) Dice: 0.6637 (Avg: 0.6828) IoU: 0.5194 (Avg: 0.5486)
Train Epoch: [44][46/138] Loss: 0.3562 (Avg: 0.2691) Dice: 0.5839 (Avg: 0.6807) IoU: 0.4357 (Avg: 0.5462)
Train Epoch: [44][47/138] Loss: 0.3559 (Avg: 0.2709) Dice: 0.5783 (Avg: 0.6785) IoU: 0.4694 (Avg: 0.5445)
Train Epoch: [44][48/138] Loss: 0.3341 (Avg: 0.2722) Dice: 0.5738 (Avg: 0.6763) IoU: 0.4458 (Avg: 0.5425)
Train Epoch: [44][49/138] Loss: 0.2770 (Avg: 0.2723) Dice: 0.6720 (Avg: 0.6762) IoU: 0.5245 (Avg: 0.5421)
Train Epoch: [44][50/138] Loss: 0.3266 (Avg: 0.2734) Dice: 0.6323 (Avg: 0.6753) IoU: 0.4870 (Avg: 0.5410)
Train Epoch: [44][51/138] Loss: 0.2409 (Avg: 0.2728) Dice: 0.7133 (Avg: 0.6761) IoU: 0.5725 (Avg: 0.5416)
Train Epoch: [44][52/138] Loss: 0.2479 (Avg: 0.2723) Dice: 0.7209 (Avg: 0.6769) IoU: 0.5890 (Avg: 0.5425)
Train Epoch: [44][53/138] Loss: 0.2456 (Avg: 0.2718) Dice: 0.7045 (Avg: 0.6775) IoU: 0.5797 (Avg: 0.5432)
Train Epoch: [44][54/138] Loss: 0.4289 (Avg: 0.2747) Dice: 0.5303 (Avg: 0.6747) IoU: 0.4067 (Avg: 0.5407)
Train Epoch: [44][55/138] Loss: 0.3040 (Avg: 0.2752) Dice: 0.6609 (Avg: 0.6745) IoU: 0.5269 (Avg: 0.5405)
Train Epoch: [44][56/138] Loss: 0.1336 (Avg: 0.2727) Dice: 0.8416 (Avg: 0.6775) IoU: 0.7288 (Avg: 0.5438)
Train Epoch: [44][57/138] Loss: 0.1887 (Avg: 0.2712) Dice: 0.7690 (Avg: 0.6791) IoU: 0.6288 (Avg: 0.5453)
Train Epoch: [44][58/138] Loss: 0.2554 (Avg: 0.2710) Dice: 0.6966 (Avg: 0.6794) IoU: 0.5565 (Avg: 0.5455)
Train Epoch: [44][59/138] Loss: 0.2210 (Avg: 0.2701) Dice: 0.7316 (Avg: 0.6803) IoU: 0.5879 (Avg: 0.5462)
Train Epoch: [44][60/138] Loss: 0.2485 (Avg: 0.2698) Dice: 0.7237 (Avg: 0.6810) IoU: 0.5827 (Avg: 0.5468)
Train Epoch: [44][61/138] Loss: 0.3678 (Avg: 0.2714) Dice: 0.6058 (Avg: 0.6797) IoU: 0.5126 (Avg: 0.5463)
Train Epoch: [44][62/138] Loss: 0.2187 (Avg: 0.2705) Dice: 0.7395 (Avg: 0.6807) IoU: 0.6041 (Avg: 0.5472)
Train Epoch: [44][63/138] Loss: 0.4019 (Avg: 0.2726) Dice: 0.5605 (Avg: 0.6788) IoU: 0.4502 (Avg: 0.5457)
Train Epoch: [44][64/138] Loss: 0.3163 (Avg: 0.2733) Dice: 0.6642 (Avg: 0.6786) IoU: 0.5295 (Avg: 0.5454)
Train Epoch: [44][65/138] Loss: 0.2213 (Avg: 0.2725) Dice: 0.7358 (Avg: 0.6795) IoU: 0.5908 (Avg: 0.5461)
Train Epoch: [44][66/138] Loss: 0.2079 (Avg: 0.2715) Dice: 0.7368 (Avg: 0.6803) IoU: 0.5859 (Avg: 0.5467)
Train Epoch: [44][67/138] Loss: 0.2267 (Avg: 0.2708) Dice: 0.7207 (Avg: 0.6809) IoU: 0.5748 (Avg: 0.5471)
Train Epoch: [44][68/138] Loss: 0.1884 (Avg: 0.2696) Dice: 0.7933 (Avg: 0.6826) IoU: 0.6667 (Avg: 0.5489)
Train Epoch: [44][69/138] Loss: 0.3251 (Avg: 0.2704) Dice: 0.6362 (Avg: 0.6819) IoU: 0.4939 (Avg: 0.5481)
Train Epoch: [44][70/138] Loss: 0.3956 (Avg: 0.2722) Dice: 0.5715 (Avg: 0.6803) IoU: 0.4715 (Avg: 0.5470)
Train Epoch: [44][71/138] Loss: 0.3312 (Avg: 0.2730) Dice: 0.6153 (Avg: 0.6794) IoU: 0.4454 (Avg: 0.5456)
Train Epoch: [44][72/138] Loss: 0.1810 (Avg: 0.2718) Dice: 0.7690 (Avg: 0.6807) IoU: 0.6260 (Avg: 0.5467)
Train Epoch: [44][73/138] Loss: 0.2502 (Avg: 0.2715) Dice: 0.6956 (Avg: 0.6809) IoU: 0.5528 (Avg: 0.5468)
Train Epoch: [44][74/138] Loss: 0.4014 (Avg: 0.2732) Dice: 0.5373 (Avg: 0.6789) IoU: 0.4402 (Avg: 0.5453)
Train Epoch: [44][75/138] Loss: 0.2827 (Avg: 0.2734) Dice: 0.6641 (Avg: 0.6787) IoU: 0.5015 (Avg: 0.5447)
Train Epoch: [44][76/138] Loss: 0.2588 (Avg: 0.2732) Dice: 0.7182 (Avg: 0.6792) IoU: 0.5752 (Avg: 0.5451)
Train Epoch: [44][77/138] Loss: 0.2018 (Avg: 0.2722) Dice: 0.7592 (Avg: 0.6803) IoU: 0.6209 (Avg: 0.5461)
Train Epoch: [44][78/138] Loss: 0.3069 (Avg: 0.2727) Dice: 0.6493 (Avg: 0.6799) IoU: 0.5033 (Avg: 0.5456)
Train Epoch: [44][79/138] Loss: 0.3430 (Avg: 0.2736) Dice: 0.5441 (Avg: 0.6782) IoU: 0.4238 (Avg: 0.5440)
Train Epoch: [44][80/138] Loss: 0.2189 (Avg: 0.2729) Dice: 0.7439 (Avg: 0.6790) IoU: 0.6014 (Avg: 0.5448)
Train Epoch: [44][81/138] Loss: 0.2660 (Avg: 0.2728) Dice: 0.6960 (Avg: 0.6792) IoU: 0.5694 (Avg: 0.5451)
Train Epoch: [44][82/138] Loss: 0.2567 (Avg: 0.2726) Dice: 0.6962 (Avg: 0.6794) IoU: 0.5482 (Avg: 0.5451)
Train Epoch: [44][83/138] Loss: 0.1842 (Avg: 0.2715) Dice: 0.7736 (Avg: 0.6805) IoU: 0.6346 (Avg: 0.5462)
Train Epoch: [44][84/138] Loss: 0.1624 (Avg: 0.2702) Dice: 0.8032 (Avg: 0.6820) IoU: 0.6783 (Avg: 0.5477)
Train Epoch: [44][85/138] Loss: 0.2601 (Avg: 0.2701) Dice: 0.7305 (Avg: 0.6826) IoU: 0.5884 (Avg: 0.5482)
Train Epoch: [44][86/138] Loss: 0.2346 (Avg: 0.2697) Dice: 0.7274 (Avg: 0.6831) IoU: 0.5748 (Avg: 0.5485)
Train Epoch: [44][87/138] Loss: 0.2513 (Avg: 0.2695) Dice: 0.7039 (Avg: 0.6833) IoU: 0.5623 (Avg: 0.5487)
Train Epoch: [44][88/138] Loss: 0.2423 (Avg: 0.2692) Dice: 0.7240 (Avg: 0.6838) IoU: 0.5821 (Avg: 0.5491)
Train Epoch: [44][89/138] Loss: 0.2562 (Avg: 0.2690) Dice: 0.7051 (Avg: 0.6840) IoU: 0.5824 (Avg: 0.5494)
Train Epoch: [44][90/138] Loss: 0.1405 (Avg: 0.2676) Dice: 0.8225 (Avg: 0.6856) IoU: 0.7118 (Avg: 0.5513)
Train Epoch: [44][91/138] Loss: 0.5270 (Avg: 0.2705) Dice: 0.4207 (Avg: 0.6827) IoU: 0.3325 (Avg: 0.5488)
Train Epoch: [44][92/138] Loss: 0.1889 (Avg: 0.2696) Dice: 0.7844 (Avg: 0.6838) IoU: 0.6613 (Avg: 0.5501)
Train Epoch: [44][93/138] Loss: 0.3482 (Avg: 0.2704) Dice: 0.5986 (Avg: 0.6829) IoU: 0.5015 (Avg: 0.5495)
Train Epoch: [44][94/138] Loss: 0.2539 (Avg: 0.2702) Dice: 0.6952 (Avg: 0.6830) IoU: 0.5439 (Avg: 0.5495)
Train Epoch: [44][95/138] Loss: 0.1969 (Avg: 0.2695) Dice: 0.7650 (Avg: 0.6838) IoU: 0.6353 (Avg: 0.5504)
Train Epoch: [44][96/138] Loss: 0.2230 (Avg: 0.2690) Dice: 0.6754 (Avg: 0.6838) IoU: 0.5666 (Avg: 0.5506)
Train Epoch: [44][97/138] Loss: 0.4029 (Avg: 0.2704) Dice: 0.5413 (Avg: 0.6823) IoU: 0.3918 (Avg: 0.5489)
Train Epoch: [44][98/138] Loss: 0.3201 (Avg: 0.2709) Dice: 0.6325 (Avg: 0.6818) IoU: 0.4910 (Avg: 0.5483)
Train Epoch: [44][99/138] Loss: 0.6350 (Avg: 0.2746) Dice: 0.3276 (Avg: 0.6782) IoU: 0.2276 (Avg: 0.5451)
Train Epoch: [44][100/138] Loss: 0.2820 (Avg: 0.2746) Dice: 0.6760 (Avg: 0.6782) IoU: 0.5336 (Avg: 0.5450)
Train Epoch: [44][101/138] Loss: 0.1525 (Avg: 0.2734) Dice: 0.8151 (Avg: 0.6795) IoU: 0.6893 (Avg: 0.5464)
Train Epoch: [44][102/138] Loss: 0.3272 (Avg: 0.2739) Dice: 0.6332 (Avg: 0.6791) IoU: 0.5272 (Avg: 0.5462)
Train Epoch: [44][103/138] Loss: 0.2613 (Avg: 0.2738) Dice: 0.7081 (Avg: 0.6794) IoU: 0.5754 (Avg: 0.5465)
Train Epoch: [44][104/138] Loss: 0.2487 (Avg: 0.2736) Dice: 0.7127 (Avg: 0.6797) IoU: 0.5672 (Avg: 0.5467)
Train Epoch: [44][105/138] Loss: 0.4823 (Avg: 0.2756) Dice: 0.4534 (Avg: 0.6775) IoU: 0.3309 (Avg: 0.5446)
Train Epoch: [44][106/138] Loss: 0.1578 (Avg: 0.2745) Dice: 0.8168 (Avg: 0.6788) IoU: 0.6969 (Avg: 0.5461)
Train Epoch: [44][107/138] Loss: 0.2500 (Avg: 0.2742) Dice: 0.7141 (Avg: 0.6792) IoU: 0.5563 (Avg: 0.5462)
Train Epoch: [44][108/138] Loss: 0.3386 (Avg: 0.2748) Dice: 0.6286 (Avg: 0.6787) IoU: 0.4992 (Avg: 0.5457)
Train Epoch: [44][109/138] Loss: 0.1416 (Avg: 0.2736) Dice: 0.8281 (Avg: 0.6801) IoU: 0.7146 (Avg: 0.5473)
Train Epoch: [44][110/138] Loss: 0.3367 (Avg: 0.2742) Dice: 0.5947 (Avg: 0.6793) IoU: 0.4555 (Avg: 0.5465)
Train Epoch: [44][111/138] Loss: 0.5013 (Avg: 0.2762) Dice: 0.4602 (Avg: 0.6773) IoU: 0.3214 (Avg: 0.5444)
Train Epoch: [44][112/138] Loss: 0.4372 (Avg: 0.2777) Dice: 0.5227 (Avg: 0.6759) IoU: 0.4308 (Avg: 0.5434)
Train Epoch: [44][113/138] Loss: 0.4096 (Avg: 0.2788) Dice: 0.5524 (Avg: 0.6749) IoU: 0.4403 (Avg: 0.5425)
Train Epoch: [44][114/138] Loss: 0.1826 (Avg: 0.2780) Dice: 0.7812 (Avg: 0.6758) IoU: 0.6448 (Avg: 0.5434)
Train Epoch: [44][115/138] Loss: 0.4613 (Avg: 0.2796) Dice: 0.4221 (Avg: 0.6736) IoU: 0.2790 (Avg: 0.5411)
Train Epoch: [44][116/138] Loss: 0.4100 (Avg: 0.2807) Dice: 0.5516 (Avg: 0.6725) IoU: 0.4237 (Avg: 0.5401)
Train Epoch: [44][117/138] Loss: 0.2144 (Avg: 0.2801) Dice: 0.7581 (Avg: 0.6733) IoU: 0.6253 (Avg: 0.5408)
Train Epoch: [44][118/138] Loss: 0.2642 (Avg: 0.2800) Dice: 0.6796 (Avg: 0.6733) IoU: 0.5216 (Avg: 0.5407)
Train Epoch: [44][119/138] Loss: 0.1136 (Avg: 0.2786) Dice: 0.8632 (Avg: 0.6749) IoU: 0.7609 (Avg: 0.5425)
Train Epoch: [44][120/138] Loss: 0.4480 (Avg: 0.2800) Dice: 0.4379 (Avg: 0.6729) IoU: 0.3376 (Avg: 0.5408)
Train Epoch: [44][121/138] Loss: 0.2275 (Avg: 0.2796) Dice: 0.7296 (Avg: 0.6734) IoU: 0.5889 (Avg: 0.5412)
Train Epoch: [44][122/138] Loss: 0.4051 (Avg: 0.2806) Dice: 0.5416 (Avg: 0.6723) IoU: 0.3911 (Avg: 0.5400)
Train Epoch: [44][123/138] Loss: 0.3692 (Avg: 0.2813) Dice: 0.5614 (Avg: 0.6714) IoU: 0.4019 (Avg: 0.5388)
Train Epoch: [44][124/138] Loss: 0.4294 (Avg: 0.2825) Dice: 0.5249 (Avg: 0.6702) IoU: 0.4113 (Avg: 0.5378)
Train Epoch: [44][125/138] Loss: 0.3066 (Avg: 0.2827) Dice: 0.6502 (Avg: 0.6701) IoU: 0.5222 (Avg: 0.5377)
Train Epoch: [44][126/138] Loss: 0.2264 (Avg: 0.2823) Dice: 0.7361 (Avg: 0.6706) IoU: 0.5884 (Avg: 0.5381)
Train Epoch: [44][127/138] Loss: 0.3506 (Avg: 0.2828) Dice: 0.5978 (Avg: 0.6700) IoU: 0.4346 (Avg: 0.5373)
Train Epoch: [44][128/138] Loss: 0.3907 (Avg: 0.2837) Dice: 0.5444 (Avg: 0.6690) IoU: 0.3977 (Avg: 0.5362)
Train Epoch: [44][129/138] Loss: 0.4606 (Avg: 0.2850) Dice: 0.4623 (Avg: 0.6674) IoU: 0.3334 (Avg: 0.5346)
Train Epoch: [44][130/138] Loss: 0.2784 (Avg: 0.2850) Dice: 0.6869 (Avg: 0.6676) IoU: 0.5536 (Avg: 0.5348)
Train Epoch: [44][131/138] Loss: 0.2379 (Avg: 0.2846) Dice: 0.7051 (Avg: 0.6679) IoU: 0.5589 (Avg: 0.5349)
Train Epoch: [44][132/138] Loss: 0.3858 (Avg: 0.2854) Dice: 0.5913 (Avg: 0.6673) IoU: 0.5084 (Avg: 0.5347)
Train Epoch: [44][133/138] Loss: 0.4002 (Avg: 0.2862) Dice: 0.5545 (Avg: 0.6665) IoU: 0.4598 (Avg: 0.5342)
Train Epoch: [44][134/138] Loss: 0.2370 (Avg: 0.2859) Dice: 0.7071 (Avg: 0.6668) IoU: 0.5506 (Avg: 0.5343)
Train Epoch: [44][135/138] Loss: 0.2025 (Avg: 0.2853) Dice: 0.7593 (Avg: 0.6674) IoU: 0.6292 (Avg: 0.5350)
Train Epoch: [44][136/138] Loss: 0.2209 (Avg: 0.2848) Dice: 0.7372 (Avg: 0.6680) IoU: 0.5866 (Avg: 0.5354)
Train Epoch: [44][137/138] Loss: 0.2571 (Avg: 0.2846) Dice: 0.6853 (Avg: 0.6681) IoU: 0.5323 (Avg: 0.5354)
Train Epoch: [44][138/138] Loss: 0.3678 (Avg: 0.2832) Dice: 0.5979 (Avg: 0.6643) IoU: 0.4264 (Avg: 0.5323)
Validation Epoch: [44] Avg Loss: 0.3249 Avg Dice: 0.6218 Avg IoU: 0.4892
	 Best dice improved from 0.6100 to 0.6218
	 Model saved to ImageEncoder_Pretrain\UNet\Pretrain_05.25_10h55\models\best_model-UNet.pth.tar

========= Epoch [45/50] =========
Train Epoch: [45][1/138] Loss: 0.3297 (Avg: 0.3297) Dice: 0.6060 (Avg: 0.6060) IoU: 0.4400 (Avg: 0.4400)
Train Epoch: [45][2/138] Loss: 0.2070 (Avg: 0.2684) Dice: 0.7391 (Avg: 0.6726) IoU: 0.6059 (Avg: 0.5230)
Train Epoch: [45][3/138] Loss: 0.4536 (Avg: 0.3301) Dice: 0.4835 (Avg: 0.6095) IoU: 0.3487 (Avg: 0.4649)
Train Epoch: [45][4/138] Loss: 0.3322 (Avg: 0.3306) Dice: 0.5824 (Avg: 0.6028) IoU: 0.4251 (Avg: 0.4549)
Train Epoch: [45][5/138] Loss: 0.5991 (Avg: 0.3843) Dice: 0.4060 (Avg: 0.5634) IoU: 0.3021 (Avg: 0.4244)
Train Epoch: [45][6/138] Loss: 0.2306 (Avg: 0.3587) Dice: 0.7384 (Avg: 0.5926) IoU: 0.5948 (Avg: 0.4528)
Train Epoch: [45][7/138] Loss: 0.1629 (Avg: 0.3307) Dice: 0.8136 (Avg: 0.6241) IoU: 0.6879 (Avg: 0.4864)
Train Epoch: [45][8/138] Loss: 0.2355 (Avg: 0.3188) Dice: 0.7255 (Avg: 0.6368) IoU: 0.5828 (Avg: 0.4984)
Train Epoch: [45][9/138] Loss: 0.3829 (Avg: 0.3260) Dice: 0.5788 (Avg: 0.6304) IoU: 0.4237 (Avg: 0.4901)
Train Epoch: [45][10/138] Loss: 0.2938 (Avg: 0.3227) Dice: 0.6855 (Avg: 0.6359) IoU: 0.5301 (Avg: 0.4941)
Train Epoch: [45][11/138] Loss: 0.1930 (Avg: 0.3109) Dice: 0.7636 (Avg: 0.6475) IoU: 0.6346 (Avg: 0.5069)
Train Epoch: [45][12/138] Loss: 0.5505 (Avg: 0.3309) Dice: 0.3967 (Avg: 0.6266) IoU: 0.2759 (Avg: 0.4876)
Train Epoch: [45][13/138] Loss: 0.1906 (Avg: 0.3201) Dice: 0.7693 (Avg: 0.6376) IoU: 0.6458 (Avg: 0.4998)
Train Epoch: [45][14/138] Loss: 0.2084 (Avg: 0.3121) Dice: 0.7419 (Avg: 0.6450) IoU: 0.6012 (Avg: 0.5070)
Train Epoch: [45][15/138] Loss: 0.4049 (Avg: 0.3183) Dice: 0.5480 (Avg: 0.6386) IoU: 0.4168 (Avg: 0.5010)
Train Epoch: [45][16/138] Loss: 0.1221 (Avg: 0.3061) Dice: 0.8638 (Avg: 0.6526) IoU: 0.7613 (Avg: 0.5173)
Train Epoch: [45][17/138] Loss: 0.2258 (Avg: 0.3013) Dice: 0.7345 (Avg: 0.6574) IoU: 0.5828 (Avg: 0.5211)
Train Epoch: [45][18/138] Loss: 0.2129 (Avg: 0.2964) Dice: 0.7427 (Avg: 0.6622) IoU: 0.5995 (Avg: 0.5255)
Train Epoch: [45][19/138] Loss: 0.2026 (Avg: 0.2915) Dice: 0.7731 (Avg: 0.6680) IoU: 0.6484 (Avg: 0.5320)
Train Epoch: [45][20/138] Loss: 0.5948 (Avg: 0.3067) Dice: 0.3552 (Avg: 0.6524) IoU: 0.2747 (Avg: 0.5191)
Train Epoch: [45][21/138] Loss: 0.3551 (Avg: 0.3090) Dice: 0.5930 (Avg: 0.6496) IoU: 0.4354 (Avg: 0.5151)
Train Epoch: [45][22/138] Loss: 0.2930 (Avg: 0.3082) Dice: 0.7191 (Avg: 0.6527) IoU: 0.5701 (Avg: 0.5176)
Train Epoch: [45][23/138] Loss: 0.3975 (Avg: 0.3121) Dice: 0.5642 (Avg: 0.6489) IoU: 0.4491 (Avg: 0.5146)
Train Epoch: [45][24/138] Loss: 0.1288 (Avg: 0.3045) Dice: 0.8364 (Avg: 0.6567) IoU: 0.7253 (Avg: 0.5234)
Train Epoch: [45][25/138] Loss: 0.2244 (Avg: 0.3013) Dice: 0.7581 (Avg: 0.6607) IoU: 0.6250 (Avg: 0.5275)
Train Epoch: [45][26/138] Loss: 0.3896 (Avg: 0.3047) Dice: 0.5745 (Avg: 0.6574) IoU: 0.4356 (Avg: 0.5239)
Train Epoch: [45][27/138] Loss: 0.4545 (Avg: 0.3102) Dice: 0.4735 (Avg: 0.6506) IoU: 0.3491 (Avg: 0.5175)
Train Epoch: [45][28/138] Loss: 0.2193 (Avg: 0.3070) Dice: 0.7584 (Avg: 0.6545) IoU: 0.6179 (Avg: 0.5211)
Train Epoch: [45][29/138] Loss: 0.2896 (Avg: 0.3064) Dice: 0.6601 (Avg: 0.6547) IoU: 0.5220 (Avg: 0.5211)
Train Epoch: [45][30/138] Loss: 0.1405 (Avg: 0.3009) Dice: 0.8357 (Avg: 0.6607) IoU: 0.7218 (Avg: 0.5278)
Train Epoch: [45][31/138] Loss: 0.2634 (Avg: 0.2996) Dice: 0.6954 (Avg: 0.6618) IoU: 0.5370 (Avg: 0.5281)
Train Epoch: [45][32/138] Loss: 0.3709 (Avg: 0.3019) Dice: 0.5935 (Avg: 0.6597) IoU: 0.4225 (Avg: 0.5248)
Train Epoch: [45][33/138] Loss: 0.2996 (Avg: 0.3018) Dice: 0.6759 (Avg: 0.6602) IoU: 0.5195 (Avg: 0.5246)
Train Epoch: [45][34/138] Loss: 0.3291 (Avg: 0.3026) Dice: 0.6269 (Avg: 0.6592) IoU: 0.4753 (Avg: 0.5232)
Train Epoch: [45][35/138] Loss: 0.1704 (Avg: 0.2988) Dice: 0.7836 (Avg: 0.6627) IoU: 0.6483 (Avg: 0.5267)
Train Epoch: [45][36/138] Loss: 0.2015 (Avg: 0.2961) Dice: 0.7542 (Avg: 0.6653) IoU: 0.6168 (Avg: 0.5292)
Train Epoch: [45][37/138] Loss: 0.1804 (Avg: 0.2930) Dice: 0.7728 (Avg: 0.6682) IoU: 0.6348 (Avg: 0.5321)
Train Epoch: [45][38/138] Loss: 0.2718 (Avg: 0.2924) Dice: 0.6723 (Avg: 0.6683) IoU: 0.5354 (Avg: 0.5322)
Train Epoch: [45][39/138] Loss: 0.3382 (Avg: 0.2936) Dice: 0.6233 (Avg: 0.6671) IoU: 0.4835 (Avg: 0.5309)
Train Epoch: [45][40/138] Loss: 0.1894 (Avg: 0.2910) Dice: 0.7631 (Avg: 0.6695) IoU: 0.6339 (Avg: 0.5335)
Train Epoch: [45][41/138] Loss: 0.2533 (Avg: 0.2901) Dice: 0.6857 (Avg: 0.6699) IoU: 0.5338 (Avg: 0.5335)
Train Epoch: [45][42/138] Loss: 0.2201 (Avg: 0.2884) Dice: 0.7467 (Avg: 0.6718) IoU: 0.6171 (Avg: 0.5355)
Train Epoch: [45][43/138] Loss: 0.5397 (Avg: 0.2943) Dice: 0.3605 (Avg: 0.6645) IoU: 0.2875 (Avg: 0.5297)
Train Epoch: [45][44/138] Loss: 0.3520 (Avg: 0.2956) Dice: 0.6010 (Avg: 0.6631) IoU: 0.4608 (Avg: 0.5282)
Train Epoch: [45][45/138] Loss: 0.2351 (Avg: 0.2942) Dice: 0.7295 (Avg: 0.6646) IoU: 0.5984 (Avg: 0.5297)
Train Epoch: [45][46/138] Loss: 0.1307 (Avg: 0.2907) Dice: 0.8540 (Avg: 0.6687) IoU: 0.7459 (Avg: 0.5344)
Train Epoch: [45][47/138] Loss: 0.3951 (Avg: 0.2929) Dice: 0.5115 (Avg: 0.6653) IoU: 0.3863 (Avg: 0.5313)
Train Epoch: [45][48/138] Loss: 0.3438 (Avg: 0.2940) Dice: 0.6006 (Avg: 0.6640) IoU: 0.4309 (Avg: 0.5292)
Train Epoch: [45][49/138] Loss: 0.1958 (Avg: 0.2920) Dice: 0.7567 (Avg: 0.6659) IoU: 0.6190 (Avg: 0.5310)
Train Epoch: [45][50/138] Loss: 0.4575 (Avg: 0.2953) Dice: 0.5080 (Avg: 0.6627) IoU: 0.4052 (Avg: 0.5285)
Train Epoch: [45][51/138] Loss: 0.3672 (Avg: 0.2967) Dice: 0.5830 (Avg: 0.6612) IoU: 0.4302 (Avg: 0.5266)
Train Epoch: [45][52/138] Loss: 0.2139 (Avg: 0.2951) Dice: 0.7447 (Avg: 0.6628) IoU: 0.6020 (Avg: 0.5280)
Train Epoch: [45][53/138] Loss: 0.3068 (Avg: 0.2953) Dice: 0.6387 (Avg: 0.6623) IoU: 0.4994 (Avg: 0.5275)
Train Epoch: [45][54/138] Loss: 0.3038 (Avg: 0.2955) Dice: 0.6539 (Avg: 0.6622) IoU: 0.5010 (Avg: 0.5270)
Train Epoch: [45][55/138] Loss: 0.2542 (Avg: 0.2947) Dice: 0.6901 (Avg: 0.6627) IoU: 0.5437 (Avg: 0.5273)
Train Epoch: [45][56/138] Loss: 0.2204 (Avg: 0.2934) Dice: 0.7426 (Avg: 0.6641) IoU: 0.6000 (Avg: 0.5286)
Train Epoch: [45][57/138] Loss: 0.2171 (Avg: 0.2920) Dice: 0.7579 (Avg: 0.6657) IoU: 0.6212 (Avg: 0.5302)
Train Epoch: [45][58/138] Loss: 0.3340 (Avg: 0.2928) Dice: 0.6266 (Avg: 0.6651) IoU: 0.5034 (Avg: 0.5298)
Train Epoch: [45][59/138] Loss: 0.1873 (Avg: 0.2910) Dice: 0.7669 (Avg: 0.6668) IoU: 0.6382 (Avg: 0.5316)
Train Epoch: [45][60/138] Loss: 0.2590 (Avg: 0.2905) Dice: 0.6977 (Avg: 0.6673) IoU: 0.5440 (Avg: 0.5318)
Train Epoch: [45][61/138] Loss: 0.2156 (Avg: 0.2892) Dice: 0.7450 (Avg: 0.6686) IoU: 0.6119 (Avg: 0.5331)
Train Epoch: [45][62/138] Loss: 0.3171 (Avg: 0.2897) Dice: 0.6098 (Avg: 0.6676) IoU: 0.4757 (Avg: 0.5322)
Train Epoch: [45][63/138] Loss: 0.4701 (Avg: 0.2925) Dice: 0.4862 (Avg: 0.6647) IoU: 0.3375 (Avg: 0.5291)
Train Epoch: [45][64/138] Loss: 0.1650 (Avg: 0.2905) Dice: 0.8025 (Avg: 0.6669) IoU: 0.6717 (Avg: 0.5313)
Train Epoch: [45][65/138] Loss: 0.3378 (Avg: 0.2913) Dice: 0.6071 (Avg: 0.6660) IoU: 0.4467 (Avg: 0.5300)
Train Epoch: [45][66/138] Loss: 0.4108 (Avg: 0.2931) Dice: 0.5389 (Avg: 0.6641) IoU: 0.3957 (Avg: 0.5280)
Train Epoch: [45][67/138] Loss: 0.2878 (Avg: 0.2930) Dice: 0.6599 (Avg: 0.6640) IoU: 0.4956 (Avg: 0.5275)
Train Epoch: [45][68/138] Loss: 0.1697 (Avg: 0.2912) Dice: 0.8029 (Avg: 0.6660) IoU: 0.6725 (Avg: 0.5296)
Train Epoch: [45][69/138] Loss: 0.1564 (Avg: 0.2892) Dice: 0.8099 (Avg: 0.6681) IoU: 0.6933 (Avg: 0.5320)
Train Epoch: [45][70/138] Loss: 0.2027 (Avg: 0.2880) Dice: 0.7623 (Avg: 0.6695) IoU: 0.6259 (Avg: 0.5334)
Train Epoch: [45][71/138] Loss: 0.3245 (Avg: 0.2885) Dice: 0.6204 (Avg: 0.6688) IoU: 0.4696 (Avg: 0.5325)
Train Epoch: [45][72/138] Loss: 0.2285 (Avg: 0.2877) Dice: 0.7225 (Avg: 0.6695) IoU: 0.5846 (Avg: 0.5332)
Train Epoch: [45][73/138] Loss: 0.4582 (Avg: 0.2900) Dice: 0.5001 (Avg: 0.6672) IoU: 0.3788 (Avg: 0.5311)
Train Epoch: [45][74/138] Loss: 0.3870 (Avg: 0.2913) Dice: 0.5409 (Avg: 0.6655) IoU: 0.3939 (Avg: 0.5292)
Train Epoch: [45][75/138] Loss: 0.1653 (Avg: 0.2896) Dice: 0.7940 (Avg: 0.6672) IoU: 0.6598 (Avg: 0.5310)
Train Epoch: [45][76/138] Loss: 0.1855 (Avg: 0.2883) Dice: 0.7920 (Avg: 0.6688) IoU: 0.6593 (Avg: 0.5326)
Train Epoch: [45][77/138] Loss: 0.2596 (Avg: 0.2879) Dice: 0.6835 (Avg: 0.6690) IoU: 0.5395 (Avg: 0.5327)
Train Epoch: [45][78/138] Loss: 0.2387 (Avg: 0.2873) Dice: 0.7222 (Avg: 0.6697) IoU: 0.5916 (Avg: 0.5335)
Train Epoch: [45][79/138] Loss: 0.3015 (Avg: 0.2875) Dice: 0.6366 (Avg: 0.6693) IoU: 0.4864 (Avg: 0.5329)
Train Epoch: [45][80/138] Loss: 0.1577 (Avg: 0.2858) Dice: 0.8023 (Avg: 0.6710) IoU: 0.6809 (Avg: 0.5347)
Train Epoch: [45][81/138] Loss: 0.2225 (Avg: 0.2851) Dice: 0.7388 (Avg: 0.6718) IoU: 0.5987 (Avg: 0.5355)
Train Epoch: [45][82/138] Loss: 0.2396 (Avg: 0.2845) Dice: 0.7078 (Avg: 0.6722) IoU: 0.5580 (Avg: 0.5358)
Train Epoch: [45][83/138] Loss: 0.3301 (Avg: 0.2850) Dice: 0.6041 (Avg: 0.6714) IoU: 0.4494 (Avg: 0.5348)
Train Epoch: [45][84/138] Loss: 0.3971 (Avg: 0.2864) Dice: 0.5633 (Avg: 0.6701) IoU: 0.4305 (Avg: 0.5335)
Train Epoch: [45][85/138] Loss: 0.2233 (Avg: 0.2856) Dice: 0.7513 (Avg: 0.6711) IoU: 0.6317 (Avg: 0.5347)
Train Epoch: [45][86/138] Loss: 0.3111 (Avg: 0.2859) Dice: 0.6471 (Avg: 0.6708) IoU: 0.4863 (Avg: 0.5341)
Train Epoch: [45][87/138] Loss: 0.3023 (Avg: 0.2861) Dice: 0.6655 (Avg: 0.6707) IoU: 0.5176 (Avg: 0.5339)
Train Epoch: [45][88/138] Loss: 0.2499 (Avg: 0.2857) Dice: 0.7145 (Avg: 0.6712) IoU: 0.6064 (Avg: 0.5347)
Train Epoch: [45][89/138] Loss: 0.2266 (Avg: 0.2850) Dice: 0.7246 (Avg: 0.6718) IoU: 0.5897 (Avg: 0.5354)
Train Epoch: [45][90/138] Loss: 0.4194 (Avg: 0.2865) Dice: 0.5526 (Avg: 0.6705) IoU: 0.4382 (Avg: 0.5343)
Train Epoch: [45][91/138] Loss: 0.1916 (Avg: 0.2855) Dice: 0.7668 (Avg: 0.6716) IoU: 0.6334 (Avg: 0.5354)
Train Epoch: [45][92/138] Loss: 0.1751 (Avg: 0.2843) Dice: 0.7827 (Avg: 0.6728) IoU: 0.6512 (Avg: 0.5366)
Train Epoch: [45][93/138] Loss: 0.2243 (Avg: 0.2837) Dice: 0.7264 (Avg: 0.6734) IoU: 0.5803 (Avg: 0.5371)
Train Epoch: [45][94/138] Loss: 0.3339 (Avg: 0.2842) Dice: 0.6330 (Avg: 0.6729) IoU: 0.4859 (Avg: 0.5366)
Train Epoch: [45][95/138] Loss: 0.2228 (Avg: 0.2835) Dice: 0.7213 (Avg: 0.6734) IoU: 0.5715 (Avg: 0.5369)
Train Epoch: [45][96/138] Loss: 0.4072 (Avg: 0.2848) Dice: 0.5228 (Avg: 0.6719) IoU: 0.3733 (Avg: 0.5352)
Train Epoch: [45][97/138] Loss: 0.2684 (Avg: 0.2847) Dice: 0.6993 (Avg: 0.6722) IoU: 0.5471 (Avg: 0.5353)
Train Epoch: [45][98/138] Loss: 0.3231 (Avg: 0.2851) Dice: 0.6264 (Avg: 0.6717) IoU: 0.4895 (Avg: 0.5349)
Train Epoch: [45][99/138] Loss: 0.3272 (Avg: 0.2855) Dice: 0.6014 (Avg: 0.6710) IoU: 0.4813 (Avg: 0.5343)
Train Epoch: [45][100/138] Loss: 0.1860 (Avg: 0.2845) Dice: 0.7785 (Avg: 0.6721) IoU: 0.6434 (Avg: 0.5354)
Train Epoch: [45][101/138] Loss: 0.1450 (Avg: 0.2831) Dice: 0.8242 (Avg: 0.6736) IoU: 0.7080 (Avg: 0.5371)
Train Epoch: [45][102/138] Loss: 0.2260 (Avg: 0.2825) Dice: 0.7292 (Avg: 0.6741) IoU: 0.5878 (Avg: 0.5376)
Train Epoch: [45][103/138] Loss: 0.3025 (Avg: 0.2827) Dice: 0.6400 (Avg: 0.6738) IoU: 0.4862 (Avg: 0.5371)
Train Epoch: [45][104/138] Loss: 0.2393 (Avg: 0.2823) Dice: 0.7281 (Avg: 0.6743) IoU: 0.5820 (Avg: 0.5376)
Train Epoch: [45][105/138] Loss: 0.3436 (Avg: 0.2829) Dice: 0.5886 (Avg: 0.6735) IoU: 0.4215 (Avg: 0.5365)
Train Epoch: [45][106/138] Loss: 0.3607 (Avg: 0.2836) Dice: 0.5731 (Avg: 0.6725) IoU: 0.4128 (Avg: 0.5353)
Train Epoch: [45][107/138] Loss: 0.1820 (Avg: 0.2827) Dice: 0.7903 (Avg: 0.6736) IoU: 0.6649 (Avg: 0.5365)
Train Epoch: [45][108/138] Loss: 0.1910 (Avg: 0.2818) Dice: 0.7810 (Avg: 0.6746) IoU: 0.6550 (Avg: 0.5376)
Train Epoch: [45][109/138] Loss: 0.2696 (Avg: 0.2817) Dice: 0.7199 (Avg: 0.6750) IoU: 0.5672 (Avg: 0.5379)
Train Epoch: [45][110/138] Loss: 0.2250 (Avg: 0.2812) Dice: 0.7245 (Avg: 0.6755) IoU: 0.5734 (Avg: 0.5382)
Train Epoch: [45][111/138] Loss: 0.4697 (Avg: 0.2829) Dice: 0.4571 (Avg: 0.6735) IoU: 0.3387 (Avg: 0.5364)
Train Epoch: [45][112/138] Loss: 0.1975 (Avg: 0.2821) Dice: 0.7835 (Avg: 0.6745) IoU: 0.6646 (Avg: 0.5375)
Train Epoch: [45][113/138] Loss: 0.2358 (Avg: 0.2817) Dice: 0.7286 (Avg: 0.6750) IoU: 0.5845 (Avg: 0.5380)
Train Epoch: [45][114/138] Loss: 0.3316 (Avg: 0.2822) Dice: 0.6363 (Avg: 0.6746) IoU: 0.5204 (Avg: 0.5378)
Train Epoch: [45][115/138] Loss: 0.1521 (Avg: 0.2810) Dice: 0.8147 (Avg: 0.6759) IoU: 0.6912 (Avg: 0.5391)
Train Epoch: [45][116/138] Loss: 0.2724 (Avg: 0.2810) Dice: 0.6838 (Avg: 0.6759) IoU: 0.5349 (Avg: 0.5391)
Train Epoch: [45][117/138] Loss: 0.4320 (Avg: 0.2823) Dice: 0.5054 (Avg: 0.6745) IoU: 0.3980 (Avg: 0.5379)
Train Epoch: [45][118/138] Loss: 0.3706 (Avg: 0.2830) Dice: 0.5813 (Avg: 0.6737) IoU: 0.4739 (Avg: 0.5374)
Train Epoch: [45][119/138] Loss: 0.4496 (Avg: 0.2844) Dice: 0.4950 (Avg: 0.6722) IoU: 0.3719 (Avg: 0.5360)
Train Epoch: [45][120/138] Loss: 0.2056 (Avg: 0.2837) Dice: 0.7512 (Avg: 0.6728) IoU: 0.6232 (Avg: 0.5367)
Train Epoch: [45][121/138] Loss: 0.3248 (Avg: 0.2841) Dice: 0.6216 (Avg: 0.6724) IoU: 0.4706 (Avg: 0.5361)
Train Epoch: [45][122/138] Loss: 0.3568 (Avg: 0.2847) Dice: 0.5469 (Avg: 0.6714) IoU: 0.4202 (Avg: 0.5352)
Train Epoch: [45][123/138] Loss: 0.2755 (Avg: 0.2846) Dice: 0.6620 (Avg: 0.6713) IoU: 0.5243 (Avg: 0.5351)
Train Epoch: [45][124/138] Loss: 0.2593 (Avg: 0.2844) Dice: 0.6997 (Avg: 0.6715) IoU: 0.5595 (Avg: 0.5353)
Train Epoch: [45][125/138] Loss: 0.2708 (Avg: 0.2843) Dice: 0.6762 (Avg: 0.6716) IoU: 0.5433 (Avg: 0.5354)
Train Epoch: [45][126/138] Loss: 0.2337 (Avg: 0.2839) Dice: 0.7283 (Avg: 0.6720) IoU: 0.6198 (Avg: 0.5360)
Train Epoch: [45][127/138] Loss: 0.3202 (Avg: 0.2842) Dice: 0.6136 (Avg: 0.6716) IoU: 0.4591 (Avg: 0.5354)
Train Epoch: [45][128/138] Loss: 0.2024 (Avg: 0.2835) Dice: 0.7677 (Avg: 0.6723) IoU: 0.6248 (Avg: 0.5361)
Train Epoch: [45][129/138] Loss: 0.1969 (Avg: 0.2829) Dice: 0.7665 (Avg: 0.6730) IoU: 0.6394 (Avg: 0.5369)
Train Epoch: [45][130/138] Loss: 0.3286 (Avg: 0.2832) Dice: 0.5488 (Avg: 0.6721) IoU: 0.4441 (Avg: 0.5362)
Train Epoch: [45][131/138] Loss: 0.3925 (Avg: 0.2841) Dice: 0.5592 (Avg: 0.6712) IoU: 0.4501 (Avg: 0.5356)
Train Epoch: [45][132/138] Loss: 0.4991 (Avg: 0.2857) Dice: 0.4382 (Avg: 0.6695) IoU: 0.3007 (Avg: 0.5338)
Train Epoch: [45][133/138] Loss: 0.2152 (Avg: 0.2852) Dice: 0.7526 (Avg: 0.6701) IoU: 0.6174 (Avg: 0.5344)
Train Epoch: [45][134/138] Loss: 0.2014 (Avg: 0.2845) Dice: 0.7415 (Avg: 0.6706) IoU: 0.6050 (Avg: 0.5349)
Train Epoch: [45][135/138] Loss: 0.2126 (Avg: 0.2840) Dice: 0.7450 (Avg: 0.6712) IoU: 0.6083 (Avg: 0.5355)
Train Epoch: [45][136/138] Loss: 0.1791 (Avg: 0.2832) Dice: 0.7803 (Avg: 0.6720) IoU: 0.6413 (Avg: 0.5363)
Train Epoch: [45][137/138] Loss: 0.1438 (Avg: 0.2822) Dice: 0.8193 (Avg: 0.6731) IoU: 0.6960 (Avg: 0.5374)
Train Epoch: [45][138/138] Loss: 0.5509 (Avg: 0.2812) Dice: 0.3850 (Avg: 0.6689) IoU: 0.2384 (Avg: 0.5340)
Validation Epoch: [45] Avg Loss: 0.3532 Avg Dice: 0.6020 Avg IoU: 0.4733

========= Epoch [46/50] =========
Train Epoch: [46][1/138] Loss: 0.2447 (Avg: 0.2447) Dice: 0.7232 (Avg: 0.7232) IoU: 0.5760 (Avg: 0.5760)
Train Epoch: [46][2/138] Loss: 0.4358 (Avg: 0.3402) Dice: 0.5449 (Avg: 0.6341) IoU: 0.4238 (Avg: 0.4999)
Train Epoch: [46][3/138] Loss: 0.2870 (Avg: 0.3225) Dice: 0.6769 (Avg: 0.6484) IoU: 0.5318 (Avg: 0.5105)
Train Epoch: [46][4/138] Loss: 0.2897 (Avg: 0.3143) Dice: 0.6842 (Avg: 0.6573) IoU: 0.5333 (Avg: 0.5162)
Train Epoch: [46][5/138] Loss: 0.1552 (Avg: 0.2825) Dice: 0.8196 (Avg: 0.6898) IoU: 0.7000 (Avg: 0.5530)
Train Epoch: [46][6/138] Loss: 0.2899 (Avg: 0.2837) Dice: 0.6820 (Avg: 0.6885) IoU: 0.5377 (Avg: 0.5504)
Train Epoch: [46][7/138] Loss: 0.2439 (Avg: 0.2780) Dice: 0.7055 (Avg: 0.6909) IoU: 0.5594 (Avg: 0.5517)
Train Epoch: [46][8/138] Loss: 0.4992 (Avg: 0.3057) Dice: 0.4111 (Avg: 0.6559) IoU: 0.2935 (Avg: 0.5194)
Train Epoch: [46][9/138] Loss: 0.3216 (Avg: 0.3075) Dice: 0.6143 (Avg: 0.6513) IoU: 0.4663 (Avg: 0.5135)
Train Epoch: [46][10/138] Loss: 0.2070 (Avg: 0.2974) Dice: 0.7546 (Avg: 0.6616) IoU: 0.6255 (Avg: 0.5247)
Train Epoch: [46][11/138] Loss: 0.2940 (Avg: 0.2971) Dice: 0.6637 (Avg: 0.6618) IoU: 0.5184 (Avg: 0.5242)
Train Epoch: [46][12/138] Loss: 0.1752 (Avg: 0.2869) Dice: 0.7610 (Avg: 0.6701) IoU: 0.6378 (Avg: 0.5336)
Train Epoch: [46][13/138] Loss: 0.2338 (Avg: 0.2829) Dice: 0.7288 (Avg: 0.6746) IoU: 0.5820 (Avg: 0.5374)
Train Epoch: [46][14/138] Loss: 0.3716 (Avg: 0.2892) Dice: 0.5826 (Avg: 0.6680) IoU: 0.4366 (Avg: 0.5302)
Train Epoch: [46][15/138] Loss: 0.4252 (Avg: 0.2983) Dice: 0.5170 (Avg: 0.6580) IoU: 0.4092 (Avg: 0.5221)
Train Epoch: [46][16/138] Loss: 0.2326 (Avg: 0.2942) Dice: 0.7303 (Avg: 0.6625) IoU: 0.5913 (Avg: 0.5264)
Train Epoch: [46][17/138] Loss: 0.5066 (Avg: 0.3067) Dice: 0.4353 (Avg: 0.6491) IoU: 0.3398 (Avg: 0.5154)
Train Epoch: [46][18/138] Loss: 0.3509 (Avg: 0.3091) Dice: 0.5466 (Avg: 0.6434) IoU: 0.3950 (Avg: 0.5087)
Train Epoch: [46][19/138] Loss: 0.2630 (Avg: 0.3067) Dice: 0.6860 (Avg: 0.6457) IoU: 0.5234 (Avg: 0.5095)
Train Epoch: [46][20/138] Loss: 0.2418 (Avg: 0.3034) Dice: 0.7219 (Avg: 0.6495) IoU: 0.5794 (Avg: 0.5130)
Train Epoch: [46][21/138] Loss: 0.4169 (Avg: 0.3089) Dice: 0.5396 (Avg: 0.6442) IoU: 0.4340 (Avg: 0.5093)
Train Epoch: [46][22/138] Loss: 0.3722 (Avg: 0.3117) Dice: 0.6018 (Avg: 0.6423) IoU: 0.4896 (Avg: 0.5084)
Train Epoch: [46][23/138] Loss: 0.3174 (Avg: 0.3120) Dice: 0.6474 (Avg: 0.6425) IoU: 0.4846 (Avg: 0.5073)
Train Epoch: [46][24/138] Loss: 0.2910 (Avg: 0.3111) Dice: 0.6645 (Avg: 0.6435) IoU: 0.5125 (Avg: 0.5075)
Train Epoch: [46][25/138] Loss: 0.2423 (Avg: 0.3084) Dice: 0.7208 (Avg: 0.6465) IoU: 0.5743 (Avg: 0.5102)
Train Epoch: [46][26/138] Loss: 0.2663 (Avg: 0.3067) Dice: 0.6873 (Avg: 0.6481) IoU: 0.5263 (Avg: 0.5108)
Train Epoch: [46][27/138] Loss: 0.4020 (Avg: 0.3103) Dice: 0.5405 (Avg: 0.6441) IoU: 0.3981 (Avg: 0.5067)
Train Epoch: [46][28/138] Loss: 0.1780 (Avg: 0.3055) Dice: 0.7908 (Avg: 0.6494) IoU: 0.6556 (Avg: 0.5120)
Train Epoch: [46][29/138] Loss: 0.3618 (Avg: 0.3075) Dice: 0.5729 (Avg: 0.6467) IoU: 0.4364 (Avg: 0.5094)
Train Epoch: [46][30/138] Loss: 0.3078 (Avg: 0.3075) Dice: 0.6491 (Avg: 0.6468) IoU: 0.4972 (Avg: 0.5090)
Train Epoch: [46][31/138] Loss: 0.2658 (Avg: 0.3061) Dice: 0.6822 (Avg: 0.6480) IoU: 0.5587 (Avg: 0.5106)
Train Epoch: [46][32/138] Loss: 0.5803 (Avg: 0.3147) Dice: 0.3786 (Avg: 0.6395) IoU: 0.3113 (Avg: 0.5043)
Train Epoch: [46][33/138] Loss: 0.4067 (Avg: 0.3175) Dice: 0.5288 (Avg: 0.6362) IoU: 0.3683 (Avg: 0.5002)
Train Epoch: [46][34/138] Loss: 0.2399 (Avg: 0.3152) Dice: 0.7098 (Avg: 0.6383) IoU: 0.5654 (Avg: 0.5021)
Train Epoch: [46][35/138] Loss: 0.1707 (Avg: 0.3111) Dice: 0.8073 (Avg: 0.6432) IoU: 0.6769 (Avg: 0.5071)
Train Epoch: [46][36/138] Loss: 0.3466 (Avg: 0.3121) Dice: 0.6208 (Avg: 0.6425) IoU: 0.4781 (Avg: 0.5063)
Train Epoch: [46][37/138] Loss: 0.4811 (Avg: 0.3166) Dice: 0.4635 (Avg: 0.6377) IoU: 0.3523 (Avg: 0.5022)
Train Epoch: [46][38/138] Loss: 0.4623 (Avg: 0.3205) Dice: 0.4728 (Avg: 0.6334) IoU: 0.3173 (Avg: 0.4973)
Train Epoch: [46][39/138] Loss: 0.3269 (Avg: 0.3206) Dice: 0.6432 (Avg: 0.6336) IoU: 0.4919 (Avg: 0.4972)
Train Epoch: [46][40/138] Loss: 0.1985 (Avg: 0.3176) Dice: 0.7697 (Avg: 0.6370) IoU: 0.6378 (Avg: 0.5007)
Train Epoch: [46][41/138] Loss: 0.1281 (Avg: 0.3130) Dice: 0.8581 (Avg: 0.6424) IoU: 0.7525 (Avg: 0.5068)
Train Epoch: [46][42/138] Loss: 0.1813 (Avg: 0.3098) Dice: 0.7880 (Avg: 0.6459) IoU: 0.6519 (Avg: 0.5103)
Train Epoch: [46][43/138] Loss: 0.2025 (Avg: 0.3073) Dice: 0.7490 (Avg: 0.6483) IoU: 0.6120 (Avg: 0.5126)
Train Epoch: [46][44/138] Loss: 0.2793 (Avg: 0.3067) Dice: 0.6788 (Avg: 0.6490) IoU: 0.5263 (Avg: 0.5129)
Train Epoch: [46][45/138] Loss: 0.2791 (Avg: 0.3061) Dice: 0.6722 (Avg: 0.6495) IoU: 0.5298 (Avg: 0.5133)
Train Epoch: [46][46/138] Loss: 0.3252 (Avg: 0.3065) Dice: 0.6279 (Avg: 0.6490) IoU: 0.4846 (Avg: 0.5127)
Train Epoch: [46][47/138] Loss: 0.4055 (Avg: 0.3086) Dice: 0.5479 (Avg: 0.6469) IoU: 0.4047 (Avg: 0.5104)
Train Epoch: [46][48/138] Loss: 0.1939 (Avg: 0.3062) Dice: 0.7748 (Avg: 0.6495) IoU: 0.6388 (Avg: 0.5131)
Train Epoch: [46][49/138] Loss: 0.3516 (Avg: 0.3071) Dice: 0.5893 (Avg: 0.6483) IoU: 0.4348 (Avg: 0.5115)
Train Epoch: [46][50/138] Loss: 0.3150 (Avg: 0.3073) Dice: 0.6162 (Avg: 0.6477) IoU: 0.4550 (Avg: 0.5104)
Train Epoch: [46][51/138] Loss: 0.3046 (Avg: 0.3073) Dice: 0.6703 (Avg: 0.6481) IoU: 0.5459 (Avg: 0.5110)
Train Epoch: [46][52/138] Loss: 0.2342 (Avg: 0.3058) Dice: 0.7091 (Avg: 0.6493) IoU: 0.5546 (Avg: 0.5119)
Train Epoch: [46][53/138] Loss: 0.1881 (Avg: 0.3036) Dice: 0.7726 (Avg: 0.6516) IoU: 0.6424 (Avg: 0.5143)
Train Epoch: [46][54/138] Loss: 0.3121 (Avg: 0.3038) Dice: 0.6108 (Avg: 0.6509) IoU: 0.4969 (Avg: 0.5140)
Train Epoch: [46][55/138] Loss: 0.1853 (Avg: 0.3016) Dice: 0.7834 (Avg: 0.6533) IoU: 0.6545 (Avg: 0.5166)
Train Epoch: [46][56/138] Loss: 0.4257 (Avg: 0.3038) Dice: 0.5147 (Avg: 0.6508) IoU: 0.3593 (Avg: 0.5138)
Train Epoch: [46][57/138] Loss: 0.3137 (Avg: 0.3040) Dice: 0.6426 (Avg: 0.6506) IoU: 0.5017 (Avg: 0.5136)
Train Epoch: [46][58/138] Loss: 0.3427 (Avg: 0.3047) Dice: 0.6042 (Avg: 0.6498) IoU: 0.4445 (Avg: 0.5124)
Train Epoch: [46][59/138] Loss: 0.4096 (Avg: 0.3065) Dice: 0.5495 (Avg: 0.6481) IoU: 0.4129 (Avg: 0.5107)
Train Epoch: [46][60/138] Loss: 0.2439 (Avg: 0.3054) Dice: 0.7157 (Avg: 0.6493) IoU: 0.5718 (Avg: 0.5117)
Train Epoch: [46][61/138] Loss: 0.3432 (Avg: 0.3060) Dice: 0.6371 (Avg: 0.6491) IoU: 0.5102 (Avg: 0.5117)
Train Epoch: [46][62/138] Loss: 0.2062 (Avg: 0.3044) Dice: 0.7578 (Avg: 0.6508) IoU: 0.6116 (Avg: 0.5133)
Train Epoch: [46][63/138] Loss: 0.2658 (Avg: 0.3038) Dice: 0.6928 (Avg: 0.6515) IoU: 0.5388 (Avg: 0.5137)
Train Epoch: [46][64/138] Loss: 0.3963 (Avg: 0.3053) Dice: 0.5827 (Avg: 0.6504) IoU: 0.4933 (Avg: 0.5134)
Train Epoch: [46][65/138] Loss: 0.1886 (Avg: 0.3035) Dice: 0.7615 (Avg: 0.6521) IoU: 0.6149 (Avg: 0.5149)
Train Epoch: [46][66/138] Loss: 0.1764 (Avg: 0.3015) Dice: 0.7898 (Avg: 0.6542) IoU: 0.6572 (Avg: 0.5171)
Train Epoch: [46][67/138] Loss: 0.2490 (Avg: 0.3008) Dice: 0.6715 (Avg: 0.6545) IoU: 0.5381 (Avg: 0.5174)
Train Epoch: [46][68/138] Loss: 0.3949 (Avg: 0.3021) Dice: 0.5550 (Avg: 0.6530) IoU: 0.4459 (Avg: 0.5164)
Train Epoch: [46][69/138] Loss: 0.2045 (Avg: 0.3007) Dice: 0.7557 (Avg: 0.6545) IoU: 0.6083 (Avg: 0.5177)
Train Epoch: [46][70/138] Loss: 0.4573 (Avg: 0.3030) Dice: 0.4792 (Avg: 0.6520) IoU: 0.3348 (Avg: 0.5151)
Train Epoch: [46][71/138] Loss: 0.1493 (Avg: 0.3008) Dice: 0.8107 (Avg: 0.6542) IoU: 0.6905 (Avg: 0.5175)
Train Epoch: [46][72/138] Loss: 0.2938 (Avg: 0.3007) Dice: 0.6546 (Avg: 0.6542) IoU: 0.4881 (Avg: 0.5171)
Train Epoch: [46][73/138] Loss: 0.1690 (Avg: 0.2989) Dice: 0.8172 (Avg: 0.6565) IoU: 0.7108 (Avg: 0.5198)
Train Epoch: [46][74/138] Loss: 0.1501 (Avg: 0.2969) Dice: 0.8165 (Avg: 0.6586) IoU: 0.6931 (Avg: 0.5221)
Train Epoch: [46][75/138] Loss: 0.3283 (Avg: 0.2973) Dice: 0.6336 (Avg: 0.6583) IoU: 0.4702 (Avg: 0.5214)
Train Epoch: [46][76/138] Loss: 0.2298 (Avg: 0.2964) Dice: 0.7246 (Avg: 0.6592) IoU: 0.5742 (Avg: 0.5221)
Train Epoch: [46][77/138] Loss: 0.2586 (Avg: 0.2959) Dice: 0.6822 (Avg: 0.6595) IoU: 0.5347 (Avg: 0.5223)
Train Epoch: [46][78/138] Loss: 0.2879 (Avg: 0.2958) Dice: 0.6498 (Avg: 0.6593) IoU: 0.5024 (Avg: 0.5220)
Train Epoch: [46][79/138] Loss: 0.1853 (Avg: 0.2944) Dice: 0.7778 (Avg: 0.6608) IoU: 0.6445 (Avg: 0.5236)
Train Epoch: [46][80/138] Loss: 0.2127 (Avg: 0.2934) Dice: 0.7550 (Avg: 0.6620) IoU: 0.6206 (Avg: 0.5248)
Train Epoch: [46][81/138] Loss: 0.2565 (Avg: 0.2929) Dice: 0.6960 (Avg: 0.6624) IoU: 0.5492 (Avg: 0.5251)
Train Epoch: [46][82/138] Loss: 0.1914 (Avg: 0.2917) Dice: 0.7786 (Avg: 0.6639) IoU: 0.6518 (Avg: 0.5266)
Train Epoch: [46][83/138] Loss: 0.1822 (Avg: 0.2904) Dice: 0.7774 (Avg: 0.6652) IoU: 0.6438 (Avg: 0.5281)
Train Epoch: [46][84/138] Loss: 0.3136 (Avg: 0.2907) Dice: 0.6263 (Avg: 0.6648) IoU: 0.4969 (Avg: 0.5277)
Train Epoch: [46][85/138] Loss: 0.2748 (Avg: 0.2905) Dice: 0.6668 (Avg: 0.6648) IoU: 0.5069 (Avg: 0.5274)
Train Epoch: [46][86/138] Loss: 0.3715 (Avg: 0.2914) Dice: 0.5701 (Avg: 0.6637) IoU: 0.4005 (Avg: 0.5260)
Train Epoch: [46][87/138] Loss: 0.2685 (Avg: 0.2912) Dice: 0.6715 (Avg: 0.6638) IoU: 0.5202 (Avg: 0.5259)
Train Epoch: [46][88/138] Loss: 0.2782 (Avg: 0.2910) Dice: 0.6500 (Avg: 0.6636) IoU: 0.5217 (Avg: 0.5259)
Train Epoch: [46][89/138] Loss: 0.1806 (Avg: 0.2898) Dice: 0.7736 (Avg: 0.6649) IoU: 0.6439 (Avg: 0.5272)
Train Epoch: [46][90/138] Loss: 0.1790 (Avg: 0.2885) Dice: 0.7819 (Avg: 0.6662) IoU: 0.6608 (Avg: 0.5287)
Train Epoch: [46][91/138] Loss: 0.2054 (Avg: 0.2876) Dice: 0.7595 (Avg: 0.6672) IoU: 0.6181 (Avg: 0.5296)
Train Epoch: [46][92/138] Loss: 0.5448 (Avg: 0.2904) Dice: 0.4225 (Avg: 0.6645) IoU: 0.3030 (Avg: 0.5272)
Train Epoch: [46][93/138] Loss: 0.2517 (Avg: 0.2900) Dice: 0.7000 (Avg: 0.6649) IoU: 0.5562 (Avg: 0.5275)
Train Epoch: [46][94/138] Loss: 0.1841 (Avg: 0.2889) Dice: 0.7754 (Avg: 0.6661) IoU: 0.6444 (Avg: 0.5287)
Train Epoch: [46][95/138] Loss: 0.3321 (Avg: 0.2893) Dice: 0.6093 (Avg: 0.6655) IoU: 0.4469 (Avg: 0.5279)
Train Epoch: [46][96/138] Loss: 0.3905 (Avg: 0.2904) Dice: 0.5666 (Avg: 0.6644) IoU: 0.4575 (Avg: 0.5271)
Train Epoch: [46][97/138] Loss: 0.2221 (Avg: 0.2897) Dice: 0.7161 (Avg: 0.6650) IoU: 0.5647 (Avg: 0.5275)
Train Epoch: [46][98/138] Loss: 0.3802 (Avg: 0.2906) Dice: 0.5532 (Avg: 0.6638) IoU: 0.4171 (Avg: 0.5264)
Train Epoch: [46][99/138] Loss: 0.3023 (Avg: 0.2907) Dice: 0.6621 (Avg: 0.6638) IoU: 0.5467 (Avg: 0.5266)
Train Epoch: [46][100/138] Loss: 0.4152 (Avg: 0.2920) Dice: 0.4962 (Avg: 0.6621) IoU: 0.3943 (Avg: 0.5253)
Train Epoch: [46][101/138] Loss: 0.2776 (Avg: 0.2918) Dice: 0.6727 (Avg: 0.6622) IoU: 0.5084 (Avg: 0.5251)
Train Epoch: [46][102/138] Loss: 0.1996 (Avg: 0.2909) Dice: 0.7606 (Avg: 0.6632) IoU: 0.6169 (Avg: 0.5260)
Train Epoch: [46][103/138] Loss: 0.4696 (Avg: 0.2927) Dice: 0.4808 (Avg: 0.6614) IoU: 0.3245 (Avg: 0.5241)
Train Epoch: [46][104/138] Loss: 0.4042 (Avg: 0.2937) Dice: 0.5647 (Avg: 0.6605) IoU: 0.4757 (Avg: 0.5236)
Train Epoch: [46][105/138] Loss: 0.2818 (Avg: 0.2936) Dice: 0.6771 (Avg: 0.6607) IoU: 0.5390 (Avg: 0.5237)
Train Epoch: [46][106/138] Loss: 0.3528 (Avg: 0.2942) Dice: 0.6316 (Avg: 0.6604) IoU: 0.4634 (Avg: 0.5232)
Train Epoch: [46][107/138] Loss: 0.1542 (Avg: 0.2929) Dice: 0.8248 (Avg: 0.6619) IoU: 0.7128 (Avg: 0.5249)
Train Epoch: [46][108/138] Loss: 0.2247 (Avg: 0.2922) Dice: 0.6965 (Avg: 0.6623) IoU: 0.5517 (Avg: 0.5252)
Train Epoch: [46][109/138] Loss: 0.2159 (Avg: 0.2915) Dice: 0.7319 (Avg: 0.6629) IoU: 0.5913 (Avg: 0.5258)
Train Epoch: [46][110/138] Loss: 0.1896 (Avg: 0.2906) Dice: 0.7810 (Avg: 0.6640) IoU: 0.6440 (Avg: 0.5269)
Train Epoch: [46][111/138] Loss: 0.2748 (Avg: 0.2905) Dice: 0.6663 (Avg: 0.6640) IoU: 0.5081 (Avg: 0.5267)
Train Epoch: [46][112/138] Loss: 0.3670 (Avg: 0.2911) Dice: 0.6080 (Avg: 0.6635) IoU: 0.5073 (Avg: 0.5265)
Train Epoch: [46][113/138] Loss: 0.3223 (Avg: 0.2914) Dice: 0.6100 (Avg: 0.6630) IoU: 0.4601 (Avg: 0.5259)
Train Epoch: [46][114/138] Loss: 0.2118 (Avg: 0.2907) Dice: 0.7441 (Avg: 0.6637) IoU: 0.5997 (Avg: 0.5266)
Train Epoch: [46][115/138] Loss: 0.3872 (Avg: 0.2916) Dice: 0.5361 (Avg: 0.6626) IoU: 0.4430 (Avg: 0.5259)
Train Epoch: [46][116/138] Loss: 0.1301 (Avg: 0.2902) Dice: 0.8283 (Avg: 0.6640) IoU: 0.7092 (Avg: 0.5274)
Train Epoch: [46][117/138] Loss: 0.2033 (Avg: 0.2894) Dice: 0.7587 (Avg: 0.6649) IoU: 0.6249 (Avg: 0.5283)
Train Epoch: [46][118/138] Loss: 0.2514 (Avg: 0.2891) Dice: 0.6969 (Avg: 0.6651) IoU: 0.5479 (Avg: 0.5284)
Train Epoch: [46][119/138] Loss: 0.2416 (Avg: 0.2887) Dice: 0.7141 (Avg: 0.6655) IoU: 0.5802 (Avg: 0.5289)
Train Epoch: [46][120/138] Loss: 0.4262 (Avg: 0.2899) Dice: 0.4728 (Avg: 0.6639) IoU: 0.3363 (Avg: 0.5273)
Train Epoch: [46][121/138] Loss: 0.2180 (Avg: 0.2893) Dice: 0.7581 (Avg: 0.6647) IoU: 0.6162 (Avg: 0.5280)
Train Epoch: [46][122/138] Loss: 0.2574 (Avg: 0.2890) Dice: 0.6996 (Avg: 0.6650) IoU: 0.5422 (Avg: 0.5281)
Train Epoch: [46][123/138] Loss: 0.3314 (Avg: 0.2893) Dice: 0.6235 (Avg: 0.6647) IoU: 0.5032 (Avg: 0.5279)
Train Epoch: [46][124/138] Loss: 0.3674 (Avg: 0.2900) Dice: 0.5965 (Avg: 0.6641) IoU: 0.5049 (Avg: 0.5277)
Train Epoch: [46][125/138] Loss: 0.4811 (Avg: 0.2915) Dice: 0.4814 (Avg: 0.6626) IoU: 0.3860 (Avg: 0.5266)
Train Epoch: [46][126/138] Loss: 0.5592 (Avg: 0.2936) Dice: 0.3143 (Avg: 0.6599) IoU: 0.2195 (Avg: 0.5242)
Train Epoch: [46][127/138] Loss: 0.3251 (Avg: 0.2939) Dice: 0.6517 (Avg: 0.6598) IoU: 0.5168 (Avg: 0.5241)
Train Epoch: [46][128/138] Loss: 0.1844 (Avg: 0.2930) Dice: 0.7708 (Avg: 0.6607) IoU: 0.6367 (Avg: 0.5250)
Train Epoch: [46][129/138] Loss: 0.3826 (Avg: 0.2937) Dice: 0.5966 (Avg: 0.6602) IoU: 0.4485 (Avg: 0.5244)
Train Epoch: [46][130/138] Loss: 0.3270 (Avg: 0.2940) Dice: 0.6216 (Avg: 0.6599) IoU: 0.4656 (Avg: 0.5239)
Train Epoch: [46][131/138] Loss: 0.1956 (Avg: 0.2932) Dice: 0.7661 (Avg: 0.6607) IoU: 0.6256 (Avg: 0.5247)
Train Epoch: [46][132/138] Loss: 0.1335 (Avg: 0.2920) Dice: 0.8445 (Avg: 0.6621) IoU: 0.7319 (Avg: 0.5263)
Train Epoch: [46][133/138] Loss: 0.2097 (Avg: 0.2914) Dice: 0.7335 (Avg: 0.6626) IoU: 0.5887 (Avg: 0.5268)
Train Epoch: [46][134/138] Loss: 0.3188 (Avg: 0.2916) Dice: 0.6443 (Avg: 0.6625) IoU: 0.5031 (Avg: 0.5266)
Train Epoch: [46][135/138] Loss: 0.3745 (Avg: 0.2922) Dice: 0.5266 (Avg: 0.6615) IoU: 0.4103 (Avg: 0.5257)
Train Epoch: [46][136/138] Loss: 0.5303 (Avg: 0.2940) Dice: 0.4385 (Avg: 0.6598) IoU: 0.3408 (Avg: 0.5244)
Train Epoch: [46][137/138] Loss: 0.3802 (Avg: 0.2946) Dice: 0.5496 (Avg: 0.6590) IoU: 0.4523 (Avg: 0.5238)
Train Epoch: [46][138/138] Loss: 0.4034 (Avg: 0.2932) Dice: 0.5775 (Avg: 0.6553) IoU: 0.4059 (Avg: 0.5208)
Validation Epoch: [46] Avg Loss: 0.3939 Avg Dice: 0.5425 Avg IoU: 0.4158

========= Epoch [47/50] =========
Train Epoch: [47][1/138] Loss: 0.2780 (Avg: 0.2780) Dice: 0.6693 (Avg: 0.6693) IoU: 0.5341 (Avg: 0.5341)
Train Epoch: [47][2/138] Loss: 0.3201 (Avg: 0.2991) Dice: 0.6111 (Avg: 0.6402) IoU: 0.4908 (Avg: 0.5125)
Train Epoch: [47][3/138] Loss: 0.3653 (Avg: 0.3211) Dice: 0.5683 (Avg: 0.6162) IoU: 0.4219 (Avg: 0.4823)
Train Epoch: [47][4/138] Loss: 0.2503 (Avg: 0.3034) Dice: 0.7036 (Avg: 0.6381) IoU: 0.5496 (Avg: 0.4991)
Train Epoch: [47][5/138] Loss: 0.3766 (Avg: 0.3181) Dice: 0.5217 (Avg: 0.6148) IoU: 0.3864 (Avg: 0.4766)
Train Epoch: [47][6/138] Loss: 0.1989 (Avg: 0.2982) Dice: 0.7499 (Avg: 0.6373) IoU: 0.6043 (Avg: 0.4978)
Train Epoch: [47][7/138] Loss: 0.2567 (Avg: 0.2923) Dice: 0.6684 (Avg: 0.6418) IoU: 0.5117 (Avg: 0.4998)
Train Epoch: [47][8/138] Loss: 0.3835 (Avg: 0.3037) Dice: 0.5448 (Avg: 0.6296) IoU: 0.3899 (Avg: 0.4861)
Train Epoch: [47][9/138] Loss: 0.3226 (Avg: 0.3058) Dice: 0.6416 (Avg: 0.6310) IoU: 0.4813 (Avg: 0.4855)
Train Epoch: [47][10/138] Loss: 0.6787 (Avg: 0.3431) Dice: 0.2638 (Avg: 0.5942) IoU: 0.1825 (Avg: 0.4552)
Train Epoch: [47][11/138] Loss: 0.1565 (Avg: 0.3261) Dice: 0.8287 (Avg: 0.6156) IoU: 0.7235 (Avg: 0.4796)
Train Epoch: [47][12/138] Loss: 0.4497 (Avg: 0.3364) Dice: 0.4805 (Avg: 0.6043) IoU: 0.3582 (Avg: 0.4695)
Train Epoch: [47][13/138] Loss: 0.2054 (Avg: 0.3263) Dice: 0.7686 (Avg: 0.6169) IoU: 0.6567 (Avg: 0.4839)
Train Epoch: [47][14/138] Loss: 0.1641 (Avg: 0.3147) Dice: 0.8019 (Avg: 0.6302) IoU: 0.6773 (Avg: 0.4977)
Train Epoch: [47][15/138] Loss: 0.1831 (Avg: 0.3060) Dice: 0.7851 (Avg: 0.6405) IoU: 0.6499 (Avg: 0.5079)
Train Epoch: [47][16/138] Loss: 0.3118 (Avg: 0.3063) Dice: 0.6592 (Avg: 0.6417) IoU: 0.5073 (Avg: 0.5078)
Train Epoch: [47][17/138] Loss: 0.2865 (Avg: 0.3052) Dice: 0.6923 (Avg: 0.6446) IoU: 0.5741 (Avg: 0.5117)
Train Epoch: [47][18/138] Loss: 0.2917 (Avg: 0.3044) Dice: 0.6158 (Avg: 0.6430) IoU: 0.4851 (Avg: 0.5102)
Train Epoch: [47][19/138] Loss: 0.3075 (Avg: 0.3046) Dice: 0.6509 (Avg: 0.6434) IoU: 0.5206 (Avg: 0.5108)
Train Epoch: [47][20/138] Loss: 0.2426 (Avg: 0.3015) Dice: 0.7123 (Avg: 0.6469) IoU: 0.5550 (Avg: 0.5130)
Train Epoch: [47][21/138] Loss: 0.5214 (Avg: 0.3119) Dice: 0.4262 (Avg: 0.6364) IoU: 0.3015 (Avg: 0.5029)
Train Epoch: [47][22/138] Loss: 0.4609 (Avg: 0.3187) Dice: 0.4978 (Avg: 0.6301) IoU: 0.3824 (Avg: 0.4975)
Train Epoch: [47][23/138] Loss: 0.1117 (Avg: 0.3097) Dice: 0.8591 (Avg: 0.6400) IoU: 0.7535 (Avg: 0.5086)
Train Epoch: [47][24/138] Loss: 0.2134 (Avg: 0.3057) Dice: 0.7420 (Avg: 0.6443) IoU: 0.6086 (Avg: 0.5128)
Train Epoch: [47][25/138] Loss: 0.4805 (Avg: 0.3127) Dice: 0.4411 (Avg: 0.6362) IoU: 0.3353 (Avg: 0.5057)
Train Epoch: [47][26/138] Loss: 0.2591 (Avg: 0.3106) Dice: 0.6873 (Avg: 0.6381) IoU: 0.5395 (Avg: 0.5070)
Train Epoch: [47][27/138] Loss: 0.2376 (Avg: 0.3079) Dice: 0.7178 (Avg: 0.6411) IoU: 0.5793 (Avg: 0.5096)
Train Epoch: [47][28/138] Loss: 0.2917 (Avg: 0.3073) Dice: 0.6676 (Avg: 0.6420) IoU: 0.5045 (Avg: 0.5095)
Train Epoch: [47][29/138] Loss: 0.3501 (Avg: 0.3088) Dice: 0.5738 (Avg: 0.6397) IoU: 0.4694 (Avg: 0.5081)
Train Epoch: [47][30/138] Loss: 0.4435 (Avg: 0.3133) Dice: 0.4916 (Avg: 0.6347) IoU: 0.3634 (Avg: 0.5032)
Train Epoch: [47][31/138] Loss: 0.2241 (Avg: 0.3104) Dice: 0.7229 (Avg: 0.6376) IoU: 0.5680 (Avg: 0.5053)
Train Epoch: [47][32/138] Loss: 0.3201 (Avg: 0.3107) Dice: 0.6222 (Avg: 0.6371) IoU: 0.4669 (Avg: 0.5041)
Train Epoch: [47][33/138] Loss: 0.4739 (Avg: 0.3157) Dice: 0.4728 (Avg: 0.6321) IoU: 0.3523 (Avg: 0.4995)
Train Epoch: [47][34/138] Loss: 0.2878 (Avg: 0.3149) Dice: 0.6554 (Avg: 0.6328) IoU: 0.5073 (Avg: 0.4998)
Train Epoch: [47][35/138] Loss: 0.2068 (Avg: 0.3118) Dice: 0.7638 (Avg: 0.6365) IoU: 0.6232 (Avg: 0.5033)
Train Epoch: [47][36/138] Loss: 0.3940 (Avg: 0.3141) Dice: 0.5549 (Avg: 0.6343) IoU: 0.4132 (Avg: 0.5008)
Train Epoch: [47][37/138] Loss: 0.2394 (Avg: 0.3120) Dice: 0.7251 (Avg: 0.6367) IoU: 0.5888 (Avg: 0.5032)
Train Epoch: [47][38/138] Loss: 0.3702 (Avg: 0.3136) Dice: 0.5898 (Avg: 0.6355) IoU: 0.4299 (Avg: 0.5012)
Train Epoch: [47][39/138] Loss: 0.2778 (Avg: 0.3127) Dice: 0.6836 (Avg: 0.6367) IoU: 0.5318 (Avg: 0.5020)
Train Epoch: [47][40/138] Loss: 0.4748 (Avg: 0.3167) Dice: 0.4600 (Avg: 0.6323) IoU: 0.3095 (Avg: 0.4972)
Train Epoch: [47][41/138] Loss: 0.2700 (Avg: 0.3156) Dice: 0.6853 (Avg: 0.6336) IoU: 0.5278 (Avg: 0.4980)
Train Epoch: [47][42/138] Loss: 0.2763 (Avg: 0.3146) Dice: 0.6871 (Avg: 0.6349) IoU: 0.5288 (Avg: 0.4987)
Train Epoch: [47][43/138] Loss: 0.4557 (Avg: 0.3179) Dice: 0.5051 (Avg: 0.6319) IoU: 0.3848 (Avg: 0.4960)
Train Epoch: [47][44/138] Loss: 0.1989 (Avg: 0.3152) Dice: 0.7735 (Avg: 0.6351) IoU: 0.6444 (Avg: 0.4994)
Train Epoch: [47][45/138] Loss: 0.1937 (Avg: 0.3125) Dice: 0.7782 (Avg: 0.6383) IoU: 0.6465 (Avg: 0.5027)
Train Epoch: [47][46/138] Loss: 0.2167 (Avg: 0.3104) Dice: 0.7507 (Avg: 0.6407) IoU: 0.6077 (Avg: 0.5050)
Train Epoch: [47][47/138] Loss: 0.3376 (Avg: 0.3110) Dice: 0.6070 (Avg: 0.6400) IoU: 0.4682 (Avg: 0.5042)
Train Epoch: [47][48/138] Loss: 0.4357 (Avg: 0.3136) Dice: 0.4761 (Avg: 0.6366) IoU: 0.3335 (Avg: 0.5006)
Train Epoch: [47][49/138] Loss: 0.3117 (Avg: 0.3136) Dice: 0.6514 (Avg: 0.6369) IoU: 0.4981 (Avg: 0.5006)
Train Epoch: [47][50/138] Loss: 0.2506 (Avg: 0.3123) Dice: 0.7145 (Avg: 0.6384) IoU: 0.5844 (Avg: 0.5023)
Train Epoch: [47][51/138] Loss: 0.3442 (Avg: 0.3129) Dice: 0.5972 (Avg: 0.6376) IoU: 0.4330 (Avg: 0.5009)
Train Epoch: [47][52/138] Loss: 0.2820 (Avg: 0.3123) Dice: 0.6885 (Avg: 0.6386) IoU: 0.5381 (Avg: 0.5016)
Train Epoch: [47][53/138] Loss: 0.3450 (Avg: 0.3130) Dice: 0.6035 (Avg: 0.6379) IoU: 0.4693 (Avg: 0.5010)
Train Epoch: [47][54/138] Loss: 0.1838 (Avg: 0.3106) Dice: 0.7608 (Avg: 0.6402) IoU: 0.6257 (Avg: 0.5033)
Train Epoch: [47][55/138] Loss: 0.2604 (Avg: 0.3096) Dice: 0.6872 (Avg: 0.6411) IoU: 0.5487 (Avg: 0.5041)
Train Epoch: [47][56/138] Loss: 0.1977 (Avg: 0.3076) Dice: 0.7644 (Avg: 0.6433) IoU: 0.6278 (Avg: 0.5063)
Train Epoch: [47][57/138] Loss: 0.3004 (Avg: 0.3075) Dice: 0.6389 (Avg: 0.6432) IoU: 0.4978 (Avg: 0.5062)
Train Epoch: [47][58/138] Loss: 0.2349 (Avg: 0.3063) Dice: 0.7114 (Avg: 0.6444) IoU: 0.5784 (Avg: 0.5074)
Train Epoch: [47][59/138] Loss: 0.2439 (Avg: 0.3052) Dice: 0.7177 (Avg: 0.6456) IoU: 0.5954 (Avg: 0.5089)
Train Epoch: [47][60/138] Loss: 0.3144 (Avg: 0.3054) Dice: 0.6429 (Avg: 0.6456) IoU: 0.4919 (Avg: 0.5086)
Train Epoch: [47][61/138] Loss: 0.2683 (Avg: 0.3048) Dice: 0.6839 (Avg: 0.6462) IoU: 0.5249 (Avg: 0.5089)
Train Epoch: [47][62/138] Loss: 0.4825 (Avg: 0.3076) Dice: 0.4559 (Avg: 0.6431) IoU: 0.3224 (Avg: 0.5059)
Train Epoch: [47][63/138] Loss: 0.1337 (Avg: 0.3049) Dice: 0.8327 (Avg: 0.6461) IoU: 0.7258 (Avg: 0.5094)
Train Epoch: [47][64/138] Loss: 0.6082 (Avg: 0.3096) Dice: 0.3576 (Avg: 0.6416) IoU: 0.2614 (Avg: 0.5055)
Train Epoch: [47][65/138] Loss: 0.2094 (Avg: 0.3081) Dice: 0.7550 (Avg: 0.6434) IoU: 0.6137 (Avg: 0.5072)
Train Epoch: [47][66/138] Loss: 0.2374 (Avg: 0.3070) Dice: 0.7170 (Avg: 0.6445) IoU: 0.5735 (Avg: 0.5082)
Train Epoch: [47][67/138] Loss: 0.2820 (Avg: 0.3066) Dice: 0.6711 (Avg: 0.6449) IoU: 0.5057 (Avg: 0.5082)
Train Epoch: [47][68/138] Loss: 0.3821 (Avg: 0.3077) Dice: 0.5539 (Avg: 0.6435) IoU: 0.3965 (Avg: 0.5065)
Train Epoch: [47][69/138] Loss: 0.4456 (Avg: 0.3097) Dice: 0.4850 (Avg: 0.6412) IoU: 0.3392 (Avg: 0.5041)
Train Epoch: [47][70/138] Loss: 0.1565 (Avg: 0.3075) Dice: 0.8177 (Avg: 0.6438) IoU: 0.6965 (Avg: 0.5068)
Train Epoch: [47][71/138] Loss: 0.2965 (Avg: 0.3074) Dice: 0.6833 (Avg: 0.6443) IoU: 0.5400 (Avg: 0.5073)
Train Epoch: [47][72/138] Loss: 0.1868 (Avg: 0.3057) Dice: 0.7763 (Avg: 0.6462) IoU: 0.6357 (Avg: 0.5091)
Train Epoch: [47][73/138] Loss: 0.4356 (Avg: 0.3075) Dice: 0.5101 (Avg: 0.6443) IoU: 0.4043 (Avg: 0.5076)
Train Epoch: [47][74/138] Loss: 0.1747 (Avg: 0.3057) Dice: 0.7870 (Avg: 0.6462) IoU: 0.6517 (Avg: 0.5096)
Train Epoch: [47][75/138] Loss: 0.4642 (Avg: 0.3078) Dice: 0.4935 (Avg: 0.6442) IoU: 0.3596 (Avg: 0.5076)
Train Epoch: [47][76/138] Loss: 0.3680 (Avg: 0.3086) Dice: 0.5360 (Avg: 0.6428) IoU: 0.4281 (Avg: 0.5065)
Train Epoch: [47][77/138] Loss: 0.3012 (Avg: 0.3085) Dice: 0.6667 (Avg: 0.6431) IoU: 0.5236 (Avg: 0.5068)
Train Epoch: [47][78/138] Loss: 0.2710 (Avg: 0.3080) Dice: 0.6496 (Avg: 0.6432) IoU: 0.4882 (Avg: 0.5065)
Train Epoch: [47][79/138] Loss: 0.6018 (Avg: 0.3117) Dice: 0.3236 (Avg: 0.6391) IoU: 0.2093 (Avg: 0.5028)
Train Epoch: [47][80/138] Loss: 0.2799 (Avg: 0.3113) Dice: 0.6874 (Avg: 0.6397) IoU: 0.5498 (Avg: 0.5034)
Train Epoch: [47][81/138] Loss: 0.3014 (Avg: 0.3112) Dice: 0.6285 (Avg: 0.6396) IoU: 0.4682 (Avg: 0.5029)
Train Epoch: [47][82/138] Loss: 0.1886 (Avg: 0.3097) Dice: 0.7733 (Avg: 0.6412) IoU: 0.6444 (Avg: 0.5046)
Train Epoch: [47][83/138] Loss: 0.1739 (Avg: 0.3081) Dice: 0.7963 (Avg: 0.6431) IoU: 0.6641 (Avg: 0.5066)
Train Epoch: [47][84/138] Loss: 0.3220 (Avg: 0.3083) Dice: 0.6382 (Avg: 0.6430) IoU: 0.4989 (Avg: 0.5065)
Train Epoch: [47][85/138] Loss: 0.2215 (Avg: 0.3072) Dice: 0.7560 (Avg: 0.6443) IoU: 0.6204 (Avg: 0.5078)
Train Epoch: [47][86/138] Loss: 0.2496 (Avg: 0.3066) Dice: 0.7094 (Avg: 0.6451) IoU: 0.5724 (Avg: 0.5086)
Train Epoch: [47][87/138] Loss: 0.3307 (Avg: 0.3068) Dice: 0.6342 (Avg: 0.6450) IoU: 0.4767 (Avg: 0.5082)
Train Epoch: [47][88/138] Loss: 0.3297 (Avg: 0.3071) Dice: 0.6706 (Avg: 0.6453) IoU: 0.5437 (Avg: 0.5086)
Train Epoch: [47][89/138] Loss: 0.2465 (Avg: 0.3064) Dice: 0.7170 (Avg: 0.6461) IoU: 0.5996 (Avg: 0.5096)
Train Epoch: [47][90/138] Loss: 0.3342 (Avg: 0.3067) Dice: 0.6346 (Avg: 0.6459) IoU: 0.4977 (Avg: 0.5095)
Train Epoch: [47][91/138] Loss: 0.3104 (Avg: 0.3068) Dice: 0.6215 (Avg: 0.6457) IoU: 0.4649 (Avg: 0.5090)
Train Epoch: [47][92/138] Loss: 0.3318 (Avg: 0.3070) Dice: 0.6152 (Avg: 0.6453) IoU: 0.4537 (Avg: 0.5084)
Train Epoch: [47][93/138] Loss: 0.4154 (Avg: 0.3082) Dice: 0.5505 (Avg: 0.6443) IoU: 0.4391 (Avg: 0.5077)
Train Epoch: [47][94/138] Loss: 0.2260 (Avg: 0.3073) Dice: 0.7562 (Avg: 0.6455) IoU: 0.6138 (Avg: 0.5088)
Train Epoch: [47][95/138] Loss: 0.3271 (Avg: 0.3075) Dice: 0.6515 (Avg: 0.6456) IoU: 0.5410 (Avg: 0.5091)
Train Epoch: [47][96/138] Loss: 0.2884 (Avg: 0.3073) Dice: 0.6069 (Avg: 0.6452) IoU: 0.5117 (Avg: 0.5092)
Train Epoch: [47][97/138] Loss: 0.3428 (Avg: 0.3077) Dice: 0.6206 (Avg: 0.6449) IoU: 0.4713 (Avg: 0.5088)
Train Epoch: [47][98/138] Loss: 0.4224 (Avg: 0.3089) Dice: 0.5336 (Avg: 0.6438) IoU: 0.4153 (Avg: 0.5078)
Train Epoch: [47][99/138] Loss: 0.3030 (Avg: 0.3088) Dice: 0.6603 (Avg: 0.6440) IoU: 0.5229 (Avg: 0.5080)
Train Epoch: [47][100/138] Loss: 0.3625 (Avg: 0.3094) Dice: 0.5869 (Avg: 0.6434) IoU: 0.4825 (Avg: 0.5077)
Train Epoch: [47][101/138] Loss: 0.2779 (Avg: 0.3090) Dice: 0.6625 (Avg: 0.6436) IoU: 0.4988 (Avg: 0.5076)
Train Epoch: [47][102/138] Loss: 0.3577 (Avg: 0.3095) Dice: 0.5941 (Avg: 0.6431) IoU: 0.4528 (Avg: 0.5071)
Train Epoch: [47][103/138] Loss: 0.1642 (Avg: 0.3081) Dice: 0.7987 (Avg: 0.6446) IoU: 0.6680 (Avg: 0.5086)
Train Epoch: [47][104/138] Loss: 0.2490 (Avg: 0.3075) Dice: 0.7140 (Avg: 0.6453) IoU: 0.5643 (Avg: 0.5092)
Train Epoch: [47][105/138] Loss: 0.1082 (Avg: 0.3056) Dice: 0.8687 (Avg: 0.6474) IoU: 0.7732 (Avg: 0.5117)
Train Epoch: [47][106/138] Loss: 0.1870 (Avg: 0.3045) Dice: 0.7995 (Avg: 0.6488) IoU: 0.6748 (Avg: 0.5132)
Train Epoch: [47][107/138] Loss: 0.2201 (Avg: 0.3037) Dice: 0.7189 (Avg: 0.6495) IoU: 0.5969 (Avg: 0.5140)
Train Epoch: [47][108/138] Loss: 0.2795 (Avg: 0.3035) Dice: 0.6835 (Avg: 0.6498) IoU: 0.5636 (Avg: 0.5145)
Train Epoch: [47][109/138] Loss: 0.2258 (Avg: 0.3028) Dice: 0.7286 (Avg: 0.6505) IoU: 0.5807 (Avg: 0.5151)
Train Epoch: [47][110/138] Loss: 0.2335 (Avg: 0.3022) Dice: 0.7235 (Avg: 0.6512) IoU: 0.5746 (Avg: 0.5156)
Train Epoch: [47][111/138] Loss: 0.3440 (Avg: 0.3025) Dice: 0.6409 (Avg: 0.6511) IoU: 0.5620 (Avg: 0.5160)
Train Epoch: [47][112/138] Loss: 0.2112 (Avg: 0.3017) Dice: 0.7472 (Avg: 0.6519) IoU: 0.5968 (Avg: 0.5168)
Train Epoch: [47][113/138] Loss: 0.2990 (Avg: 0.3017) Dice: 0.6592 (Avg: 0.6520) IoU: 0.5290 (Avg: 0.5169)
Train Epoch: [47][114/138] Loss: 0.3204 (Avg: 0.3019) Dice: 0.6315 (Avg: 0.6518) IoU: 0.4827 (Avg: 0.5166)
Train Epoch: [47][115/138] Loss: 0.2338 (Avg: 0.3013) Dice: 0.7390 (Avg: 0.6526) IoU: 0.5946 (Avg: 0.5173)
Train Epoch: [47][116/138] Loss: 0.3557 (Avg: 0.3017) Dice: 0.6234 (Avg: 0.6523) IoU: 0.5350 (Avg: 0.5174)
Train Epoch: [47][117/138] Loss: 0.1505 (Avg: 0.3005) Dice: 0.8265 (Avg: 0.6538) IoU: 0.7123 (Avg: 0.5191)
Train Epoch: [47][118/138] Loss: 0.3037 (Avg: 0.3005) Dice: 0.6391 (Avg: 0.6537) IoU: 0.5138 (Avg: 0.5190)
Train Epoch: [47][119/138] Loss: 0.2011 (Avg: 0.2996) Dice: 0.7458 (Avg: 0.6545) IoU: 0.6096 (Avg: 0.5198)
Train Epoch: [47][120/138] Loss: 0.2229 (Avg: 0.2990) Dice: 0.7399 (Avg: 0.6552) IoU: 0.6059 (Avg: 0.5205)
Train Epoch: [47][121/138] Loss: 0.3157 (Avg: 0.2991) Dice: 0.6427 (Avg: 0.6551) IoU: 0.5122 (Avg: 0.5204)
Train Epoch: [47][122/138] Loss: 0.4091 (Avg: 0.3000) Dice: 0.5458 (Avg: 0.6542) IoU: 0.4467 (Avg: 0.5198)
Train Epoch: [47][123/138] Loss: 0.4017 (Avg: 0.3009) Dice: 0.5595 (Avg: 0.6534) IoU: 0.4547 (Avg: 0.5193)
Train Epoch: [47][124/138] Loss: 0.2639 (Avg: 0.3006) Dice: 0.7041 (Avg: 0.6538) IoU: 0.5621 (Avg: 0.5196)
Train Epoch: [47][125/138] Loss: 0.3276 (Avg: 0.3008) Dice: 0.6311 (Avg: 0.6536) IoU: 0.4769 (Avg: 0.5193)
Train Epoch: [47][126/138] Loss: 0.1140 (Avg: 0.2993) Dice: 0.8557 (Avg: 0.6553) IoU: 0.7546 (Avg: 0.5212)
Train Epoch: [47][127/138] Loss: 0.2481 (Avg: 0.2989) Dice: 0.7030 (Avg: 0.6556) IoU: 0.5676 (Avg: 0.5215)
Train Epoch: [47][128/138] Loss: 0.2795 (Avg: 0.2987) Dice: 0.6689 (Avg: 0.6557) IoU: 0.5227 (Avg: 0.5215)
Train Epoch: [47][129/138] Loss: 0.2334 (Avg: 0.2982) Dice: 0.7017 (Avg: 0.6561) IoU: 0.5500 (Avg: 0.5218)
Train Epoch: [47][130/138] Loss: 0.2005 (Avg: 0.2975) Dice: 0.7443 (Avg: 0.6568) IoU: 0.5930 (Avg: 0.5223)
Train Epoch: [47][131/138] Loss: 0.2717 (Avg: 0.2973) Dice: 0.6627 (Avg: 0.6568) IoU: 0.5138 (Avg: 0.5223)
Train Epoch: [47][132/138] Loss: 0.1798 (Avg: 0.2964) Dice: 0.7790 (Avg: 0.6577) IoU: 0.6416 (Avg: 0.5232)
Train Epoch: [47][133/138] Loss: 0.4371 (Avg: 0.2975) Dice: 0.4839 (Avg: 0.6564) IoU: 0.3512 (Avg: 0.5219)
Train Epoch: [47][134/138] Loss: 0.4609 (Avg: 0.2987) Dice: 0.4952 (Avg: 0.6552) IoU: 0.3334 (Avg: 0.5205)
Train Epoch: [47][135/138] Loss: 0.3087 (Avg: 0.2988) Dice: 0.6445 (Avg: 0.6551) IoU: 0.4789 (Avg: 0.5201)
Train Epoch: [47][136/138] Loss: 0.3021 (Avg: 0.2988) Dice: 0.6599 (Avg: 0.6552) IoU: 0.5174 (Avg: 0.5201)
Train Epoch: [47][137/138] Loss: 0.2465 (Avg: 0.2984) Dice: 0.7071 (Avg: 0.6556) IoU: 0.5718 (Avg: 0.5205)
Train Epoch: [47][138/138] Loss: 0.2857 (Avg: 0.2968) Dice: 0.6680 (Avg: 0.6520) IoU: 0.5015 (Avg: 0.5176)
Validation Epoch: [47] Avg Loss: 0.3474 Avg Dice: 0.6030 Avg IoU: 0.4672

========= Epoch [48/50] =========
Train Epoch: [48][1/138] Loss: 0.4115 (Avg: 0.4115) Dice: 0.5319 (Avg: 0.5319) IoU: 0.3730 (Avg: 0.3730)
Train Epoch: [48][2/138] Loss: 0.2507 (Avg: 0.3311) Dice: 0.7195 (Avg: 0.6257) IoU: 0.5941 (Avg: 0.4836)
Train Epoch: [48][3/138] Loss: 0.4164 (Avg: 0.3595) Dice: 0.5146 (Avg: 0.5887) IoU: 0.3587 (Avg: 0.4419)
Train Epoch: [48][4/138] Loss: 0.3188 (Avg: 0.3494) Dice: 0.6313 (Avg: 0.5993) IoU: 0.4832 (Avg: 0.4523)
Train Epoch: [48][5/138] Loss: 0.3689 (Avg: 0.3533) Dice: 0.5800 (Avg: 0.5955) IoU: 0.4753 (Avg: 0.4569)
Train Epoch: [48][6/138] Loss: 0.3846 (Avg: 0.3585) Dice: 0.5637 (Avg: 0.5902) IoU: 0.4583 (Avg: 0.4571)
Train Epoch: [48][7/138] Loss: 0.3105 (Avg: 0.3516) Dice: 0.6158 (Avg: 0.5938) IoU: 0.4726 (Avg: 0.4593)
Train Epoch: [48][8/138] Loss: 0.1932 (Avg: 0.3318) Dice: 0.7668 (Avg: 0.6155) IoU: 0.6265 (Avg: 0.4802)
Train Epoch: [48][9/138] Loss: 0.2813 (Avg: 0.3262) Dice: 0.6660 (Avg: 0.6211) IoU: 0.5202 (Avg: 0.4846)
Train Epoch: [48][10/138] Loss: 0.2577 (Avg: 0.3194) Dice: 0.6878 (Avg: 0.6277) IoU: 0.5286 (Avg: 0.4890)
Train Epoch: [48][11/138] Loss: 0.1997 (Avg: 0.3085) Dice: 0.7676 (Avg: 0.6405) IoU: 0.6348 (Avg: 0.5023)
Train Epoch: [48][12/138] Loss: 0.1430 (Avg: 0.2947) Dice: 0.8394 (Avg: 0.6570) IoU: 0.7273 (Avg: 0.5211)
Train Epoch: [48][13/138] Loss: 0.2898 (Avg: 0.2943) Dice: 0.6322 (Avg: 0.6551) IoU: 0.4883 (Avg: 0.5185)
Train Epoch: [48][14/138] Loss: 0.2925 (Avg: 0.2942) Dice: 0.6533 (Avg: 0.6550) IoU: 0.5101 (Avg: 0.5179)
Train Epoch: [48][15/138] Loss: 0.4332 (Avg: 0.3035) Dice: 0.5125 (Avg: 0.6455) IoU: 0.3823 (Avg: 0.5089)
Train Epoch: [48][16/138] Loss: 0.2181 (Avg: 0.2981) Dice: 0.7340 (Avg: 0.6510) IoU: 0.6042 (Avg: 0.5148)
Train Epoch: [48][17/138] Loss: 0.2453 (Avg: 0.2950) Dice: 0.7371 (Avg: 0.6561) IoU: 0.5946 (Avg: 0.5195)
Train Epoch: [48][18/138] Loss: 0.3731 (Avg: 0.2994) Dice: 0.5776 (Avg: 0.6517) IoU: 0.4167 (Avg: 0.5138)
Train Epoch: [48][19/138] Loss: 0.3245 (Avg: 0.3007) Dice: 0.6196 (Avg: 0.6500) IoU: 0.4556 (Avg: 0.5108)
Train Epoch: [48][20/138] Loss: 0.2184 (Avg: 0.2966) Dice: 0.7647 (Avg: 0.6558) IoU: 0.6243 (Avg: 0.5164)
Train Epoch: [48][21/138] Loss: 0.2354 (Avg: 0.2937) Dice: 0.7242 (Avg: 0.6590) IoU: 0.5823 (Avg: 0.5196)
Train Epoch: [48][22/138] Loss: 0.2943 (Avg: 0.2937) Dice: 0.7027 (Avg: 0.6610) IoU: 0.5496 (Avg: 0.5209)
Train Epoch: [48][23/138] Loss: 0.1477 (Avg: 0.2873) Dice: 0.8164 (Avg: 0.6678) IoU: 0.6965 (Avg: 0.5286)
Train Epoch: [48][24/138] Loss: 0.1353 (Avg: 0.2810) Dice: 0.8352 (Avg: 0.6747) IoU: 0.7212 (Avg: 0.5366)
Train Epoch: [48][25/138] Loss: 0.2082 (Avg: 0.2781) Dice: 0.7405 (Avg: 0.6774) IoU: 0.5919 (Avg: 0.5388)
Train Epoch: [48][26/138] Loss: 0.1665 (Avg: 0.2738) Dice: 0.7891 (Avg: 0.6817) IoU: 0.6634 (Avg: 0.5436)
Train Epoch: [48][27/138] Loss: 0.4137 (Avg: 0.2790) Dice: 0.5299 (Avg: 0.6761) IoU: 0.4463 (Avg: 0.5400)
Train Epoch: [48][28/138] Loss: 0.3294 (Avg: 0.2808) Dice: 0.5748 (Avg: 0.6724) IoU: 0.4672 (Avg: 0.5374)
Train Epoch: [48][29/138] Loss: 0.2825 (Avg: 0.2808) Dice: 0.6907 (Avg: 0.6731) IoU: 0.5752 (Avg: 0.5387)
Train Epoch: [48][30/138] Loss: 0.3970 (Avg: 0.2847) Dice: 0.5653 (Avg: 0.6695) IoU: 0.4540 (Avg: 0.5359)
Train Epoch: [48][31/138] Loss: 0.3099 (Avg: 0.2855) Dice: 0.6412 (Avg: 0.6686) IoU: 0.4973 (Avg: 0.5346)
Train Epoch: [48][32/138] Loss: 0.2816 (Avg: 0.2854) Dice: 0.6559 (Avg: 0.6682) IoU: 0.4978 (Avg: 0.5335)
Train Epoch: [48][33/138] Loss: 0.3104 (Avg: 0.2862) Dice: 0.6416 (Avg: 0.6674) IoU: 0.4915 (Avg: 0.5322)
Train Epoch: [48][34/138] Loss: 0.4378 (Avg: 0.2906) Dice: 0.5271 (Avg: 0.6632) IoU: 0.3903 (Avg: 0.5280)
Train Epoch: [48][35/138] Loss: 0.3571 (Avg: 0.2925) Dice: 0.6008 (Avg: 0.6615) IoU: 0.4792 (Avg: 0.5266)
Train Epoch: [48][36/138] Loss: 0.4610 (Avg: 0.2972) Dice: 0.4671 (Avg: 0.6561) IoU: 0.3576 (Avg: 0.5219)
Train Epoch: [48][37/138] Loss: 0.2664 (Avg: 0.2964) Dice: 0.6884 (Avg: 0.6569) IoU: 0.5391 (Avg: 0.5224)
Train Epoch: [48][38/138] Loss: 0.2259 (Avg: 0.2945) Dice: 0.7142 (Avg: 0.6584) IoU: 0.5685 (Avg: 0.5236)
Train Epoch: [48][39/138] Loss: 0.3673 (Avg: 0.2964) Dice: 0.5823 (Avg: 0.6565) IoU: 0.4869 (Avg: 0.5227)
Train Epoch: [48][40/138] Loss: 0.4081 (Avg: 0.2992) Dice: 0.5556 (Avg: 0.6540) IoU: 0.3953 (Avg: 0.5195)
Train Epoch: [48][41/138] Loss: 0.1687 (Avg: 0.2960) Dice: 0.7834 (Avg: 0.6571) IoU: 0.6603 (Avg: 0.5229)
Train Epoch: [48][42/138] Loss: 0.1641 (Avg: 0.2928) Dice: 0.8080 (Avg: 0.6607) IoU: 0.6877 (Avg: 0.5269)
Train Epoch: [48][43/138] Loss: 0.2897 (Avg: 0.2928) Dice: 0.6553 (Avg: 0.6606) IoU: 0.5074 (Avg: 0.5264)
Train Epoch: [48][44/138] Loss: 0.2646 (Avg: 0.2921) Dice: 0.7087 (Avg: 0.6617) IoU: 0.5668 (Avg: 0.5273)
Train Epoch: [48][45/138] Loss: 0.3110 (Avg: 0.2925) Dice: 0.6220 (Avg: 0.6608) IoU: 0.4770 (Avg: 0.5262)
Train Epoch: [48][46/138] Loss: 0.3232 (Avg: 0.2932) Dice: 0.6450 (Avg: 0.6605) IoU: 0.5263 (Avg: 0.5262)
Train Epoch: [48][47/138] Loss: 0.3509 (Avg: 0.2944) Dice: 0.5023 (Avg: 0.6571) IoU: 0.3941 (Avg: 0.5234)
Train Epoch: [48][48/138] Loss: 0.2749 (Avg: 0.2940) Dice: 0.6897 (Avg: 0.6578) IoU: 0.5412 (Avg: 0.5238)
Train Epoch: [48][49/138] Loss: 0.2287 (Avg: 0.2927) Dice: 0.7222 (Avg: 0.6591) IoU: 0.5762 (Avg: 0.5248)
Train Epoch: [48][50/138] Loss: 0.1701 (Avg: 0.2902) Dice: 0.8019 (Avg: 0.6619) IoU: 0.6824 (Avg: 0.5280)
Train Epoch: [48][51/138] Loss: 0.3739 (Avg: 0.2919) Dice: 0.5828 (Avg: 0.6604) IoU: 0.4382 (Avg: 0.5262)
Train Epoch: [48][52/138] Loss: 0.1903 (Avg: 0.2899) Dice: 0.7692 (Avg: 0.6625) IoU: 0.6374 (Avg: 0.5284)
Train Epoch: [48][53/138] Loss: 0.1904 (Avg: 0.2881) Dice: 0.7723 (Avg: 0.6646) IoU: 0.6410 (Avg: 0.5305)
Train Epoch: [48][54/138] Loss: 0.4629 (Avg: 0.2913) Dice: 0.4851 (Avg: 0.6612) IoU: 0.3311 (Avg: 0.5268)
Train Epoch: [48][55/138] Loss: 0.2482 (Avg: 0.2905) Dice: 0.7165 (Avg: 0.6622) IoU: 0.5586 (Avg: 0.5274)
Train Epoch: [48][56/138] Loss: 0.1626 (Avg: 0.2882) Dice: 0.8003 (Avg: 0.6647) IoU: 0.6708 (Avg: 0.5299)
Train Epoch: [48][57/138] Loss: 0.1753 (Avg: 0.2862) Dice: 0.7760 (Avg: 0.6667) IoU: 0.6372 (Avg: 0.5318)
Train Epoch: [48][58/138] Loss: 0.3428 (Avg: 0.2872) Dice: 0.6256 (Avg: 0.6659) IoU: 0.4787 (Avg: 0.5309)
Train Epoch: [48][59/138] Loss: 0.4222 (Avg: 0.2895) Dice: 0.5534 (Avg: 0.6640) IoU: 0.4495 (Avg: 0.5295)
Train Epoch: [48][60/138] Loss: 0.2996 (Avg: 0.2897) Dice: 0.6573 (Avg: 0.6639) IoU: 0.5138 (Avg: 0.5293)
Train Epoch: [48][61/138] Loss: 0.1920 (Avg: 0.2881) Dice: 0.7549 (Avg: 0.6654) IoU: 0.6288 (Avg: 0.5309)
Train Epoch: [48][62/138] Loss: 0.2074 (Avg: 0.2868) Dice: 0.7460 (Avg: 0.6667) IoU: 0.6094 (Avg: 0.5322)
Train Epoch: [48][63/138] Loss: 0.3721 (Avg: 0.2881) Dice: 0.5297 (Avg: 0.6645) IoU: 0.4231 (Avg: 0.5304)
Train Epoch: [48][64/138] Loss: 0.4583 (Avg: 0.2908) Dice: 0.5025 (Avg: 0.6620) IoU: 0.3916 (Avg: 0.5282)
Train Epoch: [48][65/138] Loss: 0.1496 (Avg: 0.2886) Dice: 0.8165 (Avg: 0.6644) IoU: 0.6954 (Avg: 0.5308)
Train Epoch: [48][66/138] Loss: 0.3129 (Avg: 0.2890) Dice: 0.6640 (Avg: 0.6644) IoU: 0.5706 (Avg: 0.5314)
Train Epoch: [48][67/138] Loss: 0.3383 (Avg: 0.2897) Dice: 0.6555 (Avg: 0.6642) IoU: 0.5672 (Avg: 0.5320)
Train Epoch: [48][68/138] Loss: 0.1700 (Avg: 0.2880) Dice: 0.7975 (Avg: 0.6662) IoU: 0.6650 (Avg: 0.5339)
Train Epoch: [48][69/138] Loss: 0.3569 (Avg: 0.2890) Dice: 0.5936 (Avg: 0.6652) IoU: 0.4512 (Avg: 0.5327)
Train Epoch: [48][70/138] Loss: 0.2878 (Avg: 0.2889) Dice: 0.6578 (Avg: 0.6651) IoU: 0.5050 (Avg: 0.5323)
Train Epoch: [48][71/138] Loss: 0.4655 (Avg: 0.2914) Dice: 0.4922 (Avg: 0.6626) IoU: 0.3757 (Avg: 0.5301)
Train Epoch: [48][72/138] Loss: 0.2623 (Avg: 0.2910) Dice: 0.6767 (Avg: 0.6628) IoU: 0.5329 (Avg: 0.5302)
Train Epoch: [48][73/138] Loss: 0.3516 (Avg: 0.2919) Dice: 0.6279 (Avg: 0.6623) IoU: 0.5436 (Avg: 0.5303)
Train Epoch: [48][74/138] Loss: 0.3653 (Avg: 0.2928) Dice: 0.5571 (Avg: 0.6609) IoU: 0.3962 (Avg: 0.5285)
Train Epoch: [48][75/138] Loss: 0.2983 (Avg: 0.2929) Dice: 0.6472 (Avg: 0.6607) IoU: 0.4868 (Avg: 0.5280)
Train Epoch: [48][76/138] Loss: 0.3659 (Avg: 0.2939) Dice: 0.5751 (Avg: 0.6596) IoU: 0.4142 (Avg: 0.5265)
Train Epoch: [48][77/138] Loss: 0.4294 (Avg: 0.2956) Dice: 0.4725 (Avg: 0.6572) IoU: 0.3256 (Avg: 0.5239)
Train Epoch: [48][78/138] Loss: 0.4844 (Avg: 0.2981) Dice: 0.4531 (Avg: 0.6546) IoU: 0.3478 (Avg: 0.5216)
Train Epoch: [48][79/138] Loss: 0.2317 (Avg: 0.2972) Dice: 0.7275 (Avg: 0.6555) IoU: 0.5897 (Avg: 0.5225)
Train Epoch: [48][80/138] Loss: 0.3606 (Avg: 0.2980) Dice: 0.5813 (Avg: 0.6546) IoU: 0.4163 (Avg: 0.5211)
Train Epoch: [48][81/138] Loss: 0.2742 (Avg: 0.2977) Dice: 0.6696 (Avg: 0.6547) IoU: 0.5228 (Avg: 0.5212)
Train Epoch: [48][82/138] Loss: 0.2979 (Avg: 0.2977) Dice: 0.6444 (Avg: 0.6546) IoU: 0.4961 (Avg: 0.5209)
Train Epoch: [48][83/138] Loss: 0.3734 (Avg: 0.2986) Dice: 0.5930 (Avg: 0.6539) IoU: 0.4385 (Avg: 0.5199)
Train Epoch: [48][84/138] Loss: 0.3170 (Avg: 0.2989) Dice: 0.5791 (Avg: 0.6530) IoU: 0.4799 (Avg: 0.5194)
Train Epoch: [48][85/138] Loss: 0.2726 (Avg: 0.2985) Dice: 0.6823 (Avg: 0.6533) IoU: 0.5353 (Avg: 0.5196)
Train Epoch: [48][86/138] Loss: 0.2058 (Avg: 0.2975) Dice: 0.7751 (Avg: 0.6547) IoU: 0.6340 (Avg: 0.5209)
Train Epoch: [48][87/138] Loss: 0.3833 (Avg: 0.2985) Dice: 0.5599 (Avg: 0.6537) IoU: 0.4176 (Avg: 0.5197)
Train Epoch: [48][88/138] Loss: 0.4749 (Avg: 0.3005) Dice: 0.5113 (Avg: 0.6520) IoU: 0.3999 (Avg: 0.5184)
Train Epoch: [48][89/138] Loss: 0.2624 (Avg: 0.3000) Dice: 0.6869 (Avg: 0.6524) IoU: 0.5349 (Avg: 0.5185)
Train Epoch: [48][90/138] Loss: 0.2889 (Avg: 0.2999) Dice: 0.6520 (Avg: 0.6524) IoU: 0.4885 (Avg: 0.5182)
Train Epoch: [48][91/138] Loss: 0.3174 (Avg: 0.3001) Dice: 0.6343 (Avg: 0.6522) IoU: 0.4855 (Avg: 0.5179)
Train Epoch: [48][92/138] Loss: 0.3153 (Avg: 0.3003) Dice: 0.5721 (Avg: 0.6514) IoU: 0.4697 (Avg: 0.5173)
Train Epoch: [48][93/138] Loss: 0.4031 (Avg: 0.3014) Dice: 0.5571 (Avg: 0.6503) IoU: 0.4250 (Avg: 0.5163)
Train Epoch: [48][94/138] Loss: 0.2743 (Avg: 0.3011) Dice: 0.6872 (Avg: 0.6507) IoU: 0.5599 (Avg: 0.5168)
Train Epoch: [48][95/138] Loss: 0.5480 (Avg: 0.3037) Dice: 0.3966 (Avg: 0.6481) IoU: 0.2904 (Avg: 0.5144)
Train Epoch: [48][96/138] Loss: 0.3636 (Avg: 0.3043) Dice: 0.5966 (Avg: 0.6475) IoU: 0.4507 (Avg: 0.5138)
Train Epoch: [48][97/138] Loss: 0.2496 (Avg: 0.3037) Dice: 0.7162 (Avg: 0.6482) IoU: 0.5682 (Avg: 0.5143)
Train Epoch: [48][98/138] Loss: 0.1618 (Avg: 0.3023) Dice: 0.8035 (Avg: 0.6498) IoU: 0.6796 (Avg: 0.5160)
Train Epoch: [48][99/138] Loss: 0.2544 (Avg: 0.3018) Dice: 0.6886 (Avg: 0.6502) IoU: 0.5286 (Avg: 0.5161)
Train Epoch: [48][100/138] Loss: 0.3377 (Avg: 0.3022) Dice: 0.6035 (Avg: 0.6497) IoU: 0.4421 (Avg: 0.5154)
Train Epoch: [48][101/138] Loss: 0.1949 (Avg: 0.3011) Dice: 0.7648 (Avg: 0.6509) IoU: 0.6427 (Avg: 0.5166)
Train Epoch: [48][102/138] Loss: 0.4602 (Avg: 0.3027) Dice: 0.4977 (Avg: 0.6494) IoU: 0.3717 (Avg: 0.5152)
Train Epoch: [48][103/138] Loss: 0.4073 (Avg: 0.3037) Dice: 0.5628 (Avg: 0.6485) IoU: 0.4580 (Avg: 0.5147)
Train Epoch: [48][104/138] Loss: 0.2607 (Avg: 0.3033) Dice: 0.7054 (Avg: 0.6491) IoU: 0.5483 (Avg: 0.5150)
Train Epoch: [48][105/138] Loss: 0.6595 (Avg: 0.3067) Dice: 0.2926 (Avg: 0.6457) IoU: 0.1780 (Avg: 0.5118)
Train Epoch: [48][106/138] Loss: 0.5648 (Avg: 0.3091) Dice: 0.4169 (Avg: 0.6435) IoU: 0.3067 (Avg: 0.5098)
Train Epoch: [48][107/138] Loss: 0.3881 (Avg: 0.3098) Dice: 0.5538 (Avg: 0.6427) IoU: 0.3952 (Avg: 0.5088)
Train Epoch: [48][108/138] Loss: 0.3121 (Avg: 0.3099) Dice: 0.6396 (Avg: 0.6427) IoU: 0.4713 (Avg: 0.5084)
Train Epoch: [48][109/138] Loss: 0.1886 (Avg: 0.3087) Dice: 0.7572 (Avg: 0.6437) IoU: 0.6213 (Avg: 0.5095)
Train Epoch: [48][110/138] Loss: 0.4107 (Avg: 0.3097) Dice: 0.5376 (Avg: 0.6427) IoU: 0.4276 (Avg: 0.5087)
Train Epoch: [48][111/138] Loss: 0.2866 (Avg: 0.3095) Dice: 0.6752 (Avg: 0.6430) IoU: 0.5180 (Avg: 0.5088)
Train Epoch: [48][112/138] Loss: 0.3008 (Avg: 0.3094) Dice: 0.6830 (Avg: 0.6434) IoU: 0.5226 (Avg: 0.5089)
Train Epoch: [48][113/138] Loss: 0.2450 (Avg: 0.3088) Dice: 0.7231 (Avg: 0.6441) IoU: 0.5838 (Avg: 0.5096)
Train Epoch: [48][114/138] Loss: 0.2467 (Avg: 0.3083) Dice: 0.7209 (Avg: 0.6448) IoU: 0.5925 (Avg: 0.5103)
Train Epoch: [48][115/138] Loss: 0.2416 (Avg: 0.3077) Dice: 0.7451 (Avg: 0.6456) IoU: 0.5994 (Avg: 0.5111)
Train Epoch: [48][116/138] Loss: 0.3738 (Avg: 0.3083) Dice: 0.5888 (Avg: 0.6452) IoU: 0.4904 (Avg: 0.5109)
Train Epoch: [48][117/138] Loss: 0.2606 (Avg: 0.3079) Dice: 0.6976 (Avg: 0.6456) IoU: 0.5542 (Avg: 0.5113)
Train Epoch: [48][118/138] Loss: 0.3199 (Avg: 0.3080) Dice: 0.6276 (Avg: 0.6455) IoU: 0.4779 (Avg: 0.5110)
Train Epoch: [48][119/138] Loss: 0.5627 (Avg: 0.3101) Dice: 0.2916 (Avg: 0.6425) IoU: 0.1941 (Avg: 0.5083)
Train Epoch: [48][120/138] Loss: 0.4288 (Avg: 0.3111) Dice: 0.5193 (Avg: 0.6415) IoU: 0.3922 (Avg: 0.5074)
Train Epoch: [48][121/138] Loss: 0.4850 (Avg: 0.3125) Dice: 0.4878 (Avg: 0.6402) IoU: 0.3715 (Avg: 0.5062)
Train Epoch: [48][122/138] Loss: 0.3182 (Avg: 0.3126) Dice: 0.5443 (Avg: 0.6394) IoU: 0.4279 (Avg: 0.5056)
Train Epoch: [48][123/138] Loss: 0.2192 (Avg: 0.3118) Dice: 0.7600 (Avg: 0.6404) IoU: 0.6193 (Avg: 0.5065)
Train Epoch: [48][124/138] Loss: 0.2762 (Avg: 0.3115) Dice: 0.6976 (Avg: 0.6408) IoU: 0.5421 (Avg: 0.5068)
Train Epoch: [48][125/138] Loss: 0.2466 (Avg: 0.3110) Dice: 0.7202 (Avg: 0.6415) IoU: 0.5896 (Avg: 0.5075)
Train Epoch: [48][126/138] Loss: 0.3041 (Avg: 0.3109) Dice: 0.5929 (Avg: 0.6411) IoU: 0.4450 (Avg: 0.5070)
Train Epoch: [48][127/138] Loss: 0.2340 (Avg: 0.3103) Dice: 0.7152 (Avg: 0.6417) IoU: 0.5715 (Avg: 0.5075)
Train Epoch: [48][128/138] Loss: 0.3731 (Avg: 0.3108) Dice: 0.5828 (Avg: 0.6412) IoU: 0.4514 (Avg: 0.5071)
Train Epoch: [48][129/138] Loss: 0.1645 (Avg: 0.3097) Dice: 0.7941 (Avg: 0.6424) IoU: 0.6642 (Avg: 0.5083)
Train Epoch: [48][130/138] Loss: 0.2454 (Avg: 0.3092) Dice: 0.7096 (Avg: 0.6429) IoU: 0.5649 (Avg: 0.5087)
Train Epoch: [48][131/138] Loss: 0.3018 (Avg: 0.3091) Dice: 0.6346 (Avg: 0.6429) IoU: 0.4908 (Avg: 0.5086)
Train Epoch: [48][132/138] Loss: 0.1772 (Avg: 0.3081) Dice: 0.7825 (Avg: 0.6439) IoU: 0.6497 (Avg: 0.5096)
Train Epoch: [48][133/138] Loss: 0.2953 (Avg: 0.3080) Dice: 0.6626 (Avg: 0.6441) IoU: 0.5261 (Avg: 0.5098)
Train Epoch: [48][134/138] Loss: 0.2856 (Avg: 0.3079) Dice: 0.6731 (Avg: 0.6443) IoU: 0.5152 (Avg: 0.5098)
Train Epoch: [48][135/138] Loss: 0.4760 (Avg: 0.3091) Dice: 0.4521 (Avg: 0.6428) IoU: 0.3335 (Avg: 0.5085)
Train Epoch: [48][136/138] Loss: 0.2331 (Avg: 0.3086) Dice: 0.7248 (Avg: 0.6434) IoU: 0.5744 (Avg: 0.5090)
Train Epoch: [48][137/138] Loss: 0.1840 (Avg: 0.3077) Dice: 0.7829 (Avg: 0.6445) IoU: 0.6539 (Avg: 0.5100)
Train Epoch: [48][138/138] Loss: 0.3479 (Avg: 0.3061) Dice: 0.5956 (Avg: 0.6409) IoU: 0.4241 (Avg: 0.5071)
Validation Epoch: [48] Avg Loss: 0.3522 Avg Dice: 0.5991 Avg IoU: 0.4667

========= Epoch [49/50] =========
Train Epoch: [49][1/138] Loss: 0.4870 (Avg: 0.4870) Dice: 0.4804 (Avg: 0.4804) IoU: 0.3372 (Avg: 0.3372)
Train Epoch: [49][2/138] Loss: 0.2795 (Avg: 0.3832) Dice: 0.6896 (Avg: 0.5850) IoU: 0.5327 (Avg: 0.4349)
Train Epoch: [49][3/138] Loss: 0.2412 (Avg: 0.3359) Dice: 0.7130 (Avg: 0.6277) IoU: 0.5546 (Avg: 0.4748)
Train Epoch: [49][4/138] Loss: 0.2907 (Avg: 0.3246) Dice: 0.6747 (Avg: 0.6394) IoU: 0.5364 (Avg: 0.4902)
Train Epoch: [49][5/138] Loss: 0.3960 (Avg: 0.3389) Dice: 0.5513 (Avg: 0.6218) IoU: 0.4102 (Avg: 0.4742)
Train Epoch: [49][6/138] Loss: 0.3343 (Avg: 0.3381) Dice: 0.6308 (Avg: 0.6233) IoU: 0.4672 (Avg: 0.4731)
Train Epoch: [49][7/138] Loss: 0.2590 (Avg: 0.3268) Dice: 0.6771 (Avg: 0.6310) IoU: 0.5129 (Avg: 0.4787)
Train Epoch: [49][8/138] Loss: 0.4624 (Avg: 0.3437) Dice: 0.4907 (Avg: 0.6134) IoU: 0.3680 (Avg: 0.4649)
Train Epoch: [49][9/138] Loss: 0.3961 (Avg: 0.3496) Dice: 0.5631 (Avg: 0.6079) IoU: 0.4531 (Avg: 0.4636)
Train Epoch: [49][10/138] Loss: 0.3290 (Avg: 0.3475) Dice: 0.6271 (Avg: 0.6098) IoU: 0.4890 (Avg: 0.4661)
Train Epoch: [49][11/138] Loss: 0.1901 (Avg: 0.3332) Dice: 0.7727 (Avg: 0.6246) IoU: 0.6420 (Avg: 0.4821)
Train Epoch: [49][12/138] Loss: 0.2365 (Avg: 0.3251) Dice: 0.7267 (Avg: 0.6331) IoU: 0.5711 (Avg: 0.4895)
Train Epoch: [49][13/138] Loss: 0.3401 (Avg: 0.3263) Dice: 0.6334 (Avg: 0.6331) IoU: 0.5137 (Avg: 0.4914)
Train Epoch: [49][14/138] Loss: 0.2970 (Avg: 0.3242) Dice: 0.6612 (Avg: 0.6351) IoU: 0.5253 (Avg: 0.4938)
Train Epoch: [49][15/138] Loss: 0.3457 (Avg: 0.3256) Dice: 0.6048 (Avg: 0.6331) IoU: 0.4483 (Avg: 0.4908)
Train Epoch: [49][16/138] Loss: 0.2037 (Avg: 0.3180) Dice: 0.7389 (Avg: 0.6397) IoU: 0.5944 (Avg: 0.4973)
Train Epoch: [49][17/138] Loss: 0.2220 (Avg: 0.3124) Dice: 0.7265 (Avg: 0.6448) IoU: 0.5874 (Avg: 0.5026)
Train Epoch: [49][18/138] Loss: 0.2354 (Avg: 0.3081) Dice: 0.7185 (Avg: 0.6489) IoU: 0.5708 (Avg: 0.5063)
Train Epoch: [49][19/138] Loss: 0.1887 (Avg: 0.3018) Dice: 0.7699 (Avg: 0.6553) IoU: 0.6267 (Avg: 0.5127)
Train Epoch: [49][20/138] Loss: 0.1966 (Avg: 0.2965) Dice: 0.7643 (Avg: 0.6607) IoU: 0.6302 (Avg: 0.5186)
Train Epoch: [49][21/138] Loss: 0.2589 (Avg: 0.2948) Dice: 0.6819 (Avg: 0.6617) IoU: 0.5359 (Avg: 0.5194)
Train Epoch: [49][22/138] Loss: 0.2694 (Avg: 0.2936) Dice: 0.6828 (Avg: 0.6627) IoU: 0.5353 (Avg: 0.5201)
Train Epoch: [49][23/138] Loss: 0.2269 (Avg: 0.2907) Dice: 0.7299 (Avg: 0.6656) IoU: 0.5776 (Avg: 0.5226)
Train Epoch: [49][24/138] Loss: 0.5919 (Avg: 0.3033) Dice: 0.3541 (Avg: 0.6526) IoU: 0.2690 (Avg: 0.5120)
Train Epoch: [49][25/138] Loss: 0.2170 (Avg: 0.2998) Dice: 0.7626 (Avg: 0.6570) IoU: 0.6315 (Avg: 0.5168)
Train Epoch: [49][26/138] Loss: 0.2802 (Avg: 0.2990) Dice: 0.6486 (Avg: 0.6567) IoU: 0.4848 (Avg: 0.5156)
Train Epoch: [49][27/138] Loss: 0.2274 (Avg: 0.2964) Dice: 0.7325 (Avg: 0.6595) IoU: 0.5843 (Avg: 0.5181)
Train Epoch: [49][28/138] Loss: 0.3645 (Avg: 0.2988) Dice: 0.5402 (Avg: 0.6553) IoU: 0.3999 (Avg: 0.5139)
Train Epoch: [49][29/138] Loss: 0.2307 (Avg: 0.2965) Dice: 0.7248 (Avg: 0.6577) IoU: 0.5789 (Avg: 0.5161)
Train Epoch: [49][30/138] Loss: 0.1784 (Avg: 0.2925) Dice: 0.7758 (Avg: 0.6616) IoU: 0.6393 (Avg: 0.5203)
Train Epoch: [49][31/138] Loss: 0.1253 (Avg: 0.2871) Dice: 0.8658 (Avg: 0.6682) IoU: 0.7659 (Avg: 0.5282)
Train Epoch: [49][32/138] Loss: 0.4253 (Avg: 0.2915) Dice: 0.5218 (Avg: 0.6636) IoU: 0.4168 (Avg: 0.5247)
Train Epoch: [49][33/138] Loss: 0.3986 (Avg: 0.2947) Dice: 0.5659 (Avg: 0.6606) IoU: 0.4301 (Avg: 0.5218)
Train Epoch: [49][34/138] Loss: 0.2678 (Avg: 0.2939) Dice: 0.7118 (Avg: 0.6622) IoU: 0.5622 (Avg: 0.5230)
Train Epoch: [49][35/138] Loss: 0.2154 (Avg: 0.2917) Dice: 0.7538 (Avg: 0.6648) IoU: 0.6059 (Avg: 0.5254)
Train Epoch: [49][36/138] Loss: 0.1811 (Avg: 0.2886) Dice: 0.7803 (Avg: 0.6680) IoU: 0.6417 (Avg: 0.5286)
Train Epoch: [49][37/138] Loss: 0.2400 (Avg: 0.2873) Dice: 0.7168 (Avg: 0.6693) IoU: 0.5855 (Avg: 0.5302)
Train Epoch: [49][38/138] Loss: 0.4741 (Avg: 0.2922) Dice: 0.4694 (Avg: 0.6640) IoU: 0.3108 (Avg: 0.5244)
Train Epoch: [49][39/138] Loss: 0.3900 (Avg: 0.2947) Dice: 0.5773 (Avg: 0.6618) IoU: 0.4814 (Avg: 0.5233)
Train Epoch: [49][40/138] Loss: 0.4036 (Avg: 0.2974) Dice: 0.5777 (Avg: 0.6597) IoU: 0.4809 (Avg: 0.5222)
Train Epoch: [49][41/138] Loss: 0.2860 (Avg: 0.2972) Dice: 0.6669 (Avg: 0.6599) IoU: 0.5168 (Avg: 0.5221)
Train Epoch: [49][42/138] Loss: 0.3708 (Avg: 0.2989) Dice: 0.5898 (Avg: 0.6582) IoU: 0.4865 (Avg: 0.5212)
Train Epoch: [49][43/138] Loss: 0.3217 (Avg: 0.2994) Dice: 0.6173 (Avg: 0.6573) IoU: 0.4893 (Avg: 0.5205)
Train Epoch: [49][44/138] Loss: 0.1949 (Avg: 0.2971) Dice: 0.7624 (Avg: 0.6597) IoU: 0.6325 (Avg: 0.5230)
Train Epoch: [49][45/138] Loss: 0.3538 (Avg: 0.2983) Dice: 0.6018 (Avg: 0.6584) IoU: 0.4832 (Avg: 0.5222)
Train Epoch: [49][46/138] Loss: 0.2557 (Avg: 0.2974) Dice: 0.6970 (Avg: 0.6592) IoU: 0.5741 (Avg: 0.5233)
Train Epoch: [49][47/138] Loss: 0.4087 (Avg: 0.2998) Dice: 0.5240 (Avg: 0.6563) IoU: 0.3730 (Avg: 0.5201)
Train Epoch: [49][48/138] Loss: 0.1660 (Avg: 0.2970) Dice: 0.8083 (Avg: 0.6595) IoU: 0.6830 (Avg: 0.5235)
Train Epoch: [49][49/138] Loss: 0.3628 (Avg: 0.2983) Dice: 0.5882 (Avg: 0.6580) IoU: 0.4445 (Avg: 0.5219)
Train Epoch: [49][50/138] Loss: 0.4254 (Avg: 0.3009) Dice: 0.5299 (Avg: 0.6555) IoU: 0.4111 (Avg: 0.5197)
Train Epoch: [49][51/138] Loss: 0.1984 (Avg: 0.2989) Dice: 0.7897 (Avg: 0.6581) IoU: 0.6684 (Avg: 0.5226)
Train Epoch: [49][52/138] Loss: 0.4737 (Avg: 0.3022) Dice: 0.5083 (Avg: 0.6552) IoU: 0.4025 (Avg: 0.5203)
Train Epoch: [49][53/138] Loss: 0.4412 (Avg: 0.3048) Dice: 0.5572 (Avg: 0.6534) IoU: 0.4602 (Avg: 0.5191)
Train Epoch: [49][54/138] Loss: 0.1871 (Avg: 0.3027) Dice: 0.7810 (Avg: 0.6557) IoU: 0.6551 (Avg: 0.5217)
Train Epoch: [49][55/138] Loss: 0.4652 (Avg: 0.3056) Dice: 0.5063 (Avg: 0.6530) IoU: 0.3953 (Avg: 0.5194)
Train Epoch: [49][56/138] Loss: 0.2262 (Avg: 0.3042) Dice: 0.7306 (Avg: 0.6544) IoU: 0.5766 (Avg: 0.5204)
Train Epoch: [49][57/138] Loss: 0.3042 (Avg: 0.3042) Dice: 0.6624 (Avg: 0.6546) IoU: 0.5409 (Avg: 0.5207)
Train Epoch: [49][58/138] Loss: 0.3143 (Avg: 0.3044) Dice: 0.6282 (Avg: 0.6541) IoU: 0.4901 (Avg: 0.5202)
Train Epoch: [49][59/138] Loss: 0.2663 (Avg: 0.3037) Dice: 0.6876 (Avg: 0.6547) IoU: 0.5292 (Avg: 0.5204)
Train Epoch: [49][60/138] Loss: 0.4820 (Avg: 0.3067) Dice: 0.4874 (Avg: 0.6519) IoU: 0.3628 (Avg: 0.5177)
Train Epoch: [49][61/138] Loss: 0.2228 (Avg: 0.3053) Dice: 0.7393 (Avg: 0.6533) IoU: 0.6086 (Avg: 0.5192)
Train Epoch: [49][62/138] Loss: 0.1995 (Avg: 0.3036) Dice: 0.7566 (Avg: 0.6550) IoU: 0.6162 (Avg: 0.5208)
Train Epoch: [49][63/138] Loss: 0.2767 (Avg: 0.3032) Dice: 0.6798 (Avg: 0.6554) IoU: 0.5316 (Avg: 0.5210)
Train Epoch: [49][64/138] Loss: 0.1122 (Avg: 0.3002) Dice: 0.8596 (Avg: 0.6586) IoU: 0.7573 (Avg: 0.5247)
Train Epoch: [49][65/138] Loss: 0.2722 (Avg: 0.2998) Dice: 0.6860 (Avg: 0.6590) IoU: 0.5300 (Avg: 0.5247)
Train Epoch: [49][66/138] Loss: 0.2036 (Avg: 0.2983) Dice: 0.7554 (Avg: 0.6604) IoU: 0.6148 (Avg: 0.5261)
Train Epoch: [49][67/138] Loss: 0.2412 (Avg: 0.2975) Dice: 0.7255 (Avg: 0.6614) IoU: 0.5880 (Avg: 0.5270)
Train Epoch: [49][68/138] Loss: 0.2322 (Avg: 0.2965) Dice: 0.7129 (Avg: 0.6622) IoU: 0.5745 (Avg: 0.5277)
Train Epoch: [49][69/138] Loss: 0.4488 (Avg: 0.2987) Dice: 0.4952 (Avg: 0.6598) IoU: 0.3838 (Avg: 0.5256)
Train Epoch: [49][70/138] Loss: 0.5802 (Avg: 0.3027) Dice: 0.3731 (Avg: 0.6557) IoU: 0.2795 (Avg: 0.5221)
Train Epoch: [49][71/138] Loss: 0.3945 (Avg: 0.3040) Dice: 0.5403 (Avg: 0.6540) IoU: 0.3979 (Avg: 0.5204)
Train Epoch: [49][72/138] Loss: 0.2325 (Avg: 0.3030) Dice: 0.7201 (Avg: 0.6550) IoU: 0.5829 (Avg: 0.5212)
Train Epoch: [49][73/138] Loss: 0.2786 (Avg: 0.3027) Dice: 0.6560 (Avg: 0.6550) IoU: 0.4928 (Avg: 0.5209)
Train Epoch: [49][74/138] Loss: 0.2951 (Avg: 0.3026) Dice: 0.6556 (Avg: 0.6550) IoU: 0.5054 (Avg: 0.5206)
Train Epoch: [49][75/138] Loss: 0.2040 (Avg: 0.3013) Dice: 0.7544 (Avg: 0.6563) IoU: 0.6149 (Avg: 0.5219)
Train Epoch: [49][76/138] Loss: 0.2609 (Avg: 0.3008) Dice: 0.7004 (Avg: 0.6569) IoU: 0.5462 (Avg: 0.5222)
Train Epoch: [49][77/138] Loss: 0.2147 (Avg: 0.2996) Dice: 0.7383 (Avg: 0.6579) IoU: 0.6009 (Avg: 0.5232)
Train Epoch: [49][78/138] Loss: 0.2764 (Avg: 0.2993) Dice: 0.6750 (Avg: 0.6582) IoU: 0.5383 (Avg: 0.5234)
Train Epoch: [49][79/138] Loss: 0.2588 (Avg: 0.2988) Dice: 0.7029 (Avg: 0.6587) IoU: 0.5430 (Avg: 0.5237)
Train Epoch: [49][80/138] Loss: 0.2234 (Avg: 0.2979) Dice: 0.7636 (Avg: 0.6600) IoU: 0.6250 (Avg: 0.5249)
Train Epoch: [49][81/138] Loss: 0.1657 (Avg: 0.2963) Dice: 0.7926 (Avg: 0.6617) IoU: 0.6662 (Avg: 0.5267)
Train Epoch: [49][82/138] Loss: 0.4312 (Avg: 0.2979) Dice: 0.5049 (Avg: 0.6598) IoU: 0.3605 (Avg: 0.5247)
Train Epoch: [49][83/138] Loss: 0.2495 (Avg: 0.2973) Dice: 0.7450 (Avg: 0.6608) IoU: 0.6265 (Avg: 0.5259)
Train Epoch: [49][84/138] Loss: 0.2798 (Avg: 0.2971) Dice: 0.6616 (Avg: 0.6608) IoU: 0.5002 (Avg: 0.5256)
Train Epoch: [49][85/138] Loss: 0.3468 (Avg: 0.2977) Dice: 0.6024 (Avg: 0.6601) IoU: 0.4657 (Avg: 0.5249)
Train Epoch: [49][86/138] Loss: 0.2022 (Avg: 0.2966) Dice: 0.7548 (Avg: 0.6612) IoU: 0.6075 (Avg: 0.5258)
Train Epoch: [49][87/138] Loss: 0.2536 (Avg: 0.2961) Dice: 0.6814 (Avg: 0.6614) IoU: 0.5189 (Avg: 0.5258)
Train Epoch: [49][88/138] Loss: 0.2678 (Avg: 0.2958) Dice: 0.6375 (Avg: 0.6612) IoU: 0.4909 (Avg: 0.5254)
Train Epoch: [49][89/138] Loss: 0.4574 (Avg: 0.2976) Dice: 0.5014 (Avg: 0.6594) IoU: 0.3569 (Avg: 0.5235)
Train Epoch: [49][90/138] Loss: 0.2056 (Avg: 0.2966) Dice: 0.7477 (Avg: 0.6604) IoU: 0.6049 (Avg: 0.5244)
Train Epoch: [49][91/138] Loss: 0.4068 (Avg: 0.2978) Dice: 0.5191 (Avg: 0.6588) IoU: 0.3556 (Avg: 0.5225)
Train Epoch: [49][92/138] Loss: 0.4661 (Avg: 0.2996) Dice: 0.4480 (Avg: 0.6565) IoU: 0.3367 (Avg: 0.5205)
Train Epoch: [49][93/138] Loss: 0.3872 (Avg: 0.3005) Dice: 0.5790 (Avg: 0.6557) IoU: 0.4561 (Avg: 0.5198)
Train Epoch: [49][94/138] Loss: 0.3262 (Avg: 0.3008) Dice: 0.6147 (Avg: 0.6552) IoU: 0.4454 (Avg: 0.5190)
Train Epoch: [49][95/138] Loss: 0.4017 (Avg: 0.3019) Dice: 0.5447 (Avg: 0.6541) IoU: 0.4051 (Avg: 0.5178)
Train Epoch: [49][96/138] Loss: 0.1792 (Avg: 0.3006) Dice: 0.7743 (Avg: 0.6553) IoU: 0.6345 (Avg: 0.5190)
Train Epoch: [49][97/138] Loss: 0.4263 (Avg: 0.3019) Dice: 0.5296 (Avg: 0.6540) IoU: 0.3724 (Avg: 0.5175)
Train Epoch: [49][98/138] Loss: 0.3406 (Avg: 0.3023) Dice: 0.6138 (Avg: 0.6536) IoU: 0.4615 (Avg: 0.5169)
Train Epoch: [49][99/138] Loss: 0.5515 (Avg: 0.3048) Dice: 0.4220 (Avg: 0.6513) IoU: 0.3006 (Avg: 0.5148)
Train Epoch: [49][100/138] Loss: 0.2222 (Avg: 0.3040) Dice: 0.7379 (Avg: 0.6521) IoU: 0.5877 (Avg: 0.5155)
Train Epoch: [49][101/138] Loss: 0.3017 (Avg: 0.3040) Dice: 0.6633 (Avg: 0.6523) IoU: 0.5167 (Avg: 0.5155)
Train Epoch: [49][102/138] Loss: 0.3022 (Avg: 0.3039) Dice: 0.6490 (Avg: 0.6522) IoU: 0.5041 (Avg: 0.5154)
Train Epoch: [49][103/138] Loss: 0.3283 (Avg: 0.3042) Dice: 0.5928 (Avg: 0.6517) IoU: 0.4443 (Avg: 0.5147)
Train Epoch: [49][104/138] Loss: 0.3299 (Avg: 0.3044) Dice: 0.6055 (Avg: 0.6512) IoU: 0.4440 (Avg: 0.5140)
Train Epoch: [49][105/138] Loss: 0.5088 (Avg: 0.3064) Dice: 0.4108 (Avg: 0.6489) IoU: 0.2958 (Avg: 0.5119)
Train Epoch: [49][106/138] Loss: 0.3228 (Avg: 0.3065) Dice: 0.6469 (Avg: 0.6489) IoU: 0.5084 (Avg: 0.5119)
Train Epoch: [49][107/138] Loss: 0.2032 (Avg: 0.3056) Dice: 0.7700 (Avg: 0.6500) IoU: 0.6331 (Avg: 0.5130)
Train Epoch: [49][108/138] Loss: 0.2314 (Avg: 0.3049) Dice: 0.7196 (Avg: 0.6507) IoU: 0.5860 (Avg: 0.5137)
Train Epoch: [49][109/138] Loss: 0.4754 (Avg: 0.3064) Dice: 0.4527 (Avg: 0.6489) IoU: 0.3565 (Avg: 0.5123)
Train Epoch: [49][110/138] Loss: 0.4377 (Avg: 0.3076) Dice: 0.5079 (Avg: 0.6476) IoU: 0.3785 (Avg: 0.5111)
Train Epoch: [49][111/138] Loss: 0.2557 (Avg: 0.3072) Dice: 0.7034 (Avg: 0.6481) IoU: 0.5734 (Avg: 0.5116)
Train Epoch: [49][112/138] Loss: 0.1332 (Avg: 0.3056) Dice: 0.8434 (Avg: 0.6498) IoU: 0.7343 (Avg: 0.5136)
Train Epoch: [49][113/138] Loss: 0.5058 (Avg: 0.3074) Dice: 0.4367 (Avg: 0.6479) IoU: 0.3173 (Avg: 0.5119)
Train Epoch: [49][114/138] Loss: 0.3278 (Avg: 0.3076) Dice: 0.6279 (Avg: 0.6478) IoU: 0.4894 (Avg: 0.5117)
Train Epoch: [49][115/138] Loss: 0.2263 (Avg: 0.3069) Dice: 0.7236 (Avg: 0.6484) IoU: 0.5808 (Avg: 0.5123)
Train Epoch: [49][116/138] Loss: 0.2804 (Avg: 0.3066) Dice: 0.6732 (Avg: 0.6486) IoU: 0.5507 (Avg: 0.5126)
Train Epoch: [49][117/138] Loss: 0.3268 (Avg: 0.3068) Dice: 0.6400 (Avg: 0.6486) IoU: 0.4846 (Avg: 0.5124)
Train Epoch: [49][118/138] Loss: 0.3466 (Avg: 0.3071) Dice: 0.6215 (Avg: 0.6483) IoU: 0.4985 (Avg: 0.5123)
Train Epoch: [49][119/138] Loss: 0.4789 (Avg: 0.3086) Dice: 0.3950 (Avg: 0.6462) IoU: 0.3268 (Avg: 0.5107)
Train Epoch: [49][120/138] Loss: 0.1837 (Avg: 0.3075) Dice: 0.7810 (Avg: 0.6473) IoU: 0.6485 (Avg: 0.5118)
Train Epoch: [49][121/138] Loss: 0.3638 (Avg: 0.3080) Dice: 0.5081 (Avg: 0.6462) IoU: 0.3879 (Avg: 0.5108)
Train Epoch: [49][122/138] Loss: 0.3569 (Avg: 0.3084) Dice: 0.5953 (Avg: 0.6458) IoU: 0.4769 (Avg: 0.5105)
Train Epoch: [49][123/138] Loss: 0.2405 (Avg: 0.3079) Dice: 0.7099 (Avg: 0.6463) IoU: 0.5713 (Avg: 0.5110)
Train Epoch: [49][124/138] Loss: 0.1990 (Avg: 0.3070) Dice: 0.7722 (Avg: 0.6473) IoU: 0.6326 (Avg: 0.5120)
Train Epoch: [49][125/138] Loss: 0.1974 (Avg: 0.3061) Dice: 0.7683 (Avg: 0.6483) IoU: 0.6321 (Avg: 0.5130)
Train Epoch: [49][126/138] Loss: 0.2759 (Avg: 0.3059) Dice: 0.6827 (Avg: 0.6485) IoU: 0.5333 (Avg: 0.5131)
Train Epoch: [49][127/138] Loss: 0.2447 (Avg: 0.3054) Dice: 0.7020 (Avg: 0.6490) IoU: 0.5477 (Avg: 0.5134)
Train Epoch: [49][128/138] Loss: 0.2705 (Avg: 0.3051) Dice: 0.6721 (Avg: 0.6491) IoU: 0.5367 (Avg: 0.5136)
Train Epoch: [49][129/138] Loss: 0.2475 (Avg: 0.3047) Dice: 0.7007 (Avg: 0.6495) IoU: 0.5540 (Avg: 0.5139)
Train Epoch: [49][130/138] Loss: 0.3062 (Avg: 0.3047) Dice: 0.6759 (Avg: 0.6497) IoU: 0.5188 (Avg: 0.5139)
Train Epoch: [49][131/138] Loss: 0.4573 (Avg: 0.3058) Dice: 0.4761 (Avg: 0.6484) IoU: 0.3580 (Avg: 0.5128)
Train Epoch: [49][132/138] Loss: 0.2253 (Avg: 0.3052) Dice: 0.7112 (Avg: 0.6489) IoU: 0.5795 (Avg: 0.5133)
Train Epoch: [49][133/138] Loss: 0.4054 (Avg: 0.3060) Dice: 0.5557 (Avg: 0.6482) IoU: 0.4035 (Avg: 0.5124)
Train Epoch: [49][134/138] Loss: 0.2519 (Avg: 0.3056) Dice: 0.6984 (Avg: 0.6486) IoU: 0.5395 (Avg: 0.5126)
Train Epoch: [49][135/138] Loss: 0.4650 (Avg: 0.3068) Dice: 0.4909 (Avg: 0.6474) IoU: 0.3440 (Avg: 0.5114)
Train Epoch: [49][136/138] Loss: 0.1723 (Avg: 0.3058) Dice: 0.7906 (Avg: 0.6484) IoU: 0.6596 (Avg: 0.5125)
Train Epoch: [49][137/138] Loss: 0.2029 (Avg: 0.3050) Dice: 0.7481 (Avg: 0.6492) IoU: 0.6158 (Avg: 0.5132)
Train Epoch: [49][138/138] Loss: 0.3873 (Avg: 0.3035) Dice: 0.5750 (Avg: 0.6455) IoU: 0.4035 (Avg: 0.5102)
Validation Epoch: [49] Avg Loss: 0.3779 Avg Dice: 0.5698 Avg IoU: 0.4403

========= Epoch [50/50] =========
Train Epoch: [50][1/138] Loss: 0.3823 (Avg: 0.3823) Dice: 0.5774 (Avg: 0.5774) IoU: 0.4388 (Avg: 0.4388)
Train Epoch: [50][2/138] Loss: 0.2645 (Avg: 0.3234) Dice: 0.6943 (Avg: 0.6358) IoU: 0.5434 (Avg: 0.4911)
Train Epoch: [50][3/138] Loss: 0.2863 (Avg: 0.3110) Dice: 0.6738 (Avg: 0.6485) IoU: 0.5428 (Avg: 0.5083)
Train Epoch: [50][4/138] Loss: 0.2577 (Avg: 0.2977) Dice: 0.6844 (Avg: 0.6575) IoU: 0.5219 (Avg: 0.5117)
Train Epoch: [50][5/138] Loss: 0.3649 (Avg: 0.3111) Dice: 0.5766 (Avg: 0.6413) IoU: 0.4421 (Avg: 0.4978)
Train Epoch: [50][6/138] Loss: 0.4530 (Avg: 0.3348) Dice: 0.4919 (Avg: 0.6164) IoU: 0.3313 (Avg: 0.4700)
Train Epoch: [50][7/138] Loss: 0.2249 (Avg: 0.3191) Dice: 0.7350 (Avg: 0.6333) IoU: 0.5977 (Avg: 0.4883)
Train Epoch: [50][8/138] Loss: 0.1534 (Avg: 0.2984) Dice: 0.8144 (Avg: 0.6560) IoU: 0.6905 (Avg: 0.5136)
Train Epoch: [50][9/138] Loss: 0.6241 (Avg: 0.3346) Dice: 0.3044 (Avg: 0.6169) IoU: 0.2243 (Avg: 0.4814)
Train Epoch: [50][10/138] Loss: 0.4003 (Avg: 0.3411) Dice: 0.5316 (Avg: 0.6084) IoU: 0.3768 (Avg: 0.4710)
Train Epoch: [50][11/138] Loss: 0.4600 (Avg: 0.3519) Dice: 0.4854 (Avg: 0.5972) IoU: 0.3794 (Avg: 0.4626)
Train Epoch: [50][12/138] Loss: 0.4564 (Avg: 0.3606) Dice: 0.4771 (Avg: 0.5872) IoU: 0.3512 (Avg: 0.4533)
Train Epoch: [50][13/138] Loss: 0.2135 (Avg: 0.3493) Dice: 0.7562 (Avg: 0.6002) IoU: 0.6256 (Avg: 0.4666)
Train Epoch: [50][14/138] Loss: 0.1841 (Avg: 0.3375) Dice: 0.7814 (Avg: 0.6131) IoU: 0.6460 (Avg: 0.4794)
Train Epoch: [50][15/138] Loss: 0.2913 (Avg: 0.3344) Dice: 0.6701 (Avg: 0.6169) IoU: 0.5151 (Avg: 0.4818)
Train Epoch: [50][16/138] Loss: 0.2725 (Avg: 0.3306) Dice: 0.7027 (Avg: 0.6223) IoU: 0.5544 (Avg: 0.4863)
Train Epoch: [50][17/138] Loss: 0.4168 (Avg: 0.3356) Dice: 0.5021 (Avg: 0.6152) IoU: 0.3365 (Avg: 0.4775)
Train Epoch: [50][18/138] Loss: 0.4390 (Avg: 0.3414) Dice: 0.5308 (Avg: 0.6105) IoU: 0.4083 (Avg: 0.4737)
Train Epoch: [50][19/138] Loss: 0.7458 (Avg: 0.3627) Dice: 0.1788 (Avg: 0.5878) IoU: 0.1232 (Avg: 0.4552)
Train Epoch: [50][20/138] Loss: 0.3124 (Avg: 0.3602) Dice: 0.6699 (Avg: 0.5919) IoU: 0.5130 (Avg: 0.4581)
Train Epoch: [50][21/138] Loss: 0.2786 (Avg: 0.3563) Dice: 0.6722 (Avg: 0.5957) IoU: 0.5182 (Avg: 0.4610)
Train Epoch: [50][22/138] Loss: 0.4771 (Avg: 0.3618) Dice: 0.4616 (Avg: 0.5896) IoU: 0.3364 (Avg: 0.4553)
Train Epoch: [50][23/138] Loss: 0.3142 (Avg: 0.3597) Dice: 0.6756 (Avg: 0.5934) IoU: 0.5380 (Avg: 0.4589)
Train Epoch: [50][24/138] Loss: 0.2440 (Avg: 0.3549) Dice: 0.6915 (Avg: 0.5975) IoU: 0.5354 (Avg: 0.4621)
Train Epoch: [50][25/138] Loss: 0.3463 (Avg: 0.3545) Dice: 0.5968 (Avg: 0.5974) IoU: 0.4509 (Avg: 0.4616)
Train Epoch: [50][26/138] Loss: 0.2440 (Avg: 0.3503) Dice: 0.7149 (Avg: 0.6020) IoU: 0.5832 (Avg: 0.4663)
Train Epoch: [50][27/138] Loss: 0.2261 (Avg: 0.3457) Dice: 0.7313 (Avg: 0.6068) IoU: 0.5870 (Avg: 0.4708)
Train Epoch: [50][28/138] Loss: 0.2530 (Avg: 0.3424) Dice: 0.6968 (Avg: 0.6100) IoU: 0.5483 (Avg: 0.4736)
Train Epoch: [50][29/138] Loss: 0.2971 (Avg: 0.3408) Dice: 0.6582 (Avg: 0.6116) IoU: 0.5297 (Avg: 0.4755)
Train Epoch: [50][30/138] Loss: 0.1861 (Avg: 0.3357) Dice: 0.7885 (Avg: 0.6175) IoU: 0.6592 (Avg: 0.4816)
Train Epoch: [50][31/138] Loss: 0.2857 (Avg: 0.3340) Dice: 0.6720 (Avg: 0.6193) IoU: 0.5269 (Avg: 0.4831)
Train Epoch: [50][32/138] Loss: 0.1170 (Avg: 0.3273) Dice: 0.8552 (Avg: 0.6267) IoU: 0.7509 (Avg: 0.4914)
Train Epoch: [50][33/138] Loss: 0.2507 (Avg: 0.3249) Dice: 0.7098 (Avg: 0.6292) IoU: 0.5600 (Avg: 0.4935)
Train Epoch: [50][34/138] Loss: 0.3625 (Avg: 0.3260) Dice: 0.5582 (Avg: 0.6271) IoU: 0.3999 (Avg: 0.4908)
Train Epoch: [50][35/138] Loss: 0.4164 (Avg: 0.3286) Dice: 0.5597 (Avg: 0.6252) IoU: 0.4624 (Avg: 0.4900)
Train Epoch: [50][36/138] Loss: 0.1960 (Avg: 0.3249) Dice: 0.7796 (Avg: 0.6295) IoU: 0.6581 (Avg: 0.4946)
Train Epoch: [50][37/138] Loss: 0.5612 (Avg: 0.3313) Dice: 0.4237 (Avg: 0.6239) IoU: 0.3485 (Avg: 0.4907)
Train Epoch: [50][38/138] Loss: 0.3590 (Avg: 0.3321) Dice: 0.5963 (Avg: 0.6232) IoU: 0.4617 (Avg: 0.4899)
Train Epoch: [50][39/138] Loss: 0.3390 (Avg: 0.3322) Dice: 0.6202 (Avg: 0.6231) IoU: 0.4845 (Avg: 0.4898)
Train Epoch: [50][40/138] Loss: 0.2706 (Avg: 0.3307) Dice: 0.6829 (Avg: 0.6246) IoU: 0.5544 (Avg: 0.4914)
Train Epoch: [50][41/138] Loss: 0.2277 (Avg: 0.3282) Dice: 0.7417 (Avg: 0.6274) IoU: 0.6146 (Avg: 0.4944)
Train Epoch: [50][42/138] Loss: 0.2550 (Avg: 0.3264) Dice: 0.6847 (Avg: 0.6288) IoU: 0.5355 (Avg: 0.4954)
Train Epoch: [50][43/138] Loss: 0.1476 (Avg: 0.3223) Dice: 0.8152 (Avg: 0.6331) IoU: 0.6989 (Avg: 0.5001)
Train Epoch: [50][44/138] Loss: 0.1667 (Avg: 0.3187) Dice: 0.8086 (Avg: 0.6371) IoU: 0.6843 (Avg: 0.5043)
Train Epoch: [50][45/138] Loss: 0.1807 (Avg: 0.3157) Dice: 0.7632 (Avg: 0.6399) IoU: 0.6291 (Avg: 0.5071)
Train Epoch: [50][46/138] Loss: 0.3959 (Avg: 0.3174) Dice: 0.5548 (Avg: 0.6381) IoU: 0.4408 (Avg: 0.5056)
Train Epoch: [50][47/138] Loss: 0.5170 (Avg: 0.3217) Dice: 0.4269 (Avg: 0.6336) IoU: 0.3014 (Avg: 0.5013)
Train Epoch: [50][48/138] Loss: 0.2531 (Avg: 0.3202) Dice: 0.7081 (Avg: 0.6351) IoU: 0.5811 (Avg: 0.5029)
Train Epoch: [50][49/138] Loss: 0.3401 (Avg: 0.3206) Dice: 0.6208 (Avg: 0.6348) IoU: 0.4577 (Avg: 0.5020)
Train Epoch: [50][50/138] Loss: 0.2097 (Avg: 0.3184) Dice: 0.7407 (Avg: 0.6370) IoU: 0.5991 (Avg: 0.5040)
Train Epoch: [50][51/138] Loss: 0.1941 (Avg: 0.3160) Dice: 0.7640 (Avg: 0.6395) IoU: 0.6382 (Avg: 0.5066)
Train Epoch: [50][52/138] Loss: 0.1889 (Avg: 0.3135) Dice: 0.7578 (Avg: 0.6417) IoU: 0.6222 (Avg: 0.5088)
Train Epoch: [50][53/138] Loss: 0.4842 (Avg: 0.3168) Dice: 0.4837 (Avg: 0.6387) IoU: 0.3876 (Avg: 0.5065)
Train Epoch: [50][54/138] Loss: 0.2821 (Avg: 0.3161) Dice: 0.6840 (Avg: 0.6396) IoU: 0.5779 (Avg: 0.5079)
Train Epoch: [50][55/138] Loss: 0.3220 (Avg: 0.3162) Dice: 0.6090 (Avg: 0.6390) IoU: 0.4896 (Avg: 0.5075)
Train Epoch: [50][56/138] Loss: 0.2728 (Avg: 0.3154) Dice: 0.6781 (Avg: 0.6397) IoU: 0.5304 (Avg: 0.5079)
Train Epoch: [50][57/138] Loss: 0.3101 (Avg: 0.3154) Dice: 0.7006 (Avg: 0.6408) IoU: 0.5615 (Avg: 0.5089)
Train Epoch: [50][58/138] Loss: 0.4211 (Avg: 0.3172) Dice: 0.4820 (Avg: 0.6381) IoU: 0.3531 (Avg: 0.5062)
Train Epoch: [50][59/138] Loss: 0.2780 (Avg: 0.3165) Dice: 0.6647 (Avg: 0.6385) IoU: 0.5177 (Avg: 0.5064)
Train Epoch: [50][60/138] Loss: 0.4525 (Avg: 0.3188) Dice: 0.4967 (Avg: 0.6361) IoU: 0.4056 (Avg: 0.5047)
Train Epoch: [50][61/138] Loss: 0.5359 (Avg: 0.3223) Dice: 0.4324 (Avg: 0.6328) IoU: 0.3089 (Avg: 0.5015)
Train Epoch: [50][62/138] Loss: 0.3515 (Avg: 0.3228) Dice: 0.5944 (Avg: 0.6322) IoU: 0.4679 (Avg: 0.5009)
Train Epoch: [50][63/138] Loss: 0.3424 (Avg: 0.3231) Dice: 0.6124 (Avg: 0.6319) IoU: 0.4786 (Avg: 0.5006)
Train Epoch: [50][64/138] Loss: 0.1732 (Avg: 0.3208) Dice: 0.7934 (Avg: 0.6344) IoU: 0.6785 (Avg: 0.5034)
Train Epoch: [50][65/138] Loss: 0.2916 (Avg: 0.3203) Dice: 0.6020 (Avg: 0.6339) IoU: 0.5054 (Avg: 0.5034)
Train Epoch: [50][66/138] Loss: 0.3653 (Avg: 0.3210) Dice: 0.6239 (Avg: 0.6337) IoU: 0.4975 (Avg: 0.5033)
Train Epoch: [50][67/138] Loss: 0.6123 (Avg: 0.3254) Dice: 0.3491 (Avg: 0.6295) IoU: 0.2528 (Avg: 0.4996)
Train Epoch: [50][68/138] Loss: 0.2936 (Avg: 0.3249) Dice: 0.6620 (Avg: 0.6300) IoU: 0.5155 (Avg: 0.4998)
Train Epoch: [50][69/138] Loss: 0.4036 (Avg: 0.3260) Dice: 0.5480 (Avg: 0.6288) IoU: 0.4249 (Avg: 0.4987)
Train Epoch: [50][70/138] Loss: 0.2738 (Avg: 0.3253) Dice: 0.6734 (Avg: 0.6294) IoU: 0.5153 (Avg: 0.4990)
Train Epoch: [50][71/138] Loss: 0.2210 (Avg: 0.3238) Dice: 0.7432 (Avg: 0.6310) IoU: 0.5948 (Avg: 0.5003)
Train Epoch: [50][72/138] Loss: 0.3135 (Avg: 0.3237) Dice: 0.5861 (Avg: 0.6304) IoU: 0.4361 (Avg: 0.4994)
Train Epoch: [50][73/138] Loss: 0.2585 (Avg: 0.3228) Dice: 0.7020 (Avg: 0.6314) IoU: 0.5561 (Avg: 0.5002)
Train Epoch: [50][74/138] Loss: 0.2605 (Avg: 0.3219) Dice: 0.6976 (Avg: 0.6323) IoU: 0.5404 (Avg: 0.5007)
Train Epoch: [50][75/138] Loss: 0.4605 (Avg: 0.3238) Dice: 0.5004 (Avg: 0.6305) IoU: 0.3701 (Avg: 0.4990)
Train Epoch: [50][76/138] Loss: 0.3367 (Avg: 0.3240) Dice: 0.6336 (Avg: 0.6306) IoU: 0.5005 (Avg: 0.4990)
Train Epoch: [50][77/138] Loss: 0.2447 (Avg: 0.3229) Dice: 0.7245 (Avg: 0.6318) IoU: 0.6150 (Avg: 0.5005)
Train Epoch: [50][78/138] Loss: 0.2830 (Avg: 0.3224) Dice: 0.6883 (Avg: 0.6325) IoU: 0.5702 (Avg: 0.5014)
Train Epoch: [50][79/138] Loss: 0.4705 (Avg: 0.3243) Dice: 0.4724 (Avg: 0.6305) IoU: 0.3790 (Avg: 0.4999)
Train Epoch: [50][80/138] Loss: 0.3708 (Avg: 0.3249) Dice: 0.5593 (Avg: 0.6296) IoU: 0.3990 (Avg: 0.4986)
Train Epoch: [50][81/138] Loss: 0.2481 (Avg: 0.3239) Dice: 0.6989 (Avg: 0.6304) IoU: 0.5545 (Avg: 0.4993)
Train Epoch: [50][82/138] Loss: 0.3872 (Avg: 0.3247) Dice: 0.5552 (Avg: 0.6295) IoU: 0.4129 (Avg: 0.4982)
Train Epoch: [50][83/138] Loss: 0.1786 (Avg: 0.3229) Dice: 0.7854 (Avg: 0.6314) IoU: 0.6509 (Avg: 0.5001)
Train Epoch: [50][84/138] Loss: 0.2131 (Avg: 0.3216) Dice: 0.7303 (Avg: 0.6326) IoU: 0.6101 (Avg: 0.5014)
Train Epoch: [50][85/138] Loss: 0.2337 (Avg: 0.3206) Dice: 0.7225 (Avg: 0.6336) IoU: 0.5774 (Avg: 0.5023)
Train Epoch: [50][86/138] Loss: 0.3320 (Avg: 0.3207) Dice: 0.5732 (Avg: 0.6329) IoU: 0.4077 (Avg: 0.5012)
Train Epoch: [50][87/138] Loss: 0.2516 (Avg: 0.3199) Dice: 0.7262 (Avg: 0.6340) IoU: 0.5744 (Avg: 0.5020)
Train Epoch: [50][88/138] Loss: 0.3014 (Avg: 0.3197) Dice: 0.6790 (Avg: 0.6345) IoU: 0.5400 (Avg: 0.5025)
Train Epoch: [50][89/138] Loss: 0.3498 (Avg: 0.3201) Dice: 0.5507 (Avg: 0.6336) IoU: 0.4720 (Avg: 0.5021)
Train Epoch: [50][90/138] Loss: 0.2314 (Avg: 0.3191) Dice: 0.7254 (Avg: 0.6346) IoU: 0.5915 (Avg: 0.5031)
Train Epoch: [50][91/138] Loss: 0.2325 (Avg: 0.3181) Dice: 0.7176 (Avg: 0.6355) IoU: 0.5658 (Avg: 0.5038)
Train Epoch: [50][92/138] Loss: 0.3877 (Avg: 0.3189) Dice: 0.5771 (Avg: 0.6349) IoU: 0.4275 (Avg: 0.5030)
Train Epoch: [50][93/138] Loss: 0.1410 (Avg: 0.3170) Dice: 0.8264 (Avg: 0.6369) IoU: 0.7135 (Avg: 0.5052)
Train Epoch: [50][94/138] Loss: 0.3156 (Avg: 0.3169) Dice: 0.6371 (Avg: 0.6369) IoU: 0.4847 (Avg: 0.5050)
Train Epoch: [50][95/138] Loss: 0.3100 (Avg: 0.3169) Dice: 0.6422 (Avg: 0.6370) IoU: 0.4773 (Avg: 0.5047)
Train Epoch: [50][96/138] Loss: 0.2791 (Avg: 0.3165) Dice: 0.6737 (Avg: 0.6374) IoU: 0.5447 (Avg: 0.5051)
Train Epoch: [50][97/138] Loss: 0.2315 (Avg: 0.3156) Dice: 0.7252 (Avg: 0.6383) IoU: 0.5865 (Avg: 0.5060)
Train Epoch: [50][98/138] Loss: 0.2403 (Avg: 0.3148) Dice: 0.7384 (Avg: 0.6393) IoU: 0.6045 (Avg: 0.5070)
Train Epoch: [50][99/138] Loss: 0.1780 (Avg: 0.3135) Dice: 0.7861 (Avg: 0.6408) IoU: 0.6680 (Avg: 0.5086)
Train Epoch: [50][100/138] Loss: 0.2287 (Avg: 0.3126) Dice: 0.7199 (Avg: 0.6416) IoU: 0.5626 (Avg: 0.5091)
Train Epoch: [50][101/138] Loss: 0.2651 (Avg: 0.3121) Dice: 0.6686 (Avg: 0.6418) IoU: 0.5126 (Avg: 0.5092)
Train Epoch: [50][102/138] Loss: 0.3062 (Avg: 0.3121) Dice: 0.6297 (Avg: 0.6417) IoU: 0.4861 (Avg: 0.5090)
Train Epoch: [50][103/138] Loss: 0.2818 (Avg: 0.3118) Dice: 0.6197 (Avg: 0.6415) IoU: 0.5162 (Avg: 0.5090)
Train Epoch: [50][104/138] Loss: 0.3150 (Avg: 0.3118) Dice: 0.6073 (Avg: 0.6412) IoU: 0.4370 (Avg: 0.5083)
Train Epoch: [50][105/138] Loss: 0.2053 (Avg: 0.3108) Dice: 0.7540 (Avg: 0.6423) IoU: 0.6191 (Avg: 0.5094)
Train Epoch: [50][106/138] Loss: 0.2705 (Avg: 0.3104) Dice: 0.6905 (Avg: 0.6427) IoU: 0.5492 (Avg: 0.5098)
Train Epoch: [50][107/138] Loss: 0.3986 (Avg: 0.3112) Dice: 0.5668 (Avg: 0.6420) IoU: 0.4432 (Avg: 0.5091)
Train Epoch: [50][108/138] Loss: 0.1837 (Avg: 0.3101) Dice: 0.7769 (Avg: 0.6432) IoU: 0.6474 (Avg: 0.5104)
Train Epoch: [50][109/138] Loss: 0.2017 (Avg: 0.3091) Dice: 0.7598 (Avg: 0.6443) IoU: 0.6201 (Avg: 0.5114)
Train Epoch: [50][110/138] Loss: 0.2230 (Avg: 0.3083) Dice: 0.7447 (Avg: 0.6452) IoU: 0.6179 (Avg: 0.5124)
Train Epoch: [50][111/138] Loss: 0.6464 (Avg: 0.3113) Dice: 0.2871 (Avg: 0.6420) IoU: 0.2052 (Avg: 0.5096)
Train Epoch: [50][112/138] Loss: 0.3478 (Avg: 0.3117) Dice: 0.5879 (Avg: 0.6415) IoU: 0.4922 (Avg: 0.5095)
Train Epoch: [50][113/138] Loss: 0.1902 (Avg: 0.3106) Dice: 0.7725 (Avg: 0.6427) IoU: 0.6458 (Avg: 0.5107)
Train Epoch: [50][114/138] Loss: 0.2575 (Avg: 0.3101) Dice: 0.6979 (Avg: 0.6432) IoU: 0.5379 (Avg: 0.5109)
Train Epoch: [50][115/138] Loss: 0.1797 (Avg: 0.3090) Dice: 0.7822 (Avg: 0.6444) IoU: 0.6466 (Avg: 0.5121)
Train Epoch: [50][116/138] Loss: 0.4700 (Avg: 0.3104) Dice: 0.5023 (Avg: 0.6431) IoU: 0.3751 (Avg: 0.5109)
Train Epoch: [50][117/138] Loss: 0.2020 (Avg: 0.3094) Dice: 0.7445 (Avg: 0.6440) IoU: 0.5966 (Avg: 0.5116)
Train Epoch: [50][118/138] Loss: 0.3738 (Avg: 0.3100) Dice: 0.5941 (Avg: 0.6436) IoU: 0.4307 (Avg: 0.5110)
Train Epoch: [50][119/138] Loss: 0.2994 (Avg: 0.3099) Dice: 0.6589 (Avg: 0.6437) IoU: 0.4999 (Avg: 0.5109)
Train Epoch: [50][120/138] Loss: 0.3619 (Avg: 0.3103) Dice: 0.5875 (Avg: 0.6433) IoU: 0.4403 (Avg: 0.5103)
Train Epoch: [50][121/138] Loss: 0.2260 (Avg: 0.3096) Dice: 0.7434 (Avg: 0.6441) IoU: 0.6033 (Avg: 0.5111)
Train Epoch: [50][122/138] Loss: 0.2027 (Avg: 0.3088) Dice: 0.7566 (Avg: 0.6450) IoU: 0.6135 (Avg: 0.5119)
Train Epoch: [50][123/138] Loss: 0.2790 (Avg: 0.3085) Dice: 0.6451 (Avg: 0.6450) IoU: 0.5286 (Avg: 0.5120)
Train Epoch: [50][124/138] Loss: 0.5244 (Avg: 0.3103) Dice: 0.3814 (Avg: 0.6429) IoU: 0.2619 (Avg: 0.5100)
Train Epoch: [50][125/138] Loss: 0.2660 (Avg: 0.3099) Dice: 0.6813 (Avg: 0.6432) IoU: 0.5414 (Avg: 0.5103)
Train Epoch: [50][126/138] Loss: 0.2800 (Avg: 0.3097) Dice: 0.6616 (Avg: 0.6433) IoU: 0.5070 (Avg: 0.5102)
Train Epoch: [50][127/138] Loss: 0.4333 (Avg: 0.3106) Dice: 0.4895 (Avg: 0.6421) IoU: 0.3840 (Avg: 0.5092)
Train Epoch: [50][128/138] Loss: 0.4193 (Avg: 0.3115) Dice: 0.5344 (Avg: 0.6413) IoU: 0.4172 (Avg: 0.5085)
Train Epoch: [50][129/138] Loss: 0.3211 (Avg: 0.3116) Dice: 0.6057 (Avg: 0.6410) IoU: 0.4447 (Avg: 0.5080)
Train Epoch: [50][130/138] Loss: 0.2119 (Avg: 0.3108) Dice: 0.7512 (Avg: 0.6418) IoU: 0.6122 (Avg: 0.5088)
Train Epoch: [50][131/138] Loss: 0.3813 (Avg: 0.3113) Dice: 0.5770 (Avg: 0.6414) IoU: 0.4385 (Avg: 0.5083)
Train Epoch: [50][132/138] Loss: 0.1623 (Avg: 0.3102) Dice: 0.8033 (Avg: 0.6426) IoU: 0.6754 (Avg: 0.5096)
Train Epoch: [50][133/138] Loss: 0.1826 (Avg: 0.3093) Dice: 0.7736 (Avg: 0.6436) IoU: 0.6369 (Avg: 0.5105)
Train Epoch: [50][134/138] Loss: 0.5088 (Avg: 0.3107) Dice: 0.4384 (Avg: 0.6420) IoU: 0.3695 (Avg: 0.5095)
Train Epoch: [50][135/138] Loss: 0.3445 (Avg: 0.3110) Dice: 0.6510 (Avg: 0.6421) IoU: 0.5094 (Avg: 0.5095)
Train Epoch: [50][136/138] Loss: 0.2352 (Avg: 0.3104) Dice: 0.7357 (Avg: 0.6428) IoU: 0.6078 (Avg: 0.5102)
Train Epoch: [50][137/138] Loss: 0.2734 (Avg: 0.3102) Dice: 0.6807 (Avg: 0.6431) IoU: 0.5186 (Avg: 0.5102)
Train Epoch: [50][138/138] Loss: 0.1465 (Avg: 0.3082) Dice: 0.7957 (Avg: 0.6398) IoU: 0.6607 (Avg: 0.5077)
Validation Epoch: [50] Avg Loss: 0.3512 Avg Dice: 0.5922 Avg IoU: 0.4616
