HTTP Request: HEAD https://huggingface.co/emilyalsentzer/Bio_ClinicalBERT/resolve/main/tokenizer_config.json "HTTP/1.1 404 Not Found"
HTTP Request: GET https://huggingface.co/api/models/emilyalsentzer/Bio_ClinicalBERT/tree/main/additional_chat_templates?recursive=false&expand=false "HTTP/1.1 404 Not Found"
HTTP Request: GET https://huggingface.co/api/models/emilyalsentzer/Bio_ClinicalBERT/tree/main?recursive=true&expand=false "HTTP/1.1 200 OK"
HTTP Request: HEAD https://huggingface.co/emilyalsentzer/Bio_ClinicalBERT/resolve/main/vocab.txt "HTTP/1.1 307 Temporary Redirect"
Warning: You are sending unauthenticated requests to the HF Hub. Please set a HF_TOKEN to enable higher rate limits and faster downloads.
HTTP Request: HEAD https://huggingface.co/api/resolve-cache/models/emilyalsentzer/Bio_ClinicalBERT/d5892b39a4adaed74b92212a44081509db72f87b/vocab.txt "HTTP/1.1 200 OK"
HTTP Request: HEAD https://huggingface.co/emilyalsentzer/Bio_ClinicalBERT/resolve/main/model.safetensors "HTTP/1.1 404 Not Found"
HTTP Request: HEAD https://huggingface.co/emilyalsentzer/Bio_ClinicalBERT/resolve/main/model.safetensors.index.json "HTTP/1.1 404 Not Found"
HTTP Request: HEAD https://huggingface.co/emilyalsentzer/Bio_ClinicalBERT/resolve/main/pytorch_model.bin "HTTP/1.1 302 Found"
HTTP Request: HEAD https://huggingface.co/emilyalsentzer/Bio_ClinicalBERT/resolve/main/model.safetensors "HTTP/1.1 404 Not Found"
HTTP Request: GET https://huggingface.co/api/models/emilyalsentzer/Bio_ClinicalBERT "HTTP/1.1 200 OK"
HTTP Request: GET https://huggingface.co/api/models/emilyalsentzer/Bio_ClinicalBERT/commits/main "HTTP/1.1 200 OK"
HTTP Request: GET https://huggingface.co/api/models/emilyalsentzer/Bio_ClinicalBERT/discussions?p=0 "HTTP/1.1 200 OK"
HTTP Request: GET https://huggingface.co/api/models/emilyalsentzer/Bio_ClinicalBERT/commits/refs%2Fpr%2F16 "HTTP/1.1 200 OK"
HTTP Request: HEAD https://huggingface.co/emilyalsentzer/Bio_ClinicalBERT/resolve/refs%2Fpr%2F16/model.safetensors.index.json "HTTP/1.1 404 Not Found"
HTTP Request: HEAD https://huggingface.co/emilyalsentzer/Bio_ClinicalBERT/resolve/refs%2Fpr%2F16/model.safetensors "HTTP/1.1 302 Found"

========= Epoch [1/50] =========
Train Epoch: [1][1/138] Total Loss: 1.1299 (Avg: 1.1299) Dice: 0.0043 (Avg: 0.0043) IoU: 0.0022 (Avg: 0.0022)
Train Epoch: [1][2/138] Total Loss: 1.0880 (Avg: 1.1090) Dice: 0.0268 (Avg: 0.0156) IoU: 0.0137 (Avg: 0.0079)
Train Epoch: [1][3/138] Total Loss: 1.1184 (Avg: 1.1121) Dice: 0.0107 (Avg: 0.0140) IoU: 0.0054 (Avg: 0.0071)
Train Epoch: [1][4/138] Total Loss: 1.1247 (Avg: 1.1152) Dice: 0.0142 (Avg: 0.0140) IoU: 0.0072 (Avg: 0.0071)
Train Epoch: [1][5/138] Total Loss: 1.1180 (Avg: 1.1158) Dice: 0.0203 (Avg: 0.0153) IoU: 0.0103 (Avg: 0.0078)
Train Epoch: [1][6/138] Total Loss: 1.1019 (Avg: 1.1135) Dice: 0.0336 (Avg: 0.0183) IoU: 0.0174 (Avg: 0.0094)
Train Epoch: [1][7/138] Total Loss: 1.1112 (Avg: 1.1132) Dice: 0.0269 (Avg: 0.0196) IoU: 0.0138 (Avg: 0.0100)
Train Epoch: [1][8/138] Total Loss: 1.1269 (Avg: 1.1149) Dice: 0.0107 (Avg: 0.0185) IoU: 0.0054 (Avg: 0.0094)
Train Epoch: [1][9/138] Total Loss: 1.1340 (Avg: 1.1170) Dice: 0.0078 (Avg: 0.0173) IoU: 0.0039 (Avg: 0.0088)
Train Epoch: [1][10/138] Total Loss: 1.1014 (Avg: 1.1154) Dice: 0.0383 (Avg: 0.0194) IoU: 0.0198 (Avg: 0.0099)
Train Epoch: [1][11/138] Total Loss: 1.1304 (Avg: 1.1168) Dice: 0.0073 (Avg: 0.0183) IoU: 0.0037 (Avg: 0.0093)
Train Epoch: [1][12/138] Total Loss: 1.1292 (Avg: 1.1178) Dice: 0.0146 (Avg: 0.0180) IoU: 0.0074 (Avg: 0.0092)
Train Epoch: [1][13/138] Total Loss: 1.1108 (Avg: 1.1173) Dice: 0.0331 (Avg: 0.0191) IoU: 0.0171 (Avg: 0.0098)
Train Epoch: [1][14/138] Total Loss: 1.1089 (Avg: 1.1167) Dice: 0.0328 (Avg: 0.0201) IoU: 0.0169 (Avg: 0.0103)
Train Epoch: [1][15/138] Total Loss: 1.1257 (Avg: 1.1173) Dice: 0.0122 (Avg: 0.0196) IoU: 0.0062 (Avg: 0.0100)
Train Epoch: [1][16/138] Total Loss: 1.1209 (Avg: 1.1175) Dice: 0.0234 (Avg: 0.0198) IoU: 0.0120 (Avg: 0.0101)
Train Epoch: [1][17/138] Total Loss: 1.1094 (Avg: 1.1170) Dice: 0.0345 (Avg: 0.0207) IoU: 0.0178 (Avg: 0.0106)
Train Epoch: [1][18/138] Total Loss: 1.1322 (Avg: 1.1179) Dice: 0.0141 (Avg: 0.0203) IoU: 0.0071 (Avg: 0.0104)
Train Epoch: [1][19/138] Total Loss: 1.1263 (Avg: 1.1183) Dice: 0.0200 (Avg: 0.0203) IoU: 0.0101 (Avg: 0.0104)
Train Epoch: [1][20/138] Total Loss: 1.1281 (Avg: 1.1188) Dice: 0.0092 (Avg: 0.0197) IoU: 0.0046 (Avg: 0.0101)
Train Epoch: [1][21/138] Total Loss: 1.1059 (Avg: 1.1182) Dice: 0.0362 (Avg: 0.0205) IoU: 0.0185 (Avg: 0.0105)
Train Epoch: [1][22/138] Total Loss: 1.1211 (Avg: 1.1183) Dice: 0.0231 (Avg: 0.0206) IoU: 0.0118 (Avg: 0.0106)
Train Epoch: [1][23/138] Total Loss: 1.0835 (Avg: 1.1168) Dice: 0.0517 (Avg: 0.0220) IoU: 0.0272 (Avg: 0.0113)
Train Epoch: [1][24/138] Total Loss: 1.1186 (Avg: 1.1169) Dice: 0.0184 (Avg: 0.0218) IoU: 0.0093 (Avg: 0.0112)
Train Epoch: [1][25/138] Total Loss: 1.0924 (Avg: 1.1159) Dice: 0.0435 (Avg: 0.0227) IoU: 0.0229 (Avg: 0.0117)
Train Epoch: [1][26/138] Total Loss: 1.1145 (Avg: 1.1159) Dice: 0.0331 (Avg: 0.0231) IoU: 0.0174 (Avg: 0.0119)
Train Epoch: [1][27/138] Total Loss: 1.1039 (Avg: 1.1154) Dice: 0.0261 (Avg: 0.0232) IoU: 0.0133 (Avg: 0.0119)
Train Epoch: [1][28/138] Total Loss: 1.1263 (Avg: 1.1158) Dice: 0.0188 (Avg: 0.0231) IoU: 0.0096 (Avg: 0.0119)
Train Epoch: [1][29/138] Total Loss: 1.1220 (Avg: 1.1160) Dice: 0.0187 (Avg: 0.0229) IoU: 0.0095 (Avg: 0.0118)
Train Epoch: [1][30/138] Total Loss: 1.0866 (Avg: 1.1150) Dice: 0.0443 (Avg: 0.0236) IoU: 0.0234 (Avg: 0.0122)
Train Epoch: [1][31/138] Total Loss: 1.0989 (Avg: 1.1145) Dice: 0.0293 (Avg: 0.0238) IoU: 0.0149 (Avg: 0.0123)
Train Epoch: [1][32/138] Total Loss: 1.1049 (Avg: 1.1142) Dice: 0.0322 (Avg: 0.0241) IoU: 0.0165 (Avg: 0.0124)
Train Epoch: [1][33/138] Total Loss: 1.1097 (Avg: 1.1141) Dice: 0.0291 (Avg: 0.0242) IoU: 0.0149 (Avg: 0.0125)
Train Epoch: [1][34/138] Total Loss: 1.1125 (Avg: 1.1140) Dice: 0.0159 (Avg: 0.0240) IoU: 0.0080 (Avg: 0.0123)
Train Epoch: [1][35/138] Total Loss: 1.0824 (Avg: 1.1131) Dice: 0.0498 (Avg: 0.0247) IoU: 0.0260 (Avg: 0.0127)
Train Epoch: [1][36/138] Total Loss: 1.1137 (Avg: 1.1131) Dice: 0.0216 (Avg: 0.0246) IoU: 0.0111 (Avg: 0.0127)
Train Epoch: [1][37/138] Total Loss: 1.1117 (Avg: 1.1131) Dice: 0.0222 (Avg: 0.0246) IoU: 0.0114 (Avg: 0.0126)
Train Epoch: [1][38/138] Total Loss: 1.0962 (Avg: 1.1127) Dice: 0.0362 (Avg: 0.0249) IoU: 0.0186 (Avg: 0.0128)
Train Epoch: [1][39/138] Total Loss: 1.1175 (Avg: 1.1128) Dice: 0.0356 (Avg: 0.0251) IoU: 0.0184 (Avg: 0.0129)
Train Epoch: [1][40/138] Total Loss: 1.0677 (Avg: 1.1117) Dice: 0.0547 (Avg: 0.0259) IoU: 0.0285 (Avg: 0.0133)
Train Epoch: [1][41/138] Total Loss: 1.1216 (Avg: 1.1119) Dice: 0.0110 (Avg: 0.0255) IoU: 0.0055 (Avg: 0.0131)
Train Epoch: [1][42/138] Total Loss: 1.1074 (Avg: 1.1118) Dice: 0.0244 (Avg: 0.0255) IoU: 0.0124 (Avg: 0.0131)
Train Epoch: [1][43/138] Total Loss: 1.1180 (Avg: 1.1119) Dice: 0.0204 (Avg: 0.0254) IoU: 0.0103 (Avg: 0.0131)
Train Epoch: [1][44/138] Total Loss: 1.1208 (Avg: 1.1121) Dice: 0.0167 (Avg: 0.0252) IoU: 0.0084 (Avg: 0.0130)
Train Epoch: [1][45/138] Total Loss: 1.1118 (Avg: 1.1121) Dice: 0.0251 (Avg: 0.0252) IoU: 0.0128 (Avg: 0.0129)
Train Epoch: [1][46/138] Total Loss: 1.0841 (Avg: 1.1115) Dice: 0.0431 (Avg: 0.0256) IoU: 0.0222 (Avg: 0.0131)
Train Epoch: [1][47/138] Total Loss: 1.1130 (Avg: 1.1116) Dice: 0.0219 (Avg: 0.0255) IoU: 0.0111 (Avg: 0.0131)
Train Epoch: [1][48/138] Total Loss: 1.1190 (Avg: 1.1117) Dice: 0.0226 (Avg: 0.0254) IoU: 0.0115 (Avg: 0.0131)
Train Epoch: [1][49/138] Total Loss: 1.1203 (Avg: 1.1119) Dice: 0.0167 (Avg: 0.0252) IoU: 0.0085 (Avg: 0.0130)
Train Epoch: [1][50/138] Total Loss: 1.1055 (Avg: 1.1118) Dice: 0.0289 (Avg: 0.0253) IoU: 0.0148 (Avg: 0.0130)
Train Epoch: [1][51/138] Total Loss: 1.1042 (Avg: 1.1116) Dice: 0.0302 (Avg: 0.0254) IoU: 0.0156 (Avg: 0.0131)
Train Epoch: [1][52/138] Total Loss: 1.1087 (Avg: 1.1116) Dice: 0.0314 (Avg: 0.0255) IoU: 0.0160 (Avg: 0.0131)
Train Epoch: [1][53/138] Total Loss: 1.1071 (Avg: 1.1115) Dice: 0.0410 (Avg: 0.0258) IoU: 0.0218 (Avg: 0.0133)
Train Epoch: [1][54/138] Total Loss: 1.1296 (Avg: 1.1118) Dice: 0.0076 (Avg: 0.0255) IoU: 0.0038 (Avg: 0.0131)
Train Epoch: [1][55/138] Total Loss: 1.0871 (Avg: 1.1114) Dice: 0.0533 (Avg: 0.0260) IoU: 0.0277 (Avg: 0.0134)
Train Epoch: [1][56/138] Total Loss: 1.0349 (Avg: 1.1100) Dice: 0.0987 (Avg: 0.0273) IoU: 0.0530 (Avg: 0.0141)
Train Epoch: [1][57/138] Total Loss: 1.1034 (Avg: 1.1099) Dice: 0.0395 (Avg: 0.0275) IoU: 0.0204 (Avg: 0.0142)
Train Epoch: [1][58/138] Total Loss: 1.0757 (Avg: 1.1093) Dice: 0.0557 (Avg: 0.0280) IoU: 0.0288 (Avg: 0.0144)
Train Epoch: [1][59/138] Total Loss: 1.1022 (Avg: 1.1092) Dice: 0.0470 (Avg: 0.0283) IoU: 0.0243 (Avg: 0.0146)
Train Epoch: [1][60/138] Total Loss: 1.0963 (Avg: 1.1090) Dice: 0.0385 (Avg: 0.0285) IoU: 0.0197 (Avg: 0.0147)
Train Epoch: [1][61/138] Total Loss: 1.0869 (Avg: 1.1086) Dice: 0.0571 (Avg: 0.0289) IoU: 0.0301 (Avg: 0.0150)
Train Epoch: [1][62/138] Total Loss: 1.0862 (Avg: 1.1082) Dice: 0.0571 (Avg: 0.0294) IoU: 0.0304 (Avg: 0.0152)
Train Epoch: [1][63/138] Total Loss: 1.0847 (Avg: 1.1079) Dice: 0.0607 (Avg: 0.0299) IoU: 0.0333 (Avg: 0.0155)
Train Epoch: [1][64/138] Total Loss: 1.1038 (Avg: 1.1078) Dice: 0.0334 (Avg: 0.0300) IoU: 0.0171 (Avg: 0.0155)
Train Epoch: [1][65/138] Total Loss: 1.1321 (Avg: 1.1082) Dice: 0.0147 (Avg: 0.0297) IoU: 0.0074 (Avg: 0.0154)
Train Epoch: [1][66/138] Total Loss: 1.1002 (Avg: 1.1080) Dice: 0.0440 (Avg: 0.0299) IoU: 0.0228 (Avg: 0.0155)
Train Epoch: [1][67/138] Total Loss: 1.0960 (Avg: 1.1079) Dice: 0.0384 (Avg: 0.0301) IoU: 0.0198 (Avg: 0.0156)
Train Epoch: [1][68/138] Total Loss: 1.0987 (Avg: 1.1077) Dice: 0.0382 (Avg: 0.0302) IoU: 0.0198 (Avg: 0.0156)
Train Epoch: [1][69/138] Total Loss: 1.0465 (Avg: 1.1068) Dice: 0.1138 (Avg: 0.0314) IoU: 0.0643 (Avg: 0.0163)
Train Epoch: [1][70/138] Total Loss: 1.1274 (Avg: 1.1071) Dice: 0.0206 (Avg: 0.0312) IoU: 0.0105 (Avg: 0.0162)
Train Epoch: [1][71/138] Total Loss: 1.1228 (Avg: 1.1074) Dice: 0.0171 (Avg: 0.0310) IoU: 0.0086 (Avg: 0.0161)
Train Epoch: [1][72/138] Total Loss: 1.0794 (Avg: 1.1070) Dice: 0.0532 (Avg: 0.0313) IoU: 0.0277 (Avg: 0.0163)
Train Epoch: [1][73/138] Total Loss: 1.0704 (Avg: 1.1065) Dice: 0.0800 (Avg: 0.0320) IoU: 0.0427 (Avg: 0.0167)
Train Epoch: [1][74/138] Total Loss: 1.0853 (Avg: 1.1062) Dice: 0.0765 (Avg: 0.0326) IoU: 0.0403 (Avg: 0.0170)
Train Epoch: [1][75/138] Total Loss: 1.1023 (Avg: 1.1061) Dice: 0.0448 (Avg: 0.0328) IoU: 0.0233 (Avg: 0.0171)
Train Epoch: [1][76/138] Total Loss: 1.0847 (Avg: 1.1059) Dice: 0.0932 (Avg: 0.0336) IoU: 0.0506 (Avg: 0.0175)
Train Epoch: [1][77/138] Total Loss: 1.1212 (Avg: 1.1061) Dice: 0.0362 (Avg: 0.0336) IoU: 0.0186 (Avg: 0.0175)
Train Epoch: [1][78/138] Total Loss: 1.1120 (Avg: 1.1061) Dice: 0.0346 (Avg: 0.0336) IoU: 0.0179 (Avg: 0.0175)
Train Epoch: [1][79/138] Total Loss: 1.1311 (Avg: 1.1064) Dice: 0.0160 (Avg: 0.0334) IoU: 0.0081 (Avg: 0.0174)
Train Epoch: [1][80/138] Total Loss: 1.1135 (Avg: 1.1065) Dice: 0.0428 (Avg: 0.0335) IoU: 0.0220 (Avg: 0.0175)
Train Epoch: [1][81/138] Total Loss: 1.1027 (Avg: 1.1065) Dice: 0.0717 (Avg: 0.0340) IoU: 0.0390 (Avg: 0.0177)
Train Epoch: [1][82/138] Total Loss: 1.0570 (Avg: 1.1059) Dice: 0.1252 (Avg: 0.0351) IoU: 0.0689 (Avg: 0.0184)
Train Epoch: [1][83/138] Total Loss: 1.1338 (Avg: 1.1062) Dice: 0.0098 (Avg: 0.0348) IoU: 0.0050 (Avg: 0.0182)
Train Epoch: [1][84/138] Total Loss: 1.1017 (Avg: 1.1062) Dice: 0.0413 (Avg: 0.0349) IoU: 0.0215 (Avg: 0.0182)
Train Epoch: [1][85/138] Total Loss: 1.1000 (Avg: 1.1061) Dice: 0.0618 (Avg: 0.0352) IoU: 0.0325 (Avg: 0.0184)
Train Epoch: [1][86/138] Total Loss: 1.1134 (Avg: 1.1062) Dice: 0.0442 (Avg: 0.0353) IoU: 0.0229 (Avg: 0.0185)
Train Epoch: [1][87/138] Total Loss: 1.1130 (Avg: 1.1063) Dice: 0.0341 (Avg: 0.0353) IoU: 0.0178 (Avg: 0.0184)
Train Epoch: [1][88/138] Total Loss: 1.0832 (Avg: 1.1060) Dice: 0.0719 (Avg: 0.0357) IoU: 0.0386 (Avg: 0.0187)
Train Epoch: [1][89/138] Total Loss: 1.1151 (Avg: 1.1061) Dice: 0.0540 (Avg: 0.0359) IoU: 0.0286 (Avg: 0.0188)
Train Epoch: [1][90/138] Total Loss: 1.0814 (Avg: 1.1058) Dice: 0.1067 (Avg: 0.0367) IoU: 0.0575 (Avg: 0.0192)
Train Epoch: [1][91/138] Total Loss: 1.1212 (Avg: 1.1060) Dice: 0.0348 (Avg: 0.0367) IoU: 0.0181 (Avg: 0.0192)
Train Epoch: [1][92/138] Total Loss: 1.0524 (Avg: 1.1054) Dice: 0.1496 (Avg: 0.0379) IoU: 0.0859 (Avg: 0.0199)
Train Epoch: [1][93/138] Total Loss: 1.1267 (Avg: 1.1056) Dice: 0.0397 (Avg: 0.0379) IoU: 0.0210 (Avg: 0.0199)
Train Epoch: [1][94/138] Total Loss: 1.0875 (Avg: 1.1054) Dice: 0.0776 (Avg: 0.0383) IoU: 0.0416 (Avg: 0.0202)
Train Epoch: [1][95/138] Total Loss: 1.1115 (Avg: 1.1055) Dice: 0.0997 (Avg: 0.0390) IoU: 0.0584 (Avg: 0.0206)
Train Epoch: [1][96/138] Total Loss: 1.0813 (Avg: 1.1053) Dice: 0.2270 (Avg: 0.0409) IoU: 0.1353 (Avg: 0.0218)
Train Epoch: [1][97/138] Total Loss: 1.1254 (Avg: 1.1055) Dice: 0.0266 (Avg: 0.0408) IoU: 0.0135 (Avg: 0.0217)
Train Epoch: [1][98/138] Total Loss: 1.1139 (Avg: 1.1055) Dice: 0.0339 (Avg: 0.0407) IoU: 0.0173 (Avg: 0.0216)
Train Epoch: [1][99/138] Total Loss: 1.0633 (Avg: 1.1051) Dice: 0.1284 (Avg: 0.0416) IoU: 0.0703 (Avg: 0.0221)
Train Epoch: [1][100/138] Total Loss: 1.0989 (Avg: 1.1051) Dice: 0.0750 (Avg: 0.0419) IoU: 0.0398 (Avg: 0.0223)
Train Epoch: [1][101/138] Total Loss: 1.1218 (Avg: 1.1052) Dice: 0.0251 (Avg: 0.0418) IoU: 0.0130 (Avg: 0.0222)
Train Epoch: [1][102/138] Total Loss: 1.1129 (Avg: 1.1053) Dice: 0.0430 (Avg: 0.0418) IoU: 0.0222 (Avg: 0.0222)
Train Epoch: [1][103/138] Total Loss: 1.0789 (Avg: 1.1050) Dice: 0.1218 (Avg: 0.0426) IoU: 0.0657 (Avg: 0.0226)
Train Epoch: [1][104/138] Total Loss: 1.0796 (Avg: 1.1048) Dice: 0.0992 (Avg: 0.0431) IoU: 0.0543 (Avg: 0.0229)
Train Epoch: [1][105/138] Total Loss: 1.0934 (Avg: 1.1047) Dice: 0.1118 (Avg: 0.0438) IoU: 0.0612 (Avg: 0.0233)
Train Epoch: [1][106/138] Total Loss: 1.0934 (Avg: 1.1046) Dice: 0.0653 (Avg: 0.0440) IoU: 0.0348 (Avg: 0.0234)
Train Epoch: [1][107/138] Total Loss: 1.1146 (Avg: 1.1047) Dice: 0.0645 (Avg: 0.0442) IoU: 0.0342 (Avg: 0.0235)
Train Epoch: [1][108/138] Total Loss: 1.0701 (Avg: 1.1044) Dice: 0.1457 (Avg: 0.0451) IoU: 0.0844 (Avg: 0.0241)
Train Epoch: [1][109/138] Total Loss: 1.0768 (Avg: 1.1041) Dice: 0.1097 (Avg: 0.0457) IoU: 0.0593 (Avg: 0.0244)
Train Epoch: [1][110/138] Total Loss: 1.0333 (Avg: 1.1035) Dice: 0.2193 (Avg: 0.0473) IoU: 0.1282 (Avg: 0.0253)
Train Epoch: [1][111/138] Total Loss: 1.1024 (Avg: 1.1035) Dice: 0.0469 (Avg: 0.0473) IoU: 0.0245 (Avg: 0.0253)
Train Epoch: [1][112/138] Total Loss: 1.1098 (Avg: 1.1035) Dice: 0.1083 (Avg: 0.0478) IoU: 0.0592 (Avg: 0.0256)
Train Epoch: [1][113/138] Total Loss: 1.0818 (Avg: 1.1033) Dice: 0.1328 (Avg: 0.0486) IoU: 0.0754 (Avg: 0.0261)
Train Epoch: [1][114/138] Total Loss: 1.1258 (Avg: 1.1035) Dice: 0.0229 (Avg: 0.0483) IoU: 0.0117 (Avg: 0.0260)
Train Epoch: [1][115/138] Total Loss: 1.0757 (Avg: 1.1033) Dice: 0.1811 (Avg: 0.0495) IoU: 0.1057 (Avg: 0.0266)
Train Epoch: [1][116/138] Total Loss: 1.0794 (Avg: 1.1031) Dice: 0.0938 (Avg: 0.0499) IoU: 0.0518 (Avg: 0.0269)
Train Epoch: [1][117/138] Total Loss: 1.1088 (Avg: 1.1031) Dice: 0.0468 (Avg: 0.0498) IoU: 0.0242 (Avg: 0.0268)
Train Epoch: [1][118/138] Total Loss: 1.0741 (Avg: 1.1029) Dice: 0.1132 (Avg: 0.0504) IoU: 0.0628 (Avg: 0.0271)
Train Epoch: [1][119/138] Total Loss: 1.0730 (Avg: 1.1026) Dice: 0.1499 (Avg: 0.0512) IoU: 0.0814 (Avg: 0.0276)
Train Epoch: [1][120/138] Total Loss: 1.1132 (Avg: 1.1027) Dice: 0.0627 (Avg: 0.0513) IoU: 0.0330 (Avg: 0.0276)
Train Epoch: [1][121/138] Total Loss: 1.0507 (Avg: 1.1023) Dice: 0.2599 (Avg: 0.0530) IoU: 0.1618 (Avg: 0.0288)
Train Epoch: [1][122/138] Total Loss: 1.1060 (Avg: 1.1023) Dice: 0.1284 (Avg: 0.0537) IoU: 0.0775 (Avg: 0.0292)
Train Epoch: [1][123/138] Total Loss: 1.1144 (Avg: 1.1024) Dice: 0.0494 (Avg: 0.0536) IoU: 0.0255 (Avg: 0.0291)
Train Epoch: [1][124/138] Total Loss: 1.0928 (Avg: 1.1023) Dice: 0.0838 (Avg: 0.0539) IoU: 0.0440 (Avg: 0.0292)
Train Epoch: [1][125/138] Total Loss: 1.1096 (Avg: 1.1024) Dice: 0.0549 (Avg: 0.0539) IoU: 0.0284 (Avg: 0.0292)
Train Epoch: [1][126/138] Total Loss: 1.0727 (Avg: 1.1021) Dice: 0.1698 (Avg: 0.0548) IoU: 0.0966 (Avg: 0.0298)
Train Epoch: [1][127/138] Total Loss: 1.0992 (Avg: 1.1021) Dice: 0.0761 (Avg: 0.0550) IoU: 0.0406 (Avg: 0.0299)
Train Epoch: [1][128/138] Total Loss: 1.0579 (Avg: 1.1018) Dice: 0.1622 (Avg: 0.0558) IoU: 0.0943 (Avg: 0.0304)
Train Epoch: [1][129/138] Total Loss: 1.1216 (Avg: 1.1019) Dice: 0.0855 (Avg: 0.0560) IoU: 0.0468 (Avg: 0.0305)
Train Epoch: [1][130/138] Total Loss: 1.1036 (Avg: 1.1019) Dice: 0.1107 (Avg: 0.0565) IoU: 0.0594 (Avg: 0.0307)
Train Epoch: [1][131/138] Total Loss: 1.0743 (Avg: 1.1017) Dice: 0.2381 (Avg: 0.0578) IoU: 0.1391 (Avg: 0.0315)
Train Epoch: [1][132/138] Total Loss: 1.1228 (Avg: 1.1019) Dice: 0.0318 (Avg: 0.0576) IoU: 0.0164 (Avg: 0.0314)
Train Epoch: [1][133/138] Total Loss: 1.1077 (Avg: 1.1019) Dice: 0.0967 (Avg: 0.0579) IoU: 0.0518 (Avg: 0.0316)
Train Epoch: [1][134/138] Total Loss: 1.1197 (Avg: 1.1021) Dice: 0.0316 (Avg: 0.0577) IoU: 0.0162 (Avg: 0.0315)
Train Epoch: [1][135/138] Total Loss: 1.1269 (Avg: 1.1023) Dice: 0.1587 (Avg: 0.0585) IoU: 0.0928 (Avg: 0.0319)
Train Epoch: [1][136/138] Total Loss: 1.1023 (Avg: 1.1023) Dice: 0.0738 (Avg: 0.0586) IoU: 0.0399 (Avg: 0.0320)
Train Epoch: [1][137/138] Total Loss: 1.0943 (Avg: 1.1022) Dice: 0.0896 (Avg: 0.0588) IoU: 0.0474 (Avg: 0.0321)
Train Epoch: [1][138/138] Total Loss: 0.9024 (Avg: 1.0958) Dice: 0.1627 (Avg: 0.0587) IoU: 0.0886 (Avg: 0.0320)
Validation Epoch: [1] Avg Loss: 0.9421 Avg Dice: 0.1406 Avg IoU: 0.0801
	 Best dice improved from 0.0000 to 0.1406

========= Epoch [2/50] =========
Train Epoch: [2][1/138] Total Loss: 1.0942 (Avg: 1.0942) Dice: 0.1852 (Avg: 0.1852) IoU: 0.1146 (Avg: 0.1146)
Train Epoch: [2][2/138] Total Loss: 1.0998 (Avg: 1.0970) Dice: 0.0979 (Avg: 0.1416) IoU: 0.0533 (Avg: 0.0839)
Train Epoch: [2][3/138] Total Loss: 1.1213 (Avg: 1.1051) Dice: 0.0398 (Avg: 0.1077) IoU: 0.0208 (Avg: 0.0629)
Train Epoch: [2][4/138] Total Loss: 1.0608 (Avg: 1.0940) Dice: 0.2321 (Avg: 0.1388) IoU: 0.1414 (Avg: 0.0825)
Train Epoch: [2][5/138] Total Loss: 1.1085 (Avg: 1.0969) Dice: 0.0761 (Avg: 0.1262) IoU: 0.0410 (Avg: 0.0742)
Train Epoch: [2][6/138] Total Loss: 1.1012 (Avg: 1.0976) Dice: 0.0854 (Avg: 0.1194) IoU: 0.0462 (Avg: 0.0696)
Train Epoch: [2][7/138] Total Loss: 1.0737 (Avg: 1.0942) Dice: 0.1357 (Avg: 0.1217) IoU: 0.0754 (Avg: 0.0704)
Train Epoch: [2][8/138] Total Loss: 1.1234 (Avg: 1.0979) Dice: 0.0630 (Avg: 0.1144) IoU: 0.0327 (Avg: 0.0657)
Train Epoch: [2][9/138] Total Loss: 1.0749 (Avg: 1.0953) Dice: 0.1667 (Avg: 0.1202) IoU: 0.0931 (Avg: 0.0687)
Train Epoch: [2][10/138] Total Loss: 1.0348 (Avg: 1.0893) Dice: 0.3034 (Avg: 0.1385) IoU: 0.1958 (Avg: 0.0814)
Train Epoch: [2][11/138] Total Loss: 1.0609 (Avg: 1.0867) Dice: 0.1853 (Avg: 0.1428) IoU: 0.1049 (Avg: 0.0836)
Train Epoch: [2][12/138] Total Loss: 1.0802 (Avg: 1.0861) Dice: 0.1902 (Avg: 0.1467) IoU: 0.1071 (Avg: 0.0855)
Train Epoch: [2][13/138] Total Loss: 1.0831 (Avg: 1.0859) Dice: 0.1944 (Avg: 0.1504) IoU: 0.1175 (Avg: 0.0880)
Train Epoch: [2][14/138] Total Loss: 1.0845 (Avg: 1.0858) Dice: 0.1285 (Avg: 0.1488) IoU: 0.0709 (Avg: 0.0868)
Train Epoch: [2][15/138] Total Loss: 1.1033 (Avg: 1.0870) Dice: 0.1142 (Avg: 0.1465) IoU: 0.0738 (Avg: 0.0859)
Train Epoch: [2][16/138] Total Loss: 1.0920 (Avg: 1.0873) Dice: 0.1417 (Avg: 0.1462) IoU: 0.0778 (Avg: 0.0854)
Train Epoch: [2][17/138] Total Loss: 1.0641 (Avg: 1.0859) Dice: 0.1775 (Avg: 0.1481) IoU: 0.1162 (Avg: 0.0872)
Train Epoch: [2][18/138] Total Loss: 1.0549 (Avg: 1.0842) Dice: 0.2674 (Avg: 0.1547) IoU: 0.1630 (Avg: 0.0914)
Train Epoch: [2][19/138] Total Loss: 1.0793 (Avg: 1.0839) Dice: 0.1261 (Avg: 0.1532) IoU: 0.0727 (Avg: 0.0904)
Train Epoch: [2][20/138] Total Loss: 1.0998 (Avg: 1.0847) Dice: 0.2206 (Avg: 0.1566) IoU: 0.1416 (Avg: 0.0930)
Train Epoch: [2][21/138] Total Loss: 1.0591 (Avg: 1.0835) Dice: 0.3237 (Avg: 0.1645) IoU: 0.2019 (Avg: 0.0982)
Train Epoch: [2][22/138] Total Loss: 1.0778 (Avg: 1.0832) Dice: 0.1962 (Avg: 0.1660) IoU: 0.1109 (Avg: 0.0988)
Train Epoch: [2][23/138] Total Loss: 1.0955 (Avg: 1.0838) Dice: 0.0942 (Avg: 0.1628) IoU: 0.0525 (Avg: 0.0968)
Train Epoch: [2][24/138] Total Loss: 1.0742 (Avg: 1.0834) Dice: 0.1256 (Avg: 0.1613) IoU: 0.0710 (Avg: 0.0957)
Train Epoch: [2][25/138] Total Loss: 1.1226 (Avg: 1.0849) Dice: 0.0734 (Avg: 0.1578) IoU: 0.0398 (Avg: 0.0934)
Train Epoch: [2][26/138] Total Loss: 1.0774 (Avg: 1.0847) Dice: 0.1310 (Avg: 0.1567) IoU: 0.0847 (Avg: 0.0931)
Train Epoch: [2][27/138] Total Loss: 1.0639 (Avg: 1.0839) Dice: 0.1284 (Avg: 0.1557) IoU: 0.0718 (Avg: 0.0923)
Train Epoch: [2][28/138] Total Loss: 1.0626 (Avg: 1.0831) Dice: 0.1254 (Avg: 0.1546) IoU: 0.0685 (Avg: 0.0915)
Train Epoch: [2][29/138] Total Loss: 1.0343 (Avg: 1.0814) Dice: 0.2924 (Avg: 0.1594) IoU: 0.1794 (Avg: 0.0945)
Train Epoch: [2][30/138] Total Loss: 1.1061 (Avg: 1.0823) Dice: 0.0759 (Avg: 0.1566) IoU: 0.0408 (Avg: 0.0927)
Train Epoch: [2][31/138] Total Loss: 1.1122 (Avg: 1.0832) Dice: 0.0938 (Avg: 0.1546) IoU: 0.0516 (Avg: 0.0914)
Train Epoch: [2][32/138] Total Loss: 1.0508 (Avg: 1.0822) Dice: 0.3024 (Avg: 0.1592) IoU: 0.1906 (Avg: 0.0945)
Train Epoch: [2][33/138] Total Loss: 1.1053 (Avg: 1.0829) Dice: 0.0588 (Avg: 0.1561) IoU: 0.0316 (Avg: 0.0926)
Train Epoch: [2][34/138] Total Loss: 1.1025 (Avg: 1.0835) Dice: 0.0482 (Avg: 0.1530) IoU: 0.0250 (Avg: 0.0906)
Train Epoch: [2][35/138] Total Loss: 1.0568 (Avg: 1.0827) Dice: 0.2818 (Avg: 0.1566) IoU: 0.1925 (Avg: 0.0935)
Train Epoch: [2][36/138] Total Loss: 1.0667 (Avg: 1.0823) Dice: 0.2376 (Avg: 0.1589) IoU: 0.1485 (Avg: 0.0950)
Train Epoch: [2][37/138] Total Loss: 1.1180 (Avg: 1.0833) Dice: 0.0561 (Avg: 0.1561) IoU: 0.0294 (Avg: 0.0933)
Train Epoch: [2][38/138] Total Loss: 1.0815 (Avg: 1.0832) Dice: 0.1527 (Avg: 0.1560) IoU: 0.0908 (Avg: 0.0932)
Train Epoch: [2][39/138] Total Loss: 1.0948 (Avg: 1.0835) Dice: 0.1754 (Avg: 0.1565) IoU: 0.1048 (Avg: 0.0935)
Train Epoch: [2][40/138] Total Loss: 1.0846 (Avg: 1.0835) Dice: 0.0808 (Avg: 0.1546) IoU: 0.0465 (Avg: 0.0923)
Train Epoch: [2][41/138] Total Loss: 1.0935 (Avg: 1.0838) Dice: 0.0972 (Avg: 0.1532) IoU: 0.0537 (Avg: 0.0914)
Train Epoch: [2][42/138] Total Loss: 1.0729 (Avg: 1.0835) Dice: 0.1361 (Avg: 0.1528) IoU: 0.0792 (Avg: 0.0911)
Train Epoch: [2][43/138] Total Loss: 1.1139 (Avg: 1.0842) Dice: 0.1877 (Avg: 0.1536) IoU: 0.1404 (Avg: 0.0922)
Train Epoch: [2][44/138] Total Loss: 0.9715 (Avg: 1.0817) Dice: 0.5249 (Avg: 0.1621) IoU: 0.3666 (Avg: 0.0985)
Train Epoch: [2][45/138] Total Loss: 1.0838 (Avg: 1.0817) Dice: 0.2694 (Avg: 0.1645) IoU: 0.1729 (Avg: 0.1001)
Train Epoch: [2][46/138] Total Loss: 1.0076 (Avg: 1.0801) Dice: 0.3811 (Avg: 0.1692) IoU: 0.2379 (Avg: 0.1031)
Train Epoch: [2][47/138] Total Loss: 1.1261 (Avg: 1.0811) Dice: 0.0220 (Avg: 0.1660) IoU: 0.0113 (Avg: 0.1012)
Train Epoch: [2][48/138] Total Loss: 1.0322 (Avg: 1.0801) Dice: 0.2412 (Avg: 0.1676) IoU: 0.1609 (Avg: 0.1024)
Train Epoch: [2][49/138] Total Loss: 1.0841 (Avg: 1.0801) Dice: 0.1682 (Avg: 0.1676) IoU: 0.1086 (Avg: 0.1025)
Train Epoch: [2][50/138] Total Loss: 1.0942 (Avg: 1.0804) Dice: 0.1045 (Avg: 0.1663) IoU: 0.0571 (Avg: 0.1016)
Train Epoch: [2][51/138] Total Loss: 1.0757 (Avg: 1.0803) Dice: 0.1644 (Avg: 0.1663) IoU: 0.0984 (Avg: 0.1016)
Train Epoch: [2][52/138] Total Loss: 1.0292 (Avg: 1.0793) Dice: 0.3056 (Avg: 0.1690) IoU: 0.2071 (Avg: 0.1036)
Train Epoch: [2][53/138] Total Loss: 1.0673 (Avg: 1.0791) Dice: 0.2337 (Avg: 0.1702) IoU: 0.1432 (Avg: 0.1043)
Train Epoch: [2][54/138] Total Loss: 1.0770 (Avg: 1.0791) Dice: 0.2957 (Avg: 0.1725) IoU: 0.1900 (Avg: 0.1059)
Train Epoch: [2][55/138] Total Loss: 1.0994 (Avg: 1.0794) Dice: 0.1121 (Avg: 0.1714) IoU: 0.0609 (Avg: 0.1051)
Train Epoch: [2][56/138] Total Loss: 1.0053 (Avg: 1.0781) Dice: 0.4098 (Avg: 0.1757) IoU: 0.2790 (Avg: 0.1082)
Train Epoch: [2][57/138] Total Loss: 1.0988 (Avg: 1.0785) Dice: 0.1706 (Avg: 0.1756) IoU: 0.1205 (Avg: 0.1084)
Train Epoch: [2][58/138] Total Loss: 1.0530 (Avg: 1.0780) Dice: 0.3223 (Avg: 0.1781) IoU: 0.1974 (Avg: 0.1100)
Train Epoch: [2][59/138] Total Loss: 1.0775 (Avg: 1.0780) Dice: 0.1792 (Avg: 0.1782) IoU: 0.1018 (Avg: 0.1098)
Train Epoch: [2][60/138] Total Loss: 1.1029 (Avg: 1.0785) Dice: 0.1497 (Avg: 0.1777) IoU: 0.0864 (Avg: 0.1094)
Train Epoch: [2][61/138] Total Loss: 1.1067 (Avg: 1.0789) Dice: 0.1687 (Avg: 0.1775) IoU: 0.1071 (Avg: 0.1094)
Train Epoch: [2][62/138] Total Loss: 1.1060 (Avg: 1.0794) Dice: 0.1709 (Avg: 0.1774) IoU: 0.1039 (Avg: 0.1093)
Train Epoch: [2][63/138] Total Loss: 1.0001 (Avg: 1.0781) Dice: 0.4095 (Avg: 0.1811) IoU: 0.2943 (Avg: 0.1122)
Train Epoch: [2][64/138] Total Loss: 1.0913 (Avg: 1.0783) Dice: 0.2105 (Avg: 0.1816) IoU: 0.1293 (Avg: 0.1125)
Train Epoch: [2][65/138] Total Loss: 1.0846 (Avg: 1.0784) Dice: 0.1577 (Avg: 0.1812) IoU: 0.0882 (Avg: 0.1121)
Train Epoch: [2][66/138] Total Loss: 1.0787 (Avg: 1.0784) Dice: 0.2247 (Avg: 0.1819) IoU: 0.1288 (Avg: 0.1124)
Train Epoch: [2][67/138] Total Loss: 1.0869 (Avg: 1.0785) Dice: 0.2016 (Avg: 0.1822) IoU: 0.1164 (Avg: 0.1124)
Train Epoch: [2][68/138] Total Loss: 1.0863 (Avg: 1.0786) Dice: 0.1561 (Avg: 0.1818) IoU: 0.0951 (Avg: 0.1122)
Train Epoch: [2][69/138] Total Loss: 1.0945 (Avg: 1.0789) Dice: 0.1415 (Avg: 0.1812) IoU: 0.0783 (Avg: 0.1117)
Train Epoch: [2][70/138] Total Loss: 1.0795 (Avg: 1.0789) Dice: 0.2456 (Avg: 0.1821) IoU: 0.1503 (Avg: 0.1122)
Train Epoch: [2][71/138] Total Loss: 1.1072 (Avg: 1.0793) Dice: 0.0704 (Avg: 0.1805) IoU: 0.0378 (Avg: 0.1112)
Train Epoch: [2][72/138] Total Loss: 1.0223 (Avg: 1.0785) Dice: 0.3566 (Avg: 0.1830) IoU: 0.2358 (Avg: 0.1129)
Train Epoch: [2][73/138] Total Loss: 0.9940 (Avg: 1.0773) Dice: 0.3401 (Avg: 0.1851) IoU: 0.2222 (Avg: 0.1144)
Train Epoch: [2][74/138] Total Loss: 1.0426 (Avg: 1.0769) Dice: 0.3244 (Avg: 0.1870) IoU: 0.2196 (Avg: 0.1158)
Train Epoch: [2][75/138] Total Loss: 1.0780 (Avg: 1.0769) Dice: 0.1876 (Avg: 0.1870) IoU: 0.1069 (Avg: 0.1157)
Train Epoch: [2][76/138] Total Loss: 1.0546 (Avg: 1.0766) Dice: 0.2129 (Avg: 0.1874) IoU: 0.1426 (Avg: 0.1161)
Train Epoch: [2][77/138] Total Loss: 1.0847 (Avg: 1.0767) Dice: 0.0884 (Avg: 0.1861) IoU: 0.0471 (Avg: 0.1152)
Train Epoch: [2][78/138] Total Loss: 1.1279 (Avg: 1.0773) Dice: 0.0583 (Avg: 0.1844) IoU: 0.0306 (Avg: 0.1141)
Train Epoch: [2][79/138] Total Loss: 1.0085 (Avg: 1.0765) Dice: 0.4382 (Avg: 0.1877) IoU: 0.3166 (Avg: 0.1167)
Train Epoch: [2][80/138] Total Loss: 1.0389 (Avg: 1.0760) Dice: 0.2851 (Avg: 0.1889) IoU: 0.1753 (Avg: 0.1174)
Train Epoch: [2][81/138] Total Loss: 1.0946 (Avg: 1.0762) Dice: 0.1086 (Avg: 0.1879) IoU: 0.0677 (Avg: 0.1168)
Train Epoch: [2][82/138] Total Loss: 1.0955 (Avg: 1.0765) Dice: 0.1523 (Avg: 0.1874) IoU: 0.0914 (Avg: 0.1165)
Train Epoch: [2][83/138] Total Loss: 1.1097 (Avg: 1.0769) Dice: 0.1493 (Avg: 0.1870) IoU: 0.0873 (Avg: 0.1161)
Train Epoch: [2][84/138] Total Loss: 1.0763 (Avg: 1.0769) Dice: 0.3064 (Avg: 0.1884) IoU: 0.1845 (Avg: 0.1169)
Train Epoch: [2][85/138] Total Loss: 1.0439 (Avg: 1.0765) Dice: 0.3303 (Avg: 0.1901) IoU: 0.2196 (Avg: 0.1181)
Train Epoch: [2][86/138] Total Loss: 1.0601 (Avg: 1.0763) Dice: 0.2305 (Avg: 0.1905) IoU: 0.1478 (Avg: 0.1185)
Train Epoch: [2][87/138] Total Loss: 1.0638 (Avg: 1.0761) Dice: 0.2461 (Avg: 0.1912) IoU: 0.1499 (Avg: 0.1189)
Train Epoch: [2][88/138] Total Loss: 1.0654 (Avg: 1.0760) Dice: 0.1743 (Avg: 0.1910) IoU: 0.0996 (Avg: 0.1186)
Train Epoch: [2][89/138] Total Loss: 1.0898 (Avg: 1.0762) Dice: 0.1459 (Avg: 0.1905) IoU: 0.0816 (Avg: 0.1182)
Train Epoch: [2][90/138] Total Loss: 1.0605 (Avg: 1.0760) Dice: 0.3421 (Avg: 0.1922) IoU: 0.2329 (Avg: 0.1195)
Train Epoch: [2][91/138] Total Loss: 1.0787 (Avg: 1.0760) Dice: 0.1564 (Avg: 0.1918) IoU: 0.0889 (Avg: 0.1192)
Train Epoch: [2][92/138] Total Loss: 1.0243 (Avg: 1.0755) Dice: 0.4281 (Avg: 0.1943) IoU: 0.3025 (Avg: 0.1211)
Train Epoch: [2][93/138] Total Loss: 1.1219 (Avg: 1.0760) Dice: 0.0610 (Avg: 0.1929) IoU: 0.0316 (Avg: 0.1202)
Train Epoch: [2][94/138] Total Loss: 1.1151 (Avg: 1.0764) Dice: 0.2077 (Avg: 0.1931) IoU: 0.1521 (Avg: 0.1205)
Train Epoch: [2][95/138] Total Loss: 1.1066 (Avg: 1.0767) Dice: 0.1297 (Avg: 0.1924) IoU: 0.0777 (Avg: 0.1201)
Train Epoch: [2][96/138] Total Loss: 1.0655 (Avg: 1.0766) Dice: 0.1873 (Avg: 0.1923) IoU: 0.1173 (Avg: 0.1200)
Train Epoch: [2][97/138] Total Loss: 1.0677 (Avg: 1.0765) Dice: 0.1873 (Avg: 0.1923) IoU: 0.1057 (Avg: 0.1199)
Train Epoch: [2][98/138] Total Loss: 1.0285 (Avg: 1.0760) Dice: 0.3468 (Avg: 0.1939) IoU: 0.2331 (Avg: 0.1211)
Train Epoch: [2][99/138] Total Loss: 1.0275 (Avg: 1.0755) Dice: 0.3001 (Avg: 0.1949) IoU: 0.1845 (Avg: 0.1217)
Train Epoch: [2][100/138] Total Loss: 1.0804 (Avg: 1.0756) Dice: 0.1631 (Avg: 0.1946) IoU: 0.0946 (Avg: 0.1214)
Train Epoch: [2][101/138] Total Loss: 1.0684 (Avg: 1.0755) Dice: 0.1936 (Avg: 0.1946) IoU: 0.1101 (Avg: 0.1213)
Train Epoch: [2][102/138] Total Loss: 1.0978 (Avg: 1.0757) Dice: 0.0920 (Avg: 0.1936) IoU: 0.0498 (Avg: 0.1206)
Train Epoch: [2][103/138] Total Loss: 1.0948 (Avg: 1.0759) Dice: 0.1778 (Avg: 0.1935) IoU: 0.0999 (Avg: 0.1204)
Train Epoch: [2][104/138] Total Loss: 1.0833 (Avg: 1.0760) Dice: 0.5309 (Avg: 0.1967) IoU: 0.4069 (Avg: 0.1232)
Train Epoch: [2][105/138] Total Loss: 1.0612 (Avg: 1.0758) Dice: 0.2927 (Avg: 0.1976) IoU: 0.1821 (Avg: 0.1237)
Train Epoch: [2][106/138] Total Loss: 1.0874 (Avg: 1.0759) Dice: 0.1922 (Avg: 0.1976) IoU: 0.1095 (Avg: 0.1236)
Train Epoch: [2][107/138] Total Loss: 1.0888 (Avg: 1.0761) Dice: 0.2102 (Avg: 0.1977) IoU: 0.1220 (Avg: 0.1236)
Train Epoch: [2][108/138] Total Loss: 1.0515 (Avg: 1.0758) Dice: 0.3035 (Avg: 0.1987) IoU: 0.1823 (Avg: 0.1241)
Train Epoch: [2][109/138] Total Loss: 1.0789 (Avg: 1.0759) Dice: 0.2195 (Avg: 0.1989) IoU: 0.1264 (Avg: 0.1241)
Train Epoch: [2][110/138] Total Loss: 1.0893 (Avg: 1.0760) Dice: 0.2658 (Avg: 0.1995) IoU: 0.1615 (Avg: 0.1245)
Train Epoch: [2][111/138] Total Loss: 1.1173 (Avg: 1.0764) Dice: 0.0331 (Avg: 0.1980) IoU: 0.0170 (Avg: 0.1235)
Train Epoch: [2][112/138] Total Loss: 1.0571 (Avg: 1.0762) Dice: 0.3129 (Avg: 0.1990) IoU: 0.1989 (Avg: 0.1242)
Train Epoch: [2][113/138] Total Loss: 1.0021 (Avg: 1.0755) Dice: 0.5152 (Avg: 0.2018) IoU: 0.3709 (Avg: 0.1264)
Train Epoch: [2][114/138] Total Loss: 1.1010 (Avg: 1.0757) Dice: 0.2100 (Avg: 0.2019) IoU: 0.1551 (Avg: 0.1266)
Train Epoch: [2][115/138] Total Loss: 1.0354 (Avg: 1.0754) Dice: 0.2824 (Avg: 0.2026) IoU: 0.1747 (Avg: 0.1270)
Train Epoch: [2][116/138] Total Loss: 1.0768 (Avg: 1.0754) Dice: 0.2538 (Avg: 0.2030) IoU: 0.1494 (Avg: 0.1272)
Train Epoch: [2][117/138] Total Loss: 0.9944 (Avg: 1.0747) Dice: 0.3517 (Avg: 0.2043) IoU: 0.2298 (Avg: 0.1281)
Train Epoch: [2][118/138] Total Loss: 1.0530 (Avg: 1.0745) Dice: 0.3411 (Avg: 0.2054) IoU: 0.2057 (Avg: 0.1288)
Train Epoch: [2][119/138] Total Loss: 1.0412 (Avg: 1.0743) Dice: 0.3055 (Avg: 0.2063) IoU: 0.1961 (Avg: 0.1293)
Train Epoch: [2][120/138] Total Loss: 1.1234 (Avg: 1.0747) Dice: 0.0374 (Avg: 0.2049) IoU: 0.0194 (Avg: 0.1284)
Train Epoch: [2][121/138] Total Loss: 1.0795 (Avg: 1.0747) Dice: 0.2627 (Avg: 0.2053) IoU: 0.1795 (Avg: 0.1288)
Train Epoch: [2][122/138] Total Loss: 1.1166 (Avg: 1.0750) Dice: 0.0598 (Avg: 0.2041) IoU: 0.0310 (Avg: 0.1280)
Train Epoch: [2][123/138] Total Loss: 1.0960 (Avg: 1.0752) Dice: 0.1576 (Avg: 0.2038) IoU: 0.0910 (Avg: 0.1277)
Train Epoch: [2][124/138] Total Loss: 1.0700 (Avg: 1.0752) Dice: 0.3329 (Avg: 0.2048) IoU: 0.2025 (Avg: 0.1283)
Train Epoch: [2][125/138] Total Loss: 1.0669 (Avg: 1.0751) Dice: 0.1924 (Avg: 0.2047) IoU: 0.1157 (Avg: 0.1282)
Train Epoch: [2][126/138] Total Loss: 1.0471 (Avg: 1.0749) Dice: 0.3017 (Avg: 0.2055) IoU: 0.1948 (Avg: 0.1288)
Train Epoch: [2][127/138] Total Loss: 1.0993 (Avg: 1.0751) Dice: 0.1307 (Avg: 0.2049) IoU: 0.0757 (Avg: 0.1283)
Train Epoch: [2][128/138] Total Loss: 1.0728 (Avg: 1.0751) Dice: 0.1094 (Avg: 0.2041) IoU: 0.0605 (Avg: 0.1278)
Train Epoch: [2][129/138] Total Loss: 1.0735 (Avg: 1.0750) Dice: 0.2119 (Avg: 0.2042) IoU: 0.1277 (Avg: 0.1278)
Train Epoch: [2][130/138] Total Loss: 1.0337 (Avg: 1.0747) Dice: 0.4597 (Avg: 0.2062) IoU: 0.3239 (Avg: 0.1293)
Train Epoch: [2][131/138] Total Loss: 1.1025 (Avg: 1.0749) Dice: 0.3305 (Avg: 0.2071) IoU: 0.2469 (Avg: 0.1302)
Train Epoch: [2][132/138] Total Loss: 1.0810 (Avg: 1.0750) Dice: 0.1953 (Avg: 0.2070) IoU: 0.1110 (Avg: 0.1301)
Train Epoch: [2][133/138] Total Loss: 1.0861 (Avg: 1.0751) Dice: 0.2288 (Avg: 0.2072) IoU: 0.1436 (Avg: 0.1302)
Train Epoch: [2][134/138] Total Loss: 1.0500 (Avg: 1.0749) Dice: 0.3983 (Avg: 0.2086) IoU: 0.2568 (Avg: 0.1311)
Train Epoch: [2][135/138] Total Loss: 1.1229 (Avg: 1.0752) Dice: 0.0418 (Avg: 0.2074) IoU: 0.0216 (Avg: 0.1303)
Train Epoch: [2][136/138] Total Loss: 1.0332 (Avg: 1.0749) Dice: 0.3662 (Avg: 0.2086) IoU: 0.2542 (Avg: 0.1312)
Train Epoch: [2][137/138] Total Loss: 1.1097 (Avg: 1.0752) Dice: 0.0514 (Avg: 0.2074) IoU: 0.0272 (Avg: 0.1305)
Train Epoch: [2][138/138] Total Loss: 0.9552 (Avg: 1.0691) Dice: 0.1478 (Avg: 0.2062) IoU: 0.0798 (Avg: 0.1297)
Validation Epoch: [2] Avg Loss: 0.9242 Avg Dice: 0.2983 Avg IoU: 0.1928
	 Best dice improved from 0.1406 to 0.2983

========= Epoch [3/50] =========
Train Epoch: [3][1/138] Total Loss: 1.0374 (Avg: 1.0374) Dice: 0.4463 (Avg: 0.4463) IoU: 0.2931 (Avg: 0.2931)
Train Epoch: [3][2/138] Total Loss: 1.1056 (Avg: 1.0715) Dice: 0.1263 (Avg: 0.2863) IoU: 0.0750 (Avg: 0.1841)
Train Epoch: [3][3/138] Total Loss: 1.0331 (Avg: 1.0587) Dice: 0.4532 (Avg: 0.3420) IoU: 0.3063 (Avg: 0.2248)
Train Epoch: [3][4/138] Total Loss: 1.1378 (Avg: 1.0785) Dice: 0.0023 (Avg: 0.2570) IoU: 0.0011 (Avg: 0.1689)
Train Epoch: [3][5/138] Total Loss: 0.9876 (Avg: 1.0603) Dice: 0.6443 (Avg: 0.3345) IoU: 0.4962 (Avg: 0.2344)
Train Epoch: [3][6/138] Total Loss: 1.0730 (Avg: 1.0624) Dice: 0.4198 (Avg: 0.3487) IoU: 0.2825 (Avg: 0.2424)
Train Epoch: [3][7/138] Total Loss: 1.0824 (Avg: 1.0653) Dice: 0.1999 (Avg: 0.3274) IoU: 0.1130 (Avg: 0.2239)
Train Epoch: [3][8/138] Total Loss: 1.0957 (Avg: 1.0691) Dice: 0.1426 (Avg: 0.3043) IoU: 0.0816 (Avg: 0.2061)
Train Epoch: [3][9/138] Total Loss: 1.0797 (Avg: 1.0703) Dice: 0.2614 (Avg: 0.2996) IoU: 0.1609 (Avg: 0.2011)
Train Epoch: [3][10/138] Total Loss: 1.0276 (Avg: 1.0660) Dice: 0.4183 (Avg: 0.3114) IoU: 0.2788 (Avg: 0.2089)
Train Epoch: [3][11/138] Total Loss: 1.0712 (Avg: 1.0665) Dice: 0.0940 (Avg: 0.2917) IoU: 0.0519 (Avg: 0.1946)
Train Epoch: [3][12/138] Total Loss: 1.0734 (Avg: 1.0671) Dice: 0.3277 (Avg: 0.2947) IoU: 0.2383 (Avg: 0.1982)
Train Epoch: [3][13/138] Total Loss: 1.0731 (Avg: 1.0675) Dice: 0.2507 (Avg: 0.2913) IoU: 0.1700 (Avg: 0.1961)
Train Epoch: [3][14/138] Total Loss: 1.0057 (Avg: 1.0631) Dice: 0.3958 (Avg: 0.2988) IoU: 0.2709 (Avg: 0.2014)
Train Epoch: [3][15/138] Total Loss: 1.0573 (Avg: 1.0627) Dice: 0.2217 (Avg: 0.2936) IoU: 0.1417 (Avg: 0.1974)
Train Epoch: [3][16/138] Total Loss: 1.0648 (Avg: 1.0629) Dice: 0.4295 (Avg: 0.3021) IoU: 0.3021 (Avg: 0.2040)
Train Epoch: [3][17/138] Total Loss: 1.0627 (Avg: 1.0628) Dice: 0.4720 (Avg: 0.3121) IoU: 0.3244 (Avg: 0.2110)
Train Epoch: [3][18/138] Total Loss: 1.0592 (Avg: 1.0626) Dice: 0.2183 (Avg: 0.3069) IoU: 0.1452 (Avg: 0.2074)
Train Epoch: [3][19/138] Total Loss: 1.0996 (Avg: 1.0646) Dice: 0.1814 (Avg: 0.3003) IoU: 0.1032 (Avg: 0.2019)
Train Epoch: [3][20/138] Total Loss: 1.0715 (Avg: 1.0649) Dice: 0.3310 (Avg: 0.3018) IoU: 0.2541 (Avg: 0.2045)
Train Epoch: [3][21/138] Total Loss: 0.9906 (Avg: 1.0614) Dice: 0.3768 (Avg: 0.3054) IoU: 0.2509 (Avg: 0.2067)
Train Epoch: [3][22/138] Total Loss: 1.0207 (Avg: 1.0595) Dice: 0.4113 (Avg: 0.3102) IoU: 0.2791 (Avg: 0.2100)
Train Epoch: [3][23/138] Total Loss: 1.0405 (Avg: 1.0587) Dice: 0.2636 (Avg: 0.3082) IoU: 0.1689 (Avg: 0.2082)
Train Epoch: [3][24/138] Total Loss: 1.0275 (Avg: 1.0574) Dice: 0.3024 (Avg: 0.3079) IoU: 0.1881 (Avg: 0.2074)
Train Epoch: [3][25/138] Total Loss: 1.0273 (Avg: 1.0562) Dice: 0.2917 (Avg: 0.3073) IoU: 0.1838 (Avg: 0.2064)
Train Epoch: [3][26/138] Total Loss: 1.0346 (Avg: 1.0554) Dice: 0.2424 (Avg: 0.3048) IoU: 0.1495 (Avg: 0.2043)
Train Epoch: [3][27/138] Total Loss: 1.0889 (Avg: 1.0566) Dice: 0.1186 (Avg: 0.2979) IoU: 0.0664 (Avg: 0.1991)
Train Epoch: [3][28/138] Total Loss: 1.0020 (Avg: 1.0547) Dice: 0.4509 (Avg: 0.3034) IoU: 0.3241 (Avg: 0.2036)
Train Epoch: [3][29/138] Total Loss: 1.0038 (Avg: 1.0529) Dice: 0.3955 (Avg: 0.3065) IoU: 0.2892 (Avg: 0.2066)
Train Epoch: [3][30/138] Total Loss: 1.1006 (Avg: 1.0545) Dice: 0.1663 (Avg: 0.3019) IoU: 0.0943 (Avg: 0.2028)
Train Epoch: [3][31/138] Total Loss: 1.0703 (Avg: 1.0550) Dice: 0.1906 (Avg: 0.2983) IoU: 0.1094 (Avg: 0.1998)
Train Epoch: [3][32/138] Total Loss: 1.1123 (Avg: 1.0568) Dice: 0.2365 (Avg: 0.2964) IoU: 0.1402 (Avg: 0.1979)
Train Epoch: [3][33/138] Total Loss: 1.1024 (Avg: 1.0582) Dice: 0.0616 (Avg: 0.2892) IoU: 0.0329 (Avg: 0.1929)
Train Epoch: [3][34/138] Total Loss: 1.0185 (Avg: 1.0570) Dice: 0.3208 (Avg: 0.2902) IoU: 0.2029 (Avg: 0.1932)
Train Epoch: [3][35/138] Total Loss: 1.0827 (Avg: 1.0578) Dice: 0.2015 (Avg: 0.2876) IoU: 0.1293 (Avg: 0.1914)
Train Epoch: [3][36/138] Total Loss: 1.0394 (Avg: 1.0572) Dice: 0.3102 (Avg: 0.2883) IoU: 0.2058 (Avg: 0.1918)
Train Epoch: [3][37/138] Total Loss: 1.0427 (Avg: 1.0569) Dice: 0.2359 (Avg: 0.2868) IoU: 0.1454 (Avg: 0.1906)
Train Epoch: [3][38/138] Total Loss: 1.0675 (Avg: 1.0571) Dice: 0.2484 (Avg: 0.2858) IoU: 0.1599 (Avg: 0.1897)
Train Epoch: [3][39/138] Total Loss: 1.0915 (Avg: 1.0580) Dice: 0.1853 (Avg: 0.2833) IoU: 0.1145 (Avg: 0.1878)
Train Epoch: [3][40/138] Total Loss: 1.0394 (Avg: 1.0575) Dice: 0.4677 (Avg: 0.2879) IoU: 0.3085 (Avg: 0.1908)
Train Epoch: [3][41/138] Total Loss: 1.0466 (Avg: 1.0573) Dice: 0.4390 (Avg: 0.2916) IoU: 0.2825 (Avg: 0.1931)
Train Epoch: [3][42/138] Total Loss: 1.0677 (Avg: 1.0575) Dice: 0.3201 (Avg: 0.2922) IoU: 0.2060 (Avg: 0.1934)
Train Epoch: [3][43/138] Total Loss: 1.0306 (Avg: 1.0569) Dice: 0.3456 (Avg: 0.2935) IoU: 0.2302 (Avg: 0.1942)
Train Epoch: [3][44/138] Total Loss: 1.0328 (Avg: 1.0564) Dice: 0.3342 (Avg: 0.2944) IoU: 0.2324 (Avg: 0.1951)
Train Epoch: [3][45/138] Total Loss: 1.1119 (Avg: 1.0576) Dice: 0.1119 (Avg: 0.2903) IoU: 0.0650 (Avg: 0.1922)
Train Epoch: [3][46/138] Total Loss: 1.0693 (Avg: 1.0578) Dice: 0.2973 (Avg: 0.2905) IoU: 0.1880 (Avg: 0.1921)
Train Epoch: [3][47/138] Total Loss: 1.0563 (Avg: 1.0578) Dice: 0.1958 (Avg: 0.2885) IoU: 0.1169 (Avg: 0.1905)
Train Epoch: [3][48/138] Total Loss: 1.0275 (Avg: 1.0572) Dice: 0.3033 (Avg: 0.2888) IoU: 0.1910 (Avg: 0.1905)
Train Epoch: [3][49/138] Total Loss: 1.0690 (Avg: 1.0574) Dice: 0.2441 (Avg: 0.2879) IoU: 0.1608 (Avg: 0.1899)
Train Epoch: [3][50/138] Total Loss: 1.0070 (Avg: 1.0564) Dice: 0.4952 (Avg: 0.2920) IoU: 0.3440 (Avg: 0.1930)
Train Epoch: [3][51/138] Total Loss: 0.9911 (Avg: 1.0551) Dice: 0.5298 (Avg: 0.2967) IoU: 0.4129 (Avg: 0.1973)
Train Epoch: [3][52/138] Total Loss: 1.0627 (Avg: 1.0553) Dice: 0.3837 (Avg: 0.2984) IoU: 0.2861 (Avg: 0.1990)
Train Epoch: [3][53/138] Total Loss: 1.0280 (Avg: 1.0548) Dice: 0.4340 (Avg: 0.3009) IoU: 0.2938 (Avg: 0.2008)
Train Epoch: [3][54/138] Total Loss: 1.0472 (Avg: 1.0546) Dice: 0.3761 (Avg: 0.3023) IoU: 0.2575 (Avg: 0.2019)
Train Epoch: [3][55/138] Total Loss: 1.0893 (Avg: 1.0553) Dice: 0.1831 (Avg: 0.3001) IoU: 0.1014 (Avg: 0.2000)
Train Epoch: [3][56/138] Total Loss: 1.1225 (Avg: 1.0565) Dice: 0.2342 (Avg: 0.2990) IoU: 0.1388 (Avg: 0.1989)
Train Epoch: [3][57/138] Total Loss: 1.0262 (Avg: 1.0559) Dice: 0.4525 (Avg: 0.3017) IoU: 0.2984 (Avg: 0.2007)
Train Epoch: [3][58/138] Total Loss: 0.9349 (Avg: 1.0538) Dice: 0.5896 (Avg: 0.3066) IoU: 0.4304 (Avg: 0.2046)
Train Epoch: [3][59/138] Total Loss: 1.0552 (Avg: 1.0539) Dice: 0.3572 (Avg: 0.3075) IoU: 0.2531 (Avg: 0.2055)
Train Epoch: [3][60/138] Total Loss: 1.0463 (Avg: 1.0537) Dice: 0.3080 (Avg: 0.3075) IoU: 0.2127 (Avg: 0.2056)
Train Epoch: [3][61/138] Total Loss: 1.0895 (Avg: 1.0543) Dice: 0.1287 (Avg: 0.3046) IoU: 0.0762 (Avg: 0.2035)
Train Epoch: [3][62/138] Total Loss: 1.1207 (Avg: 1.0554) Dice: 0.0904 (Avg: 0.3011) IoU: 0.0494 (Avg: 0.2010)
Train Epoch: [3][63/138] Total Loss: 1.0852 (Avg: 1.0559) Dice: 0.1862 (Avg: 0.2993) IoU: 0.1078 (Avg: 0.1995)
Train Epoch: [3][64/138] Total Loss: 1.0691 (Avg: 1.0561) Dice: 0.2171 (Avg: 0.2980) IoU: 0.1269 (Avg: 0.1984)
Train Epoch: [3][65/138] Total Loss: 1.0507 (Avg: 1.0560) Dice: 0.2408 (Avg: 0.2971) IoU: 0.2075 (Avg: 0.1985)
Train Epoch: [3][66/138] Total Loss: 1.0405 (Avg: 1.0558) Dice: 0.2370 (Avg: 0.2962) IoU: 0.1506 (Avg: 0.1978)
Train Epoch: [3][67/138] Total Loss: 1.0189 (Avg: 1.0552) Dice: 0.3110 (Avg: 0.2964) IoU: 0.1885 (Avg: 0.1976)
Train Epoch: [3][68/138] Total Loss: 1.0776 (Avg: 1.0555) Dice: 0.3092 (Avg: 0.2966) IoU: 0.2212 (Avg: 0.1980)
Train Epoch: [3][69/138] Total Loss: 1.0849 (Avg: 1.0560) Dice: 0.1616 (Avg: 0.2947) IoU: 0.0912 (Avg: 0.1964)
Train Epoch: [3][70/138] Total Loss: 1.1054 (Avg: 1.0567) Dice: 0.1183 (Avg: 0.2921) IoU: 0.0659 (Avg: 0.1946)
Train Epoch: [3][71/138] Total Loss: 1.0696 (Avg: 1.0568) Dice: 0.2198 (Avg: 0.2911) IoU: 0.1309 (Avg: 0.1937)
Train Epoch: [3][72/138] Total Loss: 1.0221 (Avg: 1.0564) Dice: 0.4444 (Avg: 0.2932) IoU: 0.3271 (Avg: 0.1955)
Train Epoch: [3][73/138] Total Loss: 1.0944 (Avg: 1.0569) Dice: 0.1391 (Avg: 0.2911) IoU: 0.0812 (Avg: 0.1940)
Train Epoch: [3][74/138] Total Loss: 1.0435 (Avg: 1.0567) Dice: 0.2123 (Avg: 0.2901) IoU: 0.1314 (Avg: 0.1931)
Train Epoch: [3][75/138] Total Loss: 1.1105 (Avg: 1.0574) Dice: 0.1023 (Avg: 0.2876) IoU: 0.0574 (Avg: 0.1913)
Train Epoch: [3][76/138] Total Loss: 1.0090 (Avg: 1.0568) Dice: 0.3447 (Avg: 0.2883) IoU: 0.2364 (Avg: 0.1919)
Train Epoch: [3][77/138] Total Loss: 1.0563 (Avg: 1.0568) Dice: 0.2575 (Avg: 0.2879) IoU: 0.1507 (Avg: 0.1914)
Train Epoch: [3][78/138] Total Loss: 1.0554 (Avg: 1.0568) Dice: 0.2829 (Avg: 0.2879) IoU: 0.1805 (Avg: 0.1912)
Train Epoch: [3][79/138] Total Loss: 1.0900 (Avg: 1.0572) Dice: 0.1559 (Avg: 0.2862) IoU: 0.0903 (Avg: 0.1900)
Train Epoch: [3][80/138] Total Loss: 1.1052 (Avg: 1.0578) Dice: 0.0716 (Avg: 0.2835) IoU: 0.0391 (Avg: 0.1881)
Train Epoch: [3][81/138] Total Loss: 1.0414 (Avg: 1.0576) Dice: 0.3595 (Avg: 0.2844) IoU: 0.2245 (Avg: 0.1885)
Train Epoch: [3][82/138] Total Loss: 1.0215 (Avg: 1.0571) Dice: 0.4738 (Avg: 0.2868) IoU: 0.3417 (Avg: 0.1904)
Train Epoch: [3][83/138] Total Loss: 0.9911 (Avg: 1.0563) Dice: 0.4461 (Avg: 0.2887) IoU: 0.2983 (Avg: 0.1917)
Train Epoch: [3][84/138] Total Loss: 1.1010 (Avg: 1.0569) Dice: 0.1731 (Avg: 0.2873) IoU: 0.1083 (Avg: 0.1907)
Train Epoch: [3][85/138] Total Loss: 1.0644 (Avg: 1.0570) Dice: 0.3106 (Avg: 0.2876) IoU: 0.2040 (Avg: 0.1909)
Train Epoch: [3][86/138] Total Loss: 1.1020 (Avg: 1.0575) Dice: 0.1184 (Avg: 0.2856) IoU: 0.0643 (Avg: 0.1894)
Train Epoch: [3][87/138] Total Loss: 1.0222 (Avg: 1.0571) Dice: 0.3697 (Avg: 0.2866) IoU: 0.2402 (Avg: 0.1900)
Train Epoch: [3][88/138] Total Loss: 1.0942 (Avg: 1.0575) Dice: 0.0839 (Avg: 0.2843) IoU: 0.0449 (Avg: 0.1883)
Train Epoch: [3][89/138] Total Loss: 1.0883 (Avg: 1.0578) Dice: 0.2094 (Avg: 0.2834) IoU: 0.1236 (Avg: 0.1876)
Train Epoch: [3][90/138] Total Loss: 1.0735 (Avg: 1.0580) Dice: 0.2661 (Avg: 0.2832) IoU: 0.1677 (Avg: 0.1874)
Train Epoch: [3][91/138] Total Loss: 1.0805 (Avg: 1.0583) Dice: 0.2082 (Avg: 0.2824) IoU: 0.1178 (Avg: 0.1866)
Train Epoch: [3][92/138] Total Loss: 1.0779 (Avg: 1.0585) Dice: 0.1442 (Avg: 0.2809) IoU: 0.0896 (Avg: 0.1855)
Train Epoch: [3][93/138] Total Loss: 1.0288 (Avg: 1.0582) Dice: 0.3781 (Avg: 0.2820) IoU: 0.2537 (Avg: 0.1863)
Train Epoch: [3][94/138] Total Loss: 1.0744 (Avg: 1.0583) Dice: 0.2611 (Avg: 0.2817) IoU: 0.1609 (Avg: 0.1860)
Train Epoch: [3][95/138] Total Loss: 1.0558 (Avg: 1.0583) Dice: 0.2928 (Avg: 0.2818) IoU: 0.1948 (Avg: 0.1861)
Train Epoch: [3][96/138] Total Loss: 1.0407 (Avg: 1.0581) Dice: 0.2975 (Avg: 0.2820) IoU: 0.1985 (Avg: 0.1862)
Train Epoch: [3][97/138] Total Loss: 1.0501 (Avg: 1.0580) Dice: 0.2761 (Avg: 0.2819) IoU: 0.1675 (Avg: 0.1860)
Train Epoch: [3][98/138] Total Loss: 1.0779 (Avg: 1.0582) Dice: 0.2066 (Avg: 0.2812) IoU: 0.1274 (Avg: 0.1854)
Train Epoch: [3][99/138] Total Loss: 1.0729 (Avg: 1.0584) Dice: 0.2397 (Avg: 0.2808) IoU: 0.1399 (Avg: 0.1850)
Train Epoch: [3][100/138] Total Loss: 1.1032 (Avg: 1.0588) Dice: 0.1466 (Avg: 0.2794) IoU: 0.0854 (Avg: 0.1840)
Train Epoch: [3][101/138] Total Loss: 1.0328 (Avg: 1.0586) Dice: 0.3557 (Avg: 0.2802) IoU: 0.2286 (Avg: 0.1844)
Train Epoch: [3][102/138] Total Loss: 1.0414 (Avg: 1.0584) Dice: 0.3854 (Avg: 0.2812) IoU: 0.2543 (Avg: 0.1851)
Train Epoch: [3][103/138] Total Loss: 1.0600 (Avg: 1.0584) Dice: 0.2877 (Avg: 0.2813) IoU: 0.1755 (Avg: 0.1850)
Train Epoch: [3][104/138] Total Loss: 1.0668 (Avg: 1.0585) Dice: 0.3253 (Avg: 0.2817) IoU: 0.2095 (Avg: 0.1853)
Train Epoch: [3][105/138] Total Loss: 1.0778 (Avg: 1.0587) Dice: 0.1831 (Avg: 0.2808) IoU: 0.1022 (Avg: 0.1845)
Train Epoch: [3][106/138] Total Loss: 1.0652 (Avg: 1.0588) Dice: 0.3323 (Avg: 0.2812) IoU: 0.2380 (Avg: 0.1850)
Train Epoch: [3][107/138] Total Loss: 1.0595 (Avg: 1.0588) Dice: 0.3077 (Avg: 0.2815) IoU: 0.2026 (Avg: 0.1851)
Train Epoch: [3][108/138] Total Loss: 1.0233 (Avg: 1.0584) Dice: 0.3704 (Avg: 0.2823) IoU: 0.2368 (Avg: 0.1856)
Train Epoch: [3][109/138] Total Loss: 1.0520 (Avg: 1.0584) Dice: 0.2601 (Avg: 0.2821) IoU: 0.1771 (Avg: 0.1855)
Train Epoch: [3][110/138] Total Loss: 1.0589 (Avg: 1.0584) Dice: 0.2328 (Avg: 0.2817) IoU: 0.1568 (Avg: 0.1853)
Train Epoch: [3][111/138] Total Loss: 1.0696 (Avg: 1.0585) Dice: 0.2305 (Avg: 0.2812) IoU: 0.1338 (Avg: 0.1848)
Train Epoch: [3][112/138] Total Loss: 1.0630 (Avg: 1.0585) Dice: 0.2081 (Avg: 0.2805) IoU: 0.1213 (Avg: 0.1842)
Train Epoch: [3][113/138] Total Loss: 1.1032 (Avg: 1.0589) Dice: 0.1308 (Avg: 0.2792) IoU: 0.0719 (Avg: 0.1832)
Train Epoch: [3][114/138] Total Loss: 1.1133 (Avg: 1.0594) Dice: 0.0996 (Avg: 0.2776) IoU: 0.0541 (Avg: 0.1821)
Train Epoch: [3][115/138] Total Loss: 1.0791 (Avg: 1.0596) Dice: 0.2774 (Avg: 0.2776) IoU: 0.1727 (Avg: 0.1820)
Train Epoch: [3][116/138] Total Loss: 1.0558 (Avg: 1.0595) Dice: 0.2892 (Avg: 0.2777) IoU: 0.1800 (Avg: 0.1820)
Train Epoch: [3][117/138] Total Loss: 1.0099 (Avg: 1.0591) Dice: 0.4388 (Avg: 0.2791) IoU: 0.2930 (Avg: 0.1830)
Train Epoch: [3][118/138] Total Loss: 1.0874 (Avg: 1.0594) Dice: 0.1218 (Avg: 0.2778) IoU: 0.0675 (Avg: 0.1820)
Train Epoch: [3][119/138] Total Loss: 1.1068 (Avg: 1.0597) Dice: 0.1543 (Avg: 0.2767) IoU: 0.0915 (Avg: 0.1812)
Train Epoch: [3][120/138] Total Loss: 1.0041 (Avg: 1.0593) Dice: 0.5444 (Avg: 0.2790) IoU: 0.3779 (Avg: 0.1829)
Train Epoch: [3][121/138] Total Loss: 1.0730 (Avg: 1.0594) Dice: 0.2578 (Avg: 0.2788) IoU: 0.1546 (Avg: 0.1826)
Train Epoch: [3][122/138] Total Loss: 1.0009 (Avg: 1.0589) Dice: 0.4264 (Avg: 0.2800) IoU: 0.3069 (Avg: 0.1836)
Train Epoch: [3][123/138] Total Loss: 1.0651 (Avg: 1.0590) Dice: 0.3116 (Avg: 0.2803) IoU: 0.1877 (Avg: 0.1837)
Train Epoch: [3][124/138] Total Loss: 0.9410 (Avg: 1.0580) Dice: 0.5930 (Avg: 0.2828) IoU: 0.4304 (Avg: 0.1857)
Train Epoch: [3][125/138] Total Loss: 1.0841 (Avg: 1.0582) Dice: 0.1860 (Avg: 0.2820) IoU: 0.1081 (Avg: 0.1850)
Train Epoch: [3][126/138] Total Loss: 1.0687 (Avg: 1.0583) Dice: 0.1893 (Avg: 0.2813) IoU: 0.1316 (Avg: 0.1846)
Train Epoch: [3][127/138] Total Loss: 1.0926 (Avg: 1.0586) Dice: 0.1245 (Avg: 0.2800) IoU: 0.0695 (Avg: 0.1837)
Train Epoch: [3][128/138] Total Loss: 1.0582 (Avg: 1.0586) Dice: 0.2536 (Avg: 0.2798) IoU: 0.1947 (Avg: 0.1838)
Train Epoch: [3][129/138] Total Loss: 1.1021 (Avg: 1.0589) Dice: 0.1510 (Avg: 0.2788) IoU: 0.0847 (Avg: 0.1830)
Train Epoch: [3][130/138] Total Loss: 1.0104 (Avg: 1.0585) Dice: 0.4105 (Avg: 0.2799) IoU: 0.2825 (Avg: 0.1838)
Train Epoch: [3][131/138] Total Loss: 1.0002 (Avg: 1.0581) Dice: 0.4552 (Avg: 0.2812) IoU: 0.3082 (Avg: 0.1847)
Train Epoch: [3][132/138] Total Loss: 1.0999 (Avg: 1.0584) Dice: 0.1037 (Avg: 0.2798) IoU: 0.0571 (Avg: 0.1838)
Train Epoch: [3][133/138] Total Loss: 1.0177 (Avg: 1.0581) Dice: 0.3939 (Avg: 0.2807) IoU: 0.2669 (Avg: 0.1844)
Train Epoch: [3][134/138] Total Loss: 1.1259 (Avg: 1.0586) Dice: 0.0494 (Avg: 0.2790) IoU: 0.0258 (Avg: 0.1832)
Train Epoch: [3][135/138] Total Loss: 1.0339 (Avg: 1.0584) Dice: 0.3092 (Avg: 0.2792) IoU: 0.1962 (Avg: 0.1833)
Train Epoch: [3][136/138] Total Loss: 1.0485 (Avg: 1.0584) Dice: 0.2187 (Avg: 0.2788) IoU: 0.1326 (Avg: 0.1829)
Train Epoch: [3][137/138] Total Loss: 1.0836 (Avg: 1.0585) Dice: 0.4141 (Avg: 0.2797) IoU: 0.1070 (Avg: 0.1824)
Train Epoch: [3][138/138] Total Loss: 0.9860 (Avg: 1.0527) Dice: 0.0291 (Avg: 0.2778) IoU: 0.0148 (Avg: 0.1811)
Validation Epoch: [3] Avg Loss: 0.9066 Avg Dice: 0.3478 Avg IoU: 0.2306
	 Best dice improved from 0.2983 to 0.3478

========= Epoch [4/50] =========
Train Epoch: [4][1/138] Total Loss: 0.9830 (Avg: 0.9830) Dice: 0.5463 (Avg: 0.5463) IoU: 0.4273 (Avg: 0.4273)
Train Epoch: [4][2/138] Total Loss: 1.0709 (Avg: 1.0270) Dice: 0.2756 (Avg: 0.4110) IoU: 0.1694 (Avg: 0.2984)
Train Epoch: [4][3/138] Total Loss: 1.0036 (Avg: 1.0192) Dice: 0.3477 (Avg: 0.3899) IoU: 0.2433 (Avg: 0.2800)
Train Epoch: [4][4/138] Total Loss: 1.0607 (Avg: 1.0295) Dice: 0.3015 (Avg: 0.3678) IoU: 0.1896 (Avg: 0.2574)
Train Epoch: [4][5/138] Total Loss: 1.1084 (Avg: 1.0453) Dice: 0.1541 (Avg: 0.3251) IoU: 0.0866 (Avg: 0.2233)
Train Epoch: [4][6/138] Total Loss: 1.0286 (Avg: 1.0425) Dice: 0.3630 (Avg: 0.3314) IoU: 0.2487 (Avg: 0.2275)
Train Epoch: [4][7/138] Total Loss: 1.0479 (Avg: 1.0433) Dice: 0.3310 (Avg: 0.3313) IoU: 0.2220 (Avg: 0.2267)
Train Epoch: [4][8/138] Total Loss: 1.0385 (Avg: 1.0427) Dice: 0.3326 (Avg: 0.3315) IoU: 0.2048 (Avg: 0.2240)
Train Epoch: [4][9/138] Total Loss: 1.0837 (Avg: 1.0473) Dice: 0.1290 (Avg: 0.3090) IoU: 0.0746 (Avg: 0.2074)
Train Epoch: [4][10/138] Total Loss: 1.0178 (Avg: 1.0443) Dice: 0.3599 (Avg: 0.3141) IoU: 0.2446 (Avg: 0.2111)
Train Epoch: [4][11/138] Total Loss: 1.1169 (Avg: 1.0509) Dice: 0.1238 (Avg: 0.2968) IoU: 0.0686 (Avg: 0.1981)
Train Epoch: [4][12/138] Total Loss: 1.0881 (Avg: 1.0540) Dice: 0.1887 (Avg: 0.2878) IoU: 0.1191 (Avg: 0.1916)
Train Epoch: [4][13/138] Total Loss: 1.1146 (Avg: 1.0587) Dice: 0.1429 (Avg: 0.2766) IoU: 0.0812 (Avg: 0.1831)
Train Epoch: [4][14/138] Total Loss: 1.0654 (Avg: 1.0592) Dice: 0.3061 (Avg: 0.2787) IoU: 0.1932 (Avg: 0.1838)
Train Epoch: [4][15/138] Total Loss: 1.0504 (Avg: 1.0586) Dice: 0.3095 (Avg: 0.2808) IoU: 0.1956 (Avg: 0.1846)
Train Epoch: [4][16/138] Total Loss: 1.0457 (Avg: 1.0578) Dice: 0.4400 (Avg: 0.2907) IoU: 0.3061 (Avg: 0.1922)
Train Epoch: [4][17/138] Total Loss: 1.0266 (Avg: 1.0559) Dice: 0.4379 (Avg: 0.2994) IoU: 0.2872 (Avg: 0.1978)
Train Epoch: [4][18/138] Total Loss: 1.0903 (Avg: 1.0578) Dice: 0.2625 (Avg: 0.2973) IoU: 0.1699 (Avg: 0.1962)
Train Epoch: [4][19/138] Total Loss: 1.0283 (Avg: 1.0563) Dice: 0.4158 (Avg: 0.3036) IoU: 0.2653 (Avg: 0.1999)
Train Epoch: [4][20/138] Total Loss: 1.0863 (Avg: 1.0578) Dice: 0.2230 (Avg: 0.2996) IoU: 0.1318 (Avg: 0.1965)
Train Epoch: [4][21/138] Total Loss: 0.9533 (Avg: 1.0528) Dice: 0.5527 (Avg: 0.3116) IoU: 0.3994 (Avg: 0.2061)
Train Epoch: [4][22/138] Total Loss: 1.0802 (Avg: 1.0541) Dice: 0.2068 (Avg: 0.3068) IoU: 0.1162 (Avg: 0.2020)
Train Epoch: [4][23/138] Total Loss: 1.1145 (Avg: 1.0567) Dice: 0.0342 (Avg: 0.2950) IoU: 0.0182 (Avg: 0.1940)
Train Epoch: [4][24/138] Total Loss: 1.0378 (Avg: 1.0559) Dice: 0.3575 (Avg: 0.2976) IoU: 0.2499 (Avg: 0.1964)
Train Epoch: [4][25/138] Total Loss: 1.0117 (Avg: 1.0541) Dice: 0.3645 (Avg: 0.3003) IoU: 0.2333 (Avg: 0.1978)
Train Epoch: [4][26/138] Total Loss: 1.0970 (Avg: 1.0558) Dice: 0.0886 (Avg: 0.2921) IoU: 0.0479 (Avg: 0.1921)
Train Epoch: [4][27/138] Total Loss: 1.0240 (Avg: 1.0546) Dice: 0.2407 (Avg: 0.2902) IoU: 0.1501 (Avg: 0.1905)
Train Epoch: [4][28/138] Total Loss: 1.0655 (Avg: 1.0550) Dice: 0.2444 (Avg: 0.2886) IoU: 0.1671 (Avg: 0.1897)
Train Epoch: [4][29/138] Total Loss: 1.0971 (Avg: 1.0564) Dice: 0.0924 (Avg: 0.2818) IoU: 0.0505 (Avg: 0.1849)
Train Epoch: [4][30/138] Total Loss: 1.0843 (Avg: 1.0574) Dice: 0.1365 (Avg: 0.2770) IoU: 0.0766 (Avg: 0.1813)
Train Epoch: [4][31/138] Total Loss: 1.0509 (Avg: 1.0572) Dice: 0.2564 (Avg: 0.2763) IoU: 0.1543 (Avg: 0.1804)
Train Epoch: [4][32/138] Total Loss: 1.1208 (Avg: 1.0592) Dice: 0.0493 (Avg: 0.2692) IoU: 0.0257 (Avg: 0.1756)
Train Epoch: [4][33/138] Total Loss: 1.1259 (Avg: 1.0612) Dice: 0.0203 (Avg: 0.2617) IoU: 0.0105 (Avg: 0.1706)
Train Epoch: [4][34/138] Total Loss: 1.0928 (Avg: 1.0621) Dice: 0.1462 (Avg: 0.2583) IoU: 0.0830 (Avg: 0.1680)
Train Epoch: [4][35/138] Total Loss: 1.0598 (Avg: 1.0620) Dice: 0.2879 (Avg: 0.2591) IoU: 0.1895 (Avg: 0.1686)
Train Epoch: [4][36/138] Total Loss: 1.0813 (Avg: 1.0626) Dice: 0.1715 (Avg: 0.2567) IoU: 0.1001 (Avg: 0.1667)
Train Epoch: [4][37/138] Total Loss: 1.0798 (Avg: 1.0630) Dice: 0.2409 (Avg: 0.2563) IoU: 0.1491 (Avg: 0.1662)
Train Epoch: [4][38/138] Total Loss: 1.0244 (Avg: 1.0620) Dice: 0.3856 (Avg: 0.2597) IoU: 0.2643 (Avg: 0.1688)
Train Epoch: [4][39/138] Total Loss: 1.0558 (Avg: 1.0619) Dice: 0.3278 (Avg: 0.2614) IoU: 0.2008 (Avg: 0.1696)
Train Epoch: [4][40/138] Total Loss: 1.0513 (Avg: 1.0616) Dice: 0.3435 (Avg: 0.2635) IoU: 0.2116 (Avg: 0.1707)
Train Epoch: [4][41/138] Total Loss: 0.9802 (Avg: 1.0596) Dice: 0.5639 (Avg: 0.2708) IoU: 0.4497 (Avg: 0.1775)
Train Epoch: [4][42/138] Total Loss: 1.1144 (Avg: 1.0609) Dice: 0.1940 (Avg: 0.2690) IoU: 0.1241 (Avg: 0.1762)
Train Epoch: [4][43/138] Total Loss: 1.0010 (Avg: 1.0595) Dice: 0.4533 (Avg: 0.2733) IoU: 0.3099 (Avg: 0.1793)
Train Epoch: [4][44/138] Total Loss: 1.0230 (Avg: 1.0587) Dice: 0.3811 (Avg: 0.2757) IoU: 0.2419 (Avg: 0.1808)
Train Epoch: [4][45/138] Total Loss: 1.0461 (Avg: 1.0584) Dice: 0.3518 (Avg: 0.2774) IoU: 0.2634 (Avg: 0.1826)
Train Epoch: [4][46/138] Total Loss: 1.0345 (Avg: 1.0579) Dice: 0.3629 (Avg: 0.2793) IoU: 0.2502 (Avg: 0.1841)
Train Epoch: [4][47/138] Total Loss: 0.9934 (Avg: 1.0565) Dice: 0.4786 (Avg: 0.2835) IoU: 0.3523 (Avg: 0.1876)
Train Epoch: [4][48/138] Total Loss: 1.0519 (Avg: 1.0564) Dice: 0.3104 (Avg: 0.2841) IoU: 0.2055 (Avg: 0.1880)
Train Epoch: [4][49/138] Total Loss: 0.9991 (Avg: 1.0553) Dice: 0.4496 (Avg: 0.2874) IoU: 0.3102 (Avg: 0.1905)
Train Epoch: [4][50/138] Total Loss: 1.1046 (Avg: 1.0562) Dice: 0.1132 (Avg: 0.2839) IoU: 0.0604 (Avg: 0.1879)
Train Epoch: [4][51/138] Total Loss: 1.0424 (Avg: 1.0560) Dice: 0.3365 (Avg: 0.2850) IoU: 0.2027 (Avg: 0.1882)
Train Epoch: [4][52/138] Total Loss: 1.0407 (Avg: 1.0557) Dice: 0.2715 (Avg: 0.2847) IoU: 0.1658 (Avg: 0.1878)
Train Epoch: [4][53/138] Total Loss: 1.0004 (Avg: 1.0546) Dice: 0.3212 (Avg: 0.2854) IoU: 0.2210 (Avg: 0.1884)
Train Epoch: [4][54/138] Total Loss: 1.0163 (Avg: 1.0539) Dice: 0.4635 (Avg: 0.2887) IoU: 0.3067 (Avg: 0.1906)
Train Epoch: [4][55/138] Total Loss: 1.0292 (Avg: 1.0535) Dice: 0.5650 (Avg: 0.2937) IoU: 0.4418 (Avg: 0.1951)
Train Epoch: [4][56/138] Total Loss: 0.9966 (Avg: 1.0525) Dice: 0.4278 (Avg: 0.2961) IoU: 0.3243 (Avg: 0.1974)
Train Epoch: [4][57/138] Total Loss: 1.0550 (Avg: 1.0525) Dice: 0.2691 (Avg: 0.2957) IoU: 0.1856 (Avg: 0.1972)
Train Epoch: [4][58/138] Total Loss: 0.9054 (Avg: 1.0500) Dice: 0.6036 (Avg: 0.3010) IoU: 0.4490 (Avg: 0.2016)
Train Epoch: [4][59/138] Total Loss: 1.0139 (Avg: 1.0494) Dice: 0.3839 (Avg: 0.3024) IoU: 0.2731 (Avg: 0.2028)
Train Epoch: [4][60/138] Total Loss: 1.0527 (Avg: 1.0494) Dice: 0.3821 (Avg: 0.3037) IoU: 0.2793 (Avg: 0.2041)
Train Epoch: [4][61/138] Total Loss: 1.1021 (Avg: 1.0503) Dice: 0.0888 (Avg: 0.3002) IoU: 0.0475 (Avg: 0.2015)
Train Epoch: [4][62/138] Total Loss: 1.0126 (Avg: 1.0497) Dice: 0.2830 (Avg: 0.2999) IoU: 0.1764 (Avg: 0.2011)
Train Epoch: [4][63/138] Total Loss: 1.0421 (Avg: 1.0496) Dice: 0.3268 (Avg: 0.3003) IoU: 0.2150 (Avg: 0.2013)
Train Epoch: [4][64/138] Total Loss: 1.0224 (Avg: 1.0491) Dice: 0.2959 (Avg: 0.3003) IoU: 0.1924 (Avg: 0.2012)
Train Epoch: [4][65/138] Total Loss: 1.0422 (Avg: 1.0490) Dice: 0.2484 (Avg: 0.2995) IoU: 0.1576 (Avg: 0.2005)
Train Epoch: [4][66/138] Total Loss: 0.9771 (Avg: 1.0479) Dice: 0.4327 (Avg: 0.3015) IoU: 0.2879 (Avg: 0.2018)
Train Epoch: [4][67/138] Total Loss: 1.0651 (Avg: 1.0482) Dice: 0.1709 (Avg: 0.2995) IoU: 0.0937 (Avg: 0.2002)
Train Epoch: [4][68/138] Total Loss: 1.0656 (Avg: 1.0484) Dice: 0.3807 (Avg: 0.3007) IoU: 0.2592 (Avg: 0.2011)
Train Epoch: [4][69/138] Total Loss: 1.0878 (Avg: 1.0490) Dice: 0.2599 (Avg: 0.3001) IoU: 0.1713 (Avg: 0.2007)
Train Epoch: [4][70/138] Total Loss: 1.0748 (Avg: 1.0494) Dice: 0.1954 (Avg: 0.2986) IoU: 0.1138 (Avg: 0.1994)
Train Epoch: [4][71/138] Total Loss: 1.0804 (Avg: 1.0498) Dice: 0.1678 (Avg: 0.2968) IoU: 0.0969 (Avg: 0.1980)
Train Epoch: [4][72/138] Total Loss: 1.1092 (Avg: 1.0506) Dice: 0.0560 (Avg: 0.2934) IoU: 0.0308 (Avg: 0.1956)
Train Epoch: [4][73/138] Total Loss: 1.0523 (Avg: 1.0507) Dice: 0.2315 (Avg: 0.2926) IoU: 0.1577 (Avg: 0.1951)
Train Epoch: [4][74/138] Total Loss: 1.0684 (Avg: 1.0509) Dice: 0.2105 (Avg: 0.2915) IoU: 0.1260 (Avg: 0.1942)
Train Epoch: [4][75/138] Total Loss: 1.0715 (Avg: 1.0512) Dice: 0.2538 (Avg: 0.2910) IoU: 0.1531 (Avg: 0.1936)
Train Epoch: [4][76/138] Total Loss: 0.9368 (Avg: 1.0497) Dice: 0.5324 (Avg: 0.2942) IoU: 0.3765 (Avg: 0.1961)
Train Epoch: [4][77/138] Total Loss: 0.9961 (Avg: 1.0490) Dice: 0.2729 (Avg: 0.2939) IoU: 0.1737 (Avg: 0.1958)
Train Epoch: [4][78/138] Total Loss: 1.0477 (Avg: 1.0490) Dice: 0.3081 (Avg: 0.2941) IoU: 0.1930 (Avg: 0.1957)
Train Epoch: [4][79/138] Total Loss: 0.9929 (Avg: 1.0483) Dice: 0.3839 (Avg: 0.2952) IoU: 0.2616 (Avg: 0.1966)
Train Epoch: [4][80/138] Total Loss: 1.0359 (Avg: 1.0481) Dice: 0.3486 (Avg: 0.2959) IoU: 0.2305 (Avg: 0.1970)
Train Epoch: [4][81/138] Total Loss: 1.0603 (Avg: 1.0482) Dice: 0.2502 (Avg: 0.2953) IoU: 0.1568 (Avg: 0.1965)
Train Epoch: [4][82/138] Total Loss: 1.0873 (Avg: 1.0487) Dice: 0.1609 (Avg: 0.2937) IoU: 0.0886 (Avg: 0.1952)
Train Epoch: [4][83/138] Total Loss: 0.9999 (Avg: 1.0481) Dice: 0.5013 (Avg: 0.2962) IoU: 0.3684 (Avg: 0.1973)
Train Epoch: [4][84/138] Total Loss: 0.9905 (Avg: 1.0475) Dice: 0.4835 (Avg: 0.2984) IoU: 0.3294 (Avg: 0.1988)
Train Epoch: [4][85/138] Total Loss: 1.0815 (Avg: 1.0479) Dice: 0.2351 (Avg: 0.2977) IoU: 0.1373 (Avg: 0.1981)
Train Epoch: [4][86/138] Total Loss: 1.0817 (Avg: 1.0482) Dice: 0.3232 (Avg: 0.2979) IoU: 0.2016 (Avg: 0.1982)
Train Epoch: [4][87/138] Total Loss: 1.1218 (Avg: 1.0491) Dice: 0.0820 (Avg: 0.2955) IoU: 0.0447 (Avg: 0.1964)
Train Epoch: [4][88/138] Total Loss: 1.0522 (Avg: 1.0491) Dice: 0.4639 (Avg: 0.2974) IoU: 0.3213 (Avg: 0.1978)
Train Epoch: [4][89/138] Total Loss: 1.0890 (Avg: 1.0496) Dice: 0.2411 (Avg: 0.2967) IoU: 0.1565 (Avg: 0.1973)
Train Epoch: [4][90/138] Total Loss: 1.0230 (Avg: 1.0493) Dice: 0.4046 (Avg: 0.2979) IoU: 0.2722 (Avg: 0.1982)
Train Epoch: [4][91/138] Total Loss: 1.0365 (Avg: 1.0491) Dice: 0.3996 (Avg: 0.2991) IoU: 0.2661 (Avg: 0.1989)
Train Epoch: [4][92/138] Total Loss: 0.9423 (Avg: 1.0480) Dice: 0.7181 (Avg: 0.3036) IoU: 0.5743 (Avg: 0.2030)
Train Epoch: [4][93/138] Total Loss: 1.0644 (Avg: 1.0482) Dice: 0.2217 (Avg: 0.3027) IoU: 0.1463 (Avg: 0.2024)
Train Epoch: [4][94/138] Total Loss: 1.0327 (Avg: 1.0480) Dice: 0.2856 (Avg: 0.3026) IoU: 0.1728 (Avg: 0.2021)
Train Epoch: [4][95/138] Total Loss: 1.0437 (Avg: 1.0479) Dice: 0.3475 (Avg: 0.3030) IoU: 0.2241 (Avg: 0.2023)
Train Epoch: [4][96/138] Total Loss: 1.1042 (Avg: 1.0485) Dice: 0.1368 (Avg: 0.3013) IoU: 0.0781 (Avg: 0.2010)
Train Epoch: [4][97/138] Total Loss: 1.0183 (Avg: 1.0482) Dice: 0.4306 (Avg: 0.3026) IoU: 0.2955 (Avg: 0.2020)
Train Epoch: [4][98/138] Total Loss: 1.0088 (Avg: 1.0478) Dice: 0.4158 (Avg: 0.3038) IoU: 0.2834 (Avg: 0.2028)
Train Epoch: [4][99/138] Total Loss: 1.0538 (Avg: 1.0479) Dice: 0.3544 (Avg: 0.3043) IoU: 0.2450 (Avg: 0.2032)
Train Epoch: [4][100/138] Total Loss: 1.0801 (Avg: 1.0482) Dice: 0.2546 (Avg: 0.3038) IoU: 0.1633 (Avg: 0.2028)
Train Epoch: [4][101/138] Total Loss: 1.0716 (Avg: 1.0484) Dice: 0.2459 (Avg: 0.3032) IoU: 0.1427 (Avg: 0.2023)
Train Epoch: [4][102/138] Total Loss: 1.0055 (Avg: 1.0480) Dice: 0.4454 (Avg: 0.3046) IoU: 0.3121 (Avg: 0.2033)
Train Epoch: [4][103/138] Total Loss: 1.0112 (Avg: 1.0477) Dice: 0.3647 (Avg: 0.3052) IoU: 0.2327 (Avg: 0.2036)
Train Epoch: [4][104/138] Total Loss: 1.0330 (Avg: 1.0475) Dice: 0.3957 (Avg: 0.3061) IoU: 0.2784 (Avg: 0.2043)
Train Epoch: [4][105/138] Total Loss: 1.0157 (Avg: 1.0472) Dice: 0.4692 (Avg: 0.3076) IoU: 0.3139 (Avg: 0.2054)
Train Epoch: [4][106/138] Total Loss: 1.0270 (Avg: 1.0470) Dice: 0.5120 (Avg: 0.3096) IoU: 0.3510 (Avg: 0.2068)
Train Epoch: [4][107/138] Total Loss: 1.0730 (Avg: 1.0473) Dice: 0.1515 (Avg: 0.3081) IoU: 0.0898 (Avg: 0.2057)
Train Epoch: [4][108/138] Total Loss: 1.0245 (Avg: 1.0470) Dice: 0.4000 (Avg: 0.3089) IoU: 0.2758 (Avg: 0.2063)
Train Epoch: [4][109/138] Total Loss: 1.0696 (Avg: 1.0473) Dice: 0.2302 (Avg: 0.3082) IoU: 0.1358 (Avg: 0.2057)
Train Epoch: [4][110/138] Total Loss: 1.0108 (Avg: 1.0469) Dice: 0.4543 (Avg: 0.3095) IoU: 0.3004 (Avg: 0.2065)
Train Epoch: [4][111/138] Total Loss: 1.0422 (Avg: 1.0469) Dice: 0.4196 (Avg: 0.3105) IoU: 0.2743 (Avg: 0.2071)
Train Epoch: [4][112/138] Total Loss: 1.0778 (Avg: 1.0472) Dice: 0.2242 (Avg: 0.3098) IoU: 0.1333 (Avg: 0.2065)
Train Epoch: [4][113/138] Total Loss: 1.0540 (Avg: 1.0472) Dice: 0.1743 (Avg: 0.3086) IoU: 0.1020 (Avg: 0.2055)
Train Epoch: [4][114/138] Total Loss: 1.0569 (Avg: 1.0473) Dice: 0.2672 (Avg: 0.3082) IoU: 0.1566 (Avg: 0.2051)
Train Epoch: [4][115/138] Total Loss: 1.0378 (Avg: 1.0472) Dice: 0.2960 (Avg: 0.3081) IoU: 0.1884 (Avg: 0.2050)
Train Epoch: [4][116/138] Total Loss: 1.0530 (Avg: 1.0473) Dice: 0.3321 (Avg: 0.3083) IoU: 0.2411 (Avg: 0.2053)
Train Epoch: [4][117/138] Total Loss: 1.0920 (Avg: 1.0477) Dice: 0.1207 (Avg: 0.3067) IoU: 0.0658 (Avg: 0.2041)
Train Epoch: [4][118/138] Total Loss: 0.9435 (Avg: 1.0468) Dice: 0.5378 (Avg: 0.3087) IoU: 0.3871 (Avg: 0.2056)
Train Epoch: [4][119/138] Total Loss: 1.0133 (Avg: 1.0465) Dice: 0.3949 (Avg: 0.3094) IoU: 0.2835 (Avg: 0.2063)
Train Epoch: [4][120/138] Total Loss: 1.0399 (Avg: 1.0464) Dice: 0.3246 (Avg: 0.3095) IoU: 0.2063 (Avg: 0.2063)
Train Epoch: [4][121/138] Total Loss: 1.0433 (Avg: 1.0464) Dice: 0.2942 (Avg: 0.3094) IoU: 0.1770 (Avg: 0.2061)
Train Epoch: [4][122/138] Total Loss: 1.0564 (Avg: 1.0465) Dice: 0.3181 (Avg: 0.3094) IoU: 0.2246 (Avg: 0.2062)
Train Epoch: [4][123/138] Total Loss: 1.0235 (Avg: 1.0463) Dice: 0.3974 (Avg: 0.3102) IoU: 0.2506 (Avg: 0.2066)
Train Epoch: [4][124/138] Total Loss: 1.0563 (Avg: 1.0464) Dice: 0.3951 (Avg: 0.3108) IoU: 0.2784 (Avg: 0.2072)
Train Epoch: [4][125/138] Total Loss: 1.1111 (Avg: 1.0469) Dice: 0.0609 (Avg: 0.3088) IoU: 0.0319 (Avg: 0.2057)
Train Epoch: [4][126/138] Total Loss: 1.0454 (Avg: 1.0469) Dice: 0.3238 (Avg: 0.3090) IoU: 0.2073 (Avg: 0.2058)
Train Epoch: [4][127/138] Total Loss: 0.9859 (Avg: 1.0464) Dice: 0.5018 (Avg: 0.3105) IoU: 0.3864 (Avg: 0.2072)
Train Epoch: [4][128/138] Total Loss: 0.9819 (Avg: 1.0459) Dice: 0.5562 (Avg: 0.3124) IoU: 0.3912 (Avg: 0.2086)
Train Epoch: [4][129/138] Total Loss: 0.9896 (Avg: 1.0455) Dice: 0.5093 (Avg: 0.3139) IoU: 0.3536 (Avg: 0.2097)
Train Epoch: [4][130/138] Total Loss: 0.8936 (Avg: 1.0443) Dice: 0.5899 (Avg: 0.3161) IoU: 0.4363 (Avg: 0.2115)
Train Epoch: [4][131/138] Total Loss: 1.0141 (Avg: 1.0441) Dice: 0.3628 (Avg: 0.3164) IoU: 0.2730 (Avg: 0.2120)
Train Epoch: [4][132/138] Total Loss: 1.0720 (Avg: 1.0443) Dice: 0.2081 (Avg: 0.3156) IoU: 0.1193 (Avg: 0.2113)
Train Epoch: [4][133/138] Total Loss: 1.0077 (Avg: 1.0440) Dice: 0.2889 (Avg: 0.3154) IoU: 0.1904 (Avg: 0.2111)
Train Epoch: [4][134/138] Total Loss: 1.0327 (Avg: 1.0439) Dice: 0.1842 (Avg: 0.3144) IoU: 0.1188 (Avg: 0.2104)
Train Epoch: [4][135/138] Total Loss: 1.0878 (Avg: 1.0442) Dice: 0.1532 (Avg: 0.3132) IoU: 0.0847 (Avg: 0.2095)
Train Epoch: [4][136/138] Total Loss: 1.0389 (Avg: 1.0442) Dice: 0.3403 (Avg: 0.3134) IoU: 0.2202 (Avg: 0.2096)
Train Epoch: [4][137/138] Total Loss: 1.0073 (Avg: 1.0439) Dice: 0.3698 (Avg: 0.3138) IoU: 0.2383 (Avg: 0.2098)
Train Epoch: [4][138/138] Total Loss: 0.8982 (Avg: 1.0380) Dice: 0.2343 (Avg: 0.3120) IoU: 0.1327 (Avg: 0.2085)
Validation Epoch: [4] Avg Loss: 0.8963 Avg Dice: 0.2878 Avg IoU: 0.1833

========= Epoch [5/50] =========
Train Epoch: [5][1/138] Total Loss: 0.9371 (Avg: 0.9371) Dice: 0.5194 (Avg: 0.5194) IoU: 0.3542 (Avg: 0.3542)
Train Epoch: [5][2/138] Total Loss: 1.0464 (Avg: 0.9918) Dice: 0.2537 (Avg: 0.3865) IoU: 0.1528 (Avg: 0.2535)
Train Epoch: [5][3/138] Total Loss: 0.9746 (Avg: 0.9860) Dice: 0.4849 (Avg: 0.4193) IoU: 0.3311 (Avg: 0.2794)
Train Epoch: [5][4/138] Total Loss: 0.9503 (Avg: 0.9771) Dice: 0.5054 (Avg: 0.4409) IoU: 0.3506 (Avg: 0.2972)
Train Epoch: [5][5/138] Total Loss: 1.1061 (Avg: 1.0029) Dice: 0.0942 (Avg: 0.3715) IoU: 0.0505 (Avg: 0.2478)
Train Epoch: [5][6/138] Total Loss: 1.0281 (Avg: 1.0071) Dice: 0.3944 (Avg: 0.3753) IoU: 0.2619 (Avg: 0.2502)
Train Epoch: [5][7/138] Total Loss: 0.9247 (Avg: 0.9953) Dice: 0.6667 (Avg: 0.4170) IoU: 0.5097 (Avg: 0.2872)
Train Epoch: [5][8/138] Total Loss: 1.0700 (Avg: 1.0047) Dice: 0.2619 (Avg: 0.3976) IoU: 0.1586 (Avg: 0.2712)
Train Epoch: [5][9/138] Total Loss: 1.1062 (Avg: 1.0159) Dice: 0.1260 (Avg: 0.3674) IoU: 0.0685 (Avg: 0.2486)
Train Epoch: [5][10/138] Total Loss: 1.0435 (Avg: 1.0187) Dice: 0.3151 (Avg: 0.3622) IoU: 0.2056 (Avg: 0.2443)
Train Epoch: [5][11/138] Total Loss: 0.9862 (Avg: 1.0157) Dice: 0.3068 (Avg: 0.3571) IoU: 0.2180 (Avg: 0.2419)
Train Epoch: [5][12/138] Total Loss: 1.0781 (Avg: 1.0209) Dice: 0.2537 (Avg: 0.3485) IoU: 0.1665 (Avg: 0.2357)
Train Epoch: [5][13/138] Total Loss: 1.1030 (Avg: 1.0272) Dice: 0.1460 (Avg: 0.3329) IoU: 0.0826 (Avg: 0.2239)
Train Epoch: [5][14/138] Total Loss: 1.0042 (Avg: 1.0256) Dice: 0.4558 (Avg: 0.3417) IoU: 0.2977 (Avg: 0.2292)
Train Epoch: [5][15/138] Total Loss: 1.0296 (Avg: 1.0259) Dice: 0.4556 (Avg: 0.3493) IoU: 0.3209 (Avg: 0.2353)
Train Epoch: [5][16/138] Total Loss: 1.0386 (Avg: 1.0267) Dice: 0.2995 (Avg: 0.3462) IoU: 0.1877 (Avg: 0.2323)
Train Epoch: [5][17/138] Total Loss: 1.0860 (Avg: 1.0302) Dice: 0.2265 (Avg: 0.3392) IoU: 0.1617 (Avg: 0.2281)
Train Epoch: [5][18/138] Total Loss: 1.0053 (Avg: 1.0288) Dice: 0.4347 (Avg: 0.3445) IoU: 0.3102 (Avg: 0.2327)
Train Epoch: [5][19/138] Total Loss: 0.9481 (Avg: 1.0245) Dice: 0.5102 (Avg: 0.3532) IoU: 0.3525 (Avg: 0.2390)
Train Epoch: [5][20/138] Total Loss: 1.0694 (Avg: 1.0268) Dice: 0.1566 (Avg: 0.3434) IoU: 0.0909 (Avg: 0.2316)
Train Epoch: [5][21/138] Total Loss: 1.0262 (Avg: 1.0267) Dice: 0.3785 (Avg: 0.3450) IoU: 0.2458 (Avg: 0.2323)
Train Epoch: [5][22/138] Total Loss: 1.1167 (Avg: 1.0308) Dice: 0.0457 (Avg: 0.3314) IoU: 0.0244 (Avg: 0.2228)
Train Epoch: [5][23/138] Total Loss: 0.9854 (Avg: 1.0289) Dice: 0.4603 (Avg: 0.3370) IoU: 0.3178 (Avg: 0.2270)
Train Epoch: [5][24/138] Total Loss: 0.9220 (Avg: 1.0244) Dice: 0.6468 (Avg: 0.3499) IoU: 0.4865 (Avg: 0.2378)
Train Epoch: [5][25/138] Total Loss: 0.9359 (Avg: 1.0209) Dice: 0.5292 (Avg: 0.3571) IoU: 0.3784 (Avg: 0.2434)
Train Epoch: [5][26/138] Total Loss: 1.0775 (Avg: 1.0230) Dice: 0.2734 (Avg: 0.3539) IoU: 0.1588 (Avg: 0.2401)
Train Epoch: [5][27/138] Total Loss: 1.0760 (Avg: 1.0250) Dice: 0.4131 (Avg: 0.3561) IoU: 0.2936 (Avg: 0.2421)
Train Epoch: [5][28/138] Total Loss: 0.9771 (Avg: 1.0233) Dice: 0.3787 (Avg: 0.3569) IoU: 0.2380 (Avg: 0.2420)
Train Epoch: [5][29/138] Total Loss: 0.9567 (Avg: 1.0210) Dice: 0.4190 (Avg: 0.3590) IoU: 0.2700 (Avg: 0.2429)
Train Epoch: [5][30/138] Total Loss: 0.8838 (Avg: 1.0164) Dice: 0.5757 (Avg: 0.3663) IoU: 0.4072 (Avg: 0.2484)
Train Epoch: [5][31/138] Total Loss: 1.0160 (Avg: 1.0164) Dice: 0.4008 (Avg: 0.3674) IoU: 0.2704 (Avg: 0.2491)
Train Epoch: [5][32/138] Total Loss: 1.0605 (Avg: 1.0178) Dice: 0.2847 (Avg: 0.3648) IoU: 0.1761 (Avg: 0.2468)
Train Epoch: [5][33/138] Total Loss: 1.0466 (Avg: 1.0187) Dice: 0.2453 (Avg: 0.3612) IoU: 0.1530 (Avg: 0.2440)
Train Epoch: [5][34/138] Total Loss: 1.0862 (Avg: 1.0207) Dice: 0.0859 (Avg: 0.3531) IoU: 0.0466 (Avg: 0.2382)
Train Epoch: [5][35/138] Total Loss: 0.9963 (Avg: 1.0200) Dice: 0.3809 (Avg: 0.3539) IoU: 0.2406 (Avg: 0.2383)
Train Epoch: [5][36/138] Total Loss: 1.0245 (Avg: 1.0201) Dice: 0.4150 (Avg: 0.3556) IoU: 0.2813 (Avg: 0.2395)
Train Epoch: [5][37/138] Total Loss: 1.0636 (Avg: 1.0213) Dice: 0.1838 (Avg: 0.3509) IoU: 0.1077 (Avg: 0.2359)
Train Epoch: [5][38/138] Total Loss: 1.1065 (Avg: 1.0235) Dice: 0.1531 (Avg: 0.3457) IoU: 0.0862 (Avg: 0.2320)
Train Epoch: [5][39/138] Total Loss: 1.0651 (Avg: 1.0246) Dice: 0.1296 (Avg: 0.3402) IoU: 0.0746 (Avg: 0.2279)
Train Epoch: [5][40/138] Total Loss: 1.0119 (Avg: 1.0243) Dice: 0.4328 (Avg: 0.3425) IoU: 0.2846 (Avg: 0.2293)
Train Epoch: [5][41/138] Total Loss: 1.0030 (Avg: 1.0237) Dice: 0.5453 (Avg: 0.3474) IoU: 0.3991 (Avg: 0.2335)
Train Epoch: [5][42/138] Total Loss: 0.9715 (Avg: 1.0225) Dice: 0.4324 (Avg: 0.3495) IoU: 0.3096 (Avg: 0.2353)
Train Epoch: [5][43/138] Total Loss: 0.9975 (Avg: 1.0219) Dice: 0.4611 (Avg: 0.3521) IoU: 0.3134 (Avg: 0.2371)
Train Epoch: [5][44/138] Total Loss: 1.0403 (Avg: 1.0223) Dice: 0.2841 (Avg: 0.3505) IoU: 0.1771 (Avg: 0.2357)
Train Epoch: [5][45/138] Total Loss: 0.9640 (Avg: 1.0210) Dice: 0.4490 (Avg: 0.3527) IoU: 0.3090 (Avg: 0.2374)
Train Epoch: [5][46/138] Total Loss: 1.0253 (Avg: 1.0211) Dice: 0.2793 (Avg: 0.3511) IoU: 0.1707 (Avg: 0.2359)
Train Epoch: [5][47/138] Total Loss: 1.0112 (Avg: 1.0209) Dice: 0.3082 (Avg: 0.3502) IoU: 0.1869 (Avg: 0.2349)
Train Epoch: [5][48/138] Total Loss: 1.0275 (Avg: 1.0210) Dice: 0.3826 (Avg: 0.3509) IoU: 0.2482 (Avg: 0.2352)
Train Epoch: [5][49/138] Total Loss: 1.0186 (Avg: 1.0210) Dice: 0.5231 (Avg: 0.3544) IoU: 0.3618 (Avg: 0.2377)
Train Epoch: [5][50/138] Total Loss: 0.9658 (Avg: 1.0199) Dice: 0.5035 (Avg: 0.3574) IoU: 0.3390 (Avg: 0.2398)
Train Epoch: [5][51/138] Total Loss: 1.0846 (Avg: 1.0212) Dice: 0.1480 (Avg: 0.3533) IoU: 0.0889 (Avg: 0.2368)
Train Epoch: [5][52/138] Total Loss: 1.0120 (Avg: 1.0210) Dice: 0.4295 (Avg: 0.3547) IoU: 0.2815 (Avg: 0.2377)
Train Epoch: [5][53/138] Total Loss: 0.9772 (Avg: 1.0202) Dice: 0.3790 (Avg: 0.3552) IoU: 0.2550 (Avg: 0.2380)
Train Epoch: [5][54/138] Total Loss: 1.0768 (Avg: 1.0212) Dice: 0.1262 (Avg: 0.3509) IoU: 0.0729 (Avg: 0.2349)
Train Epoch: [5][55/138] Total Loss: 0.9965 (Avg: 1.0208) Dice: 0.3093 (Avg: 0.3502) IoU: 0.2091 (Avg: 0.2345)
Train Epoch: [5][56/138] Total Loss: 0.9846 (Avg: 1.0201) Dice: 0.3996 (Avg: 0.3511) IoU: 0.2809 (Avg: 0.2353)
Train Epoch: [5][57/138] Total Loss: 1.0390 (Avg: 1.0204) Dice: 0.3486 (Avg: 0.3510) IoU: 0.2126 (Avg: 0.2349)
Train Epoch: [5][58/138] Total Loss: 1.0312 (Avg: 1.0206) Dice: 0.3584 (Avg: 0.3512) IoU: 0.2399 (Avg: 0.2350)
Train Epoch: [5][59/138] Total Loss: 1.0830 (Avg: 1.0217) Dice: 0.1899 (Avg: 0.3484) IoU: 0.1137 (Avg: 0.2329)
Train Epoch: [5][60/138] Total Loss: 1.0187 (Avg: 1.0216) Dice: 0.3163 (Avg: 0.3479) IoU: 0.2044 (Avg: 0.2325)
Train Epoch: [5][61/138] Total Loss: 1.0231 (Avg: 1.0217) Dice: 0.3310 (Avg: 0.3476) IoU: 0.2230 (Avg: 0.2323)
Train Epoch: [5][62/138] Total Loss: 1.0327 (Avg: 1.0218) Dice: 0.4354 (Avg: 0.3490) IoU: 0.2836 (Avg: 0.2331)
Train Epoch: [5][63/138] Total Loss: 0.9336 (Avg: 1.0204) Dice: 0.5567 (Avg: 0.3523) IoU: 0.4722 (Avg: 0.2369)
Train Epoch: [5][64/138] Total Loss: 0.9538 (Avg: 1.0194) Dice: 0.5536 (Avg: 0.3555) IoU: 0.3869 (Avg: 0.2393)
Train Epoch: [5][65/138] Total Loss: 1.0552 (Avg: 1.0200) Dice: 0.3144 (Avg: 0.3548) IoU: 0.2112 (Avg: 0.2388)
Train Epoch: [5][66/138] Total Loss: 0.9903 (Avg: 1.0195) Dice: 0.5012 (Avg: 0.3571) IoU: 0.3537 (Avg: 0.2406)
Train Epoch: [5][67/138] Total Loss: 1.0295 (Avg: 1.0197) Dice: 0.3535 (Avg: 0.3570) IoU: 0.2353 (Avg: 0.2405)
Train Epoch: [5][68/138] Total Loss: 0.9939 (Avg: 1.0193) Dice: 0.4152 (Avg: 0.3579) IoU: 0.2888 (Avg: 0.2412)
Train Epoch: [5][69/138] Total Loss: 1.0740 (Avg: 1.0201) Dice: 0.3219 (Avg: 0.3573) IoU: 0.2008 (Avg: 0.2406)
Train Epoch: [5][70/138] Total Loss: 1.0174 (Avg: 1.0200) Dice: 0.3150 (Avg: 0.3567) IoU: 0.1961 (Avg: 0.2400)
Train Epoch: [5][71/138] Total Loss: 0.9956 (Avg: 1.0197) Dice: 0.4707 (Avg: 0.3583) IoU: 0.3193 (Avg: 0.2411)
Train Epoch: [5][72/138] Total Loss: 0.9886 (Avg: 1.0193) Dice: 0.5596 (Avg: 0.3611) IoU: 0.4060 (Avg: 0.2434)
Train Epoch: [5][73/138] Total Loss: 0.9698 (Avg: 1.0186) Dice: 0.5130 (Avg: 0.3632) IoU: 0.3674 (Avg: 0.2451)
Train Epoch: [5][74/138] Total Loss: 1.0431 (Avg: 1.0189) Dice: 0.4098 (Avg: 0.3638) IoU: 0.2711 (Avg: 0.2454)
Train Epoch: [5][75/138] Total Loss: 1.0544 (Avg: 1.0194) Dice: 0.2805 (Avg: 0.3627) IoU: 0.1985 (Avg: 0.2448)
Train Epoch: [5][76/138] Total Loss: 1.1085 (Avg: 1.0206) Dice: 0.2440 (Avg: 0.3612) IoU: 0.1587 (Avg: 0.2437)
Train Epoch: [5][77/138] Total Loss: 1.0102 (Avg: 1.0204) Dice: 0.5051 (Avg: 0.3630) IoU: 0.3694 (Avg: 0.2453)
Train Epoch: [5][78/138] Total Loss: 1.0167 (Avg: 1.0204) Dice: 0.3891 (Avg: 0.3634) IoU: 0.2612 (Avg: 0.2455)
Train Epoch: [5][79/138] Total Loss: 1.0329 (Avg: 1.0205) Dice: 0.3464 (Avg: 0.3632) IoU: 0.2276 (Avg: 0.2453)
Train Epoch: [5][80/138] Total Loss: 1.0225 (Avg: 1.0206) Dice: 0.2566 (Avg: 0.3618) IoU: 0.1643 (Avg: 0.2443)
Train Epoch: [5][81/138] Total Loss: 0.9261 (Avg: 1.0194) Dice: 0.5661 (Avg: 0.3643) IoU: 0.4135 (Avg: 0.2464)
Train Epoch: [5][82/138] Total Loss: 0.9854 (Avg: 1.0190) Dice: 0.5354 (Avg: 0.3664) IoU: 0.3987 (Avg: 0.2482)
Train Epoch: [5][83/138] Total Loss: 0.9938 (Avg: 1.0187) Dice: 0.3796 (Avg: 0.3666) IoU: 0.2659 (Avg: 0.2484)
Train Epoch: [5][84/138] Total Loss: 1.0186 (Avg: 1.0187) Dice: 0.4278 (Avg: 0.3673) IoU: 0.2976 (Avg: 0.2490)
Train Epoch: [5][85/138] Total Loss: 1.0710 (Avg: 1.0193) Dice: 0.1824 (Avg: 0.3651) IoU: 0.1201 (Avg: 0.2475)
Train Epoch: [5][86/138] Total Loss: 1.0530 (Avg: 1.0197) Dice: 0.2164 (Avg: 0.3634) IoU: 0.1357 (Avg: 0.2462)
Train Epoch: [5][87/138] Total Loss: 1.0016 (Avg: 1.0195) Dice: 0.4211 (Avg: 0.3641) IoU: 0.2932 (Avg: 0.2468)
Train Epoch: [5][88/138] Total Loss: 1.0441 (Avg: 1.0197) Dice: 0.3306 (Avg: 0.3637) IoU: 0.2155 (Avg: 0.2464)
Train Epoch: [5][89/138] Total Loss: 1.0547 (Avg: 1.0201) Dice: 0.3535 (Avg: 0.3636) IoU: 0.2212 (Avg: 0.2461)
Train Epoch: [5][90/138] Total Loss: 1.0480 (Avg: 1.0205) Dice: 0.3753 (Avg: 0.3637) IoU: 0.2651 (Avg: 0.2463)
Train Epoch: [5][91/138] Total Loss: 1.0217 (Avg: 1.0205) Dice: 0.4943 (Avg: 0.3651) IoU: 0.3728 (Avg: 0.2477)
Train Epoch: [5][92/138] Total Loss: 1.1002 (Avg: 1.0213) Dice: 0.1585 (Avg: 0.3629) IoU: 0.0870 (Avg: 0.2460)
Train Epoch: [5][93/138] Total Loss: 0.9489 (Avg: 1.0206) Dice: 0.3325 (Avg: 0.3626) IoU: 0.2102 (Avg: 0.2456)
Train Epoch: [5][94/138] Total Loss: 1.0056 (Avg: 1.0204) Dice: 0.5715 (Avg: 0.3648) IoU: 0.4327 (Avg: 0.2476)
Train Epoch: [5][95/138] Total Loss: 0.9913 (Avg: 1.0201) Dice: 0.4984 (Avg: 0.3662) IoU: 0.3462 (Avg: 0.2486)
Train Epoch: [5][96/138] Total Loss: 1.1042 (Avg: 1.0210) Dice: 0.1179 (Avg: 0.3636) IoU: 0.0637 (Avg: 0.2467)
Train Epoch: [5][97/138] Total Loss: 1.0250 (Avg: 1.0210) Dice: 0.3620 (Avg: 0.3636) IoU: 0.2513 (Avg: 0.2467)
Train Epoch: [5][98/138] Total Loss: 0.9824 (Avg: 1.0206) Dice: 0.4919 (Avg: 0.3649) IoU: 0.3646 (Avg: 0.2479)
Train Epoch: [5][99/138] Total Loss: 0.9604 (Avg: 1.0200) Dice: 0.6145 (Avg: 0.3674) IoU: 0.4459 (Avg: 0.2499)
Train Epoch: [5][100/138] Total Loss: 1.0189 (Avg: 1.0200) Dice: 0.3934 (Avg: 0.3677) IoU: 0.2604 (Avg: 0.2500)
Train Epoch: [5][101/138] Total Loss: 1.0617 (Avg: 1.0204) Dice: 0.3440 (Avg: 0.3675) IoU: 0.2147 (Avg: 0.2497)
Train Epoch: [5][102/138] Total Loss: 1.0491 (Avg: 1.0207) Dice: 0.3408 (Avg: 0.3672) IoU: 0.2424 (Avg: 0.2496)
Train Epoch: [5][103/138] Total Loss: 1.0550 (Avg: 1.0210) Dice: 0.2134 (Avg: 0.3657) IoU: 0.1307 (Avg: 0.2485)
Train Epoch: [5][104/138] Total Loss: 1.1026 (Avg: 1.0218) Dice: 0.1915 (Avg: 0.3640) IoU: 0.1080 (Avg: 0.2471)
Train Epoch: [5][105/138] Total Loss: 0.9152 (Avg: 1.0208) Dice: 0.5309 (Avg: 0.3656) IoU: 0.4108 (Avg: 0.2487)
Train Epoch: [5][106/138] Total Loss: 1.0321 (Avg: 1.0209) Dice: 0.2981 (Avg: 0.3650) IoU: 0.1885 (Avg: 0.2481)
Train Epoch: [5][107/138] Total Loss: 0.9730 (Avg: 1.0204) Dice: 0.4071 (Avg: 0.3654) IoU: 0.2876 (Avg: 0.2485)
Train Epoch: [5][108/138] Total Loss: 0.9716 (Avg: 1.0200) Dice: 0.4996 (Avg: 0.3666) IoU: 0.3458 (Avg: 0.2494)
Train Epoch: [5][109/138] Total Loss: 1.0348 (Avg: 1.0201) Dice: 0.2345 (Avg: 0.3654) IoU: 0.1447 (Avg: 0.2484)
Train Epoch: [5][110/138] Total Loss: 0.9882 (Avg: 1.0198) Dice: 0.3970 (Avg: 0.3657) IoU: 0.2726 (Avg: 0.2486)
Train Epoch: [5][111/138] Total Loss: 0.9662 (Avg: 1.0194) Dice: 0.4495 (Avg: 0.3664) IoU: 0.3325 (Avg: 0.2494)
Train Epoch: [5][112/138] Total Loss: 0.9134 (Avg: 1.0184) Dice: 0.5813 (Avg: 0.3684) IoU: 0.4425 (Avg: 0.2511)
Train Epoch: [5][113/138] Total Loss: 0.9724 (Avg: 1.0180) Dice: 0.4605 (Avg: 0.3692) IoU: 0.3171 (Avg: 0.2517)
Train Epoch: [5][114/138] Total Loss: 1.0770 (Avg: 1.0185) Dice: 0.2865 (Avg: 0.3685) IoU: 0.1772 (Avg: 0.2510)
Train Epoch: [5][115/138] Total Loss: 1.0348 (Avg: 1.0187) Dice: 0.4737 (Avg: 0.3694) IoU: 0.3169 (Avg: 0.2516)
Train Epoch: [5][116/138] Total Loss: 1.0225 (Avg: 1.0187) Dice: 0.4313 (Avg: 0.3699) IoU: 0.2926 (Avg: 0.2520)
Train Epoch: [5][117/138] Total Loss: 0.8640 (Avg: 1.0174) Dice: 0.6057 (Avg: 0.3719) IoU: 0.4838 (Avg: 0.2540)
Train Epoch: [5][118/138] Total Loss: 1.0254 (Avg: 1.0174) Dice: 0.3194 (Avg: 0.3715) IoU: 0.1925 (Avg: 0.2534)
Train Epoch: [5][119/138] Total Loss: 0.9734 (Avg: 1.0171) Dice: 0.3760 (Avg: 0.3715) IoU: 0.2768 (Avg: 0.2536)
Train Epoch: [5][120/138] Total Loss: 0.9572 (Avg: 1.0166) Dice: 0.3904 (Avg: 0.3717) IoU: 0.2662 (Avg: 0.2537)
Train Epoch: [5][121/138] Total Loss: 0.9440 (Avg: 1.0160) Dice: 0.6760 (Avg: 0.3742) IoU: 0.5143 (Avg: 0.2559)
Train Epoch: [5][122/138] Total Loss: 1.0595 (Avg: 1.0163) Dice: 0.2968 (Avg: 0.3736) IoU: 0.1861 (Avg: 0.2553)
Train Epoch: [5][123/138] Total Loss: 1.0801 (Avg: 1.0168) Dice: 0.2328 (Avg: 0.3724) IoU: 0.1374 (Avg: 0.2544)
Train Epoch: [5][124/138] Total Loss: 0.9805 (Avg: 1.0166) Dice: 0.5202 (Avg: 0.3736) IoU: 0.3766 (Avg: 0.2553)
Train Epoch: [5][125/138] Total Loss: 1.0560 (Avg: 1.0169) Dice: 0.2740 (Avg: 0.3728) IoU: 0.1748 (Avg: 0.2547)
Train Epoch: [5][126/138] Total Loss: 1.0292 (Avg: 1.0170) Dice: 0.3781 (Avg: 0.3728) IoU: 0.2584 (Avg: 0.2547)
Train Epoch: [5][127/138] Total Loss: 1.1046 (Avg: 1.0177) Dice: 0.1098 (Avg: 0.3708) IoU: 0.0599 (Avg: 0.2532)
Train Epoch: [5][128/138] Total Loss: 1.0315 (Avg: 1.0178) Dice: 0.2416 (Avg: 0.3698) IoU: 0.1435 (Avg: 0.2523)
Train Epoch: [5][129/138] Total Loss: 0.9323 (Avg: 1.0171) Dice: 0.4658 (Avg: 0.3705) IoU: 0.3538 (Avg: 0.2531)
Train Epoch: [5][130/138] Total Loss: 1.0726 (Avg: 1.0175) Dice: 0.1472 (Avg: 0.3688) IoU: 0.0825 (Avg: 0.2518)
Train Epoch: [5][131/138] Total Loss: 1.1023 (Avg: 1.0182) Dice: 0.0717 (Avg: 0.3665) IoU: 0.0379 (Avg: 0.2502)
Train Epoch: [5][132/138] Total Loss: 0.9126 (Avg: 1.0174) Dice: 0.3903 (Avg: 0.3667) IoU: 0.2698 (Avg: 0.2503)
Train Epoch: [5][133/138] Total Loss: 1.0768 (Avg: 1.0178) Dice: 0.1486 (Avg: 0.3651) IoU: 0.0841 (Avg: 0.2491)
Train Epoch: [5][134/138] Total Loss: 1.0512 (Avg: 1.0181) Dice: 0.2319 (Avg: 0.3641) IoU: 0.1426 (Avg: 0.2483)
Train Epoch: [5][135/138] Total Loss: 0.9979 (Avg: 1.0179) Dice: 0.4159 (Avg: 0.3645) IoU: 0.3096 (Avg: 0.2487)
Train Epoch: [5][136/138] Total Loss: 0.9489 (Avg: 1.0174) Dice: 0.5326 (Avg: 0.3657) IoU: 0.3858 (Avg: 0.2497)
Train Epoch: [5][137/138] Total Loss: 0.9299 (Avg: 1.0168) Dice: 0.5100 (Avg: 0.3667) IoU: 0.3704 (Avg: 0.2506)
Train Epoch: [5][138/138] Total Loss: 0.9146 (Avg: 1.0111) Dice: 0.2006 (Avg: 0.3644) IoU: 0.1115 (Avg: 0.2490)
Validation Epoch: [5] Avg Loss: 0.8774 Avg Dice: 0.2894 Avg IoU: 0.1828

========= Epoch [6/50] =========
Train Epoch: [6][1/138] Total Loss: 0.9971 (Avg: 0.9971) Dice: 0.3108 (Avg: 0.3108) IoU: 0.1935 (Avg: 0.1935)
Train Epoch: [6][2/138] Total Loss: 1.0378 (Avg: 1.0174) Dice: 0.2878 (Avg: 0.2993) IoU: 0.1826 (Avg: 0.1880)
Train Epoch: [6][3/138] Total Loss: 1.0745 (Avg: 1.0365) Dice: 0.1375 (Avg: 0.2454) IoU: 0.0786 (Avg: 0.1516)
Train Epoch: [6][4/138] Total Loss: 0.9909 (Avg: 1.0251) Dice: 0.3803 (Avg: 0.2791) IoU: 0.2451 (Avg: 0.1749)
Train Epoch: [6][5/138] Total Loss: 0.9480 (Avg: 1.0096) Dice: 0.4552 (Avg: 0.3143) IoU: 0.2989 (Avg: 0.1997)
Train Epoch: [6][6/138] Total Loss: 1.0648 (Avg: 1.0188) Dice: 0.2067 (Avg: 0.2964) IoU: 0.1237 (Avg: 0.1871)
Train Epoch: [6][7/138] Total Loss: 1.0118 (Avg: 1.0178) Dice: 0.3137 (Avg: 0.2989) IoU: 0.2080 (Avg: 0.1900)
Train Epoch: [6][8/138] Total Loss: 0.8691 (Avg: 0.9992) Dice: 0.4854 (Avg: 0.3222) IoU: 0.3636 (Avg: 0.2117)
Train Epoch: [6][9/138] Total Loss: 1.0437 (Avg: 1.0042) Dice: 0.3638 (Avg: 0.3268) IoU: 0.2568 (Avg: 0.2167)
Train Epoch: [6][10/138] Total Loss: 1.0394 (Avg: 1.0077) Dice: 0.2648 (Avg: 0.3206) IoU: 0.1774 (Avg: 0.2128)
Train Epoch: [6][11/138] Total Loss: 0.9691 (Avg: 1.0042) Dice: 0.5167 (Avg: 0.3384) IoU: 0.3554 (Avg: 0.2258)
Train Epoch: [6][12/138] Total Loss: 0.9858 (Avg: 1.0027) Dice: 0.4508 (Avg: 0.3478) IoU: 0.3078 (Avg: 0.2326)
Train Epoch: [6][13/138] Total Loss: 0.9444 (Avg: 0.9982) Dice: 0.4719 (Avg: 0.3573) IoU: 0.3219 (Avg: 0.2395)
Train Epoch: [6][14/138] Total Loss: 1.0472 (Avg: 1.0017) Dice: 0.4355 (Avg: 0.3629) IoU: 0.3083 (Avg: 0.2444)
Train Epoch: [6][15/138] Total Loss: 0.9838 (Avg: 1.0005) Dice: 0.3764 (Avg: 0.3638) IoU: 0.2447 (Avg: 0.2444)
Train Epoch: [6][16/138] Total Loss: 1.0645 (Avg: 1.0045) Dice: 0.1673 (Avg: 0.3515) IoU: 0.1093 (Avg: 0.2360)
Train Epoch: [6][17/138] Total Loss: 1.0009 (Avg: 1.0043) Dice: 0.2596 (Avg: 0.3461) IoU: 0.1597 (Avg: 0.2315)
Train Epoch: [6][18/138] Total Loss: 0.9525 (Avg: 1.0014) Dice: 0.3395 (Avg: 0.3458) IoU: 0.2165 (Avg: 0.2306)
Train Epoch: [6][19/138] Total Loss: 0.9131 (Avg: 0.9968) Dice: 0.5299 (Avg: 0.3555) IoU: 0.3651 (Avg: 0.2377)
Train Epoch: [6][20/138] Total Loss: 1.0883 (Avg: 1.0013) Dice: 0.1400 (Avg: 0.3447) IoU: 0.0780 (Avg: 0.2297)
Train Epoch: [6][21/138] Total Loss: 1.0764 (Avg: 1.0049) Dice: 0.1108 (Avg: 0.3335) IoU: 0.0593 (Avg: 0.2216)
Train Epoch: [6][22/138] Total Loss: 1.0142 (Avg: 1.0053) Dice: 0.3978 (Avg: 0.3365) IoU: 0.2524 (Avg: 0.2230)
Train Epoch: [6][23/138] Total Loss: 1.0055 (Avg: 1.0053) Dice: 0.4037 (Avg: 0.3394) IoU: 0.2602 (Avg: 0.2246)
Train Epoch: [6][24/138] Total Loss: 1.0089 (Avg: 1.0055) Dice: 0.4072 (Avg: 0.3422) IoU: 0.2812 (Avg: 0.2270)
Train Epoch: [6][25/138] Total Loss: 0.9544 (Avg: 1.0034) Dice: 0.5507 (Avg: 0.3506) IoU: 0.3829 (Avg: 0.2332)
Train Epoch: [6][26/138] Total Loss: 0.9905 (Avg: 1.0029) Dice: 0.3977 (Avg: 0.3524) IoU: 0.2850 (Avg: 0.2352)
Train Epoch: [6][27/138] Total Loss: 0.9217 (Avg: 0.9999) Dice: 0.4644 (Avg: 0.3565) IoU: 0.3029 (Avg: 0.2377)
Train Epoch: [6][28/138] Total Loss: 0.9472 (Avg: 0.9981) Dice: 0.3767 (Avg: 0.3572) IoU: 0.2692 (Avg: 0.2389)
Train Epoch: [6][29/138] Total Loss: 1.0388 (Avg: 0.9995) Dice: 0.2808 (Avg: 0.3546) IoU: 0.1830 (Avg: 0.2369)
Train Epoch: [6][30/138] Total Loss: 1.0363 (Avg: 1.0007) Dice: 0.4945 (Avg: 0.3593) IoU: 0.3396 (Avg: 0.2404)
Train Epoch: [6][31/138] Total Loss: 1.0439 (Avg: 1.0021) Dice: 0.2482 (Avg: 0.3557) IoU: 0.1510 (Avg: 0.2375)
Train Epoch: [6][32/138] Total Loss: 1.0016 (Avg: 1.0021) Dice: 0.2133 (Avg: 0.3512) IoU: 0.1418 (Avg: 0.2345)
Train Epoch: [6][33/138] Total Loss: 1.0114 (Avg: 1.0024) Dice: 0.3866 (Avg: 0.3523) IoU: 0.2704 (Avg: 0.2356)
Train Epoch: [6][34/138] Total Loss: 0.9647 (Avg: 1.0012) Dice: 0.4364 (Avg: 0.3548) IoU: 0.2929 (Avg: 0.2373)
Train Epoch: [6][35/138] Total Loss: 0.9954 (Avg: 1.0011) Dice: 0.3933 (Avg: 0.3559) IoU: 0.2817 (Avg: 0.2385)
Train Epoch: [6][36/138] Total Loss: 1.0564 (Avg: 1.0026) Dice: 0.2194 (Avg: 0.3521) IoU: 0.1304 (Avg: 0.2355)
Train Epoch: [6][37/138] Total Loss: 0.9534 (Avg: 1.0013) Dice: 0.4542 (Avg: 0.3548) IoU: 0.3351 (Avg: 0.2382)
Train Epoch: [6][38/138] Total Loss: 1.0547 (Avg: 1.0027) Dice: 0.1620 (Avg: 0.3498) IoU: 0.1067 (Avg: 0.2348)
Train Epoch: [6][39/138] Total Loss: 1.0641 (Avg: 1.0043) Dice: 0.1292 (Avg: 0.3441) IoU: 0.0751 (Avg: 0.2307)
Train Epoch: [6][40/138] Total Loss: 0.9370 (Avg: 1.0026) Dice: 0.5452 (Avg: 0.3491) IoU: 0.3913 (Avg: 0.2347)
Train Epoch: [6][41/138] Total Loss: 1.1053 (Avg: 1.0051) Dice: 0.0944 (Avg: 0.3429) IoU: 0.0522 (Avg: 0.2302)
Train Epoch: [6][42/138] Total Loss: 0.9330 (Avg: 1.0034) Dice: 0.5534 (Avg: 0.3479) IoU: 0.4454 (Avg: 0.2353)
Train Epoch: [6][43/138] Total Loss: 1.0640 (Avg: 1.0048) Dice: 0.2691 (Avg: 0.3461) IoU: 0.1609 (Avg: 0.2336)
Train Epoch: [6][44/138] Total Loss: 0.8342 (Avg: 1.0009) Dice: 0.7237 (Avg: 0.3547) IoU: 0.5748 (Avg: 0.2414)
Train Epoch: [6][45/138] Total Loss: 1.0655 (Avg: 1.0023) Dice: 0.1544 (Avg: 0.3502) IoU: 0.0902 (Avg: 0.2380)
Train Epoch: [6][46/138] Total Loss: 1.0273 (Avg: 1.0029) Dice: 0.3709 (Avg: 0.3507) IoU: 0.2459 (Avg: 0.2382)
Train Epoch: [6][47/138] Total Loss: 1.0819 (Avg: 1.0046) Dice: 0.2349 (Avg: 0.3482) IoU: 0.1459 (Avg: 0.2362)
Train Epoch: [6][48/138] Total Loss: 0.9647 (Avg: 1.0037) Dice: 0.5837 (Avg: 0.3531) IoU: 0.4318 (Avg: 0.2403)
Train Epoch: [6][49/138] Total Loss: 1.0026 (Avg: 1.0037) Dice: 0.4371 (Avg: 0.3548) IoU: 0.2882 (Avg: 0.2413)
Train Epoch: [6][50/138] Total Loss: 1.0983 (Avg: 1.0056) Dice: 0.1526 (Avg: 0.3508) IoU: 0.0902 (Avg: 0.2382)
Train Epoch: [6][51/138] Total Loss: 1.0930 (Avg: 1.0073) Dice: 0.1666 (Avg: 0.3472) IoU: 0.1064 (Avg: 0.2357)
Train Epoch: [6][52/138] Total Loss: 0.9784 (Avg: 1.0068) Dice: 0.3664 (Avg: 0.3476) IoU: 0.2715 (Avg: 0.2363)
Train Epoch: [6][53/138] Total Loss: 0.8909 (Avg: 1.0046) Dice: 0.6696 (Avg: 0.3536) IoU: 0.5090 (Avg: 0.2415)
Train Epoch: [6][54/138] Total Loss: 1.0827 (Avg: 1.0060) Dice: 0.2441 (Avg: 0.3516) IoU: 0.1586 (Avg: 0.2400)
Train Epoch: [6][55/138] Total Loss: 1.0106 (Avg: 1.0061) Dice: 0.3107 (Avg: 0.3509) IoU: 0.1948 (Avg: 0.2391)
Train Epoch: [6][56/138] Total Loss: 0.8894 (Avg: 1.0040) Dice: 0.6187 (Avg: 0.3556) IoU: 0.4815 (Avg: 0.2435)
Train Epoch: [6][57/138] Total Loss: 0.9757 (Avg: 1.0035) Dice: 0.3098 (Avg: 0.3548) IoU: 0.2123 (Avg: 0.2429)
Train Epoch: [6][58/138] Total Loss: 0.9619 (Avg: 1.0028) Dice: 0.4635 (Avg: 0.3567) IoU: 0.3269 (Avg: 0.2444)
Train Epoch: [6][59/138] Total Loss: 0.9193 (Avg: 1.0014) Dice: 0.4574 (Avg: 0.3584) IoU: 0.3422 (Avg: 0.2460)
Train Epoch: [6][60/138] Total Loss: 1.0416 (Avg: 1.0021) Dice: 0.2224 (Avg: 0.3562) IoU: 0.1295 (Avg: 0.2441)
Train Epoch: [6][61/138] Total Loss: 1.0232 (Avg: 1.0024) Dice: 0.4385 (Avg: 0.3575) IoU: 0.3302 (Avg: 0.2455)
Train Epoch: [6][62/138] Total Loss: 0.9098 (Avg: 1.0009) Dice: 0.5259 (Avg: 0.3602) IoU: 0.3769 (Avg: 0.2476)
Train Epoch: [6][63/138] Total Loss: 1.0307 (Avg: 1.0014) Dice: 0.4663 (Avg: 0.3619) IoU: 0.3230 (Avg: 0.2488)
Train Epoch: [6][64/138] Total Loss: 0.8671 (Avg: 0.9993) Dice: 0.6010 (Avg: 0.3656) IoU: 0.4517 (Avg: 0.2520)
Train Epoch: [6][65/138] Total Loss: 1.0363 (Avg: 0.9999) Dice: 0.2055 (Avg: 0.3632) IoU: 0.1249 (Avg: 0.2500)
Train Epoch: [6][66/138] Total Loss: 0.9910 (Avg: 0.9997) Dice: 0.3443 (Avg: 0.3629) IoU: 0.2512 (Avg: 0.2500)
Train Epoch: [6][67/138] Total Loss: 0.8563 (Avg: 0.9976) Dice: 0.5550 (Avg: 0.3658) IoU: 0.4134 (Avg: 0.2525)
Train Epoch: [6][68/138] Total Loss: 0.8945 (Avg: 0.9961) Dice: 0.5039 (Avg: 0.3678) IoU: 0.3811 (Avg: 0.2544)
Train Epoch: [6][69/138] Total Loss: 1.0690 (Avg: 0.9971) Dice: 0.1876 (Avg: 0.3652) IoU: 0.1051 (Avg: 0.2522)
Train Epoch: [6][70/138] Total Loss: 0.8808 (Avg: 0.9955) Dice: 0.5145 (Avg: 0.3673) IoU: 0.3994 (Avg: 0.2543)
Train Epoch: [6][71/138] Total Loss: 0.9031 (Avg: 0.9942) Dice: 0.4061 (Avg: 0.3679) IoU: 0.2870 (Avg: 0.2548)
Train Epoch: [6][72/138] Total Loss: 0.9232 (Avg: 0.9932) Dice: 0.4521 (Avg: 0.3690) IoU: 0.3209 (Avg: 0.2557)
Train Epoch: [6][73/138] Total Loss: 1.0280 (Avg: 0.9936) Dice: 0.2938 (Avg: 0.3680) IoU: 0.1792 (Avg: 0.2546)
Train Epoch: [6][74/138] Total Loss: 0.8720 (Avg: 0.9920) Dice: 0.6566 (Avg: 0.3719) IoU: 0.5229 (Avg: 0.2583)
Train Epoch: [6][75/138] Total Loss: 0.9173 (Avg: 0.9910) Dice: 0.4957 (Avg: 0.3735) IoU: 0.3354 (Avg: 0.2593)
Train Epoch: [6][76/138] Total Loss: 1.0549 (Avg: 0.9918) Dice: 0.2847 (Avg: 0.3724) IoU: 0.1814 (Avg: 0.2583)
Train Epoch: [6][77/138] Total Loss: 1.0245 (Avg: 0.9923) Dice: 0.2582 (Avg: 0.3709) IoU: 0.1832 (Avg: 0.2573)
Train Epoch: [6][78/138] Total Loss: 1.0626 (Avg: 0.9932) Dice: 0.2564 (Avg: 0.3694) IoU: 0.1517 (Avg: 0.2559)
Train Epoch: [6][79/138] Total Loss: 1.0086 (Avg: 0.9934) Dice: 0.2530 (Avg: 0.3680) IoU: 0.1522 (Avg: 0.2546)
Train Epoch: [6][80/138] Total Loss: 1.0483 (Avg: 0.9941) Dice: 0.2487 (Avg: 0.3665) IoU: 0.1467 (Avg: 0.2533)
Train Epoch: [6][81/138] Total Loss: 1.0523 (Avg: 0.9948) Dice: 0.2057 (Avg: 0.3645) IoU: 0.1208 (Avg: 0.2516)
Train Epoch: [6][82/138] Total Loss: 0.8260 (Avg: 0.9927) Dice: 0.5620 (Avg: 0.3669) IoU: 0.4106 (Avg: 0.2536)
Train Epoch: [6][83/138] Total Loss: 0.9956 (Avg: 0.9928) Dice: 0.2712 (Avg: 0.3657) IoU: 0.1762 (Avg: 0.2527)
Train Epoch: [6][84/138] Total Loss: 0.9551 (Avg: 0.9923) Dice: 0.3700 (Avg: 0.3658) IoU: 0.2420 (Avg: 0.2525)
Train Epoch: [6][85/138] Total Loss: 0.8298 (Avg: 0.9904) Dice: 0.6029 (Avg: 0.3686) IoU: 0.4483 (Avg: 0.2548)
Train Epoch: [6][86/138] Total Loss: 0.8810 (Avg: 0.9891) Dice: 0.5971 (Avg: 0.3712) IoU: 0.4606 (Avg: 0.2572)
Train Epoch: [6][87/138] Total Loss: 0.9247 (Avg: 0.9884) Dice: 0.5753 (Avg: 0.3736) IoU: 0.4143 (Avg: 0.2590)
Train Epoch: [6][88/138] Total Loss: 1.0594 (Avg: 0.9892) Dice: 0.2533 (Avg: 0.3722) IoU: 0.1526 (Avg: 0.2578)
Train Epoch: [6][89/138] Total Loss: 0.9195 (Avg: 0.9884) Dice: 0.4797 (Avg: 0.3734) IoU: 0.3326 (Avg: 0.2587)
Train Epoch: [6][90/138] Total Loss: 0.8171 (Avg: 0.9865) Dice: 0.6932 (Avg: 0.3770) IoU: 0.5391 (Avg: 0.2618)
Train Epoch: [6][91/138] Total Loss: 0.8210 (Avg: 0.9847) Dice: 0.6298 (Avg: 0.3797) IoU: 0.4780 (Avg: 0.2641)
Train Epoch: [6][92/138] Total Loss: 1.0455 (Avg: 0.9853) Dice: 0.2213 (Avg: 0.3780) IoU: 0.1285 (Avg: 0.2627)
Train Epoch: [6][93/138] Total Loss: 0.9512 (Avg: 0.9850) Dice: 0.4320 (Avg: 0.3786) IoU: 0.3048 (Avg: 0.2631)
Train Epoch: [6][94/138] Total Loss: 1.0081 (Avg: 0.9852) Dice: 0.3584 (Avg: 0.3784) IoU: 0.2378 (Avg: 0.2629)
Train Epoch: [6][95/138] Total Loss: 0.8910 (Avg: 0.9842) Dice: 0.5405 (Avg: 0.3801) IoU: 0.3854 (Avg: 0.2641)
Train Epoch: [6][96/138] Total Loss: 0.9978 (Avg: 0.9844) Dice: 0.3048 (Avg: 0.3793) IoU: 0.2018 (Avg: 0.2635)
Train Epoch: [6][97/138] Total Loss: 0.9866 (Avg: 0.9844) Dice: 0.2832 (Avg: 0.3783) IoU: 0.1889 (Avg: 0.2627)
Train Epoch: [6][98/138] Total Loss: 0.9650 (Avg: 0.9842) Dice: 0.3121 (Avg: 0.3776) IoU: 0.1999 (Avg: 0.2621)
Train Epoch: [6][99/138] Total Loss: 1.0167 (Avg: 0.9845) Dice: 0.3109 (Avg: 0.3770) IoU: 0.2007 (Avg: 0.2615)
Train Epoch: [6][100/138] Total Loss: 0.8229 (Avg: 0.9829) Dice: 0.5610 (Avg: 0.3788) IoU: 0.3942 (Avg: 0.2628)
Train Epoch: [6][101/138] Total Loss: 0.9615 (Avg: 0.9827) Dice: 0.5082 (Avg: 0.3801) IoU: 0.3795 (Avg: 0.2640)
Train Epoch: [6][102/138] Total Loss: 0.8630 (Avg: 0.9815) Dice: 0.4975 (Avg: 0.3812) IoU: 0.3413 (Avg: 0.2647)
Train Epoch: [6][103/138] Total Loss: 1.0064 (Avg: 0.9818) Dice: 0.3624 (Avg: 0.3811) IoU: 0.2355 (Avg: 0.2644)
Train Epoch: [6][104/138] Total Loss: 0.9947 (Avg: 0.9819) Dice: 0.3766 (Avg: 0.3810) IoU: 0.2483 (Avg: 0.2643)
Train Epoch: [6][105/138] Total Loss: 0.9785 (Avg: 0.9819) Dice: 0.3314 (Avg: 0.3805) IoU: 0.2266 (Avg: 0.2639)
Train Epoch: [6][106/138] Total Loss: 1.0473 (Avg: 0.9825) Dice: 0.2408 (Avg: 0.3792) IoU: 0.1503 (Avg: 0.2628)
Train Epoch: [6][107/138] Total Loss: 0.9233 (Avg: 0.9819) Dice: 0.3694 (Avg: 0.3791) IoU: 0.2711 (Avg: 0.2629)
Train Epoch: [6][108/138] Total Loss: 1.0564 (Avg: 0.9826) Dice: 0.2199 (Avg: 0.3777) IoU: 0.1292 (Avg: 0.2617)
Train Epoch: [6][109/138] Total Loss: 1.0147 (Avg: 0.9829) Dice: 0.3232 (Avg: 0.3772) IoU: 0.2382 (Avg: 0.2615)
Train Epoch: [6][110/138] Total Loss: 1.0354 (Avg: 0.9834) Dice: 0.4327 (Avg: 0.3777) IoU: 0.2885 (Avg: 0.2617)
Train Epoch: [6][111/138] Total Loss: 1.0484 (Avg: 0.9840) Dice: 0.2124 (Avg: 0.3762) IoU: 0.1289 (Avg: 0.2605)
Train Epoch: [6][112/138] Total Loss: 0.9239 (Avg: 0.9834) Dice: 0.3963 (Avg: 0.3764) IoU: 0.2729 (Avg: 0.2606)
Train Epoch: [6][113/138] Total Loss: 0.9856 (Avg: 0.9834) Dice: 0.5410 (Avg: 0.3778) IoU: 0.3850 (Avg: 0.2617)
Train Epoch: [6][114/138] Total Loss: 1.0463 (Avg: 0.9840) Dice: 0.2540 (Avg: 0.3767) IoU: 0.1565 (Avg: 0.2608)
Train Epoch: [6][115/138] Total Loss: 0.9741 (Avg: 0.9839) Dice: 0.6076 (Avg: 0.3787) IoU: 0.4481 (Avg: 0.2624)
Train Epoch: [6][116/138] Total Loss: 0.8787 (Avg: 0.9830) Dice: 0.5477 (Avg: 0.3802) IoU: 0.4051 (Avg: 0.2637)
Train Epoch: [6][117/138] Total Loss: 0.9880 (Avg: 0.9830) Dice: 0.4035 (Avg: 0.3804) IoU: 0.2895 (Avg: 0.2639)
Train Epoch: [6][118/138] Total Loss: 1.0618 (Avg: 0.9837) Dice: 0.1050 (Avg: 0.3781) IoU: 0.0588 (Avg: 0.2621)
Train Epoch: [6][119/138] Total Loss: 0.8899 (Avg: 0.9829) Dice: 0.5270 (Avg: 0.3793) IoU: 0.3633 (Avg: 0.2630)
Train Epoch: [6][120/138] Total Loss: 0.9726 (Avg: 0.9828) Dice: 0.3935 (Avg: 0.3794) IoU: 0.2942 (Avg: 0.2633)
Train Epoch: [6][121/138] Total Loss: 1.0113 (Avg: 0.9831) Dice: 0.3286 (Avg: 0.3790) IoU: 0.2076 (Avg: 0.2628)
Train Epoch: [6][122/138] Total Loss: 1.0998 (Avg: 0.9840) Dice: 0.1961 (Avg: 0.3775) IoU: 0.1447 (Avg: 0.2618)
Train Epoch: [6][123/138] Total Loss: 1.0278 (Avg: 0.9844) Dice: 0.4540 (Avg: 0.3781) IoU: 0.3180 (Avg: 0.2623)
Train Epoch: [6][124/138] Total Loss: 0.9737 (Avg: 0.9843) Dice: 0.2734 (Avg: 0.3773) IoU: 0.1812 (Avg: 0.2616)
Train Epoch: [6][125/138] Total Loss: 0.9468 (Avg: 0.9840) Dice: 0.3772 (Avg: 0.3773) IoU: 0.2544 (Avg: 0.2616)
Train Epoch: [6][126/138] Total Loss: 0.9069 (Avg: 0.9834) Dice: 0.5312 (Avg: 0.3785) IoU: 0.3672 (Avg: 0.2624)
Train Epoch: [6][127/138] Total Loss: 0.9796 (Avg: 0.9834) Dice: 0.2751 (Avg: 0.3777) IoU: 0.1926 (Avg: 0.2619)
Train Epoch: [6][128/138] Total Loss: 1.0098 (Avg: 0.9836) Dice: 0.2429 (Avg: 0.3766) IoU: 0.1442 (Avg: 0.2609)
Train Epoch: [6][129/138] Total Loss: 0.8342 (Avg: 0.9824) Dice: 0.6266 (Avg: 0.3786) IoU: 0.4667 (Avg: 0.2625)
Train Epoch: [6][130/138] Total Loss: 0.9876 (Avg: 0.9825) Dice: 0.3329 (Avg: 0.3782) IoU: 0.2262 (Avg: 0.2623)
Train Epoch: [6][131/138] Total Loss: 0.8184 (Avg: 0.9812) Dice: 0.5986 (Avg: 0.3799) IoU: 0.4395 (Avg: 0.2636)
Train Epoch: [6][132/138] Total Loss: 0.9502 (Avg: 0.9810) Dice: 0.4868 (Avg: 0.3807) IoU: 0.3389 (Avg: 0.2642)
Train Epoch: [6][133/138] Total Loss: 0.8859 (Avg: 0.9802) Dice: 0.5362 (Avg: 0.3819) IoU: 0.3848 (Avg: 0.2651)
Train Epoch: [6][134/138] Total Loss: 0.9255 (Avg: 0.9798) Dice: 0.4223 (Avg: 0.3822) IoU: 0.2939 (Avg: 0.2653)
Train Epoch: [6][135/138] Total Loss: 1.0549 (Avg: 0.9804) Dice: 0.1190 (Avg: 0.3802) IoU: 0.0690 (Avg: 0.2638)
Train Epoch: [6][136/138] Total Loss: 0.9605 (Avg: 0.9803) Dice: 0.3684 (Avg: 0.3802) IoU: 0.2354 (Avg: 0.2636)
Train Epoch: [6][137/138] Total Loss: 1.0671 (Avg: 0.9809) Dice: 0.1310 (Avg: 0.3783) IoU: 0.0726 (Avg: 0.2622)
Train Epoch: [6][138/138] Total Loss: 0.9277 (Avg: 0.9755) Dice: 0.2825 (Avg: 0.3761) IoU: 0.1645 (Avg: 0.2606)
Validation Epoch: [6] Avg Loss: 0.8123 Avg Dice: 0.4637 Avg IoU: 0.3324
	 Best dice improved from 0.3478 to 0.4637

========= Epoch [7/50] =========
Train Epoch: [7][1/138] Total Loss: 0.9986 (Avg: 0.9986) Dice: 0.3368 (Avg: 0.3368) IoU: 0.2182 (Avg: 0.2182)
Train Epoch: [7][2/138] Total Loss: 0.9280 (Avg: 0.9633) Dice: 0.5774 (Avg: 0.4571) IoU: 0.4396 (Avg: 0.3289)
Train Epoch: [7][3/138] Total Loss: 0.9156 (Avg: 0.9474) Dice: 0.5967 (Avg: 0.5036) IoU: 0.4431 (Avg: 0.3670)
Train Epoch: [7][4/138] Total Loss: 0.8685 (Avg: 0.9277) Dice: 0.5063 (Avg: 0.5043) IoU: 0.3652 (Avg: 0.3665)
Train Epoch: [7][5/138] Total Loss: 0.7815 (Avg: 0.8984) Dice: 0.6074 (Avg: 0.5249) IoU: 0.4548 (Avg: 0.3842)
Train Epoch: [7][6/138] Total Loss: 0.8363 (Avg: 0.8881) Dice: 0.6165 (Avg: 0.5402) IoU: 0.4704 (Avg: 0.3986)
Train Epoch: [7][7/138] Total Loss: 1.0088 (Avg: 0.9053) Dice: 0.2892 (Avg: 0.5043) IoU: 0.1918 (Avg: 0.3690)
Train Epoch: [7][8/138] Total Loss: 0.9787 (Avg: 0.9145) Dice: 0.2601 (Avg: 0.4738) IoU: 0.1988 (Avg: 0.3477)
Train Epoch: [7][9/138] Total Loss: 0.9222 (Avg: 0.9153) Dice: 0.4460 (Avg: 0.4707) IoU: 0.3271 (Avg: 0.3454)
Train Epoch: [7][10/138] Total Loss: 0.8772 (Avg: 0.9115) Dice: 0.4503 (Avg: 0.4687) IoU: 0.2938 (Avg: 0.3403)
Train Epoch: [7][11/138] Total Loss: 0.9041 (Avg: 0.9109) Dice: 0.4044 (Avg: 0.4628) IoU: 0.3097 (Avg: 0.3375)
Train Epoch: [7][12/138] Total Loss: 0.9558 (Avg: 0.9146) Dice: 0.4120 (Avg: 0.4586) IoU: 0.2664 (Avg: 0.3316)
Train Epoch: [7][13/138] Total Loss: 0.9811 (Avg: 0.9197) Dice: 0.4045 (Avg: 0.4544) IoU: 0.2759 (Avg: 0.3273)
Train Epoch: [7][14/138] Total Loss: 0.7940 (Avg: 0.9107) Dice: 0.5777 (Avg: 0.4632) IoU: 0.4203 (Avg: 0.3339)
Train Epoch: [7][15/138] Total Loss: 0.8888 (Avg: 0.9093) Dice: 0.5101 (Avg: 0.4664) IoU: 0.3568 (Avg: 0.3354)
Train Epoch: [7][16/138] Total Loss: 0.8695 (Avg: 0.9068) Dice: 0.4833 (Avg: 0.4674) IoU: 0.3245 (Avg: 0.3348)
Train Epoch: [7][17/138] Total Loss: 0.8420 (Avg: 0.9030) Dice: 0.6234 (Avg: 0.4766) IoU: 0.4586 (Avg: 0.3420)
Train Epoch: [7][18/138] Total Loss: 0.9732 (Avg: 0.9069) Dice: 0.4396 (Avg: 0.4746) IoU: 0.3404 (Avg: 0.3420)
Train Epoch: [7][19/138] Total Loss: 1.0240 (Avg: 0.9130) Dice: 0.2574 (Avg: 0.4631) IoU: 0.1799 (Avg: 0.3334)
Train Epoch: [7][20/138] Total Loss: 0.9808 (Avg: 0.9164) Dice: 0.4918 (Avg: 0.4646) IoU: 0.3299 (Avg: 0.3333)
Train Epoch: [7][21/138] Total Loss: 0.9722 (Avg: 0.9191) Dice: 0.3428 (Avg: 0.4588) IoU: 0.2514 (Avg: 0.3294)
Train Epoch: [7][22/138] Total Loss: 0.9920 (Avg: 0.9224) Dice: 0.3034 (Avg: 0.4517) IoU: 0.1815 (Avg: 0.3226)
Train Epoch: [7][23/138] Total Loss: 0.9916 (Avg: 0.9254) Dice: 0.3108 (Avg: 0.4456) IoU: 0.2028 (Avg: 0.3174)
Train Epoch: [7][24/138] Total Loss: 1.0265 (Avg: 0.9296) Dice: 0.1556 (Avg: 0.4335) IoU: 0.0900 (Avg: 0.3079)
Train Epoch: [7][25/138] Total Loss: 0.8745 (Avg: 0.9274) Dice: 0.4731 (Avg: 0.4351) IoU: 0.3635 (Avg: 0.3102)
Train Epoch: [7][26/138] Total Loss: 0.8500 (Avg: 0.9244) Dice: 0.5212 (Avg: 0.4384) IoU: 0.3540 (Avg: 0.3119)
Train Epoch: [7][27/138] Total Loss: 0.8988 (Avg: 0.9235) Dice: 0.5835 (Avg: 0.4438) IoU: 0.4328 (Avg: 0.3163)
Train Epoch: [7][28/138] Total Loss: 0.7649 (Avg: 0.9178) Dice: 0.7548 (Avg: 0.4549) IoU: 0.6095 (Avg: 0.3268)
Train Epoch: [7][29/138] Total Loss: 1.0136 (Avg: 0.9211) Dice: 0.4021 (Avg: 0.4531) IoU: 0.3074 (Avg: 0.3261)
Train Epoch: [7][30/138] Total Loss: 0.8481 (Avg: 0.9187) Dice: 0.5366 (Avg: 0.4558) IoU: 0.4332 (Avg: 0.3297)
Train Epoch: [7][31/138] Total Loss: 0.9373 (Avg: 0.9193) Dice: 0.5038 (Avg: 0.4574) IoU: 0.3514 (Avg: 0.3304)
Train Epoch: [7][32/138] Total Loss: 1.0244 (Avg: 0.9226) Dice: 0.4167 (Avg: 0.4561) IoU: 0.2886 (Avg: 0.3291)
Train Epoch: [7][33/138] Total Loss: 0.9175 (Avg: 0.9224) Dice: 0.3517 (Avg: 0.4529) IoU: 0.2377 (Avg: 0.3263)
Train Epoch: [7][34/138] Total Loss: 0.8464 (Avg: 0.9202) Dice: 0.5310 (Avg: 0.4552) IoU: 0.3966 (Avg: 0.3284)
Train Epoch: [7][35/138] Total Loss: 0.9663 (Avg: 0.9215) Dice: 0.3674 (Avg: 0.4527) IoU: 0.2479 (Avg: 0.3261)
Train Epoch: [7][36/138] Total Loss: 0.9096 (Avg: 0.9212) Dice: 0.4599 (Avg: 0.4529) IoU: 0.3168 (Avg: 0.3258)
Train Epoch: [7][37/138] Total Loss: 0.7901 (Avg: 0.9176) Dice: 0.5956 (Avg: 0.4568) IoU: 0.4533 (Avg: 0.3293)
Train Epoch: [7][38/138] Total Loss: 1.0830 (Avg: 0.9220) Dice: 0.1356 (Avg: 0.4483) IoU: 0.0771 (Avg: 0.3226)
Train Epoch: [7][39/138] Total Loss: 0.7930 (Avg: 0.9187) Dice: 0.5178 (Avg: 0.4501) IoU: 0.3787 (Avg: 0.3241)
Train Epoch: [7][40/138] Total Loss: 1.0044 (Avg: 0.9208) Dice: 0.2442 (Avg: 0.4450) IoU: 0.1462 (Avg: 0.3196)
Train Epoch: [7][41/138] Total Loss: 0.7005 (Avg: 0.9154) Dice: 0.7467 (Avg: 0.4523) IoU: 0.6156 (Avg: 0.3269)
Train Epoch: [7][42/138] Total Loss: 1.0092 (Avg: 0.9177) Dice: 0.2632 (Avg: 0.4478) IoU: 0.1635 (Avg: 0.3230)
Train Epoch: [7][43/138] Total Loss: 1.0170 (Avg: 0.9200) Dice: 0.3059 (Avg: 0.4445) IoU: 0.1858 (Avg: 0.3198)
Train Epoch: [7][44/138] Total Loss: 0.8034 (Avg: 0.9173) Dice: 0.5783 (Avg: 0.4476) IoU: 0.4275 (Avg: 0.3222)
Train Epoch: [7][45/138] Total Loss: 0.9896 (Avg: 0.9189) Dice: 0.3010 (Avg: 0.4443) IoU: 0.1875 (Avg: 0.3192)
Train Epoch: [7][46/138] Total Loss: 0.8280 (Avg: 0.9170) Dice: 0.5835 (Avg: 0.4473) IoU: 0.4189 (Avg: 0.3214)
Train Epoch: [7][47/138] Total Loss: 0.9896 (Avg: 0.9185) Dice: 0.2973 (Avg: 0.4441) IoU: 0.1860 (Avg: 0.3185)
Train Epoch: [7][48/138] Total Loss: 0.9116 (Avg: 0.9184) Dice: 0.5088 (Avg: 0.4455) IoU: 0.3690 (Avg: 0.3196)
Train Epoch: [7][49/138] Total Loss: 0.8310 (Avg: 0.9166) Dice: 0.6067 (Avg: 0.4488) IoU: 0.4436 (Avg: 0.3221)
Train Epoch: [7][50/138] Total Loss: 0.8537 (Avg: 0.9153) Dice: 0.5861 (Avg: 0.4515) IoU: 0.4281 (Avg: 0.3242)
Train Epoch: [7][51/138] Total Loss: 0.9543 (Avg: 0.9161) Dice: 0.4107 (Avg: 0.4507) IoU: 0.2733 (Avg: 0.3232)
Train Epoch: [7][52/138] Total Loss: 0.8988 (Avg: 0.9158) Dice: 0.4732 (Avg: 0.4512) IoU: 0.3445 (Avg: 0.3236)
Train Epoch: [7][53/138] Total Loss: 0.9282 (Avg: 0.9160) Dice: 0.4755 (Avg: 0.4516) IoU: 0.3232 (Avg: 0.3236)
Train Epoch: [7][54/138] Total Loss: 0.9326 (Avg: 0.9163) Dice: 0.4338 (Avg: 0.4513) IoU: 0.2868 (Avg: 0.3229)
Train Epoch: [7][55/138] Total Loss: 0.9310 (Avg: 0.9166) Dice: 0.3883 (Avg: 0.4501) IoU: 0.2883 (Avg: 0.3223)
Train Epoch: [7][56/138] Total Loss: 1.0519 (Avg: 0.9190) Dice: 0.3136 (Avg: 0.4477) IoU: 0.2078 (Avg: 0.3203)
Train Epoch: [7][57/138] Total Loss: 0.8094 (Avg: 0.9171) Dice: 0.5239 (Avg: 0.4490) IoU: 0.3806 (Avg: 0.3213)
Train Epoch: [7][58/138] Total Loss: 1.0925 (Avg: 0.9201) Dice: 0.1461 (Avg: 0.4438) IoU: 0.1024 (Avg: 0.3175)
Train Epoch: [7][59/138] Total Loss: 0.8750 (Avg: 0.9193) Dice: 0.6104 (Avg: 0.4466) IoU: 0.4545 (Avg: 0.3199)
Train Epoch: [7][60/138] Total Loss: 0.8317 (Avg: 0.9179) Dice: 0.5873 (Avg: 0.4490) IoU: 0.4302 (Avg: 0.3217)
Train Epoch: [7][61/138] Total Loss: 0.7895 (Avg: 0.9158) Dice: 0.6404 (Avg: 0.4521) IoU: 0.4778 (Avg: 0.3243)
Train Epoch: [7][62/138] Total Loss: 0.9692 (Avg: 0.9166) Dice: 0.4830 (Avg: 0.4526) IoU: 0.3336 (Avg: 0.3244)
Train Epoch: [7][63/138] Total Loss: 0.7642 (Avg: 0.9142) Dice: 0.6411 (Avg: 0.4556) IoU: 0.4915 (Avg: 0.3271)
Train Epoch: [7][64/138] Total Loss: 1.0487 (Avg: 0.9163) Dice: 0.3808 (Avg: 0.4544) IoU: 0.2445 (Avg: 0.3258)
Train Epoch: [7][65/138] Total Loss: 0.8908 (Avg: 0.9159) Dice: 0.5715 (Avg: 0.4562) IoU: 0.4098 (Avg: 0.3271)
Train Epoch: [7][66/138] Total Loss: 0.8119 (Avg: 0.9143) Dice: 0.5579 (Avg: 0.4578) IoU: 0.4262 (Avg: 0.3286)
Train Epoch: [7][67/138] Total Loss: 0.8724 (Avg: 0.9137) Dice: 0.4139 (Avg: 0.4571) IoU: 0.3177 (Avg: 0.3284)
Train Epoch: [7][68/138] Total Loss: 0.8704 (Avg: 0.9131) Dice: 0.3999 (Avg: 0.4563) IoU: 0.2727 (Avg: 0.3276)
Train Epoch: [7][69/138] Total Loss: 0.9443 (Avg: 0.9135) Dice: 0.4184 (Avg: 0.4557) IoU: 0.3063 (Avg: 0.3273)
Train Epoch: [7][70/138] Total Loss: 0.9482 (Avg: 0.9140) Dice: 0.5036 (Avg: 0.4564) IoU: 0.3883 (Avg: 0.3282)
Train Epoch: [7][71/138] Total Loss: 0.9093 (Avg: 0.9140) Dice: 0.4099 (Avg: 0.4558) IoU: 0.2792 (Avg: 0.3275)
Train Epoch: [7][72/138] Total Loss: 0.9805 (Avg: 0.9149) Dice: 0.3943 (Avg: 0.4549) IoU: 0.2519 (Avg: 0.3264)
Train Epoch: [7][73/138] Total Loss: 0.8260 (Avg: 0.9137) Dice: 0.5424 (Avg: 0.4561) IoU: 0.4192 (Avg: 0.3277)
Train Epoch: [7][74/138] Total Loss: 0.9348 (Avg: 0.9139) Dice: 0.3865 (Avg: 0.4552) IoU: 0.2726 (Avg: 0.3269)
Train Epoch: [7][75/138] Total Loss: 1.0551 (Avg: 0.9158) Dice: 0.1823 (Avg: 0.4515) IoU: 0.1061 (Avg: 0.3240)
Train Epoch: [7][76/138] Total Loss: 0.8778 (Avg: 0.9153) Dice: 0.5463 (Avg: 0.4528) IoU: 0.3989 (Avg: 0.3250)
Train Epoch: [7][77/138] Total Loss: 0.9961 (Avg: 0.9164) Dice: 0.3267 (Avg: 0.4511) IoU: 0.2044 (Avg: 0.3234)
Train Epoch: [7][78/138] Total Loss: 0.9960 (Avg: 0.9174) Dice: 0.3158 (Avg: 0.4494) IoU: 0.2101 (Avg: 0.3220)
Train Epoch: [7][79/138] Total Loss: 0.8244 (Avg: 0.9162) Dice: 0.6253 (Avg: 0.4516) IoU: 0.4790 (Avg: 0.3240)
Train Epoch: [7][80/138] Total Loss: 0.8405 (Avg: 0.9153) Dice: 0.5833 (Avg: 0.4533) IoU: 0.4308 (Avg: 0.3253)
Train Epoch: [7][81/138] Total Loss: 0.9402 (Avg: 0.9156) Dice: 0.4296 (Avg: 0.4530) IoU: 0.2969 (Avg: 0.3249)
Train Epoch: [7][82/138] Total Loss: 1.0640 (Avg: 0.9174) Dice: 0.1815 (Avg: 0.4497) IoU: 0.1015 (Avg: 0.3222)
Train Epoch: [7][83/138] Total Loss: 0.9886 (Avg: 0.9182) Dice: 0.2869 (Avg: 0.4477) IoU: 0.1850 (Avg: 0.3206)
Train Epoch: [7][84/138] Total Loss: 0.8432 (Avg: 0.9174) Dice: 0.4937 (Avg: 0.4483) IoU: 0.3577 (Avg: 0.3210)
Train Epoch: [7][85/138] Total Loss: 0.8277 (Avg: 0.9163) Dice: 0.5815 (Avg: 0.4498) IoU: 0.4121 (Avg: 0.3221)
Train Epoch: [7][86/138] Total Loss: 0.8686 (Avg: 0.9157) Dice: 0.5860 (Avg: 0.4514) IoU: 0.4300 (Avg: 0.3233)
Train Epoch: [7][87/138] Total Loss: 1.0765 (Avg: 0.9176) Dice: 0.1149 (Avg: 0.4475) IoU: 0.0637 (Avg: 0.3203)
Train Epoch: [7][88/138] Total Loss: 0.9005 (Avg: 0.9174) Dice: 0.4438 (Avg: 0.4475) IoU: 0.2891 (Avg: 0.3200)
Train Epoch: [7][89/138] Total Loss: 1.0119 (Avg: 0.9185) Dice: 0.2249 (Avg: 0.4450) IoU: 0.1456 (Avg: 0.3180)
Train Epoch: [7][90/138] Total Loss: 0.9375 (Avg: 0.9187) Dice: 0.2955 (Avg: 0.4433) IoU: 0.2015 (Avg: 0.3167)
Train Epoch: [7][91/138] Total Loss: 0.9511 (Avg: 0.9190) Dice: 0.2999 (Avg: 0.4418) IoU: 0.1919 (Avg: 0.3154)
Train Epoch: [7][92/138] Total Loss: 1.0095 (Avg: 0.9200) Dice: 0.1659 (Avg: 0.4388) IoU: 0.1040 (Avg: 0.3131)
Train Epoch: [7][93/138] Total Loss: 1.0547 (Avg: 0.9215) Dice: 0.2594 (Avg: 0.4368) IoU: 0.1639 (Avg: 0.3115)
Train Epoch: [7][94/138] Total Loss: 0.8440 (Avg: 0.9206) Dice: 0.5277 (Avg: 0.4378) IoU: 0.3767 (Avg: 0.3122)
Train Epoch: [7][95/138] Total Loss: 0.9336 (Avg: 0.9208) Dice: 0.3485 (Avg: 0.4369) IoU: 0.2127 (Avg: 0.3111)
Train Epoch: [7][96/138] Total Loss: 0.7978 (Avg: 0.9195) Dice: 0.6816 (Avg: 0.4394) IoU: 0.5620 (Avg: 0.3137)
Train Epoch: [7][97/138] Total Loss: 0.9637 (Avg: 0.9199) Dice: 0.3361 (Avg: 0.4383) IoU: 0.2197 (Avg: 0.3128)
Train Epoch: [7][98/138] Total Loss: 1.0313 (Avg: 0.9211) Dice: 0.1703 (Avg: 0.4356) IoU: 0.1101 (Avg: 0.3107)
Train Epoch: [7][99/138] Total Loss: 0.8541 (Avg: 0.9204) Dice: 0.5150 (Avg: 0.4364) IoU: 0.3512 (Avg: 0.3111)
Train Epoch: [7][100/138] Total Loss: 0.8560 (Avg: 0.9198) Dice: 0.4895 (Avg: 0.4369) IoU: 0.3550 (Avg: 0.3115)
Train Epoch: [7][101/138] Total Loss: 0.8960 (Avg: 0.9195) Dice: 0.4054 (Avg: 0.4366) IoU: 0.2633 (Avg: 0.3111)
Train Epoch: [7][102/138] Total Loss: 0.9928 (Avg: 0.9202) Dice: 0.3342 (Avg: 0.4356) IoU: 0.2069 (Avg: 0.3100)
Train Epoch: [7][103/138] Total Loss: 0.8918 (Avg: 0.9200) Dice: 0.4896 (Avg: 0.4361) IoU: 0.3376 (Avg: 0.3103)
Train Epoch: [7][104/138] Total Loss: 0.9051 (Avg: 0.9198) Dice: 0.4089 (Avg: 0.4359) IoU: 0.2608 (Avg: 0.3098)
Train Epoch: [7][105/138] Total Loss: 0.8439 (Avg: 0.9191) Dice: 0.5665 (Avg: 0.4371) IoU: 0.4008 (Avg: 0.3107)
Train Epoch: [7][106/138] Total Loss: 1.0380 (Avg: 0.9202) Dice: 0.1764 (Avg: 0.4347) IoU: 0.1004 (Avg: 0.3087)
Train Epoch: [7][107/138] Total Loss: 0.9362 (Avg: 0.9204) Dice: 0.4408 (Avg: 0.4347) IoU: 0.3270 (Avg: 0.3089)
Train Epoch: [7][108/138] Total Loss: 0.8647 (Avg: 0.9199) Dice: 0.5281 (Avg: 0.4356) IoU: 0.4167 (Avg: 0.3099)
Train Epoch: [7][109/138] Total Loss: 0.9204 (Avg: 0.9199) Dice: 0.3766 (Avg: 0.4350) IoU: 0.2954 (Avg: 0.3097)
Train Epoch: [7][110/138] Total Loss: 0.6814 (Avg: 0.9177) Dice: 0.6773 (Avg: 0.4373) IoU: 0.5396 (Avg: 0.3118)
Train Epoch: [7][111/138] Total Loss: 0.8885 (Avg: 0.9174) Dice: 0.3958 (Avg: 0.4369) IoU: 0.2535 (Avg: 0.3113)
Train Epoch: [7][112/138] Total Loss: 0.9590 (Avg: 0.9178) Dice: 0.2901 (Avg: 0.4356) IoU: 0.1955 (Avg: 0.3103)
Train Epoch: [7][113/138] Total Loss: 0.8950 (Avg: 0.9176) Dice: 0.4005 (Avg: 0.4353) IoU: 0.2864 (Avg: 0.3101)
Train Epoch: [7][114/138] Total Loss: 0.8679 (Avg: 0.9172) Dice: 0.4727 (Avg: 0.4356) IoU: 0.3175 (Avg: 0.3101)
Train Epoch: [7][115/138] Total Loss: 0.7925 (Avg: 0.9161) Dice: 0.6372 (Avg: 0.4373) IoU: 0.4804 (Avg: 0.3116)
Train Epoch: [7][116/138] Total Loss: 1.0200 (Avg: 0.9170) Dice: 0.3101 (Avg: 0.4362) IoU: 0.1957 (Avg: 0.3106)
Train Epoch: [7][117/138] Total Loss: 0.9771 (Avg: 0.9175) Dice: 0.2750 (Avg: 0.4349) IoU: 0.1863 (Avg: 0.3095)
Train Epoch: [7][118/138] Total Loss: 0.8817 (Avg: 0.9172) Dice: 0.6588 (Avg: 0.4368) IoU: 0.5129 (Avg: 0.3113)
Train Epoch: [7][119/138] Total Loss: 0.8786 (Avg: 0.9169) Dice: 0.5411 (Avg: 0.4376) IoU: 0.3889 (Avg: 0.3119)
Train Epoch: [7][120/138] Total Loss: 1.0131 (Avg: 0.9177) Dice: 0.2507 (Avg: 0.4361) IoU: 0.1741 (Avg: 0.3108)
Train Epoch: [7][121/138] Total Loss: 0.8267 (Avg: 0.9169) Dice: 0.5481 (Avg: 0.4370) IoU: 0.4380 (Avg: 0.3118)
Train Epoch: [7][122/138] Total Loss: 1.0196 (Avg: 0.9178) Dice: 0.4334 (Avg: 0.4370) IoU: 0.3269 (Avg: 0.3120)
Train Epoch: [7][123/138] Total Loss: 0.9056 (Avg: 0.9177) Dice: 0.5424 (Avg: 0.4378) IoU: 0.3985 (Avg: 0.3127)
Train Epoch: [7][124/138] Total Loss: 0.7595 (Avg: 0.9164) Dice: 0.5487 (Avg: 0.4387) IoU: 0.3886 (Avg: 0.3133)
Train Epoch: [7][125/138] Total Loss: 0.7819 (Avg: 0.9153) Dice: 0.5636 (Avg: 0.4397) IoU: 0.4018 (Avg: 0.3140)
Train Epoch: [7][126/138] Total Loss: 0.8413 (Avg: 0.9147) Dice: 0.4949 (Avg: 0.4402) IoU: 0.3349 (Avg: 0.3141)
Train Epoch: [7][127/138] Total Loss: 0.8987 (Avg: 0.9146) Dice: 0.3445 (Avg: 0.4394) IoU: 0.2365 (Avg: 0.3135)
Train Epoch: [7][128/138] Total Loss: 0.9635 (Avg: 0.9150) Dice: 0.2722 (Avg: 0.4381) IoU: 0.1815 (Avg: 0.3125)
Train Epoch: [7][129/138] Total Loss: 0.6242 (Avg: 0.9127) Dice: 0.6706 (Avg: 0.4399) IoU: 0.5105 (Avg: 0.3140)
Train Epoch: [7][130/138] Total Loss: 0.6798 (Avg: 0.9109) Dice: 0.6368 (Avg: 0.4414) IoU: 0.4700 (Avg: 0.3152)
Train Epoch: [7][131/138] Total Loss: 0.9424 (Avg: 0.9112) Dice: 0.4384 (Avg: 0.4414) IoU: 0.3180 (Avg: 0.3153)
Train Epoch: [7][132/138] Total Loss: 0.6932 (Avg: 0.9095) Dice: 0.5966 (Avg: 0.4426) IoU: 0.4491 (Avg: 0.3163)
Train Epoch: [7][133/138] Total Loss: 0.8724 (Avg: 0.9092) Dice: 0.4229 (Avg: 0.4424) IoU: 0.2868 (Avg: 0.3160)
Train Epoch: [7][134/138] Total Loss: 0.7209 (Avg: 0.9078) Dice: 0.6094 (Avg: 0.4437) IoU: 0.4484 (Avg: 0.3170)
Train Epoch: [7][135/138] Total Loss: 1.0217 (Avg: 0.9087) Dice: 0.1930 (Avg: 0.4418) IoU: 0.1135 (Avg: 0.3155)
Train Epoch: [7][136/138] Total Loss: 0.8911 (Avg: 0.9085) Dice: 0.4232 (Avg: 0.4417) IoU: 0.3022 (Avg: 0.3154)
Train Epoch: [7][137/138] Total Loss: 1.0672 (Avg: 0.9097) Dice: 0.1350 (Avg: 0.4394) IoU: 0.0771 (Avg: 0.3137)
Train Epoch: [7][138/138] Total Loss: 0.7637 (Avg: 0.9045) Dice: 0.5243 (Avg: 0.4372) IoU: 0.3553 (Avg: 0.3121)
Validation Epoch: [7] Avg Loss: 0.7256 Avg Dice: 0.4756 Avg IoU: 0.3429
	 Best dice improved from 0.4637 to 0.4756

========= Epoch [8/50] =========
Train Epoch: [8][1/138] Total Loss: 0.8362 (Avg: 0.8362) Dice: 0.5098 (Avg: 0.5098) IoU: 0.3559 (Avg: 0.3559)
Train Epoch: [8][2/138] Total Loss: 0.9753 (Avg: 0.9057) Dice: 0.4088 (Avg: 0.4593) IoU: 0.2587 (Avg: 0.3073)
Train Epoch: [8][3/138] Total Loss: 0.8409 (Avg: 0.8841) Dice: 0.4653 (Avg: 0.4613) IoU: 0.3421 (Avg: 0.3189)
Train Epoch: [8][4/138] Total Loss: 0.6844 (Avg: 0.8342) Dice: 0.7011 (Avg: 0.5213) IoU: 0.5526 (Avg: 0.3773)
Train Epoch: [8][5/138] Total Loss: 0.9359 (Avg: 0.8545) Dice: 0.2931 (Avg: 0.4756) IoU: 0.1845 (Avg: 0.3388)
Train Epoch: [8][6/138] Total Loss: 0.8308 (Avg: 0.8506) Dice: 0.5400 (Avg: 0.4864) IoU: 0.3789 (Avg: 0.3455)
Train Epoch: [8][7/138] Total Loss: 0.9597 (Avg: 0.8662) Dice: 0.3994 (Avg: 0.4739) IoU: 0.2515 (Avg: 0.3320)
Train Epoch: [8][8/138] Total Loss: 0.8419 (Avg: 0.8631) Dice: 0.5217 (Avg: 0.4799) IoU: 0.3630 (Avg: 0.3359)
Train Epoch: [8][9/138] Total Loss: 0.7362 (Avg: 0.8490) Dice: 0.7165 (Avg: 0.5062) IoU: 0.5708 (Avg: 0.3620)
Train Epoch: [8][10/138] Total Loss: 0.7972 (Avg: 0.8439) Dice: 0.3763 (Avg: 0.4932) IoU: 0.2807 (Avg: 0.3539)
Train Epoch: [8][11/138] Total Loss: 0.8067 (Avg: 0.8405) Dice: 0.5396 (Avg: 0.4974) IoU: 0.3817 (Avg: 0.3564)
Train Epoch: [8][12/138] Total Loss: 0.9586 (Avg: 0.8503) Dice: 0.2423 (Avg: 0.4762) IoU: 0.1560 (Avg: 0.3397)
Train Epoch: [8][13/138] Total Loss: 0.9330 (Avg: 0.8567) Dice: 0.2505 (Avg: 0.4588) IoU: 0.1700 (Avg: 0.3266)
Train Epoch: [8][14/138] Total Loss: 0.9036 (Avg: 0.8600) Dice: 0.3615 (Avg: 0.4519) IoU: 0.2296 (Avg: 0.3197)
Train Epoch: [8][15/138] Total Loss: 0.7949 (Avg: 0.8557) Dice: 0.4660 (Avg: 0.4528) IoU: 0.3404 (Avg: 0.3211)
Train Epoch: [8][16/138] Total Loss: 0.9951 (Avg: 0.8644) Dice: 0.2808 (Avg: 0.4420) IoU: 0.1932 (Avg: 0.3131)
Train Epoch: [8][17/138] Total Loss: 0.7418 (Avg: 0.8572) Dice: 0.5260 (Avg: 0.4470) IoU: 0.4005 (Avg: 0.3182)
Train Epoch: [8][18/138] Total Loss: 0.9373 (Avg: 0.8616) Dice: 0.3434 (Avg: 0.4412) IoU: 0.2402 (Avg: 0.3139)
Train Epoch: [8][19/138] Total Loss: 0.7193 (Avg: 0.8542) Dice: 0.6601 (Avg: 0.4528) IoU: 0.5099 (Avg: 0.3242)
Train Epoch: [8][20/138] Total Loss: 0.7535 (Avg: 0.8491) Dice: 0.5845 (Avg: 0.4593) IoU: 0.4276 (Avg: 0.3294)
Train Epoch: [8][21/138] Total Loss: 0.7936 (Avg: 0.8465) Dice: 0.4801 (Avg: 0.4603) IoU: 0.3562 (Avg: 0.3307)
Train Epoch: [8][22/138] Total Loss: 0.9334 (Avg: 0.8504) Dice: 0.4346 (Avg: 0.4592) IoU: 0.2827 (Avg: 0.3285)
Train Epoch: [8][23/138] Total Loss: 0.8852 (Avg: 0.8519) Dice: 0.3681 (Avg: 0.4552) IoU: 0.2483 (Avg: 0.3250)
Train Epoch: [8][24/138] Total Loss: 0.9436 (Avg: 0.8558) Dice: 0.3103 (Avg: 0.4492) IoU: 0.2243 (Avg: 0.3208)
Train Epoch: [8][25/138] Total Loss: 0.9395 (Avg: 0.8591) Dice: 0.2697 (Avg: 0.4420) IoU: 0.1772 (Avg: 0.3151)
Train Epoch: [8][26/138] Total Loss: 0.7337 (Avg: 0.8543) Dice: 0.7201 (Avg: 0.4527) IoU: 0.5731 (Avg: 0.3250)
Train Epoch: [8][27/138] Total Loss: 0.8406 (Avg: 0.8538) Dice: 0.5562 (Avg: 0.4565) IoU: 0.4333 (Avg: 0.3290)
Train Epoch: [8][28/138] Total Loss: 0.8882 (Avg: 0.8550) Dice: 0.2914 (Avg: 0.4506) IoU: 0.2087 (Avg: 0.3247)
Train Epoch: [8][29/138] Total Loss: 0.7932 (Avg: 0.8529) Dice: 0.5506 (Avg: 0.4541) IoU: 0.4360 (Avg: 0.3285)
Train Epoch: [8][30/138] Total Loss: 0.9321 (Avg: 0.8555) Dice: 0.2948 (Avg: 0.4488) IoU: 0.1841 (Avg: 0.3237)
Train Epoch: [8][31/138] Total Loss: 0.7801 (Avg: 0.8531) Dice: 0.5168 (Avg: 0.4510) IoU: 0.3625 (Avg: 0.3250)
Train Epoch: [8][32/138] Total Loss: 0.9347 (Avg: 0.8556) Dice: 0.3702 (Avg: 0.4484) IoU: 0.2654 (Avg: 0.3231)
Train Epoch: [8][33/138] Total Loss: 0.9341 (Avg: 0.8580) Dice: 0.4164 (Avg: 0.4475) IoU: 0.2867 (Avg: 0.3220)
Train Epoch: [8][34/138] Total Loss: 0.8977 (Avg: 0.8592) Dice: 0.4879 (Avg: 0.4486) IoU: 0.3289 (Avg: 0.3222)
Train Epoch: [8][35/138] Total Loss: 0.8532 (Avg: 0.8590) Dice: 0.4900 (Avg: 0.4498) IoU: 0.3372 (Avg: 0.3226)
Train Epoch: [8][36/138] Total Loss: 0.7580 (Avg: 0.8562) Dice: 0.5398 (Avg: 0.4523) IoU: 0.3755 (Avg: 0.3241)
Train Epoch: [8][37/138] Total Loss: 0.8779 (Avg: 0.8568) Dice: 0.3885 (Avg: 0.4506) IoU: 0.2900 (Avg: 0.3232)
Train Epoch: [8][38/138] Total Loss: 0.8705 (Avg: 0.8572) Dice: 0.4060 (Avg: 0.4494) IoU: 0.2779 (Avg: 0.3220)
Train Epoch: [8][39/138] Total Loss: 0.8323 (Avg: 0.8565) Dice: 0.3726 (Avg: 0.4475) IoU: 0.2497 (Avg: 0.3201)
Train Epoch: [8][40/138] Total Loss: 0.9779 (Avg: 0.8595) Dice: 0.3174 (Avg: 0.4442) IoU: 0.1989 (Avg: 0.3171)
Train Epoch: [8][41/138] Total Loss: 0.7094 (Avg: 0.8559) Dice: 0.6681 (Avg: 0.4497) IoU: 0.5215 (Avg: 0.3221)
Train Epoch: [8][42/138] Total Loss: 0.6744 (Avg: 0.8516) Dice: 0.6361 (Avg: 0.4541) IoU: 0.4954 (Avg: 0.3262)
Train Epoch: [8][43/138] Total Loss: 0.8410 (Avg: 0.8513) Dice: 0.4895 (Avg: 0.4549) IoU: 0.3545 (Avg: 0.3269)
Train Epoch: [8][44/138] Total Loss: 0.9367 (Avg: 0.8533) Dice: 0.2003 (Avg: 0.4491) IoU: 0.1252 (Avg: 0.3223)
Train Epoch: [8][45/138] Total Loss: 0.9417 (Avg: 0.8552) Dice: 0.5387 (Avg: 0.4511) IoU: 0.4060 (Avg: 0.3242)
Train Epoch: [8][46/138] Total Loss: 0.6470 (Avg: 0.8507) Dice: 0.7077 (Avg: 0.4567) IoU: 0.5592 (Avg: 0.3293)
Train Epoch: [8][47/138] Total Loss: 0.8007 (Avg: 0.8496) Dice: 0.5480 (Avg: 0.4587) IoU: 0.3866 (Avg: 0.3305)
Train Epoch: [8][48/138] Total Loss: 0.7651 (Avg: 0.8479) Dice: 0.5418 (Avg: 0.4604) IoU: 0.4252 (Avg: 0.3325)
Train Epoch: [8][49/138] Total Loss: 0.7697 (Avg: 0.8463) Dice: 0.5495 (Avg: 0.4622) IoU: 0.4003 (Avg: 0.3338)
Train Epoch: [8][50/138] Total Loss: 0.7866 (Avg: 0.8451) Dice: 0.5184 (Avg: 0.4633) IoU: 0.4044 (Avg: 0.3353)
Train Epoch: [8][51/138] Total Loss: 0.9707 (Avg: 0.8475) Dice: 0.2443 (Avg: 0.4590) IoU: 0.1462 (Avg: 0.3315)
Train Epoch: [8][52/138] Total Loss: 0.9177 (Avg: 0.8489) Dice: 0.2947 (Avg: 0.4559) IoU: 0.2072 (Avg: 0.3292)
Train Epoch: [8][53/138] Total Loss: 1.0932 (Avg: 0.8535) Dice: 0.0353 (Avg: 0.4479) IoU: 0.0190 (Avg: 0.3233)
Train Epoch: [8][54/138] Total Loss: 0.8184 (Avg: 0.8529) Dice: 0.5047 (Avg: 0.4490) IoU: 0.3554 (Avg: 0.3239)
Train Epoch: [8][55/138] Total Loss: 0.9351 (Avg: 0.8543) Dice: 0.3210 (Avg: 0.4467) IoU: 0.2048 (Avg: 0.3217)
Train Epoch: [8][56/138] Total Loss: 0.7378 (Avg: 0.8523) Dice: 0.5713 (Avg: 0.4489) IoU: 0.4398 (Avg: 0.3238)
Train Epoch: [8][57/138] Total Loss: 0.8504 (Avg: 0.8522) Dice: 0.4911 (Avg: 0.4496) IoU: 0.3724 (Avg: 0.3247)
Train Epoch: [8][58/138] Total Loss: 0.8186 (Avg: 0.8517) Dice: 0.5653 (Avg: 0.4516) IoU: 0.4011 (Avg: 0.3260)
Train Epoch: [8][59/138] Total Loss: 0.9431 (Avg: 0.8532) Dice: 0.4062 (Avg: 0.4509) IoU: 0.2775 (Avg: 0.3252)
Train Epoch: [8][60/138] Total Loss: 1.0147 (Avg: 0.8559) Dice: 0.2371 (Avg: 0.4473) IoU: 0.1518 (Avg: 0.3223)
Train Epoch: [8][61/138] Total Loss: 0.7869 (Avg: 0.8548) Dice: 0.5985 (Avg: 0.4498) IoU: 0.4469 (Avg: 0.3243)
Train Epoch: [8][62/138] Total Loss: 0.7734 (Avg: 0.8535) Dice: 0.5371 (Avg: 0.4512) IoU: 0.4058 (Avg: 0.3257)
Train Epoch: [8][63/138] Total Loss: 0.9278 (Avg: 0.8546) Dice: 0.5144 (Avg: 0.4522) IoU: 0.3608 (Avg: 0.3262)
Train Epoch: [8][64/138] Total Loss: 0.8338 (Avg: 0.8543) Dice: 0.4823 (Avg: 0.4527) IoU: 0.3413 (Avg: 0.3264)
Train Epoch: [8][65/138] Total Loss: 0.9732 (Avg: 0.8561) Dice: 0.1800 (Avg: 0.4485) IoU: 0.1348 (Avg: 0.3235)
Train Epoch: [8][66/138] Total Loss: 0.9259 (Avg: 0.8572) Dice: 0.2769 (Avg: 0.4459) IoU: 0.1788 (Avg: 0.3213)
Train Epoch: [8][67/138] Total Loss: 0.7707 (Avg: 0.8559) Dice: 0.4648 (Avg: 0.4461) IoU: 0.3310 (Avg: 0.3215)
Train Epoch: [8][68/138] Total Loss: 0.9636 (Avg: 0.8575) Dice: 0.2772 (Avg: 0.4437) IoU: 0.1662 (Avg: 0.3192)
Train Epoch: [8][69/138] Total Loss: 0.7717 (Avg: 0.8562) Dice: 0.7483 (Avg: 0.4481) IoU: 0.3848 (Avg: 0.3201)
Train Epoch: [8][70/138] Total Loss: 0.6097 (Avg: 0.8527) Dice: 0.6522 (Avg: 0.4510) IoU: 0.4851 (Avg: 0.3225)
Train Epoch: [8][71/138] Total Loss: 0.9988 (Avg: 0.8548) Dice: 0.4197 (Avg: 0.4505) IoU: 0.3088 (Avg: 0.3223)
Train Epoch: [8][72/138] Total Loss: 0.7683 (Avg: 0.8536) Dice: 0.5300 (Avg: 0.4516) IoU: 0.3889 (Avg: 0.3232)
Train Epoch: [8][73/138] Total Loss: 0.7560 (Avg: 0.8522) Dice: 0.4891 (Avg: 0.4522) IoU: 0.3418 (Avg: 0.3235)
Train Epoch: [8][74/138] Total Loss: 0.7342 (Avg: 0.8506) Dice: 0.5165 (Avg: 0.4530) IoU: 0.3878 (Avg: 0.3243)
Train Epoch: [8][75/138] Total Loss: 0.8598 (Avg: 0.8508) Dice: 0.3527 (Avg: 0.4517) IoU: 0.2553 (Avg: 0.3234)
Train Epoch: [8][76/138] Total Loss: 0.8156 (Avg: 0.8503) Dice: 0.4085 (Avg: 0.4511) IoU: 0.2884 (Avg: 0.3230)
Train Epoch: [8][77/138] Total Loss: 0.7994 (Avg: 0.8496) Dice: 0.4074 (Avg: 0.4506) IoU: 0.3322 (Avg: 0.3231)
Train Epoch: [8][78/138] Total Loss: 0.9420 (Avg: 0.8508) Dice: 0.3012 (Avg: 0.4486) IoU: 0.1927 (Avg: 0.3214)
Train Epoch: [8][79/138] Total Loss: 0.7416 (Avg: 0.8494) Dice: 0.5871 (Avg: 0.4504) IoU: 0.4832 (Avg: 0.3235)
Train Epoch: [8][80/138] Total Loss: 0.7107 (Avg: 0.8477) Dice: 0.5466 (Avg: 0.4516) IoU: 0.3946 (Avg: 0.3243)
Train Epoch: [8][81/138] Total Loss: 0.7661 (Avg: 0.8467) Dice: 0.6084 (Avg: 0.4535) IoU: 0.4744 (Avg: 0.3262)
Train Epoch: [8][82/138] Total Loss: 0.8626 (Avg: 0.8469) Dice: 0.4310 (Avg: 0.4533) IoU: 0.2846 (Avg: 0.3257)
Train Epoch: [8][83/138] Total Loss: 0.5875 (Avg: 0.8438) Dice: 0.7253 (Avg: 0.4565) IoU: 0.6044 (Avg: 0.3290)
Train Epoch: [8][84/138] Total Loss: 0.7648 (Avg: 0.8428) Dice: 0.5640 (Avg: 0.4578) IoU: 0.4440 (Avg: 0.3304)
Train Epoch: [8][85/138] Total Loss: 0.7928 (Avg: 0.8422) Dice: 0.5260 (Avg: 0.4586) IoU: 0.3671 (Avg: 0.3308)
Train Epoch: [8][86/138] Total Loss: 0.7846 (Avg: 0.8416) Dice: 0.4604 (Avg: 0.4586) IoU: 0.3114 (Avg: 0.3306)
Train Epoch: [8][87/138] Total Loss: 0.8418 (Avg: 0.8416) Dice: 0.3731 (Avg: 0.4577) IoU: 0.2687 (Avg: 0.3299)
Train Epoch: [8][88/138] Total Loss: 1.0182 (Avg: 0.8436) Dice: 0.2758 (Avg: 0.4556) IoU: 0.1641 (Avg: 0.3280)
Train Epoch: [8][89/138] Total Loss: 0.8250 (Avg: 0.8434) Dice: 0.4665 (Avg: 0.4557) IoU: 0.3238 (Avg: 0.3280)
Train Epoch: [8][90/138] Total Loss: 0.6467 (Avg: 0.8412) Dice: 0.6937 (Avg: 0.4584) IoU: 0.5406 (Avg: 0.3303)
Train Epoch: [8][91/138] Total Loss: 0.8687 (Avg: 0.8415) Dice: 0.4355 (Avg: 0.4581) IoU: 0.3121 (Avg: 0.3301)
Train Epoch: [8][92/138] Total Loss: 0.8552 (Avg: 0.8416) Dice: 0.4864 (Avg: 0.4584) IoU: 0.3615 (Avg: 0.3305)
Train Epoch: [8][93/138] Total Loss: 0.9658 (Avg: 0.8430) Dice: 0.3277 (Avg: 0.4570) IoU: 0.2006 (Avg: 0.3291)
Train Epoch: [8][94/138] Total Loss: 0.6020 (Avg: 0.8404) Dice: 0.6586 (Avg: 0.4592) IoU: 0.5409 (Avg: 0.3313)
Train Epoch: [8][95/138] Total Loss: 0.7122 (Avg: 0.8391) Dice: 0.5962 (Avg: 0.4606) IoU: 0.4294 (Avg: 0.3324)
Train Epoch: [8][96/138] Total Loss: 0.7322 (Avg: 0.8379) Dice: 0.6107 (Avg: 0.4622) IoU: 0.4421 (Avg: 0.3335)
Train Epoch: [8][97/138] Total Loss: 0.9452 (Avg: 0.8391) Dice: 0.2675 (Avg: 0.4602) IoU: 0.1724 (Avg: 0.3318)
Train Epoch: [8][98/138] Total Loss: 0.8105 (Avg: 0.8388) Dice: 0.3838 (Avg: 0.4594) IoU: 0.3117 (Avg: 0.3316)
Train Epoch: [8][99/138] Total Loss: 0.6892 (Avg: 0.8373) Dice: 0.6269 (Avg: 0.4611) IoU: 0.4630 (Avg: 0.3330)
Train Epoch: [8][100/138] Total Loss: 0.6350 (Avg: 0.8352) Dice: 0.6887 (Avg: 0.4633) IoU: 0.5353 (Avg: 0.3350)
Train Epoch: [8][101/138] Total Loss: 0.7923 (Avg: 0.8348) Dice: 0.4406 (Avg: 0.4631) IoU: 0.2859 (Avg: 0.3345)
Train Epoch: [8][102/138] Total Loss: 0.9148 (Avg: 0.8356) Dice: 0.2203 (Avg: 0.4607) IoU: 0.1292 (Avg: 0.3325)
Train Epoch: [8][103/138] Total Loss: 1.0585 (Avg: 0.8378) Dice: 0.1445 (Avg: 0.4577) IoU: 0.0808 (Avg: 0.3301)
Train Epoch: [8][104/138] Total Loss: 0.7707 (Avg: 0.8371) Dice: 0.4940 (Avg: 0.4580) IoU: 0.3603 (Avg: 0.3303)
Train Epoch: [8][105/138] Total Loss: 0.9018 (Avg: 0.8377) Dice: 0.5146 (Avg: 0.4586) IoU: 0.3920 (Avg: 0.3309)
Train Epoch: [8][106/138] Total Loss: 1.0386 (Avg: 0.8396) Dice: 0.1148 (Avg: 0.4553) IoU: 0.0629 (Avg: 0.3284)
Train Epoch: [8][107/138] Total Loss: 0.9833 (Avg: 0.8410) Dice: 0.1961 (Avg: 0.4529) IoU: 0.1125 (Avg: 0.3264)
Train Epoch: [8][108/138] Total Loss: 0.7527 (Avg: 0.8401) Dice: 0.4327 (Avg: 0.4527) IoU: 0.2961 (Avg: 0.3261)
Train Epoch: [8][109/138] Total Loss: 0.7874 (Avg: 0.8397) Dice: 0.5282 (Avg: 0.4534) IoU: 0.3960 (Avg: 0.3267)
Train Epoch: [8][110/138] Total Loss: 0.7481 (Avg: 0.8388) Dice: 0.5536 (Avg: 0.4543) IoU: 0.3941 (Avg: 0.3274)
Train Epoch: [8][111/138] Total Loss: 0.5671 (Avg: 0.8364) Dice: 0.7200 (Avg: 0.4567) IoU: 0.5728 (Avg: 0.3296)
Train Epoch: [8][112/138] Total Loss: 0.7136 (Avg: 0.8353) Dice: 0.5108 (Avg: 0.4572) IoU: 0.3470 (Avg: 0.3297)
Train Epoch: [8][113/138] Total Loss: 0.8058 (Avg: 0.8350) Dice: 0.6454 (Avg: 0.4588) IoU: 0.4835 (Avg: 0.3311)
Train Epoch: [8][114/138] Total Loss: 0.6220 (Avg: 0.8332) Dice: 0.6842 (Avg: 0.4608) IoU: 0.5490 (Avg: 0.3330)
Train Epoch: [8][115/138] Total Loss: 0.7832 (Avg: 0.8327) Dice: 0.4944 (Avg: 0.4611) IoU: 0.3718 (Avg: 0.3333)
Train Epoch: [8][116/138] Total Loss: 0.9539 (Avg: 0.8338) Dice: 0.4575 (Avg: 0.4611) IoU: 0.3411 (Avg: 0.3334)
Train Epoch: [8][117/138] Total Loss: 0.8937 (Avg: 0.8343) Dice: 0.3860 (Avg: 0.4604) IoU: 0.2927 (Avg: 0.3331)
Train Epoch: [8][118/138] Total Loss: 0.9440 (Avg: 0.8352) Dice: 0.3083 (Avg: 0.4592) IoU: 0.1952 (Avg: 0.3319)
Train Epoch: [8][119/138] Total Loss: 0.9995 (Avg: 0.8366) Dice: 0.1849 (Avg: 0.4568) IoU: 0.1099 (Avg: 0.3300)
Train Epoch: [8][120/138] Total Loss: 0.7669 (Avg: 0.8360) Dice: 0.5025 (Avg: 0.4572) IoU: 0.3885 (Avg: 0.3305)
Train Epoch: [8][121/138] Total Loss: 0.8027 (Avg: 0.8357) Dice: 0.3519 (Avg: 0.4564) IoU: 0.2439 (Avg: 0.3298)
Train Epoch: [8][122/138] Total Loss: 0.7924 (Avg: 0.8354) Dice: 0.4874 (Avg: 0.4566) IoU: 0.3439 (Avg: 0.3299)
Train Epoch: [8][123/138] Total Loss: 0.8094 (Avg: 0.8352) Dice: 0.3971 (Avg: 0.4561) IoU: 0.2637 (Avg: 0.3294)
Train Epoch: [8][124/138] Total Loss: 0.8232 (Avg: 0.8351) Dice: 0.4421 (Avg: 0.4560) IoU: 0.2953 (Avg: 0.3291)
Train Epoch: [8][125/138] Total Loss: 0.6019 (Avg: 0.8332) Dice: 0.6725 (Avg: 0.4577) IoU: 0.5288 (Avg: 0.3307)
Train Epoch: [8][126/138] Total Loss: 0.8368 (Avg: 0.8332) Dice: 0.3621 (Avg: 0.4570) IoU: 0.2446 (Avg: 0.3300)
Train Epoch: [8][127/138] Total Loss: 0.5155 (Avg: 0.8307) Dice: 0.7384 (Avg: 0.4592) IoU: 0.6134 (Avg: 0.3322)
Train Epoch: [8][128/138] Total Loss: 0.7077 (Avg: 0.8298) Dice: 0.5937 (Avg: 0.4603) IoU: 0.4460 (Avg: 0.3331)
Train Epoch: [8][129/138] Total Loss: 0.7158 (Avg: 0.8289) Dice: 0.6371 (Avg: 0.4616) IoU: 0.4928 (Avg: 0.3344)
Train Epoch: [8][130/138] Total Loss: 0.7797 (Avg: 0.8285) Dice: 0.5642 (Avg: 0.4624) IoU: 0.4026 (Avg: 0.3349)
Train Epoch: [8][131/138] Total Loss: 0.8685 (Avg: 0.8288) Dice: 0.4231 (Avg: 0.4621) IoU: 0.2893 (Avg: 0.3345)
Train Epoch: [8][132/138] Total Loss: 0.8853 (Avg: 0.8292) Dice: 0.4291 (Avg: 0.4619) IoU: 0.2989 (Avg: 0.3343)
Train Epoch: [8][133/138] Total Loss: 0.7756 (Avg: 0.8288) Dice: 0.7413 (Avg: 0.4640) IoU: 0.5949 (Avg: 0.3362)
Train Epoch: [8][134/138] Total Loss: 0.6936 (Avg: 0.8278) Dice: 0.6922 (Avg: 0.4657) IoU: 0.5333 (Avg: 0.3377)
Train Epoch: [8][135/138] Total Loss: 0.8419 (Avg: 0.8279) Dice: 0.4656 (Avg: 0.4657) IoU: 0.3340 (Avg: 0.3377)
Train Epoch: [8][136/138] Total Loss: 0.6617 (Avg: 0.8267) Dice: 0.6488 (Avg: 0.4670) IoU: 0.4945 (Avg: 0.3388)
Train Epoch: [8][137/138] Total Loss: 0.7205 (Avg: 0.8259) Dice: 0.6644 (Avg: 0.4685) IoU: 0.5189 (Avg: 0.3401)
Train Epoch: [8][138/138] Total Loss: 0.4372 (Avg: 0.8207) Dice: 0.6004 (Avg: 0.4662) IoU: 0.4290 (Avg: 0.3385)
Validation Epoch: [8] Avg Loss: 0.6448 Avg Dice: 0.4531 Avg IoU: 0.3327

========= Epoch [9/50] =========
Train Epoch: [9][1/138] Total Loss: 0.8895 (Avg: 0.8895) Dice: 0.3545 (Avg: 0.3545) IoU: 0.2219 (Avg: 0.2219)
Train Epoch: [9][2/138] Total Loss: 0.6753 (Avg: 0.7824) Dice: 0.5954 (Avg: 0.4749) IoU: 0.4475 (Avg: 0.3347)
Train Epoch: [9][3/138] Total Loss: 0.8010 (Avg: 0.7886) Dice: 0.4405 (Avg: 0.4635) IoU: 0.2952 (Avg: 0.3215)
Train Epoch: [9][4/138] Total Loss: 0.4329 (Avg: 0.6997) Dice: 0.7362 (Avg: 0.5316) IoU: 0.6059 (Avg: 0.3926)
Train Epoch: [9][5/138] Total Loss: 0.8537 (Avg: 0.7305) Dice: 0.4275 (Avg: 0.5108) IoU: 0.2957 (Avg: 0.3732)
Train Epoch: [9][6/138] Total Loss: 0.7378 (Avg: 0.7317) Dice: 0.4615 (Avg: 0.5026) IoU: 0.3361 (Avg: 0.3671)
Train Epoch: [9][7/138] Total Loss: 0.6637 (Avg: 0.7220) Dice: 0.6411 (Avg: 0.5224) IoU: 0.4809 (Avg: 0.3833)
Train Epoch: [9][8/138] Total Loss: 0.9840 (Avg: 0.7547) Dice: 0.2470 (Avg: 0.4880) IoU: 0.1431 (Avg: 0.3533)
Train Epoch: [9][9/138] Total Loss: 0.6661 (Avg: 0.7449) Dice: 0.5952 (Avg: 0.4999) IoU: 0.4613 (Avg: 0.3653)
Train Epoch: [9][10/138] Total Loss: 0.6071 (Avg: 0.7311) Dice: 0.6258 (Avg: 0.5125) IoU: 0.4725 (Avg: 0.3760)
Train Epoch: [9][11/138] Total Loss: 0.6641 (Avg: 0.7250) Dice: 0.5381 (Avg: 0.5148) IoU: 0.4168 (Avg: 0.3797)
Train Epoch: [9][12/138] Total Loss: 0.6369 (Avg: 0.7177) Dice: 0.5646 (Avg: 0.5190) IoU: 0.4030 (Avg: 0.3817)
Train Epoch: [9][13/138] Total Loss: 0.8775 (Avg: 0.7300) Dice: 0.4082 (Avg: 0.5104) IoU: 0.2793 (Avg: 0.3738)
Train Epoch: [9][14/138] Total Loss: 0.8693 (Avg: 0.7399) Dice: 0.2863 (Avg: 0.4944) IoU: 0.1976 (Avg: 0.3612)
Train Epoch: [9][15/138] Total Loss: 0.7705 (Avg: 0.7420) Dice: 0.4893 (Avg: 0.4941) IoU: 0.3658 (Avg: 0.3615)
Train Epoch: [9][16/138] Total Loss: 0.7493 (Avg: 0.7424) Dice: 0.5334 (Avg: 0.4965) IoU: 0.3939 (Avg: 0.3635)
Train Epoch: [9][17/138] Total Loss: 0.7425 (Avg: 0.7424) Dice: 0.5688 (Avg: 0.5008) IoU: 0.4163 (Avg: 0.3666)
Train Epoch: [9][18/138] Total Loss: 0.6720 (Avg: 0.7385) Dice: 0.6017 (Avg: 0.5064) IoU: 0.4491 (Avg: 0.3712)
Train Epoch: [9][19/138] Total Loss: 0.7053 (Avg: 0.7368) Dice: 0.6219 (Avg: 0.5125) IoU: 0.4571 (Avg: 0.3757)
Train Epoch: [9][20/138] Total Loss: 0.6265 (Avg: 0.7313) Dice: 0.6197 (Avg: 0.5178) IoU: 0.4707 (Avg: 0.3805)
Train Epoch: [9][21/138] Total Loss: 0.6534 (Avg: 0.7275) Dice: 0.5781 (Avg: 0.5207) IoU: 0.4346 (Avg: 0.3831)
Train Epoch: [9][22/138] Total Loss: 0.8547 (Avg: 0.7333) Dice: 0.3244 (Avg: 0.5118) IoU: 0.2072 (Avg: 0.3751)
Train Epoch: [9][23/138] Total Loss: 0.8208 (Avg: 0.7371) Dice: 0.3428 (Avg: 0.5044) IoU: 0.2629 (Avg: 0.3702)
Train Epoch: [9][24/138] Total Loss: 0.7257 (Avg: 0.7367) Dice: 0.5783 (Avg: 0.5075) IoU: 0.4282 (Avg: 0.3726)
Train Epoch: [9][25/138] Total Loss: 0.7485 (Avg: 0.7371) Dice: 0.4922 (Avg: 0.5069) IoU: 0.3526 (Avg: 0.3718)
Train Epoch: [9][26/138] Total Loss: 0.9255 (Avg: 0.7444) Dice: 0.5078 (Avg: 0.5069) IoU: 0.3722 (Avg: 0.3718)
Train Epoch: [9][27/138] Total Loss: 0.9116 (Avg: 0.7506) Dice: 0.3340 (Avg: 0.5005) IoU: 0.2193 (Avg: 0.3662)
Train Epoch: [9][28/138] Total Loss: 0.7581 (Avg: 0.7508) Dice: 0.5638 (Avg: 0.5028) IoU: 0.4381 (Avg: 0.3687)
Train Epoch: [9][29/138] Total Loss: 0.7531 (Avg: 0.7509) Dice: 0.4560 (Avg: 0.5012) IoU: 0.3399 (Avg: 0.3677)
Train Epoch: [9][30/138] Total Loss: 0.9323 (Avg: 0.7570) Dice: 0.3158 (Avg: 0.4950) IoU: 0.2233 (Avg: 0.3629)
Train Epoch: [9][31/138] Total Loss: 0.8418 (Avg: 0.7597) Dice: 0.3526 (Avg: 0.4904) IoU: 0.2179 (Avg: 0.3583)
Train Epoch: [9][32/138] Total Loss: 0.8067 (Avg: 0.7612) Dice: 0.4782 (Avg: 0.4900) IoU: 0.3622 (Avg: 0.3584)
Train Epoch: [9][33/138] Total Loss: 0.7233 (Avg: 0.7600) Dice: 0.5603 (Avg: 0.4921) IoU: 0.4227 (Avg: 0.3603)
Train Epoch: [9][34/138] Total Loss: 0.6106 (Avg: 0.7556) Dice: 0.6403 (Avg: 0.4965) IoU: 0.4739 (Avg: 0.3637)
Train Epoch: [9][35/138] Total Loss: 0.8428 (Avg: 0.7581) Dice: 0.5200 (Avg: 0.4972) IoU: 0.3559 (Avg: 0.3634)
Train Epoch: [9][36/138] Total Loss: 0.6587 (Avg: 0.7554) Dice: 0.5992 (Avg: 0.5000) IoU: 0.4372 (Avg: 0.3655)
Train Epoch: [9][37/138] Total Loss: 0.8243 (Avg: 0.7572) Dice: 0.3929 (Avg: 0.4971) IoU: 0.2864 (Avg: 0.3634)
Train Epoch: [9][38/138] Total Loss: 0.7483 (Avg: 0.7570) Dice: 0.4734 (Avg: 0.4965) IoU: 0.3334 (Avg: 0.3626)
Train Epoch: [9][39/138] Total Loss: 0.6604 (Avg: 0.7545) Dice: 0.5838 (Avg: 0.4987) IoU: 0.4184 (Avg: 0.3640)
Train Epoch: [9][40/138] Total Loss: 0.7203 (Avg: 0.7537) Dice: 0.5541 (Avg: 0.5001) IoU: 0.4007 (Avg: 0.3649)
Train Epoch: [9][41/138] Total Loss: 0.7372 (Avg: 0.7533) Dice: 0.5065 (Avg: 0.5003) IoU: 0.3551 (Avg: 0.3647)
Train Epoch: [9][42/138] Total Loss: 0.8658 (Avg: 0.7559) Dice: 0.3570 (Avg: 0.4969) IoU: 0.2279 (Avg: 0.3614)
Train Epoch: [9][43/138] Total Loss: 0.6776 (Avg: 0.7541) Dice: 0.5515 (Avg: 0.4981) IoU: 0.3940 (Avg: 0.3622)
Train Epoch: [9][44/138] Total Loss: 0.7144 (Avg: 0.7532) Dice: 0.5151 (Avg: 0.4985) IoU: 0.3705 (Avg: 0.3624)
Train Epoch: [9][45/138] Total Loss: 0.8108 (Avg: 0.7545) Dice: 0.3015 (Avg: 0.4941) IoU: 0.2155 (Avg: 0.3591)
Train Epoch: [9][46/138] Total Loss: 0.8394 (Avg: 0.7563) Dice: 0.3812 (Avg: 0.4917) IoU: 0.2635 (Avg: 0.3570)
Train Epoch: [9][47/138] Total Loss: 0.6171 (Avg: 0.7534) Dice: 0.6501 (Avg: 0.4951) IoU: 0.4854 (Avg: 0.3598)
Train Epoch: [9][48/138] Total Loss: 0.8620 (Avg: 0.7556) Dice: 0.4024 (Avg: 0.4931) IoU: 0.2602 (Avg: 0.3577)
Train Epoch: [9][49/138] Total Loss: 0.9037 (Avg: 0.7587) Dice: 0.2932 (Avg: 0.4890) IoU: 0.1800 (Avg: 0.3541)
Train Epoch: [9][50/138] Total Loss: 0.4439 (Avg: 0.7524) Dice: 0.8013 (Avg: 0.4953) IoU: 0.6689 (Avg: 0.3604)
Train Epoch: [9][51/138] Total Loss: 0.5301 (Avg: 0.7480) Dice: 0.7674 (Avg: 0.5006) IoU: 0.6260 (Avg: 0.3656)
Train Epoch: [9][52/138] Total Loss: 0.8526 (Avg: 0.7500) Dice: 0.3842 (Avg: 0.4984) IoU: 0.2599 (Avg: 0.3635)
Train Epoch: [9][53/138] Total Loss: 0.5981 (Avg: 0.7471) Dice: 0.6264 (Avg: 0.5008) IoU: 0.4771 (Avg: 0.3657)
Train Epoch: [9][54/138] Total Loss: 0.4722 (Avg: 0.7421) Dice: 0.7394 (Avg: 0.5052) IoU: 0.5974 (Avg: 0.3700)
Train Epoch: [9][55/138] Total Loss: 0.6959 (Avg: 0.7412) Dice: 0.5148 (Avg: 0.5054) IoU: 0.3813 (Avg: 0.3702)
Train Epoch: [9][56/138] Total Loss: 0.6840 (Avg: 0.7402) Dice: 0.4871 (Avg: 0.5051) IoU: 0.3854 (Avg: 0.3704)
Train Epoch: [9][57/138] Total Loss: 0.6616 (Avg: 0.7388) Dice: 0.5185 (Avg: 0.5053) IoU: 0.3736 (Avg: 0.3705)
Train Epoch: [9][58/138] Total Loss: 0.6977 (Avg: 0.7381) Dice: 0.5382 (Avg: 0.5059) IoU: 0.3939 (Avg: 0.3709)
Train Epoch: [9][59/138] Total Loss: 0.5450 (Avg: 0.7348) Dice: 0.6854 (Avg: 0.5089) IoU: 0.5573 (Avg: 0.3741)
Train Epoch: [9][60/138] Total Loss: 0.8691 (Avg: 0.7371) Dice: 0.3243 (Avg: 0.5058) IoU: 0.2220 (Avg: 0.3715)
Train Epoch: [9][61/138] Total Loss: 0.6437 (Avg: 0.7355) Dice: 0.5570 (Avg: 0.5067) IoU: 0.4242 (Avg: 0.3724)
Train Epoch: [9][62/138] Total Loss: 0.6617 (Avg: 0.7344) Dice: 0.5477 (Avg: 0.5073) IoU: 0.3948 (Avg: 0.3728)
Train Epoch: [9][63/138] Total Loss: 0.5258 (Avg: 0.7310) Dice: 0.7132 (Avg: 0.5106) IoU: 0.5553 (Avg: 0.3756)
Train Epoch: [9][64/138] Total Loss: 0.7903 (Avg: 0.7320) Dice: 0.3430 (Avg: 0.5080) IoU: 0.2321 (Avg: 0.3734)
Train Epoch: [9][65/138] Total Loss: 0.7180 (Avg: 0.7318) Dice: 0.5324 (Avg: 0.5084) IoU: 0.4139 (Avg: 0.3740)
Train Epoch: [9][66/138] Total Loss: 0.8485 (Avg: 0.7335) Dice: 0.4863 (Avg: 0.5080) IoU: 0.3363 (Avg: 0.3735)
Train Epoch: [9][67/138] Total Loss: 0.6779 (Avg: 0.7327) Dice: 0.5379 (Avg: 0.5085) IoU: 0.3970 (Avg: 0.3738)
Train Epoch: [9][68/138] Total Loss: 0.7281 (Avg: 0.7326) Dice: 0.5038 (Avg: 0.5084) IoU: 0.3795 (Avg: 0.3739)
Train Epoch: [9][69/138] Total Loss: 0.8770 (Avg: 0.7347) Dice: 0.3282 (Avg: 0.5058) IoU: 0.2126 (Avg: 0.3716)
Train Epoch: [9][70/138] Total Loss: 0.9539 (Avg: 0.7378) Dice: 0.2644 (Avg: 0.5023) IoU: 0.1699 (Avg: 0.3687)
Train Epoch: [9][71/138] Total Loss: 0.8443 (Avg: 0.7393) Dice: 0.3375 (Avg: 0.5000) IoU: 0.2441 (Avg: 0.3669)
Train Epoch: [9][72/138] Total Loss: 0.8378 (Avg: 0.7407) Dice: 0.3118 (Avg: 0.4974) IoU: 0.2282 (Avg: 0.3650)
Train Epoch: [9][73/138] Total Loss: 0.7487 (Avg: 0.7408) Dice: 0.3961 (Avg: 0.4960) IoU: 0.2786 (Avg: 0.3638)
Train Epoch: [9][74/138] Total Loss: 0.8445 (Avg: 0.7422) Dice: 0.3755 (Avg: 0.4944) IoU: 0.2592 (Avg: 0.3624)
Train Epoch: [9][75/138] Total Loss: 0.7245 (Avg: 0.7420) Dice: 0.4429 (Avg: 0.4937) IoU: 0.3329 (Avg: 0.3620)
Train Epoch: [9][76/138] Total Loss: 0.4466 (Avg: 0.7381) Dice: 0.7517 (Avg: 0.4971) IoU: 0.6090 (Avg: 0.3653)
Train Epoch: [9][77/138] Total Loss: 0.7012 (Avg: 0.7376) Dice: 0.4827 (Avg: 0.4969) IoU: 0.3841 (Avg: 0.3655)
Train Epoch: [9][78/138] Total Loss: 0.4927 (Avg: 0.7345) Dice: 0.6531 (Avg: 0.4989) IoU: 0.5095 (Avg: 0.3673)
Train Epoch: [9][79/138] Total Loss: 0.4460 (Avg: 0.7308) Dice: 0.7403 (Avg: 0.5020) IoU: 0.6008 (Avg: 0.3703)
Train Epoch: [9][80/138] Total Loss: 0.8992 (Avg: 0.7329) Dice: 0.2410 (Avg: 0.4987) IoU: 0.1886 (Avg: 0.3680)
Train Epoch: [9][81/138] Total Loss: 0.5717 (Avg: 0.7309) Dice: 0.6367 (Avg: 0.5004) IoU: 0.4679 (Avg: 0.3693)
Train Epoch: [9][82/138] Total Loss: 0.4926 (Avg: 0.7280) Dice: 0.6710 (Avg: 0.5025) IoU: 0.5349 (Avg: 0.3713)
Train Epoch: [9][83/138] Total Loss: 0.5955 (Avg: 0.7264) Dice: 0.6175 (Avg: 0.5039) IoU: 0.4647 (Avg: 0.3724)
Train Epoch: [9][84/138] Total Loss: 0.7031 (Avg: 0.7262) Dice: 0.5541 (Avg: 0.5045) IoU: 0.3987 (Avg: 0.3727)
Train Epoch: [9][85/138] Total Loss: 0.7324 (Avg: 0.7262) Dice: 0.3782 (Avg: 0.5030) IoU: 0.2832 (Avg: 0.3717)
Train Epoch: [9][86/138] Total Loss: 0.7134 (Avg: 0.7261) Dice: 0.5231 (Avg: 0.5032) IoU: 0.3982 (Avg: 0.3720)
Train Epoch: [9][87/138] Total Loss: 0.7395 (Avg: 0.7262) Dice: 0.5099 (Avg: 0.5033) IoU: 0.3651 (Avg: 0.3719)
Train Epoch: [9][88/138] Total Loss: 0.6786 (Avg: 0.7257) Dice: 0.5316 (Avg: 0.5036) IoU: 0.3797 (Avg: 0.3720)
Train Epoch: [9][89/138] Total Loss: 0.7912 (Avg: 0.7264) Dice: 0.4253 (Avg: 0.5027) IoU: 0.2949 (Avg: 0.3711)
Train Epoch: [9][90/138] Total Loss: 0.7416 (Avg: 0.7266) Dice: 0.4292 (Avg: 0.5019) IoU: 0.3345 (Avg: 0.3707)
Train Epoch: [9][91/138] Total Loss: 0.6472 (Avg: 0.7257) Dice: 0.5519 (Avg: 0.5025) IoU: 0.4389 (Avg: 0.3715)
Train Epoch: [9][92/138] Total Loss: 0.6265 (Avg: 0.7247) Dice: 0.5476 (Avg: 0.5030) IoU: 0.3890 (Avg: 0.3717)
Train Epoch: [9][93/138] Total Loss: 0.7747 (Avg: 0.7252) Dice: 0.4814 (Avg: 0.5027) IoU: 0.3636 (Avg: 0.3716)
Train Epoch: [9][94/138] Total Loss: 0.7402 (Avg: 0.7254) Dice: 0.4943 (Avg: 0.5026) IoU: 0.3693 (Avg: 0.3715)
Train Epoch: [9][95/138] Total Loss: 0.7302 (Avg: 0.7254) Dice: 0.5863 (Avg: 0.5035) IoU: 0.4198 (Avg: 0.3720)
Train Epoch: [9][96/138] Total Loss: 0.8762 (Avg: 0.7270) Dice: 0.2927 (Avg: 0.5013) IoU: 0.1909 (Avg: 0.3702)
Train Epoch: [9][97/138] Total Loss: 0.7847 (Avg: 0.7276) Dice: 0.4758 (Avg: 0.5011) IoU: 0.3572 (Avg: 0.3700)
Train Epoch: [9][98/138] Total Loss: 0.7264 (Avg: 0.7276) Dice: 0.4656 (Avg: 0.5007) IoU: 0.3313 (Avg: 0.3696)
Train Epoch: [9][99/138] Total Loss: 0.8431 (Avg: 0.7287) Dice: 0.3510 (Avg: 0.4992) IoU: 0.2471 (Avg: 0.3684)
Train Epoch: [9][100/138] Total Loss: 0.7421 (Avg: 0.7289) Dice: 0.4391 (Avg: 0.4986) IoU: 0.3158 (Avg: 0.3679)
Train Epoch: [9][101/138] Total Loss: 0.5677 (Avg: 0.7273) Dice: 0.6049 (Avg: 0.4996) IoU: 0.4668 (Avg: 0.3688)
Train Epoch: [9][102/138] Total Loss: 0.6055 (Avg: 0.7261) Dice: 0.6124 (Avg: 0.5007) IoU: 0.4584 (Avg: 0.3697)
Train Epoch: [9][103/138] Total Loss: 0.5702 (Avg: 0.7246) Dice: 0.6270 (Avg: 0.5020) IoU: 0.4869 (Avg: 0.3709)
Train Epoch: [9][104/138] Total Loss: 0.6415 (Avg: 0.7238) Dice: 0.5940 (Avg: 0.5029) IoU: 0.4303 (Avg: 0.3714)
Train Epoch: [9][105/138] Total Loss: 0.6941 (Avg: 0.7235) Dice: 0.5401 (Avg: 0.5032) IoU: 0.3840 (Avg: 0.3716)
Train Epoch: [9][106/138] Total Loss: 0.8340 (Avg: 0.7245) Dice: 0.3148 (Avg: 0.5014) IoU: 0.2087 (Avg: 0.3700)
Train Epoch: [9][107/138] Total Loss: 0.8536 (Avg: 0.7257) Dice: 0.3565 (Avg: 0.5001) IoU: 0.2288 (Avg: 0.3687)
Train Epoch: [9][108/138] Total Loss: 0.4931 (Avg: 0.7236) Dice: 0.6929 (Avg: 0.5019) IoU: 0.5465 (Avg: 0.3703)
Train Epoch: [9][109/138] Total Loss: 0.7949 (Avg: 0.7242) Dice: 0.3204 (Avg: 0.5002) IoU: 0.2225 (Avg: 0.3690)
Train Epoch: [9][110/138] Total Loss: 0.6809 (Avg: 0.7238) Dice: 0.5932 (Avg: 0.5010) IoU: 0.4495 (Avg: 0.3697)
Train Epoch: [9][111/138] Total Loss: 0.9031 (Avg: 0.7254) Dice: 0.3885 (Avg: 0.5000) IoU: 0.2671 (Avg: 0.3688)
Train Epoch: [9][112/138] Total Loss: 0.9246 (Avg: 0.7272) Dice: 0.3275 (Avg: 0.4985) IoU: 0.2167 (Avg: 0.3674)
Train Epoch: [9][113/138] Total Loss: 0.6876 (Avg: 0.7269) Dice: 0.5946 (Avg: 0.4993) IoU: 0.4498 (Avg: 0.3682)
Train Epoch: [9][114/138] Total Loss: 0.5147 (Avg: 0.7250) Dice: 0.6994 (Avg: 0.5011) IoU: 0.5471 (Avg: 0.3697)
Train Epoch: [9][115/138] Total Loss: 0.5550 (Avg: 0.7235) Dice: 0.7249 (Avg: 0.5030) IoU: 0.5707 (Avg: 0.3715)
Train Epoch: [9][116/138] Total Loss: 0.7043 (Avg: 0.7234) Dice: 0.4614 (Avg: 0.5027) IoU: 0.3060 (Avg: 0.3709)
Train Epoch: [9][117/138] Total Loss: 0.7907 (Avg: 0.7239) Dice: 0.4747 (Avg: 0.5024) IoU: 0.3716 (Avg: 0.3709)
Train Epoch: [9][118/138] Total Loss: 0.5772 (Avg: 0.7227) Dice: 0.7687 (Avg: 0.5047) IoU: 0.6297 (Avg: 0.3731)
Train Epoch: [9][119/138] Total Loss: 0.8154 (Avg: 0.7235) Dice: 0.3116 (Avg: 0.5031) IoU: 0.2106 (Avg: 0.3718)
Train Epoch: [9][120/138] Total Loss: 0.4596 (Avg: 0.7213) Dice: 0.7640 (Avg: 0.5053) IoU: 0.6299 (Avg: 0.3739)
Train Epoch: [9][121/138] Total Loss: 0.7620 (Avg: 0.7216) Dice: 0.3752 (Avg: 0.5042) IoU: 0.2523 (Avg: 0.3729)
Train Epoch: [9][122/138] Total Loss: 0.9455 (Avg: 0.7234) Dice: 0.2295 (Avg: 0.5019) IoU: 0.1318 (Avg: 0.3709)
Train Epoch: [9][123/138] Total Loss: 0.6884 (Avg: 0.7232) Dice: 0.4903 (Avg: 0.5018) IoU: 0.3346 (Avg: 0.3706)
Train Epoch: [9][124/138] Total Loss: 0.8048 (Avg: 0.7238) Dice: 0.4120 (Avg: 0.5011) IoU: 0.2937 (Avg: 0.3700)
Train Epoch: [9][125/138] Total Loss: 0.7481 (Avg: 0.7240) Dice: 0.6544 (Avg: 0.5023) IoU: 0.5114 (Avg: 0.3711)
Train Epoch: [9][126/138] Total Loss: 0.6983 (Avg: 0.7238) Dice: 0.4997 (Avg: 0.5023) IoU: 0.3554 (Avg: 0.3710)
Train Epoch: [9][127/138] Total Loss: 0.4631 (Avg: 0.7218) Dice: 0.7744 (Avg: 0.5045) IoU: 0.6324 (Avg: 0.3731)
Train Epoch: [9][128/138] Total Loss: 0.9091 (Avg: 0.7232) Dice: 0.3251 (Avg: 0.5031) IoU: 0.2149 (Avg: 0.3718)
Train Epoch: [9][129/138] Total Loss: 0.6744 (Avg: 0.7228) Dice: 0.5464 (Avg: 0.5034) IoU: 0.3868 (Avg: 0.3720)
Train Epoch: [9][130/138] Total Loss: 0.8331 (Avg: 0.7237) Dice: 0.3594 (Avg: 0.5023) IoU: 0.2482 (Avg: 0.3710)
Train Epoch: [9][131/138] Total Loss: 0.5071 (Avg: 0.7220) Dice: 0.6858 (Avg: 0.5037) IoU: 0.5415 (Avg: 0.3723)
Train Epoch: [9][132/138] Total Loss: 0.7617 (Avg: 0.7223) Dice: 0.4453 (Avg: 0.5032) IoU: 0.3019 (Avg: 0.3718)
Train Epoch: [9][133/138] Total Loss: 0.8085 (Avg: 0.7230) Dice: 0.3716 (Avg: 0.5023) IoU: 0.2656 (Avg: 0.3710)
Train Epoch: [9][134/138] Total Loss: 0.5574 (Avg: 0.7218) Dice: 0.6201 (Avg: 0.5031) IoU: 0.4709 (Avg: 0.3717)
Train Epoch: [9][135/138] Total Loss: 0.6369 (Avg: 0.7211) Dice: 0.5372 (Avg: 0.5034) IoU: 0.3743 (Avg: 0.3717)
Train Epoch: [9][136/138] Total Loss: 0.8898 (Avg: 0.7224) Dice: 0.4133 (Avg: 0.5027) IoU: 0.3027 (Avg: 0.3712)
Train Epoch: [9][137/138] Total Loss: 0.5357 (Avg: 0.7210) Dice: 0.6363 (Avg: 0.5037) IoU: 0.4947 (Avg: 0.3721)
Train Epoch: [9][138/138] Total Loss: 0.3435 (Avg: 0.7164) Dice: 0.6114 (Avg: 0.5012) IoU: 0.4403 (Avg: 0.3702)
Validation Epoch: [9] Avg Loss: 0.5324 Avg Dice: 0.5092 Avg IoU: 0.3800
	 Best dice improved from 0.4756 to 0.5092

========= Epoch [10/50] =========
Train Epoch: [10][1/138] Total Loss: 0.5141 (Avg: 0.5141) Dice: 0.7266 (Avg: 0.7266) IoU: 0.5742 (Avg: 0.5742)
Train Epoch: [10][2/138] Total Loss: 0.5194 (Avg: 0.5168) Dice: 0.7415 (Avg: 0.7341) IoU: 0.6004 (Avg: 0.5873)
Train Epoch: [10][3/138] Total Loss: 0.4913 (Avg: 0.5083) Dice: 0.6390 (Avg: 0.7024) IoU: 0.4757 (Avg: 0.5501)
Train Epoch: [10][4/138] Total Loss: 0.6033 (Avg: 0.5320) Dice: 0.5761 (Avg: 0.6708) IoU: 0.4578 (Avg: 0.5270)
Train Epoch: [10][5/138] Total Loss: 0.7169 (Avg: 0.5690) Dice: 0.4687 (Avg: 0.6304) IoU: 0.3429 (Avg: 0.4902)
Train Epoch: [10][6/138] Total Loss: 0.9358 (Avg: 0.6301) Dice: 0.2419 (Avg: 0.5656) IoU: 0.1406 (Avg: 0.4319)
Train Epoch: [10][7/138] Total Loss: 0.7817 (Avg: 0.6518) Dice: 0.5455 (Avg: 0.5628) IoU: 0.3840 (Avg: 0.4251)
Train Epoch: [10][8/138] Total Loss: 0.6921 (Avg: 0.6568) Dice: 0.4855 (Avg: 0.5531) IoU: 0.3742 (Avg: 0.4187)
Train Epoch: [10][9/138] Total Loss: 0.5144 (Avg: 0.6410) Dice: 0.7238 (Avg: 0.5721) IoU: 0.5769 (Avg: 0.4363)
Train Epoch: [10][10/138] Total Loss: 0.5834 (Avg: 0.6353) Dice: 0.6012 (Avg: 0.5750) IoU: 0.4784 (Avg: 0.4405)
Train Epoch: [10][11/138] Total Loss: 0.5094 (Avg: 0.6238) Dice: 0.6834 (Avg: 0.5848) IoU: 0.5561 (Avg: 0.4510)
Train Epoch: [10][12/138] Total Loss: 0.8289 (Avg: 0.6409) Dice: 0.4037 (Avg: 0.5698) IoU: 0.2875 (Avg: 0.4374)
Train Epoch: [10][13/138] Total Loss: 0.5552 (Avg: 0.6343) Dice: 0.6981 (Avg: 0.5796) IoU: 0.5473 (Avg: 0.4458)
Train Epoch: [10][14/138] Total Loss: 0.6830 (Avg: 0.6378) Dice: 0.4541 (Avg: 0.5707) IoU: 0.3375 (Avg: 0.4381)
Train Epoch: [10][15/138] Total Loss: 0.7255 (Avg: 0.6436) Dice: 0.4769 (Avg: 0.5644) IoU: 0.3250 (Avg: 0.4306)
Train Epoch: [10][16/138] Total Loss: 0.4907 (Avg: 0.6341) Dice: 0.6411 (Avg: 0.5692) IoU: 0.5025 (Avg: 0.4351)
Train Epoch: [10][17/138] Total Loss: 0.6540 (Avg: 0.6352) Dice: 0.6660 (Avg: 0.5749) IoU: 0.5240 (Avg: 0.4403)
Train Epoch: [10][18/138] Total Loss: 0.6812 (Avg: 0.6378) Dice: 0.5221 (Avg: 0.5720) IoU: 0.3730 (Avg: 0.4366)
Train Epoch: [10][19/138] Total Loss: 0.6247 (Avg: 0.6371) Dice: 0.5760 (Avg: 0.5722) IoU: 0.4241 (Avg: 0.4359)
Train Epoch: [10][20/138] Total Loss: 0.7277 (Avg: 0.6416) Dice: 0.4928 (Avg: 0.5682) IoU: 0.3686 (Avg: 0.4325)
Train Epoch: [10][21/138] Total Loss: 0.5699 (Avg: 0.6382) Dice: 0.5688 (Avg: 0.5682) IoU: 0.4060 (Avg: 0.4313)
Train Epoch: [10][22/138] Total Loss: 0.7540 (Avg: 0.6435) Dice: 0.4642 (Avg: 0.5635) IoU: 0.3332 (Avg: 0.4268)
Train Epoch: [10][23/138] Total Loss: 0.6900 (Avg: 0.6455) Dice: 0.4545 (Avg: 0.5588) IoU: 0.3271 (Avg: 0.4225)
Train Epoch: [10][24/138] Total Loss: 0.8298 (Avg: 0.6532) Dice: 0.3895 (Avg: 0.5517) IoU: 0.2633 (Avg: 0.4158)
Train Epoch: [10][25/138] Total Loss: 0.6954 (Avg: 0.6549) Dice: 0.5461 (Avg: 0.5515) IoU: 0.3933 (Avg: 0.4149)
Train Epoch: [10][26/138] Total Loss: 0.5384 (Avg: 0.6504) Dice: 0.6278 (Avg: 0.5544) IoU: 0.5025 (Avg: 0.4183)
Train Epoch: [10][27/138] Total Loss: 0.6550 (Avg: 0.6506) Dice: 0.5749 (Avg: 0.5552) IoU: 0.4101 (Avg: 0.4180)
Train Epoch: [10][28/138] Total Loss: 0.7438 (Avg: 0.6539) Dice: 0.3795 (Avg: 0.5489) IoU: 0.2688 (Avg: 0.4127)
Train Epoch: [10][29/138] Total Loss: 0.6212 (Avg: 0.6528) Dice: 0.5551 (Avg: 0.5491) IoU: 0.4106 (Avg: 0.4126)
Train Epoch: [10][30/138] Total Loss: 0.4706 (Avg: 0.6467) Dice: 0.6626 (Avg: 0.5529) IoU: 0.5134 (Avg: 0.4160)
Train Epoch: [10][31/138] Total Loss: 1.0140 (Avg: 0.6585) Dice: 0.1140 (Avg: 0.5387) IoU: 0.0664 (Avg: 0.4047)
Train Epoch: [10][32/138] Total Loss: 0.8963 (Avg: 0.6660) Dice: 0.2421 (Avg: 0.5295) IoU: 0.1480 (Avg: 0.3967)
Train Epoch: [10][33/138] Total Loss: 0.5640 (Avg: 0.6629) Dice: 0.6072 (Avg: 0.5318) IoU: 0.4571 (Avg: 0.3985)
Train Epoch: [10][34/138] Total Loss: 0.6504 (Avg: 0.6625) Dice: 0.5448 (Avg: 0.5322) IoU: 0.3977 (Avg: 0.3985)
Train Epoch: [10][35/138] Total Loss: 0.4913 (Avg: 0.6576) Dice: 0.6294 (Avg: 0.5350) IoU: 0.4825 (Avg: 0.4009)
Train Epoch: [10][36/138] Total Loss: 0.5644 (Avg: 0.6550) Dice: 0.6516 (Avg: 0.5382) IoU: 0.4894 (Avg: 0.4033)
Train Epoch: [10][37/138] Total Loss: 0.6208 (Avg: 0.6541) Dice: 0.6144 (Avg: 0.5403) IoU: 0.4496 (Avg: 0.4046)
Train Epoch: [10][38/138] Total Loss: 0.7394 (Avg: 0.6564) Dice: 0.4094 (Avg: 0.5368) IoU: 0.3234 (Avg: 0.4024)
Train Epoch: [10][39/138] Total Loss: 0.8161 (Avg: 0.6605) Dice: 0.3187 (Avg: 0.5313) IoU: 0.2168 (Avg: 0.3977)
Train Epoch: [10][40/138] Total Loss: 0.5903 (Avg: 0.6587) Dice: 0.5891 (Avg: 0.5327) IoU: 0.4218 (Avg: 0.3983)
Train Epoch: [10][41/138] Total Loss: 0.3700 (Avg: 0.6517) Dice: 0.7740 (Avg: 0.5386) IoU: 0.6407 (Avg: 0.4042)
Train Epoch: [10][42/138] Total Loss: 0.9778 (Avg: 0.6594) Dice: 0.1971 (Avg: 0.5305) IoU: 0.1231 (Avg: 0.3975)
Train Epoch: [10][43/138] Total Loss: 0.7764 (Avg: 0.6621) Dice: 0.3986 (Avg: 0.5274) IoU: 0.2609 (Avg: 0.3943)
Train Epoch: [10][44/138] Total Loss: 0.6190 (Avg: 0.6612) Dice: 0.5162 (Avg: 0.5271) IoU: 0.3662 (Avg: 0.3937)
Train Epoch: [10][45/138] Total Loss: 0.7243 (Avg: 0.6626) Dice: 0.4283 (Avg: 0.5249) IoU: 0.2905 (Avg: 0.3914)
Train Epoch: [10][46/138] Total Loss: 0.4858 (Avg: 0.6587) Dice: 0.6407 (Avg: 0.5275) IoU: 0.4965 (Avg: 0.3937)
Train Epoch: [10][47/138] Total Loss: 0.6293 (Avg: 0.6581) Dice: 0.5561 (Avg: 0.5281) IoU: 0.4076 (Avg: 0.3940)
Train Epoch: [10][48/138] Total Loss: 0.5890 (Avg: 0.6567) Dice: 0.6136 (Avg: 0.5298) IoU: 0.4542 (Avg: 0.3952)
Train Epoch: [10][49/138] Total Loss: 0.5329 (Avg: 0.6541) Dice: 0.6647 (Avg: 0.5326) IoU: 0.5246 (Avg: 0.3979)
Train Epoch: [10][50/138] Total Loss: 0.5991 (Avg: 0.6530) Dice: 0.6007 (Avg: 0.5340) IoU: 0.4551 (Avg: 0.3990)
Train Epoch: [10][51/138] Total Loss: 0.7122 (Avg: 0.6542) Dice: 0.4760 (Avg: 0.5328) IoU: 0.3503 (Avg: 0.3981)
Train Epoch: [10][52/138] Total Loss: 0.7040 (Avg: 0.6552) Dice: 0.4454 (Avg: 0.5311) IoU: 0.3499 (Avg: 0.3971)
Train Epoch: [10][53/138] Total Loss: 0.6152 (Avg: 0.6544) Dice: 0.6871 (Avg: 0.5341) IoU: 0.5318 (Avg: 0.3997)
Train Epoch: [10][54/138] Total Loss: 0.4946 (Avg: 0.6514) Dice: 0.6848 (Avg: 0.5369) IoU: 0.5364 (Avg: 0.4022)
Train Epoch: [10][55/138] Total Loss: 0.7472 (Avg: 0.6532) Dice: 0.4557 (Avg: 0.5354) IoU: 0.3139 (Avg: 0.4006)
Train Epoch: [10][56/138] Total Loss: 0.6652 (Avg: 0.6534) Dice: 0.6852 (Avg: 0.5381) IoU: 0.5323 (Avg: 0.4030)
Train Epoch: [10][57/138] Total Loss: 0.6426 (Avg: 0.6532) Dice: 0.6633 (Avg: 0.5403) IoU: 0.5125 (Avg: 0.4049)
Train Epoch: [10][58/138] Total Loss: 0.5327 (Avg: 0.6511) Dice: 0.6164 (Avg: 0.5416) IoU: 0.4681 (Avg: 0.4060)
Train Epoch: [10][59/138] Total Loss: 0.7247 (Avg: 0.6524) Dice: 0.4959 (Avg: 0.5408) IoU: 0.3731 (Avg: 0.4054)
Train Epoch: [10][60/138] Total Loss: 0.9174 (Avg: 0.6568) Dice: 0.2026 (Avg: 0.5352) IoU: 0.1270 (Avg: 0.4008)
Train Epoch: [10][61/138] Total Loss: 0.7000 (Avg: 0.6575) Dice: 0.4286 (Avg: 0.5334) IoU: 0.3107 (Avg: 0.3993)
Train Epoch: [10][62/138] Total Loss: 0.7498 (Avg: 0.6590) Dice: 0.4127 (Avg: 0.5315) IoU: 0.3089 (Avg: 0.3978)
Train Epoch: [10][63/138] Total Loss: 0.7912 (Avg: 0.6611) Dice: 0.3463 (Avg: 0.5285) IoU: 0.2319 (Avg: 0.3952)
Train Epoch: [10][64/138] Total Loss: 0.5887 (Avg: 0.6600) Dice: 0.5708 (Avg: 0.5292) IoU: 0.4203 (Avg: 0.3956)
Train Epoch: [10][65/138] Total Loss: 0.6326 (Avg: 0.6595) Dice: 0.5327 (Avg: 0.5293) IoU: 0.3915 (Avg: 0.3955)
Train Epoch: [10][66/138] Total Loss: 0.4217 (Avg: 0.6559) Dice: 0.6753 (Avg: 0.5315) IoU: 0.5138 (Avg: 0.3973)
Train Epoch: [10][67/138] Total Loss: 0.6199 (Avg: 0.6554) Dice: 0.5276 (Avg: 0.5314) IoU: 0.3808 (Avg: 0.3971)
Train Epoch: [10][68/138] Total Loss: 0.6135 (Avg: 0.6548) Dice: 0.5367 (Avg: 0.5315) IoU: 0.3768 (Avg: 0.3968)
Train Epoch: [10][69/138] Total Loss: 0.6018 (Avg: 0.6540) Dice: 0.5198 (Avg: 0.5313) IoU: 0.3666 (Avg: 0.3963)
Train Epoch: [10][70/138] Total Loss: 1.0328 (Avg: 0.6594) Dice: 0.0787 (Avg: 0.5248) IoU: 0.0431 (Avg: 0.3913)
Train Epoch: [10][71/138] Total Loss: 0.8362 (Avg: 0.6619) Dice: 0.2983 (Avg: 0.5217) IoU: 0.2022 (Avg: 0.3886)
Train Epoch: [10][72/138] Total Loss: 0.6729 (Avg: 0.6621) Dice: 0.5419 (Avg: 0.5219) IoU: 0.4105 (Avg: 0.3889)
Train Epoch: [10][73/138] Total Loss: 0.5287 (Avg: 0.6602) Dice: 0.6076 (Avg: 0.5231) IoU: 0.4483 (Avg: 0.3897)
Train Epoch: [10][74/138] Total Loss: 0.5808 (Avg: 0.6592) Dice: 0.5622 (Avg: 0.5236) IoU: 0.4522 (Avg: 0.3906)
Train Epoch: [10][75/138] Total Loss: 0.6489 (Avg: 0.6590) Dice: 0.5655 (Avg: 0.5242) IoU: 0.4081 (Avg: 0.3908)
Train Epoch: [10][76/138] Total Loss: 0.6608 (Avg: 0.6590) Dice: 0.4727 (Avg: 0.5235) IoU: 0.3497 (Avg: 0.3903)
Train Epoch: [10][77/138] Total Loss: 0.8027 (Avg: 0.6609) Dice: 0.3397 (Avg: 0.5211) IoU: 0.2582 (Avg: 0.3886)
Train Epoch: [10][78/138] Total Loss: 0.6138 (Avg: 0.6603) Dice: 0.5274 (Avg: 0.5212) IoU: 0.3838 (Avg: 0.3885)
Train Epoch: [10][79/138] Total Loss: 0.5673 (Avg: 0.6591) Dice: 0.5394 (Avg: 0.5214) IoU: 0.4300 (Avg: 0.3890)
Train Epoch: [10][80/138] Total Loss: 0.5215 (Avg: 0.6574) Dice: 0.6587 (Avg: 0.5232) IoU: 0.4931 (Avg: 0.3903)
Train Epoch: [10][81/138] Total Loss: 0.5351 (Avg: 0.6559) Dice: 0.6248 (Avg: 0.5244) IoU: 0.4642 (Avg: 0.3912)
Train Epoch: [10][82/138] Total Loss: 0.5219 (Avg: 0.6543) Dice: 0.6420 (Avg: 0.5258) IoU: 0.4888 (Avg: 0.3924)
Train Epoch: [10][83/138] Total Loss: 0.7372 (Avg: 0.6553) Dice: 0.4257 (Avg: 0.5246) IoU: 0.2956 (Avg: 0.3913)
Train Epoch: [10][84/138] Total Loss: 0.6524 (Avg: 0.6552) Dice: 0.5199 (Avg: 0.5246) IoU: 0.3822 (Avg: 0.3912)
Train Epoch: [10][85/138] Total Loss: 0.7355 (Avg: 0.6562) Dice: 0.3532 (Avg: 0.5226) IoU: 0.2273 (Avg: 0.3892)
Train Epoch: [10][86/138] Total Loss: 0.6394 (Avg: 0.6560) Dice: 0.5163 (Avg: 0.5225) IoU: 0.4162 (Avg: 0.3895)
Train Epoch: [10][87/138] Total Loss: 0.4955 (Avg: 0.6541) Dice: 0.6777 (Avg: 0.5243) IoU: 0.5183 (Avg: 0.3910)
Train Epoch: [10][88/138] Total Loss: 0.7231 (Avg: 0.6549) Dice: 0.4209 (Avg: 0.5231) IoU: 0.3012 (Avg: 0.3900)
Train Epoch: [10][89/138] Total Loss: 0.5728 (Avg: 0.6540) Dice: 0.5242 (Avg: 0.5231) IoU: 0.4033 (Avg: 0.3902)
Train Epoch: [10][90/138] Total Loss: 0.4739 (Avg: 0.6520) Dice: 0.6738 (Avg: 0.5248) IoU: 0.5232 (Avg: 0.3916)
Train Epoch: [10][91/138] Total Loss: 0.6665 (Avg: 0.6522) Dice: 0.4888 (Avg: 0.5244) IoU: 0.3486 (Avg: 0.3912)
Train Epoch: [10][92/138] Total Loss: 0.5920 (Avg: 0.6515) Dice: 0.6136 (Avg: 0.5254) IoU: 0.4591 (Avg: 0.3919)
Train Epoch: [10][93/138] Total Loss: 0.9341 (Avg: 0.6545) Dice: 0.1911 (Avg: 0.5218) IoU: 0.1359 (Avg: 0.3891)
Train Epoch: [10][94/138] Total Loss: 0.5647 (Avg: 0.6536) Dice: 0.6178 (Avg: 0.5228) IoU: 0.4582 (Avg: 0.3899)
Train Epoch: [10][95/138] Total Loss: 0.5482 (Avg: 0.6525) Dice: 0.6199 (Avg: 0.5238) IoU: 0.4563 (Avg: 0.3906)
Train Epoch: [10][96/138] Total Loss: 0.6438 (Avg: 0.6524) Dice: 0.5160 (Avg: 0.5237) IoU: 0.3978 (Avg: 0.3907)
Train Epoch: [10][97/138] Total Loss: 0.4787 (Avg: 0.6506) Dice: 0.7426 (Avg: 0.5260) IoU: 0.5922 (Avg: 0.3927)
Train Epoch: [10][98/138] Total Loss: 0.7138 (Avg: 0.6512) Dice: 0.4322 (Avg: 0.5250) IoU: 0.3329 (Avg: 0.3921)
Train Epoch: [10][99/138] Total Loss: 0.7983 (Avg: 0.6527) Dice: 0.3577 (Avg: 0.5233) IoU: 0.2352 (Avg: 0.3905)
Train Epoch: [10][100/138] Total Loss: 0.7574 (Avg: 0.6538) Dice: 0.6869 (Avg: 0.5250) IoU: 0.5240 (Avg: 0.3919)
Train Epoch: [10][101/138] Total Loss: 0.8151 (Avg: 0.6554) Dice: 0.2939 (Avg: 0.5227) IoU: 0.2034 (Avg: 0.3900)
Train Epoch: [10][102/138] Total Loss: 0.8617 (Avg: 0.6574) Dice: 0.2825 (Avg: 0.5203) IoU: 0.1978 (Avg: 0.3881)
Train Epoch: [10][103/138] Total Loss: 0.6106 (Avg: 0.6569) Dice: 0.5069 (Avg: 0.5202) IoU: 0.3569 (Avg: 0.3878)
Train Epoch: [10][104/138] Total Loss: 0.6435 (Avg: 0.6568) Dice: 0.5037 (Avg: 0.5200) IoU: 0.3796 (Avg: 0.3877)
Train Epoch: [10][105/138] Total Loss: 0.9284 (Avg: 0.6594) Dice: 0.2223 (Avg: 0.5172) IoU: 0.1547 (Avg: 0.3855)
Train Epoch: [10][106/138] Total Loss: 0.7459 (Avg: 0.6602) Dice: 0.4175 (Avg: 0.5163) IoU: 0.3098 (Avg: 0.3848)
Train Epoch: [10][107/138] Total Loss: 0.6694 (Avg: 0.6603) Dice: 0.4927 (Avg: 0.5161) IoU: 0.3613 (Avg: 0.3846)
Train Epoch: [10][108/138] Total Loss: 0.5282 (Avg: 0.6591) Dice: 0.6663 (Avg: 0.5174) IoU: 0.5115 (Avg: 0.3858)
Train Epoch: [10][109/138] Total Loss: 0.6162 (Avg: 0.6587) Dice: 0.6139 (Avg: 0.5183) IoU: 0.4546 (Avg: 0.3864)
Train Epoch: [10][110/138] Total Loss: 0.8802 (Avg: 0.6607) Dice: 0.2418 (Avg: 0.5158) IoU: 0.1649 (Avg: 0.3844)
Train Epoch: [10][111/138] Total Loss: 0.5435 (Avg: 0.6596) Dice: 0.5913 (Avg: 0.5165) IoU: 0.4247 (Avg: 0.3847)
Train Epoch: [10][112/138] Total Loss: 0.7296 (Avg: 0.6603) Dice: 0.4079 (Avg: 0.5155) IoU: 0.3071 (Avg: 0.3840)
Train Epoch: [10][113/138] Total Loss: 0.6795 (Avg: 0.6604) Dice: 0.4678 (Avg: 0.5151) IoU: 0.3905 (Avg: 0.3841)
Train Epoch: [10][114/138] Total Loss: 0.4986 (Avg: 0.6590) Dice: 0.6396 (Avg: 0.5162) IoU: 0.5065 (Avg: 0.3852)
Train Epoch: [10][115/138] Total Loss: 0.5182 (Avg: 0.6578) Dice: 0.6299 (Avg: 0.5172) IoU: 0.4643 (Avg: 0.3859)
Train Epoch: [10][116/138] Total Loss: 0.8470 (Avg: 0.6594) Dice: 0.2817 (Avg: 0.5152) IoU: 0.1738 (Avg: 0.3840)
Train Epoch: [10][117/138] Total Loss: 0.6797 (Avg: 0.6596) Dice: 0.4812 (Avg: 0.5149) IoU: 0.3568 (Avg: 0.3838)
Train Epoch: [10][118/138] Total Loss: 0.5001 (Avg: 0.6582) Dice: 0.7040 (Avg: 0.5165) IoU: 0.5580 (Avg: 0.3853)
Train Epoch: [10][119/138] Total Loss: 0.6552 (Avg: 0.6582) Dice: 0.4497 (Avg: 0.5159) IoU: 0.3255 (Avg: 0.3848)
Train Epoch: [10][120/138] Total Loss: 0.5236 (Avg: 0.6571) Dice: 0.6105 (Avg: 0.5167) IoU: 0.4659 (Avg: 0.3855)
Train Epoch: [10][121/138] Total Loss: 0.7799 (Avg: 0.6581) Dice: 0.3374 (Avg: 0.5152) IoU: 0.2173 (Avg: 0.3841)
Train Epoch: [10][122/138] Total Loss: 0.5146 (Avg: 0.6569) Dice: 0.8753 (Avg: 0.5182) IoU: 0.5365 (Avg: 0.3853)
Train Epoch: [10][123/138] Total Loss: 0.5561 (Avg: 0.6561) Dice: 0.5562 (Avg: 0.5185) IoU: 0.4093 (Avg: 0.3855)
Train Epoch: [10][124/138] Total Loss: 0.5057 (Avg: 0.6549) Dice: 0.6043 (Avg: 0.5192) IoU: 0.4775 (Avg: 0.3863)
Train Epoch: [10][125/138] Total Loss: 0.7023 (Avg: 0.6553) Dice: 0.4602 (Avg: 0.5187) IoU: 0.3664 (Avg: 0.3861)
Train Epoch: [10][126/138] Total Loss: 0.6823 (Avg: 0.6555) Dice: 0.4758 (Avg: 0.5184) IoU: 0.3527 (Avg: 0.3858)
Train Epoch: [10][127/138] Total Loss: 0.6052 (Avg: 0.6551) Dice: 0.4959 (Avg: 0.5182) IoU: 0.3741 (Avg: 0.3857)
Train Epoch: [10][128/138] Total Loss: 0.3978 (Avg: 0.6531) Dice: 0.7419 (Avg: 0.5199) IoU: 0.6033 (Avg: 0.3874)
Train Epoch: [10][129/138] Total Loss: 0.5273 (Avg: 0.6521) Dice: 0.6172 (Avg: 0.5207) IoU: 0.4732 (Avg: 0.3881)
Train Epoch: [10][130/138] Total Loss: 0.4183 (Avg: 0.6503) Dice: 0.6989 (Avg: 0.5220) IoU: 0.5518 (Avg: 0.3894)
Train Epoch: [10][131/138] Total Loss: 0.6991 (Avg: 0.6507) Dice: 0.4443 (Avg: 0.5215) IoU: 0.3127 (Avg: 0.3888)
Train Epoch: [10][132/138] Total Loss: 0.7704 (Avg: 0.6516) Dice: 0.3602 (Avg: 0.5202) IoU: 0.2382 (Avg: 0.3876)
Train Epoch: [10][133/138] Total Loss: 0.6872 (Avg: 0.6519) Dice: 0.4199 (Avg: 0.5195) IoU: 0.3165 (Avg: 0.3871)
Train Epoch: [10][134/138] Total Loss: 0.6549 (Avg: 0.6519) Dice: 0.4470 (Avg: 0.5189) IoU: 0.3169 (Avg: 0.3866)
Train Epoch: [10][135/138] Total Loss: 0.6645 (Avg: 0.6520) Dice: 0.5791 (Avg: 0.5194) IoU: 0.4241 (Avg: 0.3869)
Train Epoch: [10][136/138] Total Loss: 0.7716 (Avg: 0.6529) Dice: 0.3659 (Avg: 0.5183) IoU: 0.2633 (Avg: 0.3859)
Train Epoch: [10][137/138] Total Loss: 0.7066 (Avg: 0.6532) Dice: 0.4554 (Avg: 0.5178) IoU: 0.3417 (Avg: 0.3856)
Train Epoch: [10][138/138] Total Loss: 0.1514 (Avg: 0.6488) Dice: 0.8924 (Avg: 0.5157) IoU: 0.8058 (Avg: 0.3843)
Validation Epoch: [10] Avg Loss: 0.5233 Avg Dice: 0.4758 Avg IoU: 0.3518

========= Epoch [11/50] =========
Train Epoch: [11][1/138] Total Loss: 0.8529 (Avg: 0.8529) Dice: 0.2891 (Avg: 0.2891) IoU: 0.2039 (Avg: 0.2039)
Train Epoch: [11][2/138] Total Loss: 0.7456 (Avg: 0.7993) Dice: 0.3749 (Avg: 0.3320) IoU: 0.2577 (Avg: 0.2308)
Train Epoch: [11][3/138] Total Loss: 0.3736 (Avg: 0.6574) Dice: 0.7927 (Avg: 0.4856) IoU: 0.6653 (Avg: 0.3756)
Train Epoch: [11][4/138] Total Loss: 0.6047 (Avg: 0.6442) Dice: 0.5225 (Avg: 0.4948) IoU: 0.4099 (Avg: 0.3842)
Train Epoch: [11][5/138] Total Loss: 0.7430 (Avg: 0.6640) Dice: 0.3946 (Avg: 0.4748) IoU: 0.2531 (Avg: 0.3580)
Train Epoch: [11][6/138] Total Loss: 0.3511 (Avg: 0.6118) Dice: 0.8307 (Avg: 0.5341) IoU: 0.7127 (Avg: 0.4171)
Train Epoch: [11][7/138] Total Loss: 0.5794 (Avg: 0.6072) Dice: 0.5138 (Avg: 0.5312) IoU: 0.4158 (Avg: 0.4169)
Train Epoch: [11][8/138] Total Loss: 0.6802 (Avg: 0.6163) Dice: 0.4141 (Avg: 0.5166) IoU: 0.3367 (Avg: 0.4069)
Train Epoch: [11][9/138] Total Loss: 0.6204 (Avg: 0.6168) Dice: 0.4901 (Avg: 0.5136) IoU: 0.3418 (Avg: 0.3997)
Train Epoch: [11][10/138] Total Loss: 0.5971 (Avg: 0.6148) Dice: 0.5424 (Avg: 0.5165) IoU: 0.3877 (Avg: 0.3985)
Train Epoch: [11][11/138] Total Loss: 0.6216 (Avg: 0.6154) Dice: 0.4929 (Avg: 0.5144) IoU: 0.3772 (Avg: 0.3965)
Train Epoch: [11][12/138] Total Loss: 0.6325 (Avg: 0.6169) Dice: 0.4639 (Avg: 0.5101) IoU: 0.3672 (Avg: 0.3941)
Train Epoch: [11][13/138] Total Loss: 0.6583 (Avg: 0.6200) Dice: 0.4931 (Avg: 0.5088) IoU: 0.3728 (Avg: 0.3925)
Train Epoch: [11][14/138] Total Loss: 0.4538 (Avg: 0.6082) Dice: 0.6861 (Avg: 0.5215) IoU: 0.5352 (Avg: 0.4026)
Train Epoch: [11][15/138] Total Loss: 0.4406 (Avg: 0.5970) Dice: 0.6922 (Avg: 0.5329) IoU: 0.5306 (Avg: 0.4112)
Train Epoch: [11][16/138] Total Loss: 0.4682 (Avg: 0.5889) Dice: 0.6681 (Avg: 0.5413) IoU: 0.5149 (Avg: 0.4177)
Train Epoch: [11][17/138] Total Loss: 0.8765 (Avg: 0.6059) Dice: 0.2904 (Avg: 0.5266) IoU: 0.1712 (Avg: 0.4032)
Train Epoch: [11][18/138] Total Loss: 0.9559 (Avg: 0.6253) Dice: 0.1762 (Avg: 0.5071) IoU: 0.1036 (Avg: 0.3865)
Train Epoch: [11][19/138] Total Loss: 0.6392 (Avg: 0.6260) Dice: 0.6349 (Avg: 0.5138) IoU: 0.4797 (Avg: 0.3914)
Train Epoch: [11][20/138] Total Loss: 0.8887 (Avg: 0.6392) Dice: 0.2365 (Avg: 0.5000) IoU: 0.1651 (Avg: 0.3801)
Train Epoch: [11][21/138] Total Loss: 0.5789 (Avg: 0.6363) Dice: 0.5468 (Avg: 0.5022) IoU: 0.4492 (Avg: 0.3834)
Train Epoch: [11][22/138] Total Loss: 0.6425 (Avg: 0.6366) Dice: 0.4564 (Avg: 0.5001) IoU: 0.3378 (Avg: 0.3813)
Train Epoch: [11][23/138] Total Loss: 0.7293 (Avg: 0.6406) Dice: 0.4244 (Avg: 0.4968) IoU: 0.2927 (Avg: 0.3775)
Train Epoch: [11][24/138] Total Loss: 0.6208 (Avg: 0.6398) Dice: 0.5108 (Avg: 0.4974) IoU: 0.3926 (Avg: 0.3781)
Train Epoch: [11][25/138] Total Loss: 0.6047 (Avg: 0.6384) Dice: 0.4446 (Avg: 0.4953) IoU: 0.3281 (Avg: 0.3761)
Train Epoch: [11][26/138] Total Loss: 0.8389 (Avg: 0.6461) Dice: 0.3150 (Avg: 0.4883) IoU: 0.2245 (Avg: 0.3703)
Train Epoch: [11][27/138] Total Loss: 0.4333 (Avg: 0.6382) Dice: 0.7467 (Avg: 0.4979) IoU: 0.5990 (Avg: 0.3787)
Train Epoch: [11][28/138] Total Loss: 0.5778 (Avg: 0.6361) Dice: 0.5543 (Avg: 0.4999) IoU: 0.4326 (Avg: 0.3807)
Train Epoch: [11][29/138] Total Loss: 0.5342 (Avg: 0.6325) Dice: 0.6056 (Avg: 0.5036) IoU: 0.4819 (Avg: 0.3842)
Train Epoch: [11][30/138] Total Loss: 0.9824 (Avg: 0.6442) Dice: 0.1825 (Avg: 0.4929) IoU: 0.1190 (Avg: 0.3753)
Train Epoch: [11][31/138] Total Loss: 0.4598 (Avg: 0.6383) Dice: 0.6489 (Avg: 0.4979) IoU: 0.4895 (Avg: 0.3790)
Train Epoch: [11][32/138] Total Loss: 0.4068 (Avg: 0.6310) Dice: 0.7307 (Avg: 0.5052) IoU: 0.5840 (Avg: 0.3854)
Train Epoch: [11][33/138] Total Loss: 0.6124 (Avg: 0.6305) Dice: 0.5164 (Avg: 0.5055) IoU: 0.3668 (Avg: 0.3848)
Train Epoch: [11][34/138] Total Loss: 0.4718 (Avg: 0.6258) Dice: 0.6821 (Avg: 0.5107) IoU: 0.5250 (Avg: 0.3890)
Train Epoch: [11][35/138] Total Loss: 0.8558 (Avg: 0.6324) Dice: 0.2179 (Avg: 0.5024) IoU: 0.1498 (Avg: 0.3821)
Train Epoch: [11][36/138] Total Loss: 0.5315 (Avg: 0.6296) Dice: 0.6108 (Avg: 0.5054) IoU: 0.4602 (Avg: 0.3843)
Train Epoch: [11][37/138] Total Loss: 0.5599 (Avg: 0.6277) Dice: 0.5087 (Avg: 0.5055) IoU: 0.3865 (Avg: 0.3844)
Train Epoch: [11][38/138] Total Loss: 0.4725 (Avg: 0.6236) Dice: 0.7389 (Avg: 0.5116) IoU: 0.5961 (Avg: 0.3899)
Train Epoch: [11][39/138] Total Loss: 0.6033 (Avg: 0.6231) Dice: 0.5326 (Avg: 0.5121) IoU: 0.3760 (Avg: 0.3896)
Train Epoch: [11][40/138] Total Loss: 0.5908 (Avg: 0.6223) Dice: 0.5499 (Avg: 0.5131) IoU: 0.3813 (Avg: 0.3894)
Train Epoch: [11][41/138] Total Loss: 0.7309 (Avg: 0.6249) Dice: 0.4169 (Avg: 0.5107) IoU: 0.2904 (Avg: 0.3870)
Train Epoch: [11][42/138] Total Loss: 0.4111 (Avg: 0.6198) Dice: 0.7491 (Avg: 0.5164) IoU: 0.6028 (Avg: 0.3921)
Train Epoch: [11][43/138] Total Loss: 0.5014 (Avg: 0.6171) Dice: 0.6401 (Avg: 0.5193) IoU: 0.4762 (Avg: 0.3941)
Train Epoch: [11][44/138] Total Loss: 0.4982 (Avg: 0.6144) Dice: 0.6456 (Avg: 0.5222) IoU: 0.4883 (Avg: 0.3962)
Train Epoch: [11][45/138] Total Loss: 0.6831 (Avg: 0.6159) Dice: 0.4900 (Avg: 0.5214) IoU: 0.3308 (Avg: 0.3947)
Train Epoch: [11][46/138] Total Loss: 0.4849 (Avg: 0.6131) Dice: 0.6248 (Avg: 0.5237) IoU: 0.5022 (Avg: 0.3971)
Train Epoch: [11][47/138] Total Loss: 0.5925 (Avg: 0.6126) Dice: 0.5558 (Avg: 0.5244) IoU: 0.4520 (Avg: 0.3982)
Train Epoch: [11][48/138] Total Loss: 0.6129 (Avg: 0.6126) Dice: 0.6208 (Avg: 0.5264) IoU: 0.4704 (Avg: 0.3997)
Train Epoch: [11][49/138] Total Loss: 0.3564 (Avg: 0.6074) Dice: 0.7689 (Avg: 0.5313) IoU: 0.6308 (Avg: 0.4045)
Train Epoch: [11][50/138] Total Loss: 0.7831 (Avg: 0.6109) Dice: 0.3470 (Avg: 0.5276) IoU: 0.2715 (Avg: 0.4018)
Train Epoch: [11][51/138] Total Loss: 0.6000 (Avg: 0.6107) Dice: 0.5630 (Avg: 0.5283) IoU: 0.4086 (Avg: 0.4019)
Train Epoch: [11][52/138] Total Loss: 0.5779 (Avg: 0.6101) Dice: 0.5606 (Avg: 0.5290) IoU: 0.4261 (Avg: 0.4024)
Train Epoch: [11][53/138] Total Loss: 0.5670 (Avg: 0.6093) Dice: 0.5856 (Avg: 0.5300) IoU: 0.4357 (Avg: 0.4030)
Train Epoch: [11][54/138] Total Loss: 0.5596 (Avg: 0.6083) Dice: 0.5787 (Avg: 0.5309) IoU: 0.4248 (Avg: 0.4034)
Train Epoch: [11][55/138] Total Loss: 0.4739 (Avg: 0.6059) Dice: 0.6227 (Avg: 0.5326) IoU: 0.4897 (Avg: 0.4050)
Train Epoch: [11][56/138] Total Loss: 0.6338 (Avg: 0.6064) Dice: 0.4781 (Avg: 0.5316) IoU: 0.3641 (Avg: 0.4043)
Train Epoch: [11][57/138] Total Loss: 0.5518 (Avg: 0.6054) Dice: 0.6167 (Avg: 0.5331) IoU: 0.4805 (Avg: 0.4056)
Train Epoch: [11][58/138] Total Loss: 0.8182 (Avg: 0.6091) Dice: 0.3030 (Avg: 0.5291) IoU: 0.2210 (Avg: 0.4024)
Train Epoch: [11][59/138] Total Loss: 0.6221 (Avg: 0.6093) Dice: 0.4910 (Avg: 0.5285) IoU: 0.3828 (Avg: 0.4021)
Train Epoch: [11][60/138] Total Loss: 0.4375 (Avg: 0.6065) Dice: 0.7447 (Avg: 0.5321) IoU: 0.5988 (Avg: 0.4054)
Train Epoch: [11][61/138] Total Loss: 0.4416 (Avg: 0.6038) Dice: 0.6717 (Avg: 0.5344) IoU: 0.5170 (Avg: 0.4072)
Train Epoch: [11][62/138] Total Loss: 0.5282 (Avg: 0.6025) Dice: 0.6452 (Avg: 0.5362) IoU: 0.4927 (Avg: 0.4086)
Train Epoch: [11][63/138] Total Loss: 0.4731 (Avg: 0.6005) Dice: 0.6475 (Avg: 0.5379) IoU: 0.4846 (Avg: 0.4098)
Train Epoch: [11][64/138] Total Loss: 0.6635 (Avg: 0.6015) Dice: 0.5795 (Avg: 0.5386) IoU: 0.4191 (Avg: 0.4099)
Train Epoch: [11][65/138] Total Loss: 0.5832 (Avg: 0.6012) Dice: 0.5554 (Avg: 0.5389) IoU: 0.4426 (Avg: 0.4104)
Train Epoch: [11][66/138] Total Loss: 0.9638 (Avg: 0.6067) Dice: 0.1266 (Avg: 0.5326) IoU: 0.0702 (Avg: 0.4053)
Train Epoch: [11][67/138] Total Loss: 0.5261 (Avg: 0.6055) Dice: 0.6021 (Avg: 0.5336) IoU: 0.4787 (Avg: 0.4064)
Train Epoch: [11][68/138] Total Loss: 0.5646 (Avg: 0.6049) Dice: 0.5792 (Avg: 0.5343) IoU: 0.4172 (Avg: 0.4065)
Train Epoch: [11][69/138] Total Loss: 0.5671 (Avg: 0.6043) Dice: 0.6403 (Avg: 0.5358) IoU: 0.4907 (Avg: 0.4078)
Train Epoch: [11][70/138] Total Loss: 0.5398 (Avg: 0.6034) Dice: 0.6079 (Avg: 0.5369) IoU: 0.4508 (Avg: 0.4084)
Train Epoch: [11][71/138] Total Loss: 0.4104 (Avg: 0.6007) Dice: 0.7244 (Avg: 0.5395) IoU: 0.6049 (Avg: 0.4111)
Train Epoch: [11][72/138] Total Loss: 0.4944 (Avg: 0.5992) Dice: 0.6668 (Avg: 0.5413) IoU: 0.5054 (Avg: 0.4124)
Train Epoch: [11][73/138] Total Loss: 0.5183 (Avg: 0.5981) Dice: 0.6044 (Avg: 0.5422) IoU: 0.4503 (Avg: 0.4130)
Train Epoch: [11][74/138] Total Loss: 0.6292 (Avg: 0.5985) Dice: 0.5294 (Avg: 0.5420) IoU: 0.3674 (Avg: 0.4123)
Train Epoch: [11][75/138] Total Loss: 0.6412 (Avg: 0.5991) Dice: 0.4847 (Avg: 0.5412) IoU: 0.3311 (Avg: 0.4113)
Train Epoch: [11][76/138] Total Loss: 0.4933 (Avg: 0.5977) Dice: 0.7111 (Avg: 0.5435) IoU: 0.5639 (Avg: 0.4133)
Train Epoch: [11][77/138] Total Loss: 0.7306 (Avg: 0.5994) Dice: 0.4070 (Avg: 0.5417) IoU: 0.3058 (Avg: 0.4119)
Train Epoch: [11][78/138] Total Loss: 0.6406 (Avg: 0.6000) Dice: 0.5255 (Avg: 0.5415) IoU: 0.4123 (Avg: 0.4119)
Train Epoch: [11][79/138] Total Loss: 0.5918 (Avg: 0.5998) Dice: 0.5602 (Avg: 0.5417) IoU: 0.4283 (Avg: 0.4121)
Train Epoch: [11][80/138] Total Loss: 0.6898 (Avg: 0.6010) Dice: 0.4674 (Avg: 0.5408) IoU: 0.3366 (Avg: 0.4111)
Train Epoch: [11][81/138] Total Loss: 0.5934 (Avg: 0.6009) Dice: 0.6283 (Avg: 0.5419) IoU: 0.4816 (Avg: 0.4120)
Train Epoch: [11][82/138] Total Loss: 0.7894 (Avg: 0.6032) Dice: 0.4103 (Avg: 0.5403) IoU: 0.2716 (Avg: 0.4103)
Train Epoch: [11][83/138] Total Loss: 0.3991 (Avg: 0.6007) Dice: 0.7125 (Avg: 0.5423) IoU: 0.5596 (Avg: 0.4121)
Train Epoch: [11][84/138] Total Loss: 0.4914 (Avg: 0.5994) Dice: 0.5847 (Avg: 0.5428) IoU: 0.4765 (Avg: 0.4129)
Train Epoch: [11][85/138] Total Loss: 0.4479 (Avg: 0.5976) Dice: 0.7526 (Avg: 0.5453) IoU: 0.6035 (Avg: 0.4151)
Train Epoch: [11][86/138] Total Loss: 0.4936 (Avg: 0.5964) Dice: 0.6347 (Avg: 0.5463) IoU: 0.4778 (Avg: 0.4158)
Train Epoch: [11][87/138] Total Loss: 0.6605 (Avg: 0.5972) Dice: 0.4741 (Avg: 0.5455) IoU: 0.3238 (Avg: 0.4148)
Train Epoch: [11][88/138] Total Loss: 0.4582 (Avg: 0.5956) Dice: 0.7417 (Avg: 0.5477) IoU: 0.5911 (Avg: 0.4168)
Train Epoch: [11][89/138] Total Loss: 0.7358 (Avg: 0.5972) Dice: 0.4643 (Avg: 0.5468) IoU: 0.3577 (Avg: 0.4161)
Train Epoch: [11][90/138] Total Loss: 0.6446 (Avg: 0.5977) Dice: 0.4895 (Avg: 0.5462) IoU: 0.3738 (Avg: 0.4157)
Train Epoch: [11][91/138] Total Loss: 0.6312 (Avg: 0.5981) Dice: 0.5688 (Avg: 0.5464) IoU: 0.4269 (Avg: 0.4158)
Train Epoch: [11][92/138] Total Loss: 0.4926 (Avg: 0.5969) Dice: 0.6607 (Avg: 0.5477) IoU: 0.5001 (Avg: 0.4167)
Train Epoch: [11][93/138] Total Loss: 0.4854 (Avg: 0.5957) Dice: 0.6620 (Avg: 0.5489) IoU: 0.5151 (Avg: 0.4177)
Train Epoch: [11][94/138] Total Loss: 0.6572 (Avg: 0.5964) Dice: 0.5349 (Avg: 0.5487) IoU: 0.3830 (Avg: 0.4174)
Train Epoch: [11][95/138] Total Loss: 0.6387 (Avg: 0.5968) Dice: 0.4511 (Avg: 0.5477) IoU: 0.3353 (Avg: 0.4165)
Train Epoch: [11][96/138] Total Loss: 0.5540 (Avg: 0.5964) Dice: 0.6083 (Avg: 0.5483) IoU: 0.4657 (Avg: 0.4170)
Train Epoch: [11][97/138] Total Loss: 0.5965 (Avg: 0.5964) Dice: 0.5112 (Avg: 0.5480) IoU: 0.3955 (Avg: 0.4168)
Train Epoch: [11][98/138] Total Loss: 0.6140 (Avg: 0.5965) Dice: 0.5280 (Avg: 0.5478) IoU: 0.4197 (Avg: 0.4168)
Train Epoch: [11][99/138] Total Loss: 0.5457 (Avg: 0.5960) Dice: 0.5227 (Avg: 0.5475) IoU: 0.4027 (Avg: 0.4167)
Train Epoch: [11][100/138] Total Loss: 0.4038 (Avg: 0.5941) Dice: 0.7791 (Avg: 0.5498) IoU: 0.6492 (Avg: 0.4190)
Train Epoch: [11][101/138] Total Loss: 0.5189 (Avg: 0.5934) Dice: 0.5898 (Avg: 0.5502) IoU: 0.4337 (Avg: 0.4192)
Train Epoch: [11][102/138] Total Loss: 0.6470 (Avg: 0.5939) Dice: 0.5616 (Avg: 0.5503) IoU: 0.4504 (Avg: 0.4195)
Train Epoch: [11][103/138] Total Loss: 0.4463 (Avg: 0.5925) Dice: 0.6624 (Avg: 0.5514) IoU: 0.5129 (Avg: 0.4204)
Train Epoch: [11][104/138] Total Loss: 0.4260 (Avg: 0.5909) Dice: 0.7011 (Avg: 0.5529) IoU: 0.5400 (Avg: 0.4215)
Train Epoch: [11][105/138] Total Loss: 0.6721 (Avg: 0.5916) Dice: 0.4768 (Avg: 0.5521) IoU: 0.3502 (Avg: 0.4208)
Train Epoch: [11][106/138] Total Loss: 0.5599 (Avg: 0.5913) Dice: 0.5357 (Avg: 0.5520) IoU: 0.4078 (Avg: 0.4207)
Train Epoch: [11][107/138] Total Loss: 0.5469 (Avg: 0.5909) Dice: 0.5923 (Avg: 0.5524) IoU: 0.4912 (Avg: 0.4214)
Train Epoch: [11][108/138] Total Loss: 0.6006 (Avg: 0.5910) Dice: 0.5030 (Avg: 0.5519) IoU: 0.3612 (Avg: 0.4208)
Train Epoch: [11][109/138] Total Loss: 0.7425 (Avg: 0.5924) Dice: 0.3885 (Avg: 0.5504) IoU: 0.2683 (Avg: 0.4194)
Train Epoch: [11][110/138] Total Loss: 0.5326 (Avg: 0.5919) Dice: 0.5984 (Avg: 0.5508) IoU: 0.4510 (Avg: 0.4197)
Train Epoch: [11][111/138] Total Loss: 0.4662 (Avg: 0.5907) Dice: 0.6711 (Avg: 0.5519) IoU: 0.5185 (Avg: 0.4206)
Train Epoch: [11][112/138] Total Loss: 0.8243 (Avg: 0.5928) Dice: 0.3293 (Avg: 0.5499) IoU: 0.2181 (Avg: 0.4188)
Train Epoch: [11][113/138] Total Loss: 0.6542 (Avg: 0.5933) Dice: 0.4881 (Avg: 0.5494) IoU: 0.3570 (Avg: 0.4182)
Train Epoch: [11][114/138] Total Loss: 0.7206 (Avg: 0.5945) Dice: 0.3832 (Avg: 0.5479) IoU: 0.2916 (Avg: 0.4171)
Train Epoch: [11][115/138] Total Loss: 0.3547 (Avg: 0.5924) Dice: 0.7722 (Avg: 0.5499) IoU: 0.6422 (Avg: 0.4191)
Train Epoch: [11][116/138] Total Loss: 0.3860 (Avg: 0.5906) Dice: 0.7568 (Avg: 0.5517) IoU: 0.6107 (Avg: 0.4207)
Train Epoch: [11][117/138] Total Loss: 0.5809 (Avg: 0.5905) Dice: 0.5633 (Avg: 0.5518) IoU: 0.4254 (Avg: 0.4208)
Train Epoch: [11][118/138] Total Loss: 0.5928 (Avg: 0.5905) Dice: 0.5073 (Avg: 0.5514) IoU: 0.3503 (Avg: 0.4202)
Train Epoch: [11][119/138] Total Loss: 0.5295 (Avg: 0.5900) Dice: 0.6664 (Avg: 0.5523) IoU: 0.5271 (Avg: 0.4211)
Train Epoch: [11][120/138] Total Loss: 0.4890 (Avg: 0.5892) Dice: 0.6760 (Avg: 0.5534) IoU: 0.5576 (Avg: 0.4222)
Train Epoch: [11][121/138] Total Loss: 0.4466 (Avg: 0.5880) Dice: 0.6757 (Avg: 0.5544) IoU: 0.5205 (Avg: 0.4230)
Train Epoch: [11][122/138] Total Loss: 0.6325 (Avg: 0.5884) Dice: 0.4951 (Avg: 0.5539) IoU: 0.3509 (Avg: 0.4224)
Train Epoch: [11][123/138] Total Loss: 0.5110 (Avg: 0.5877) Dice: 0.5807 (Avg: 0.5541) IoU: 0.4259 (Avg: 0.4225)
Train Epoch: [11][124/138] Total Loss: 0.4079 (Avg: 0.5863) Dice: 0.7022 (Avg: 0.5553) IoU: 0.5454 (Avg: 0.4235)
Train Epoch: [11][125/138] Total Loss: 0.6361 (Avg: 0.5867) Dice: 0.6116 (Avg: 0.5558) IoU: 0.4534 (Avg: 0.4237)
Train Epoch: [11][126/138] Total Loss: 0.6492 (Avg: 0.5872) Dice: 0.4822 (Avg: 0.5552) IoU: 0.3711 (Avg: 0.4233)
Train Epoch: [11][127/138] Total Loss: 0.4907 (Avg: 0.5864) Dice: 0.7129 (Avg: 0.5564) IoU: 0.5562 (Avg: 0.4243)
Train Epoch: [11][128/138] Total Loss: 0.5137 (Avg: 0.5859) Dice: 0.6052 (Avg: 0.5568) IoU: 0.4542 (Avg: 0.4246)
Train Epoch: [11][129/138] Total Loss: 0.7898 (Avg: 0.5874) Dice: 0.3728 (Avg: 0.5554) IoU: 0.2654 (Avg: 0.4233)
Train Epoch: [11][130/138] Total Loss: 0.6324 (Avg: 0.5878) Dice: 0.5443 (Avg: 0.5553) IoU: 0.3997 (Avg: 0.4232)
Train Epoch: [11][131/138] Total Loss: 0.5603 (Avg: 0.5876) Dice: 0.6089 (Avg: 0.5557) IoU: 0.4427 (Avg: 0.4233)
Train Epoch: [11][132/138] Total Loss: 0.7033 (Avg: 0.5885) Dice: 0.4266 (Avg: 0.5547) IoU: 0.3196 (Avg: 0.4225)
Train Epoch: [11][133/138] Total Loss: 0.8529 (Avg: 0.5904) Dice: 0.2914 (Avg: 0.5527) IoU: 0.1859 (Avg: 0.4207)
Train Epoch: [11][134/138] Total Loss: 0.5653 (Avg: 0.5903) Dice: 0.5436 (Avg: 0.5527) IoU: 0.3850 (Avg: 0.4205)
Train Epoch: [11][135/138] Total Loss: 0.6825 (Avg: 0.5909) Dice: 0.5308 (Avg: 0.5525) IoU: 0.3885 (Avg: 0.4202)
Train Epoch: [11][136/138] Total Loss: 0.7325 (Avg: 0.5920) Dice: 0.4479 (Avg: 0.5517) IoU: 0.3359 (Avg: 0.4196)
Train Epoch: [11][137/138] Total Loss: 0.5311 (Avg: 0.5915) Dice: 0.5938 (Avg: 0.5521) IoU: 0.4580 (Avg: 0.4199)
Train Epoch: [11][138/138] Total Loss: 0.4379 (Avg: 0.5880) Dice: 0.5059 (Avg: 0.5490) IoU: 0.3386 (Avg: 0.4175)
Validation Epoch: [11] Avg Loss: 0.4630 Avg Dice: 0.5209 Avg IoU: 0.3955
	 Best dice improved from 0.5092 to 0.5209

========= Epoch [12/50] =========
Train Epoch: [12][1/138] Total Loss: 0.5571 (Avg: 0.5571) Dice: 0.5880 (Avg: 0.5880) IoU: 0.4493 (Avg: 0.4493)
Train Epoch: [12][2/138] Total Loss: 0.7426 (Avg: 0.6499) Dice: 0.4024 (Avg: 0.4952) IoU: 0.2795 (Avg: 0.3644)
Train Epoch: [12][3/138] Total Loss: 0.4785 (Avg: 0.5928) Dice: 0.7292 (Avg: 0.5732) IoU: 0.5785 (Avg: 0.4358)
Train Epoch: [12][4/138] Total Loss: 0.4666 (Avg: 0.5612) Dice: 0.6642 (Avg: 0.5959) IoU: 0.5104 (Avg: 0.4544)
Train Epoch: [12][5/138] Total Loss: 0.9689 (Avg: 0.6428) Dice: 0.2071 (Avg: 0.5182) IoU: 0.1208 (Avg: 0.3877)
Train Epoch: [12][6/138] Total Loss: 0.6001 (Avg: 0.6357) Dice: 0.6445 (Avg: 0.5392) IoU: 0.4961 (Avg: 0.4058)
Train Epoch: [12][7/138] Total Loss: 0.4482 (Avg: 0.6089) Dice: 0.6950 (Avg: 0.5615) IoU: 0.5354 (Avg: 0.4243)
Train Epoch: [12][8/138] Total Loss: 0.7384 (Avg: 0.6251) Dice: 0.4175 (Avg: 0.5435) IoU: 0.2903 (Avg: 0.4075)
Train Epoch: [12][9/138] Total Loss: 0.5655 (Avg: 0.6185) Dice: 0.5157 (Avg: 0.5404) IoU: 0.3587 (Avg: 0.4021)
Train Epoch: [12][10/138] Total Loss: 0.6335 (Avg: 0.6200) Dice: 0.4457 (Avg: 0.5309) IoU: 0.3221 (Avg: 0.3941)
Train Epoch: [12][11/138] Total Loss: 0.4534 (Avg: 0.6048) Dice: 0.6548 (Avg: 0.5422) IoU: 0.5011 (Avg: 0.4038)
Train Epoch: [12][12/138] Total Loss: 0.6902 (Avg: 0.6119) Dice: 0.4638 (Avg: 0.5357) IoU: 0.3577 (Avg: 0.4000)
Train Epoch: [12][13/138] Total Loss: 0.4945 (Avg: 0.6029) Dice: 0.6903 (Avg: 0.5476) IoU: 0.5401 (Avg: 0.4108)
Train Epoch: [12][14/138] Total Loss: 0.5314 (Avg: 0.5978) Dice: 0.6176 (Avg: 0.5526) IoU: 0.4553 (Avg: 0.4140)
Train Epoch: [12][15/138] Total Loss: 0.5872 (Avg: 0.5971) Dice: 0.5448 (Avg: 0.5520) IoU: 0.4031 (Avg: 0.4132)
Train Epoch: [12][16/138] Total Loss: 0.5635 (Avg: 0.5950) Dice: 0.5783 (Avg: 0.5537) IoU: 0.4535 (Avg: 0.4158)
Train Epoch: [12][17/138] Total Loss: 0.6510 (Avg: 0.5983) Dice: 0.4857 (Avg: 0.5497) IoU: 0.3706 (Avg: 0.4131)
Train Epoch: [12][18/138] Total Loss: 0.5954 (Avg: 0.5981) Dice: 0.5463 (Avg: 0.5495) IoU: 0.4114 (Avg: 0.4130)
Train Epoch: [12][19/138] Total Loss: 0.5211 (Avg: 0.5941) Dice: 0.6346 (Avg: 0.5540) IoU: 0.4848 (Avg: 0.4168)
Train Epoch: [12][20/138] Total Loss: 0.8127 (Avg: 0.6050) Dice: 0.3482 (Avg: 0.5437) IoU: 0.2286 (Avg: 0.4074)
Train Epoch: [12][21/138] Total Loss: 0.4253 (Avg: 0.5965) Dice: 0.6802 (Avg: 0.5502) IoU: 0.5253 (Avg: 0.4130)
Train Epoch: [12][22/138] Total Loss: 0.5906 (Avg: 0.5962) Dice: 0.5207 (Avg: 0.5488) IoU: 0.4032 (Avg: 0.4125)
Train Epoch: [12][23/138] Total Loss: 0.6677 (Avg: 0.5993) Dice: 0.7334 (Avg: 0.5569) IoU: 0.3698 (Avg: 0.4107)
Train Epoch: [12][24/138] Total Loss: 0.6698 (Avg: 0.6022) Dice: 0.4624 (Avg: 0.5529) IoU: 0.3311 (Avg: 0.4074)
Train Epoch: [12][25/138] Total Loss: 0.5630 (Avg: 0.6007) Dice: 0.5245 (Avg: 0.5518) IoU: 0.3855 (Avg: 0.4065)
Train Epoch: [12][26/138] Total Loss: 0.5413 (Avg: 0.5984) Dice: 0.6405 (Avg: 0.5552) IoU: 0.5253 (Avg: 0.4111)
Train Epoch: [12][27/138] Total Loss: 0.6829 (Avg: 0.6015) Dice: 0.4243 (Avg: 0.5504) IoU: 0.3172 (Avg: 0.4076)
Train Epoch: [12][28/138] Total Loss: 0.6294 (Avg: 0.6025) Dice: 0.5219 (Avg: 0.5493) IoU: 0.4115 (Avg: 0.4077)
Train Epoch: [12][29/138] Total Loss: 0.5649 (Avg: 0.6012) Dice: 0.5704 (Avg: 0.5501) IoU: 0.4612 (Avg: 0.4096)
Train Epoch: [12][30/138] Total Loss: 0.6168 (Avg: 0.6017) Dice: 0.4886 (Avg: 0.5480) IoU: 0.3757 (Avg: 0.4084)
Train Epoch: [12][31/138] Total Loss: 0.6976 (Avg: 0.6048) Dice: 0.3704 (Avg: 0.5423) IoU: 0.2889 (Avg: 0.4046)
Train Epoch: [12][32/138] Total Loss: 0.5595 (Avg: 0.6034) Dice: 0.5539 (Avg: 0.5427) IoU: 0.4021 (Avg: 0.4045)
Train Epoch: [12][33/138] Total Loss: 0.4773 (Avg: 0.5996) Dice: 0.6571 (Avg: 0.5461) IoU: 0.5054 (Avg: 0.4076)
Train Epoch: [12][34/138] Total Loss: 0.4780 (Avg: 0.5960) Dice: 0.6557 (Avg: 0.5494) IoU: 0.5048 (Avg: 0.4104)
Train Epoch: [12][35/138] Total Loss: 0.3754 (Avg: 0.5897) Dice: 0.8177 (Avg: 0.5570) IoU: 0.6952 (Avg: 0.4186)
Train Epoch: [12][36/138] Total Loss: 0.5248 (Avg: 0.5879) Dice: 0.6372 (Avg: 0.5592) IoU: 0.5020 (Avg: 0.4209)
Train Epoch: [12][37/138] Total Loss: 0.5384 (Avg: 0.5866) Dice: 0.6457 (Avg: 0.5616) IoU: 0.4906 (Avg: 0.4228)
Train Epoch: [12][38/138] Total Loss: 0.5818 (Avg: 0.5864) Dice: 0.5032 (Avg: 0.5600) IoU: 0.3884 (Avg: 0.4219)
Train Epoch: [12][39/138] Total Loss: 0.4182 (Avg: 0.5821) Dice: 0.6888 (Avg: 0.5633) IoU: 0.5419 (Avg: 0.4249)
Train Epoch: [12][40/138] Total Loss: 0.6455 (Avg: 0.5837) Dice: 0.5165 (Avg: 0.5622) IoU: 0.3836 (Avg: 0.4239)
Train Epoch: [12][41/138] Total Loss: 0.5548 (Avg: 0.5830) Dice: 0.5298 (Avg: 0.5614) IoU: 0.3652 (Avg: 0.4225)
Train Epoch: [12][42/138] Total Loss: 0.5392 (Avg: 0.5820) Dice: 0.6040 (Avg: 0.5624) IoU: 0.4413 (Avg: 0.4229)
Train Epoch: [12][43/138] Total Loss: 0.5928 (Avg: 0.5822) Dice: 0.6233 (Avg: 0.5638) IoU: 0.4756 (Avg: 0.4241)
Train Epoch: [12][44/138] Total Loss: 0.5929 (Avg: 0.5825) Dice: 0.5436 (Avg: 0.5634) IoU: 0.4318 (Avg: 0.4243)
Train Epoch: [12][45/138] Total Loss: 0.4120 (Avg: 0.5787) Dice: 0.7171 (Avg: 0.5668) IoU: 0.5931 (Avg: 0.4281)
Train Epoch: [12][46/138] Total Loss: 0.8085 (Avg: 0.5837) Dice: 0.3161 (Avg: 0.5613) IoU: 0.2131 (Avg: 0.4234)
Train Epoch: [12][47/138] Total Loss: 0.5292 (Avg: 0.5825) Dice: 0.5929 (Avg: 0.5620) IoU: 0.4831 (Avg: 0.4247)
Train Epoch: [12][48/138] Total Loss: 0.5294 (Avg: 0.5814) Dice: 0.6087 (Avg: 0.5630) IoU: 0.4444 (Avg: 0.4251)
Train Epoch: [12][49/138] Total Loss: 0.5833 (Avg: 0.5814) Dice: 0.5335 (Avg: 0.5624) IoU: 0.4151 (Avg: 0.4249)
Train Epoch: [12][50/138] Total Loss: 0.6451 (Avg: 0.5827) Dice: 0.4881 (Avg: 0.5609) IoU: 0.3488 (Avg: 0.4234)
Train Epoch: [12][51/138] Total Loss: 0.6547 (Avg: 0.5841) Dice: 0.4839 (Avg: 0.5594) IoU: 0.3519 (Avg: 0.4220)
Train Epoch: [12][52/138] Total Loss: 0.4235 (Avg: 0.5810) Dice: 0.6890 (Avg: 0.5619) IoU: 0.5399 (Avg: 0.4242)
Train Epoch: [12][53/138] Total Loss: 0.5857 (Avg: 0.5811) Dice: 0.5539 (Avg: 0.5617) IoU: 0.4347 (Avg: 0.4244)
Train Epoch: [12][54/138] Total Loss: 0.6805 (Avg: 0.5830) Dice: 0.4555 (Avg: 0.5597) IoU: 0.3520 (Avg: 0.4231)
Train Epoch: [12][55/138] Total Loss: 0.6094 (Avg: 0.5834) Dice: 0.5678 (Avg: 0.5599) IoU: 0.4416 (Avg: 0.4234)
Train Epoch: [12][56/138] Total Loss: 0.4870 (Avg: 0.5817) Dice: 0.6158 (Avg: 0.5609) IoU: 0.5267 (Avg: 0.4253)
Train Epoch: [12][57/138] Total Loss: 0.5510 (Avg: 0.5812) Dice: 0.6075 (Avg: 0.5617) IoU: 0.4598 (Avg: 0.4259)
Train Epoch: [12][58/138] Total Loss: 0.5440 (Avg: 0.5805) Dice: 0.6177 (Avg: 0.5627) IoU: 0.4556 (Avg: 0.4264)
Train Epoch: [12][59/138] Total Loss: 0.4152 (Avg: 0.5777) Dice: 0.7244 (Avg: 0.5654) IoU: 0.5703 (Avg: 0.4288)
Train Epoch: [12][60/138] Total Loss: 0.6066 (Avg: 0.5782) Dice: 0.5323 (Avg: 0.5649) IoU: 0.3706 (Avg: 0.4278)
Train Epoch: [12][61/138] Total Loss: 0.4810 (Avg: 0.5766) Dice: 0.6290 (Avg: 0.5659) IoU: 0.4619 (Avg: 0.4284)
Train Epoch: [12][62/138] Total Loss: 0.5317 (Avg: 0.5759) Dice: 0.6124 (Avg: 0.5667) IoU: 0.4653 (Avg: 0.4290)
Train Epoch: [12][63/138] Total Loss: 0.5375 (Avg: 0.5753) Dice: 0.5838 (Avg: 0.5669) IoU: 0.4403 (Avg: 0.4292)
Train Epoch: [12][64/138] Total Loss: 0.6755 (Avg: 0.5769) Dice: 0.5408 (Avg: 0.5665) IoU: 0.4138 (Avg: 0.4289)
Train Epoch: [12][65/138] Total Loss: 0.6063 (Avg: 0.5773) Dice: 0.4916 (Avg: 0.5654) IoU: 0.3793 (Avg: 0.4282)
Train Epoch: [12][66/138] Total Loss: 0.6400 (Avg: 0.5783) Dice: 0.4813 (Avg: 0.5641) IoU: 0.3648 (Avg: 0.4272)
Train Epoch: [12][67/138] Total Loss: 0.5491 (Avg: 0.5778) Dice: 0.5852 (Avg: 0.5644) IoU: 0.4433 (Avg: 0.4275)
Train Epoch: [12][68/138] Total Loss: 0.5002 (Avg: 0.5767) Dice: 0.6173 (Avg: 0.5652) IoU: 0.5003 (Avg: 0.4285)
Train Epoch: [12][69/138] Total Loss: 0.6060 (Avg: 0.5771) Dice: 0.5551 (Avg: 0.5650) IoU: 0.4038 (Avg: 0.4282)
Train Epoch: [12][70/138] Total Loss: 0.6414 (Avg: 0.5780) Dice: 0.5082 (Avg: 0.5642) IoU: 0.3566 (Avg: 0.4271)
Train Epoch: [12][71/138] Total Loss: 0.6146 (Avg: 0.5785) Dice: 0.5836 (Avg: 0.5645) IoU: 0.4356 (Avg: 0.4273)
Train Epoch: [12][72/138] Total Loss: 0.3399 (Avg: 0.5752) Dice: 0.7835 (Avg: 0.5675) IoU: 0.6487 (Avg: 0.4303)
Train Epoch: [12][73/138] Total Loss: 0.5208 (Avg: 0.5745) Dice: 0.5874 (Avg: 0.5678) IoU: 0.4432 (Avg: 0.4305)
Train Epoch: [12][74/138] Total Loss: 0.5795 (Avg: 0.5746) Dice: 0.5178 (Avg: 0.5671) IoU: 0.3608 (Avg: 0.4296)
Train Epoch: [12][75/138] Total Loss: 0.4250 (Avg: 0.5726) Dice: 0.7350 (Avg: 0.5694) IoU: 0.5926 (Avg: 0.4317)
Train Epoch: [12][76/138] Total Loss: 0.6187 (Avg: 0.5732) Dice: 0.4748 (Avg: 0.5681) IoU: 0.3642 (Avg: 0.4309)
Train Epoch: [12][77/138] Total Loss: 0.5336 (Avg: 0.5727) Dice: 0.6115 (Avg: 0.5687) IoU: 0.4504 (Avg: 0.4311)
Train Epoch: [12][78/138] Total Loss: 0.5443 (Avg: 0.5723) Dice: 0.5904 (Avg: 0.5690) IoU: 0.4466 (Avg: 0.4313)
Train Epoch: [12][79/138] Total Loss: 0.7554 (Avg: 0.5746) Dice: 0.4493 (Avg: 0.5675) IoU: 0.3328 (Avg: 0.4301)
Train Epoch: [12][80/138] Total Loss: 0.5823 (Avg: 0.5747) Dice: 0.6058 (Avg: 0.5679) IoU: 0.4425 (Avg: 0.4302)
Train Epoch: [12][81/138] Total Loss: 0.6228 (Avg: 0.5753) Dice: 0.4942 (Avg: 0.5670) IoU: 0.3792 (Avg: 0.4296)
Train Epoch: [12][82/138] Total Loss: 0.4504 (Avg: 0.5738) Dice: 0.6752 (Avg: 0.5684) IoU: 0.5310 (Avg: 0.4308)
Train Epoch: [12][83/138] Total Loss: 0.7357 (Avg: 0.5757) Dice: 0.3915 (Avg: 0.5662) IoU: 0.2710 (Avg: 0.4289)
Train Epoch: [12][84/138] Total Loss: 0.7201 (Avg: 0.5774) Dice: 0.3798 (Avg: 0.5640) IoU: 0.3024 (Avg: 0.4274)
Train Epoch: [12][85/138] Total Loss: 0.6378 (Avg: 0.5782) Dice: 0.4844 (Avg: 0.5631) IoU: 0.3259 (Avg: 0.4262)
Train Epoch: [12][86/138] Total Loss: 0.5528 (Avg: 0.5779) Dice: 0.5197 (Avg: 0.5626) IoU: 0.3646 (Avg: 0.4255)
Train Epoch: [12][87/138] Total Loss: 0.5626 (Avg: 0.5777) Dice: 0.5282 (Avg: 0.5622) IoU: 0.4184 (Avg: 0.4254)
Train Epoch: [12][88/138] Total Loss: 0.6790 (Avg: 0.5788) Dice: 0.4589 (Avg: 0.5610) IoU: 0.3489 (Avg: 0.4245)
Train Epoch: [12][89/138] Total Loss: 0.4721 (Avg: 0.5776) Dice: 0.7131 (Avg: 0.5627) IoU: 0.5779 (Avg: 0.4263)
Train Epoch: [12][90/138] Total Loss: 0.6636 (Avg: 0.5786) Dice: 0.4708 (Avg: 0.5617) IoU: 0.3408 (Avg: 0.4253)
Train Epoch: [12][91/138] Total Loss: 0.4983 (Avg: 0.5777) Dice: 0.5899 (Avg: 0.5620) IoU: 0.4226 (Avg: 0.4253)
Train Epoch: [12][92/138] Total Loss: 0.7113 (Avg: 0.5792) Dice: 0.4480 (Avg: 0.5608) IoU: 0.3202 (Avg: 0.4241)
Train Epoch: [12][93/138] Total Loss: 0.4910 (Avg: 0.5782) Dice: 0.6757 (Avg: 0.5620) IoU: 0.5280 (Avg: 0.4253)
Train Epoch: [12][94/138] Total Loss: 0.5978 (Avg: 0.5784) Dice: 0.5783 (Avg: 0.5622) IoU: 0.4138 (Avg: 0.4251)
Train Epoch: [12][95/138] Total Loss: 0.5573 (Avg: 0.5782) Dice: 0.5835 (Avg: 0.5624) IoU: 0.4294 (Avg: 0.4252)
Train Epoch: [12][96/138] Total Loss: 0.7020 (Avg: 0.5795) Dice: 0.4452 (Avg: 0.5612) IoU: 0.3173 (Avg: 0.4241)
Train Epoch: [12][97/138] Total Loss: 0.5752 (Avg: 0.5794) Dice: 0.5744 (Avg: 0.5613) IoU: 0.4718 (Avg: 0.4245)
Train Epoch: [12][98/138] Total Loss: 0.6586 (Avg: 0.5803) Dice: 0.4488 (Avg: 0.5602) IoU: 0.3694 (Avg: 0.4240)
Train Epoch: [12][99/138] Total Loss: 0.6292 (Avg: 0.5807) Dice: 0.5274 (Avg: 0.5598) IoU: 0.3914 (Avg: 0.4237)
Train Epoch: [12][100/138] Total Loss: 0.6833 (Avg: 0.5818) Dice: 0.4732 (Avg: 0.5590) IoU: 0.3602 (Avg: 0.4230)
Train Epoch: [12][101/138] Total Loss: 0.3683 (Avg: 0.5797) Dice: 0.7546 (Avg: 0.5609) IoU: 0.6336 (Avg: 0.4251)
Train Epoch: [12][102/138] Total Loss: 0.5724 (Avg: 0.5796) Dice: 0.5581 (Avg: 0.5609) IoU: 0.4348 (Avg: 0.4252)
Train Epoch: [12][103/138] Total Loss: 0.4589 (Avg: 0.5784) Dice: 0.6882 (Avg: 0.5621) IoU: 0.5255 (Avg: 0.4262)
Train Epoch: [12][104/138] Total Loss: 0.5070 (Avg: 0.5777) Dice: 0.6926 (Avg: 0.5634) IoU: 0.5306 (Avg: 0.4272)
Train Epoch: [12][105/138] Total Loss: 0.5715 (Avg: 0.5777) Dice: 0.5022 (Avg: 0.5628) IoU: 0.3781 (Avg: 0.4267)
Train Epoch: [12][106/138] Total Loss: 0.5604 (Avg: 0.5775) Dice: 0.5743 (Avg: 0.5629) IoU: 0.4167 (Avg: 0.4266)
Train Epoch: [12][107/138] Total Loss: 0.3731 (Avg: 0.5756) Dice: 0.7894 (Avg: 0.5650) IoU: 0.6641 (Avg: 0.4288)
Train Epoch: [12][108/138] Total Loss: 0.4599 (Avg: 0.5745) Dice: 0.6929 (Avg: 0.5662) IoU: 0.5356 (Avg: 0.4298)
Train Epoch: [12][109/138] Total Loss: 0.5794 (Avg: 0.5746) Dice: 0.6055 (Avg: 0.5665) IoU: 0.5114 (Avg: 0.4306)
Train Epoch: [12][110/138] Total Loss: 0.4107 (Avg: 0.5731) Dice: 0.7258 (Avg: 0.5680) IoU: 0.5735 (Avg: 0.4319)
Train Epoch: [12][111/138] Total Loss: 0.7892 (Avg: 0.5750) Dice: 0.3107 (Avg: 0.5657) IoU: 0.2141 (Avg: 0.4299)
Train Epoch: [12][112/138] Total Loss: 0.4424 (Avg: 0.5738) Dice: 0.8169 (Avg: 0.5679) IoU: 0.6925 (Avg: 0.4323)
Train Epoch: [12][113/138] Total Loss: 0.6532 (Avg: 0.5745) Dice: 0.5244 (Avg: 0.5675) IoU: 0.4046 (Avg: 0.4320)
Train Epoch: [12][114/138] Total Loss: 0.3331 (Avg: 0.5724) Dice: 0.7862 (Avg: 0.5695) IoU: 0.6632 (Avg: 0.4340)
Train Epoch: [12][115/138] Total Loss: 0.5447 (Avg: 0.5722) Dice: 0.7165 (Avg: 0.5707) IoU: 0.5645 (Avg: 0.4352)
Train Epoch: [12][116/138] Total Loss: 0.6474 (Avg: 0.5728) Dice: 0.4926 (Avg: 0.5701) IoU: 0.3727 (Avg: 0.4346)
Train Epoch: [12][117/138] Total Loss: 0.5132 (Avg: 0.5723) Dice: 0.5932 (Avg: 0.5703) IoU: 0.4407 (Avg: 0.4347)
Train Epoch: [12][118/138] Total Loss: 0.8008 (Avg: 0.5743) Dice: 0.3154 (Avg: 0.5681) IoU: 0.2058 (Avg: 0.4327)
Train Epoch: [12][119/138] Total Loss: 0.5700 (Avg: 0.5742) Dice: 0.6003 (Avg: 0.5684) IoU: 0.4394 (Avg: 0.4328)
Train Epoch: [12][120/138] Total Loss: 0.3965 (Avg: 0.5727) Dice: 0.7493 (Avg: 0.5699) IoU: 0.6037 (Avg: 0.4342)
Train Epoch: [12][121/138] Total Loss: 0.4827 (Avg: 0.5720) Dice: 0.6126 (Avg: 0.5702) IoU: 0.4497 (Avg: 0.4344)
Train Epoch: [12][122/138] Total Loss: 0.4313 (Avg: 0.5708) Dice: 0.7042 (Avg: 0.5713) IoU: 0.5622 (Avg: 0.4354)
Train Epoch: [12][123/138] Total Loss: 0.5450 (Avg: 0.5706) Dice: 0.5864 (Avg: 0.5714) IoU: 0.4407 (Avg: 0.4354)
Train Epoch: [12][124/138] Total Loss: 0.4709 (Avg: 0.5698) Dice: 0.6805 (Avg: 0.5723) IoU: 0.5379 (Avg: 0.4363)
Train Epoch: [12][125/138] Total Loss: 0.4630 (Avg: 0.5690) Dice: 0.6763 (Avg: 0.5732) IoU: 0.5405 (Avg: 0.4371)
Train Epoch: [12][126/138] Total Loss: 0.5202 (Avg: 0.5686) Dice: 0.5584 (Avg: 0.5730) IoU: 0.4483 (Avg: 0.4372)
Train Epoch: [12][127/138] Total Loss: 0.5359 (Avg: 0.5683) Dice: 0.5476 (Avg: 0.5728) IoU: 0.3868 (Avg: 0.4368)
Train Epoch: [12][128/138] Total Loss: 0.5547 (Avg: 0.5682) Dice: 0.5540 (Avg: 0.5727) IoU: 0.4155 (Avg: 0.4366)
Train Epoch: [12][129/138] Total Loss: 0.5771 (Avg: 0.5683) Dice: 0.5362 (Avg: 0.5724) IoU: 0.3848 (Avg: 0.4362)
Train Epoch: [12][130/138] Total Loss: 0.5700 (Avg: 0.5683) Dice: 0.5798 (Avg: 0.5725) IoU: 0.4388 (Avg: 0.4362)
Train Epoch: [12][131/138] Total Loss: 0.7953 (Avg: 0.5700) Dice: 0.3474 (Avg: 0.5707) IoU: 0.2261 (Avg: 0.4346)
Train Epoch: [12][132/138] Total Loss: 0.4231 (Avg: 0.5689) Dice: 0.6782 (Avg: 0.5716) IoU: 0.5144 (Avg: 0.4352)
Train Epoch: [12][133/138] Total Loss: 0.4961 (Avg: 0.5684) Dice: 0.6523 (Avg: 0.5722) IoU: 0.4848 (Avg: 0.4356)
Train Epoch: [12][134/138] Total Loss: 0.6416 (Avg: 0.5689) Dice: 0.4315 (Avg: 0.5711) IoU: 0.3085 (Avg: 0.4347)
Train Epoch: [12][135/138] Total Loss: 0.3577 (Avg: 0.5674) Dice: 0.7658 (Avg: 0.5726) IoU: 0.6234 (Avg: 0.4361)
Train Epoch: [12][136/138] Total Loss: 0.4704 (Avg: 0.5666) Dice: 0.6929 (Avg: 0.5734) IoU: 0.5428 (Avg: 0.4369)
Train Epoch: [12][137/138] Total Loss: 0.7005 (Avg: 0.5676) Dice: 0.4331 (Avg: 0.5724) IoU: 0.3282 (Avg: 0.4361)
Train Epoch: [12][138/138] Total Loss: 0.3575 (Avg: 0.5642) Dice: 0.5609 (Avg: 0.5693) IoU: 0.3898 (Avg: 0.4336)
Validation Epoch: [12] Avg Loss: 0.4223 Avg Dice: 0.5649 Avg IoU: 0.4328
	 Best dice improved from 0.5209 to 0.5649

========= Epoch [13/50] =========
Train Epoch: [13][1/138] Total Loss: 0.7508 (Avg: 0.7508) Dice: 0.3622 (Avg: 0.3622) IoU: 0.2456 (Avg: 0.2456)
Train Epoch: [13][2/138] Total Loss: 0.5923 (Avg: 0.6716) Dice: 0.5877 (Avg: 0.4749) IoU: 0.4298 (Avg: 0.3377)
Train Epoch: [13][3/138] Total Loss: 0.5016 (Avg: 0.6149) Dice: 0.6360 (Avg: 0.5286) IoU: 0.4831 (Avg: 0.3862)
Train Epoch: [13][4/138] Total Loss: 0.7242 (Avg: 0.6422) Dice: 0.3992 (Avg: 0.4963) IoU: 0.2745 (Avg: 0.3582)
Train Epoch: [13][5/138] Total Loss: 0.5409 (Avg: 0.6220) Dice: 0.6309 (Avg: 0.5232) IoU: 0.4657 (Avg: 0.3797)
Train Epoch: [13][6/138] Total Loss: 0.4018 (Avg: 0.5853) Dice: 0.7448 (Avg: 0.5601) IoU: 0.6065 (Avg: 0.4175)
Train Epoch: [13][7/138] Total Loss: 0.5549 (Avg: 0.5809) Dice: 0.6061 (Avg: 0.5667) IoU: 0.4449 (Avg: 0.4214)
Train Epoch: [13][8/138] Total Loss: 0.4690 (Avg: 0.5669) Dice: 0.6549 (Avg: 0.5777) IoU: 0.5055 (Avg: 0.4319)
Train Epoch: [13][9/138] Total Loss: 0.6767 (Avg: 0.5791) Dice: 0.4630 (Avg: 0.5650) IoU: 0.3467 (Avg: 0.4225)
Train Epoch: [13][10/138] Total Loss: 0.4930 (Avg: 0.5705) Dice: 0.6407 (Avg: 0.5725) IoU: 0.4865 (Avg: 0.4289)
Train Epoch: [13][11/138] Total Loss: 0.8984 (Avg: 0.6003) Dice: 0.2514 (Avg: 0.5433) IoU: 0.1683 (Avg: 0.4052)
Train Epoch: [13][12/138] Total Loss: 0.6728 (Avg: 0.6064) Dice: 0.4318 (Avg: 0.5341) IoU: 0.3028 (Avg: 0.3967)
Train Epoch: [13][13/138] Total Loss: 0.6174 (Avg: 0.6072) Dice: 0.4956 (Avg: 0.5311) IoU: 0.3703 (Avg: 0.3946)
Train Epoch: [13][14/138] Total Loss: 0.3334 (Avg: 0.5877) Dice: 0.7919 (Avg: 0.5497) IoU: 0.6617 (Avg: 0.4137)
Train Epoch: [13][15/138] Total Loss: 0.4899 (Avg: 0.5811) Dice: 0.6382 (Avg: 0.5556) IoU: 0.4721 (Avg: 0.4176)
Train Epoch: [13][16/138] Total Loss: 0.5851 (Avg: 0.5814) Dice: 0.5865 (Avg: 0.5575) IoU: 0.4855 (Avg: 0.4218)
Train Epoch: [13][17/138] Total Loss: 0.4673 (Avg: 0.5747) Dice: 0.6550 (Avg: 0.5633) IoU: 0.5028 (Avg: 0.4266)
Train Epoch: [13][18/138] Total Loss: 0.4979 (Avg: 0.5704) Dice: 0.6318 (Avg: 0.5671) IoU: 0.4636 (Avg: 0.4287)
Train Epoch: [13][19/138] Total Loss: 0.3181 (Avg: 0.5571) Dice: 0.7993 (Avg: 0.5793) IoU: 0.6703 (Avg: 0.4414)
Train Epoch: [13][20/138] Total Loss: 0.4683 (Avg: 0.5527) Dice: 0.6432 (Avg: 0.5825) IoU: 0.5105 (Avg: 0.4448)
Train Epoch: [13][21/138] Total Loss: 0.4563 (Avg: 0.5481) Dice: 0.6807 (Avg: 0.5872) IoU: 0.5687 (Avg: 0.4507)
Train Epoch: [13][22/138] Total Loss: 0.6008 (Avg: 0.5505) Dice: 0.5653 (Avg: 0.5862) IoU: 0.4396 (Avg: 0.4502)
Train Epoch: [13][23/138] Total Loss: 0.3909 (Avg: 0.5436) Dice: 0.7311 (Avg: 0.5925) IoU: 0.5886 (Avg: 0.4562)
Train Epoch: [13][24/138] Total Loss: 0.4150 (Avg: 0.5382) Dice: 0.7030 (Avg: 0.5971) IoU: 0.5502 (Avg: 0.4602)
Train Epoch: [13][25/138] Total Loss: 0.4817 (Avg: 0.5359) Dice: 0.7305 (Avg: 0.6024) IoU: 0.5808 (Avg: 0.4650)
Train Epoch: [13][26/138] Total Loss: 0.4509 (Avg: 0.5327) Dice: 0.6850 (Avg: 0.6056) IoU: 0.5312 (Avg: 0.4675)
Train Epoch: [13][27/138] Total Loss: 0.5763 (Avg: 0.5343) Dice: 0.4814 (Avg: 0.6010) IoU: 0.3484 (Avg: 0.4631)
Train Epoch: [13][28/138] Total Loss: 0.5968 (Avg: 0.5365) Dice: 0.5477 (Avg: 0.5991) IoU: 0.3957 (Avg: 0.4607)
Train Epoch: [13][29/138] Total Loss: 0.5035 (Avg: 0.5354) Dice: 0.6284 (Avg: 0.6001) IoU: 0.4979 (Avg: 0.4620)
Train Epoch: [13][30/138] Total Loss: 0.5614 (Avg: 0.5363) Dice: 0.5968 (Avg: 0.6000) IoU: 0.4443 (Avg: 0.4614)
Train Epoch: [13][31/138] Total Loss: 1.1116 (Avg: 0.5548) Dice: 0.0000 (Avg: 0.5806) IoU: 0.0000 (Avg: 0.4465)
Train Epoch: [13][32/138] Total Loss: 0.6642 (Avg: 0.5582) Dice: 0.4670 (Avg: 0.5771) IoU: 0.3392 (Avg: 0.4432)
Train Epoch: [13][33/138] Total Loss: 0.4535 (Avg: 0.5551) Dice: 0.7114 (Avg: 0.5812) IoU: 0.5733 (Avg: 0.4471)
Train Epoch: [13][34/138] Total Loss: 0.3570 (Avg: 0.5492) Dice: 0.7615 (Avg: 0.5865) IoU: 0.6185 (Avg: 0.4521)
Train Epoch: [13][35/138] Total Loss: 0.4959 (Avg: 0.5477) Dice: 0.6254 (Avg: 0.5876) IoU: 0.5220 (Avg: 0.4541)
Train Epoch: [13][36/138] Total Loss: 0.3263 (Avg: 0.5416) Dice: 0.8054 (Avg: 0.5936) IoU: 0.6817 (Avg: 0.4605)
Train Epoch: [13][37/138] Total Loss: 0.5913 (Avg: 0.5429) Dice: 0.5108 (Avg: 0.5914) IoU: 0.3645 (Avg: 0.4579)
Train Epoch: [13][38/138] Total Loss: 0.4877 (Avg: 0.5414) Dice: 0.6748 (Avg: 0.5936) IoU: 0.5284 (Avg: 0.4597)
Train Epoch: [13][39/138] Total Loss: 0.6428 (Avg: 0.5440) Dice: 0.4206 (Avg: 0.5892) IoU: 0.2747 (Avg: 0.4550)
Train Epoch: [13][40/138] Total Loss: 0.4506 (Avg: 0.5417) Dice: 0.6809 (Avg: 0.5914) IoU: 0.5515 (Avg: 0.4574)
Train Epoch: [13][41/138] Total Loss: 0.6236 (Avg: 0.5437) Dice: 0.5323 (Avg: 0.5900) IoU: 0.3765 (Avg: 0.4554)
Train Epoch: [13][42/138] Total Loss: 0.5803 (Avg: 0.5446) Dice: 0.5292 (Avg: 0.5886) IoU: 0.4006 (Avg: 0.4541)
Train Epoch: [13][43/138] Total Loss: 0.5341 (Avg: 0.5443) Dice: 0.5817 (Avg: 0.5884) IoU: 0.4368 (Avg: 0.4537)
Train Epoch: [13][44/138] Total Loss: 0.4569 (Avg: 0.5423) Dice: 0.6604 (Avg: 0.5900) IoU: 0.5160 (Avg: 0.4551)
Train Epoch: [13][45/138] Total Loss: 0.4267 (Avg: 0.5398) Dice: 0.6517 (Avg: 0.5914) IoU: 0.5100 (Avg: 0.4563)
Train Epoch: [13][46/138] Total Loss: 0.5628 (Avg: 0.5403) Dice: 0.5465 (Avg: 0.5904) IoU: 0.4659 (Avg: 0.4566)
Train Epoch: [13][47/138] Total Loss: 0.8321 (Avg: 0.5465) Dice: 0.2813 (Avg: 0.5838) IoU: 0.2147 (Avg: 0.4514)
Train Epoch: [13][48/138] Total Loss: 0.4916 (Avg: 0.5453) Dice: 0.6473 (Avg: 0.5852) IoU: 0.5047 (Avg: 0.4525)
Train Epoch: [13][49/138] Total Loss: 0.6925 (Avg: 0.5483) Dice: 0.4222 (Avg: 0.5818) IoU: 0.3010 (Avg: 0.4494)
Train Epoch: [13][50/138] Total Loss: 0.7049 (Avg: 0.5515) Dice: 0.4193 (Avg: 0.5786) IoU: 0.2888 (Avg: 0.4462)
Train Epoch: [13][51/138] Total Loss: 0.5417 (Avg: 0.5513) Dice: 0.5812 (Avg: 0.5786) IoU: 0.4781 (Avg: 0.4468)
Train Epoch: [13][52/138] Total Loss: 0.3942 (Avg: 0.5483) Dice: 0.7329 (Avg: 0.5816) IoU: 0.5869 (Avg: 0.4495)
Train Epoch: [13][53/138] Total Loss: 0.4743 (Avg: 0.5469) Dice: 0.6320 (Avg: 0.5826) IoU: 0.4793 (Avg: 0.4501)
Train Epoch: [13][54/138] Total Loss: 0.5315 (Avg: 0.5466) Dice: 0.6098 (Avg: 0.5831) IoU: 0.4542 (Avg: 0.4502)
Train Epoch: [13][55/138] Total Loss: 0.3297 (Avg: 0.5426) Dice: 0.7834 (Avg: 0.5867) IoU: 0.6572 (Avg: 0.4539)
Train Epoch: [13][56/138] Total Loss: 0.5200 (Avg: 0.5422) Dice: 0.6262 (Avg: 0.5874) IoU: 0.5114 (Avg: 0.4550)
Train Epoch: [13][57/138] Total Loss: 0.4514 (Avg: 0.5406) Dice: 0.6930 (Avg: 0.5893) IoU: 0.5364 (Avg: 0.4564)
Train Epoch: [13][58/138] Total Loss: 0.7658 (Avg: 0.5445) Dice: 0.3524 (Avg: 0.5852) IoU: 0.2517 (Avg: 0.4529)
Train Epoch: [13][59/138] Total Loss: 0.5031 (Avg: 0.5438) Dice: 0.6607 (Avg: 0.5865) IoU: 0.4987 (Avg: 0.4536)
Train Epoch: [13][60/138] Total Loss: 0.7221 (Avg: 0.5468) Dice: 0.3805 (Avg: 0.5830) IoU: 0.2468 (Avg: 0.4502)
Train Epoch: [13][61/138] Total Loss: 0.5660 (Avg: 0.5471) Dice: 0.5729 (Avg: 0.5829) IoU: 0.4402 (Avg: 0.4500)
Train Epoch: [13][62/138] Total Loss: 0.5642 (Avg: 0.5474) Dice: 0.5728 (Avg: 0.5827) IoU: 0.4152 (Avg: 0.4495)
Train Epoch: [13][63/138] Total Loss: 0.5852 (Avg: 0.5480) Dice: 0.6267 (Avg: 0.5834) IoU: 0.4834 (Avg: 0.4500)
Train Epoch: [13][64/138] Total Loss: 0.4391 (Avg: 0.5463) Dice: 0.6591 (Avg: 0.5846) IoU: 0.4937 (Avg: 0.4507)
Train Epoch: [13][65/138] Total Loss: 0.5445 (Avg: 0.5463) Dice: 0.5146 (Avg: 0.5835) IoU: 0.3623 (Avg: 0.4493)
Train Epoch: [13][66/138] Total Loss: 0.5433 (Avg: 0.5462) Dice: 0.6072 (Avg: 0.5839) IoU: 0.4390 (Avg: 0.4492)
Train Epoch: [13][67/138] Total Loss: 0.4788 (Avg: 0.5452) Dice: 0.6025 (Avg: 0.5841) IoU: 0.4363 (Avg: 0.4490)
Train Epoch: [13][68/138] Total Loss: 0.5281 (Avg: 0.5450) Dice: 0.6251 (Avg: 0.5847) IoU: 0.5092 (Avg: 0.4499)
Train Epoch: [13][69/138] Total Loss: 0.6158 (Avg: 0.5460) Dice: 0.6012 (Avg: 0.5850) IoU: 0.4465 (Avg: 0.4498)
Train Epoch: [13][70/138] Total Loss: 0.6062 (Avg: 0.5468) Dice: 0.4820 (Avg: 0.5835) IoU: 0.3737 (Avg: 0.4487)
Train Epoch: [13][71/138] Total Loss: 0.4756 (Avg: 0.5458) Dice: 0.6621 (Avg: 0.5846) IoU: 0.5038 (Avg: 0.4495)
Train Epoch: [13][72/138] Total Loss: 0.5236 (Avg: 0.5455) Dice: 0.6304 (Avg: 0.5853) IoU: 0.4779 (Avg: 0.4499)
Train Epoch: [13][73/138] Total Loss: 0.7047 (Avg: 0.5477) Dice: 0.4492 (Avg: 0.5834) IoU: 0.3007 (Avg: 0.4479)
Train Epoch: [13][74/138] Total Loss: 0.5279 (Avg: 0.5474) Dice: 0.5843 (Avg: 0.5834) IoU: 0.4818 (Avg: 0.4483)
Train Epoch: [13][75/138] Total Loss: 0.6563 (Avg: 0.5489) Dice: 0.4761 (Avg: 0.5820) IoU: 0.3518 (Avg: 0.4470)
Train Epoch: [13][76/138] Total Loss: 0.5455 (Avg: 0.5488) Dice: 0.6010 (Avg: 0.5822) IoU: 0.4548 (Avg: 0.4471)
Train Epoch: [13][77/138] Total Loss: 0.5542 (Avg: 0.5489) Dice: 0.5416 (Avg: 0.5817) IoU: 0.4145 (Avg: 0.4467)
Train Epoch: [13][78/138] Total Loss: 0.7564 (Avg: 0.5516) Dice: 0.3690 (Avg: 0.5790) IoU: 0.2477 (Avg: 0.4442)
Train Epoch: [13][79/138] Total Loss: 0.5647 (Avg: 0.5517) Dice: 0.5414 (Avg: 0.5785) IoU: 0.3917 (Avg: 0.4435)
Train Epoch: [13][80/138] Total Loss: 0.5196 (Avg: 0.5513) Dice: 0.6353 (Avg: 0.5792) IoU: 0.4871 (Avg: 0.4440)
Train Epoch: [13][81/138] Total Loss: 0.5300 (Avg: 0.5511) Dice: 0.6204 (Avg: 0.5797) IoU: 0.4801 (Avg: 0.4445)
Train Epoch: [13][82/138] Total Loss: 0.5307 (Avg: 0.5508) Dice: 0.6224 (Avg: 0.5802) IoU: 0.4674 (Avg: 0.4448)
Train Epoch: [13][83/138] Total Loss: 0.4160 (Avg: 0.5492) Dice: 0.6762 (Avg: 0.5814) IoU: 0.5437 (Avg: 0.4460)
Train Epoch: [13][84/138] Total Loss: 0.5119 (Avg: 0.5488) Dice: 0.6678 (Avg: 0.5824) IoU: 0.5044 (Avg: 0.4466)
Train Epoch: [13][85/138] Total Loss: 0.4830 (Avg: 0.5480) Dice: 0.6162 (Avg: 0.5828) IoU: 0.4560 (Avg: 0.4468)
Train Epoch: [13][86/138] Total Loss: 0.4423 (Avg: 0.5468) Dice: 0.6854 (Avg: 0.5840) IoU: 0.5408 (Avg: 0.4479)
Train Epoch: [13][87/138] Total Loss: 0.5675 (Avg: 0.5470) Dice: 0.5364 (Avg: 0.5835) IoU: 0.4166 (Avg: 0.4475)
Train Epoch: [13][88/138] Total Loss: 0.5960 (Avg: 0.5476) Dice: 0.5762 (Avg: 0.5834) IoU: 0.4553 (Avg: 0.4476)
Train Epoch: [13][89/138] Total Loss: 0.3553 (Avg: 0.5454) Dice: 0.7806 (Avg: 0.5856) IoU: 0.6463 (Avg: 0.4498)
Train Epoch: [13][90/138] Total Loss: 0.6256 (Avg: 0.5463) Dice: 0.4980 (Avg: 0.5846) IoU: 0.3539 (Avg: 0.4487)
Train Epoch: [13][91/138] Total Loss: 0.6097 (Avg: 0.5470) Dice: 0.5770 (Avg: 0.5845) IoU: 0.4228 (Avg: 0.4485)
Train Epoch: [13][92/138] Total Loss: 0.6872 (Avg: 0.5485) Dice: 0.4398 (Avg: 0.5830) IoU: 0.3356 (Avg: 0.4472)
Train Epoch: [13][93/138] Total Loss: 0.7958 (Avg: 0.5512) Dice: 0.3381 (Avg: 0.5803) IoU: 0.2555 (Avg: 0.4452)
Train Epoch: [13][94/138] Total Loss: 0.6247 (Avg: 0.5519) Dice: 0.4763 (Avg: 0.5792) IoU: 0.3561 (Avg: 0.4442)
Train Epoch: [13][95/138] Total Loss: 0.5196 (Avg: 0.5516) Dice: 0.6885 (Avg: 0.5804) IoU: 0.5540 (Avg: 0.4454)
Train Epoch: [13][96/138] Total Loss: 0.5835 (Avg: 0.5519) Dice: 0.5446 (Avg: 0.5800) IoU: 0.3877 (Avg: 0.4448)
Train Epoch: [13][97/138] Total Loss: 0.5658 (Avg: 0.5521) Dice: 0.5560 (Avg: 0.5798) IoU: 0.3952 (Avg: 0.4443)
Train Epoch: [13][98/138] Total Loss: 0.4006 (Avg: 0.5505) Dice: 0.6887 (Avg: 0.5809) IoU: 0.5366 (Avg: 0.4452)
Train Epoch: [13][99/138] Total Loss: 0.4107 (Avg: 0.5491) Dice: 0.7137 (Avg: 0.5822) IoU: 0.5616 (Avg: 0.4464)
Train Epoch: [13][100/138] Total Loss: 0.6495 (Avg: 0.5501) Dice: 0.4721 (Avg: 0.5811) IoU: 0.3369 (Avg: 0.4453)
Train Epoch: [13][101/138] Total Loss: 0.8577 (Avg: 0.5532) Dice: 0.2702 (Avg: 0.5780) IoU: 0.1971 (Avg: 0.4428)
Train Epoch: [13][102/138] Total Loss: 0.5786 (Avg: 0.5534) Dice: 0.5065 (Avg: 0.5773) IoU: 0.3553 (Avg: 0.4420)
Train Epoch: [13][103/138] Total Loss: 0.6576 (Avg: 0.5544) Dice: 0.5041 (Avg: 0.5766) IoU: 0.3909 (Avg: 0.4415)
Train Epoch: [13][104/138] Total Loss: 0.3776 (Avg: 0.5527) Dice: 0.7522 (Avg: 0.5783) IoU: 0.6177 (Avg: 0.4432)
Train Epoch: [13][105/138] Total Loss: 0.6004 (Avg: 0.5532) Dice: 0.5181 (Avg: 0.5777) IoU: 0.3670 (Avg: 0.4425)
Train Epoch: [13][106/138] Total Loss: 0.7695 (Avg: 0.5552) Dice: 0.2794 (Avg: 0.5749) IoU: 0.1781 (Avg: 0.4400)
Train Epoch: [13][107/138] Total Loss: 0.4211 (Avg: 0.5540) Dice: 0.6967 (Avg: 0.5761) IoU: 0.5616 (Avg: 0.4411)
Train Epoch: [13][108/138] Total Loss: 0.5970 (Avg: 0.5544) Dice: 0.5422 (Avg: 0.5757) IoU: 0.3912 (Avg: 0.4406)
Train Epoch: [13][109/138] Total Loss: 0.5043 (Avg: 0.5539) Dice: 0.6057 (Avg: 0.5760) IoU: 0.4677 (Avg: 0.4409)
Train Epoch: [13][110/138] Total Loss: 0.4805 (Avg: 0.5532) Dice: 0.7391 (Avg: 0.5775) IoU: 0.5938 (Avg: 0.4423)
Train Epoch: [13][111/138] Total Loss: 0.4850 (Avg: 0.5526) Dice: 0.6102 (Avg: 0.5778) IoU: 0.5157 (Avg: 0.4429)
Train Epoch: [13][112/138] Total Loss: 0.4873 (Avg: 0.5520) Dice: 0.6070 (Avg: 0.5781) IoU: 0.4434 (Avg: 0.4429)
Train Epoch: [13][113/138] Total Loss: 0.5503 (Avg: 0.5520) Dice: 0.5941 (Avg: 0.5782) IoU: 0.4614 (Avg: 0.4431)
Train Epoch: [13][114/138] Total Loss: 0.6899 (Avg: 0.5532) Dice: 0.4509 (Avg: 0.5771) IoU: 0.3464 (Avg: 0.4423)
Train Epoch: [13][115/138] Total Loss: 0.4138 (Avg: 0.5520) Dice: 0.7034 (Avg: 0.5782) IoU: 0.5603 (Avg: 0.4433)
Train Epoch: [13][116/138] Total Loss: 0.4466 (Avg: 0.5511) Dice: 0.7115 (Avg: 0.5793) IoU: 0.5770 (Avg: 0.4444)
Train Epoch: [13][117/138] Total Loss: 0.4479 (Avg: 0.5502) Dice: 0.6703 (Avg: 0.5801) IoU: 0.5321 (Avg: 0.4452)
Train Epoch: [13][118/138] Total Loss: 0.5035 (Avg: 0.5498) Dice: 0.6258 (Avg: 0.5805) IoU: 0.4908 (Avg: 0.4456)
Train Epoch: [13][119/138] Total Loss: 0.6392 (Avg: 0.5506) Dice: 0.4359 (Avg: 0.5793) IoU: 0.2911 (Avg: 0.4443)
Train Epoch: [13][120/138] Total Loss: 0.5238 (Avg: 0.5504) Dice: 0.6271 (Avg: 0.5797) IoU: 0.4857 (Avg: 0.4446)
Train Epoch: [13][121/138] Total Loss: 0.4290 (Avg: 0.5494) Dice: 0.6623 (Avg: 0.5804) IoU: 0.5672 (Avg: 0.4456)
Train Epoch: [13][122/138] Total Loss: 0.5823 (Avg: 0.5496) Dice: 0.5765 (Avg: 0.5803) IoU: 0.4706 (Avg: 0.4458)
Train Epoch: [13][123/138] Total Loss: 0.5120 (Avg: 0.5493) Dice: 0.5972 (Avg: 0.5805) IoU: 0.4324 (Avg: 0.4457)
Train Epoch: [13][124/138] Total Loss: 0.4411 (Avg: 0.5485) Dice: 0.6881 (Avg: 0.5813) IoU: 0.5295 (Avg: 0.4464)
Train Epoch: [13][125/138] Total Loss: 0.5614 (Avg: 0.5486) Dice: 0.5911 (Avg: 0.5814) IoU: 0.4518 (Avg: 0.4464)
Train Epoch: [13][126/138] Total Loss: 0.6193 (Avg: 0.5491) Dice: 0.4947 (Avg: 0.5807) IoU: 0.4005 (Avg: 0.4461)
Train Epoch: [13][127/138] Total Loss: 0.6408 (Avg: 0.5498) Dice: 0.4973 (Avg: 0.5801) IoU: 0.4018 (Avg: 0.4457)
Train Epoch: [13][128/138] Total Loss: 0.5325 (Avg: 0.5497) Dice: 0.6296 (Avg: 0.5805) IoU: 0.4751 (Avg: 0.4460)
Train Epoch: [13][129/138] Total Loss: 0.5589 (Avg: 0.5498) Dice: 0.5448 (Avg: 0.5802) IoU: 0.4087 (Avg: 0.4457)
Train Epoch: [13][130/138] Total Loss: 0.7846 (Avg: 0.5516) Dice: 0.3253 (Avg: 0.5782) IoU: 0.2420 (Avg: 0.4441)
Train Epoch: [13][131/138] Total Loss: 0.5463 (Avg: 0.5515) Dice: 0.5969 (Avg: 0.5784) IoU: 0.4322 (Avg: 0.4440)
Train Epoch: [13][132/138] Total Loss: 0.7152 (Avg: 0.5528) Dice: 0.3766 (Avg: 0.5768) IoU: 0.2616 (Avg: 0.4426)
Train Epoch: [13][133/138] Total Loss: 0.3802 (Avg: 0.5515) Dice: 0.7516 (Avg: 0.5781) IoU: 0.6242 (Avg: 0.4440)
Train Epoch: [13][134/138] Total Loss: 0.5396 (Avg: 0.5514) Dice: 0.5562 (Avg: 0.5780) IoU: 0.4494 (Avg: 0.4440)
Train Epoch: [13][135/138] Total Loss: 0.5455 (Avg: 0.5514) Dice: 0.6130 (Avg: 0.5782) IoU: 0.4512 (Avg: 0.4441)
Train Epoch: [13][136/138] Total Loss: 0.7838 (Avg: 0.5531) Dice: 0.4133 (Avg: 0.5770) IoU: 0.2705 (Avg: 0.4428)
Train Epoch: [13][137/138] Total Loss: 0.4688 (Avg: 0.5524) Dice: 0.6733 (Avg: 0.5777) IoU: 0.5163 (Avg: 0.4433)
Train Epoch: [13][138/138] Total Loss: 0.1729 (Avg: 0.5488) Dice: 0.8763 (Avg: 0.5751) IoU: 0.7798 (Avg: 0.4415)
Validation Epoch: [13] Avg Loss: 0.4209 Avg Dice: 0.5666 Avg IoU: 0.4365
	 Best dice improved from 0.5649 to 0.5666

========= Epoch [14/50] =========
Train Epoch: [14][1/138] Total Loss: 0.3994 (Avg: 0.3994) Dice: 0.7015 (Avg: 0.7015) IoU: 0.5483 (Avg: 0.5483)
Train Epoch: [14][2/138] Total Loss: 0.4506 (Avg: 0.4250) Dice: 0.6636 (Avg: 0.6826) IoU: 0.5126 (Avg: 0.5305)
Train Epoch: [14][3/138] Total Loss: 0.4384 (Avg: 0.4295) Dice: 0.7447 (Avg: 0.7033) IoU: 0.6026 (Avg: 0.5545)
Train Epoch: [14][4/138] Total Loss: 0.6021 (Avg: 0.4726) Dice: 0.4872 (Avg: 0.6493) IoU: 0.3743 (Avg: 0.5094)
Train Epoch: [14][5/138] Total Loss: 0.6038 (Avg: 0.4989) Dice: 0.4875 (Avg: 0.6169) IoU: 0.3721 (Avg: 0.4820)
Train Epoch: [14][6/138] Total Loss: 0.6232 (Avg: 0.5196) Dice: 0.4658 (Avg: 0.5917) IoU: 0.3446 (Avg: 0.4591)
Train Epoch: [14][7/138] Total Loss: 0.4372 (Avg: 0.5078) Dice: 0.6891 (Avg: 0.6057) IoU: 0.5402 (Avg: 0.4707)
Train Epoch: [14][8/138] Total Loss: 0.3011 (Avg: 0.4820) Dice: 0.8188 (Avg: 0.6323) IoU: 0.7018 (Avg: 0.4996)
Train Epoch: [14][9/138] Total Loss: 0.6057 (Avg: 0.4957) Dice: 0.5095 (Avg: 0.6187) IoU: 0.3450 (Avg: 0.4824)
Train Epoch: [14][10/138] Total Loss: 0.7751 (Avg: 0.5237) Dice: 0.3710 (Avg: 0.5939) IoU: 0.2382 (Avg: 0.4580)
Train Epoch: [14][11/138] Total Loss: 0.6438 (Avg: 0.5346) Dice: 0.4317 (Avg: 0.5791) IoU: 0.2794 (Avg: 0.4417)
Train Epoch: [14][12/138] Total Loss: 0.4682 (Avg: 0.5290) Dice: 0.6384 (Avg: 0.5841) IoU: 0.4872 (Avg: 0.4455)
Train Epoch: [14][13/138] Total Loss: 0.4233 (Avg: 0.5209) Dice: 0.7033 (Avg: 0.5933) IoU: 0.5870 (Avg: 0.4564)
Train Epoch: [14][14/138] Total Loss: 0.3964 (Avg: 0.5120) Dice: 0.7307 (Avg: 0.6031) IoU: 0.6031 (Avg: 0.4669)
Train Epoch: [14][15/138] Total Loss: 0.3907 (Avg: 0.5039) Dice: 0.7175 (Avg: 0.6107) IoU: 0.5686 (Avg: 0.4737)
Train Epoch: [14][16/138] Total Loss: 0.7406 (Avg: 0.5187) Dice: 0.3825 (Avg: 0.5964) IoU: 0.3106 (Avg: 0.4635)
Train Epoch: [14][17/138] Total Loss: 0.4055 (Avg: 0.5121) Dice: 0.6862 (Avg: 0.6017) IoU: 0.5296 (Avg: 0.4674)
Train Epoch: [14][18/138] Total Loss: 0.5166 (Avg: 0.5123) Dice: 0.5438 (Avg: 0.5985) IoU: 0.4325 (Avg: 0.4654)
Train Epoch: [14][19/138] Total Loss: 0.6171 (Avg: 0.5178) Dice: 0.4750 (Avg: 0.5920) IoU: 0.3273 (Avg: 0.4582)
Train Epoch: [14][20/138] Total Loss: 0.5100 (Avg: 0.5174) Dice: 0.5314 (Avg: 0.5890) IoU: 0.4362 (Avg: 0.4571)
Train Epoch: [14][21/138] Total Loss: 0.4443 (Avg: 0.5140) Dice: 0.6766 (Avg: 0.5931) IoU: 0.5346 (Avg: 0.4607)
Train Epoch: [14][22/138] Total Loss: 0.8803 (Avg: 0.5306) Dice: 0.2819 (Avg: 0.5790) IoU: 0.1994 (Avg: 0.4489)
Train Epoch: [14][23/138] Total Loss: 0.5610 (Avg: 0.5319) Dice: 0.4889 (Avg: 0.5751) IoU: 0.3732 (Avg: 0.4456)
Train Epoch: [14][24/138] Total Loss: 0.5552 (Avg: 0.5329) Dice: 0.5950 (Avg: 0.5759) IoU: 0.4249 (Avg: 0.4447)
Train Epoch: [14][25/138] Total Loss: 0.6315 (Avg: 0.5368) Dice: 0.4938 (Avg: 0.5726) IoU: 0.3621 (Avg: 0.4414)
Train Epoch: [14][26/138] Total Loss: 0.6430 (Avg: 0.5409) Dice: 0.4492 (Avg: 0.5679) IoU: 0.3303 (Avg: 0.4371)
Train Epoch: [14][27/138] Total Loss: 0.4716 (Avg: 0.5384) Dice: 0.6685 (Avg: 0.5716) IoU: 0.5154 (Avg: 0.4400)
Train Epoch: [14][28/138] Total Loss: 0.5012 (Avg: 0.5370) Dice: 0.6714 (Avg: 0.5752) IoU: 0.5321 (Avg: 0.4433)
Train Epoch: [14][29/138] Total Loss: 0.6383 (Avg: 0.5405) Dice: 0.5314 (Avg: 0.5737) IoU: 0.3655 (Avg: 0.4406)
Train Epoch: [14][30/138] Total Loss: 0.5916 (Avg: 0.5422) Dice: 0.8060 (Avg: 0.5814) IoU: 0.4490 (Avg: 0.4409)
Train Epoch: [14][31/138] Total Loss: 0.4243 (Avg: 0.5384) Dice: 0.7447 (Avg: 0.5867) IoU: 0.6061 (Avg: 0.4462)
Train Epoch: [14][32/138] Total Loss: 0.4218 (Avg: 0.5348) Dice: 0.7499 (Avg: 0.5918) IoU: 0.6019 (Avg: 0.4511)
Train Epoch: [14][33/138] Total Loss: 0.5168 (Avg: 0.5342) Dice: 0.5936 (Avg: 0.5918) IoU: 0.4338 (Avg: 0.4506)
Train Epoch: [14][34/138] Total Loss: 0.5463 (Avg: 0.5346) Dice: 0.5596 (Avg: 0.5909) IoU: 0.4002 (Avg: 0.4491)
Train Epoch: [14][35/138] Total Loss: 0.4860 (Avg: 0.5332) Dice: 0.6713 (Avg: 0.5932) IoU: 0.5126 (Avg: 0.4509)
Train Epoch: [14][36/138] Total Loss: 0.4199 (Avg: 0.5300) Dice: 0.7344 (Avg: 0.5971) IoU: 0.5815 (Avg: 0.4545)
Train Epoch: [14][37/138] Total Loss: 0.4662 (Avg: 0.5283) Dice: 0.6711 (Avg: 0.5991) IoU: 0.5156 (Avg: 0.4562)
Train Epoch: [14][38/138] Total Loss: 0.6223 (Avg: 0.5308) Dice: 0.4472 (Avg: 0.5951) IoU: 0.3173 (Avg: 0.4525)
Train Epoch: [14][39/138] Total Loss: 0.6329 (Avg: 0.5334) Dice: 0.4229 (Avg: 0.5907) IoU: 0.3255 (Avg: 0.4493)
Train Epoch: [14][40/138] Total Loss: 0.6216 (Avg: 0.5356) Dice: 0.5036 (Avg: 0.5885) IoU: 0.3947 (Avg: 0.4479)
Train Epoch: [14][41/138] Total Loss: 0.4791 (Avg: 0.5342) Dice: 0.6653 (Avg: 0.5904) IoU: 0.5001 (Avg: 0.4492)
Train Epoch: [14][42/138] Total Loss: 0.7849 (Avg: 0.5402) Dice: 0.2846 (Avg: 0.5831) IoU: 0.1990 (Avg: 0.4432)
Train Epoch: [14][43/138] Total Loss: 0.8417 (Avg: 0.5472) Dice: 0.3367 (Avg: 0.5774) IoU: 0.2569 (Avg: 0.4389)
Train Epoch: [14][44/138] Total Loss: 0.5740 (Avg: 0.5478) Dice: 0.5302 (Avg: 0.5763) IoU: 0.3767 (Avg: 0.4375)
Train Epoch: [14][45/138] Total Loss: 0.3508 (Avg: 0.5435) Dice: 0.8113 (Avg: 0.5815) IoU: 0.6928 (Avg: 0.4432)
Train Epoch: [14][46/138] Total Loss: 0.5858 (Avg: 0.5444) Dice: 0.5193 (Avg: 0.5802) IoU: 0.3845 (Avg: 0.4419)
Train Epoch: [14][47/138] Total Loss: 0.6595 (Avg: 0.5468) Dice: 0.4560 (Avg: 0.5775) IoU: 0.3224 (Avg: 0.4393)
Train Epoch: [14][48/138] Total Loss: 0.5191 (Avg: 0.5462) Dice: 0.5902 (Avg: 0.5778) IoU: 0.4284 (Avg: 0.4391)
Train Epoch: [14][49/138] Total Loss: 0.5873 (Avg: 0.5471) Dice: 0.5209 (Avg: 0.5766) IoU: 0.3716 (Avg: 0.4377)
Train Epoch: [14][50/138] Total Loss: 0.5551 (Avg: 0.5472) Dice: 0.5625 (Avg: 0.5763) IoU: 0.4623 (Avg: 0.4382)
Train Epoch: [14][51/138] Total Loss: 0.5453 (Avg: 0.5472) Dice: 0.6020 (Avg: 0.5768) IoU: 0.4559 (Avg: 0.4386)
Train Epoch: [14][52/138] Total Loss: 0.7904 (Avg: 0.5519) Dice: 0.3426 (Avg: 0.5723) IoU: 0.2347 (Avg: 0.4347)
Train Epoch: [14][53/138] Total Loss: 0.7380 (Avg: 0.5554) Dice: 0.3691 (Avg: 0.5685) IoU: 0.2354 (Avg: 0.4309)
Train Epoch: [14][54/138] Total Loss: 0.5967 (Avg: 0.5562) Dice: 0.5446 (Avg: 0.5681) IoU: 0.4023 (Avg: 0.4304)
Train Epoch: [14][55/138] Total Loss: 0.5294 (Avg: 0.5557) Dice: 0.6065 (Avg: 0.5688) IoU: 0.4459 (Avg: 0.4306)
Train Epoch: [14][56/138] Total Loss: 0.3780 (Avg: 0.5525) Dice: 0.7641 (Avg: 0.5723) IoU: 0.6298 (Avg: 0.4342)
Train Epoch: [14][57/138] Total Loss: 0.3896 (Avg: 0.5496) Dice: 0.7396 (Avg: 0.5752) IoU: 0.5932 (Avg: 0.4370)
Train Epoch: [14][58/138] Total Loss: 0.4279 (Avg: 0.5475) Dice: 0.6699 (Avg: 0.5768) IoU: 0.5488 (Avg: 0.4389)
Train Epoch: [14][59/138] Total Loss: 0.4160 (Avg: 0.5453) Dice: 0.6972 (Avg: 0.5789) IoU: 0.5552 (Avg: 0.4409)
Train Epoch: [14][60/138] Total Loss: 0.9429 (Avg: 0.5519) Dice: 0.3181 (Avg: 0.5745) IoU: 0.2267 (Avg: 0.4373)
Train Epoch: [14][61/138] Total Loss: 0.7543 (Avg: 0.5553) Dice: 0.3153 (Avg: 0.5703) IoU: 0.1955 (Avg: 0.4334)
Train Epoch: [14][62/138] Total Loss: 0.5093 (Avg: 0.5545) Dice: 0.5638 (Avg: 0.5702) IoU: 0.4541 (Avg: 0.4337)
Train Epoch: [14][63/138] Total Loss: 0.3166 (Avg: 0.5507) Dice: 0.8246 (Avg: 0.5742) IoU: 0.7027 (Avg: 0.4380)
Train Epoch: [14][64/138] Total Loss: 0.5667 (Avg: 0.5510) Dice: 0.5350 (Avg: 0.5736) IoU: 0.3903 (Avg: 0.4372)
Train Epoch: [14][65/138] Total Loss: 0.4822 (Avg: 0.5499) Dice: 0.6205 (Avg: 0.5743) IoU: 0.4861 (Avg: 0.4380)
Train Epoch: [14][66/138] Total Loss: 0.5120 (Avg: 0.5494) Dice: 0.6522 (Avg: 0.5755) IoU: 0.4949 (Avg: 0.4388)
Train Epoch: [14][67/138] Total Loss: 0.6063 (Avg: 0.5502) Dice: 0.4789 (Avg: 0.5740) IoU: 0.3422 (Avg: 0.4374)
Train Epoch: [14][68/138] Total Loss: 0.6028 (Avg: 0.5510) Dice: 0.4541 (Avg: 0.5723) IoU: 0.3280 (Avg: 0.4358)
Train Epoch: [14][69/138] Total Loss: 0.5084 (Avg: 0.5504) Dice: 0.5649 (Avg: 0.5722) IoU: 0.4151 (Avg: 0.4355)
Train Epoch: [14][70/138] Total Loss: 0.5459 (Avg: 0.5503) Dice: 0.5681 (Avg: 0.5721) IoU: 0.4358 (Avg: 0.4355)
Train Epoch: [14][71/138] Total Loss: 0.5660 (Avg: 0.5505) Dice: 0.5924 (Avg: 0.5724) IoU: 0.4935 (Avg: 0.4363)
Train Epoch: [14][72/138] Total Loss: 0.6225 (Avg: 0.5515) Dice: 0.5026 (Avg: 0.5714) IoU: 0.3923 (Avg: 0.4357)
Train Epoch: [14][73/138] Total Loss: 0.5623 (Avg: 0.5517) Dice: 0.6247 (Avg: 0.5722) IoU: 0.4547 (Avg: 0.4360)
Train Epoch: [14][74/138] Total Loss: 0.4272 (Avg: 0.5500) Dice: 0.6969 (Avg: 0.5738) IoU: 0.5352 (Avg: 0.4373)
Train Epoch: [14][75/138] Total Loss: 0.4415 (Avg: 0.5485) Dice: 0.7279 (Avg: 0.5759) IoU: 0.5850 (Avg: 0.4393)
Train Epoch: [14][76/138] Total Loss: 0.5617 (Avg: 0.5487) Dice: 0.5547 (Avg: 0.5756) IoU: 0.4070 (Avg: 0.4388)
Train Epoch: [14][77/138] Total Loss: 0.6414 (Avg: 0.5499) Dice: 0.5440 (Avg: 0.5752) IoU: 0.3952 (Avg: 0.4383)
Train Epoch: [14][78/138] Total Loss: 0.5823 (Avg: 0.5503) Dice: 0.5143 (Avg: 0.5744) IoU: 0.3608 (Avg: 0.4373)
Train Epoch: [14][79/138] Total Loss: 0.6122 (Avg: 0.5511) Dice: 0.5007 (Avg: 0.5735) IoU: 0.4061 (Avg: 0.4369)
Train Epoch: [14][80/138] Total Loss: 0.7428 (Avg: 0.5535) Dice: 0.4452 (Avg: 0.5719) IoU: 0.3354 (Avg: 0.4356)
Train Epoch: [14][81/138] Total Loss: 0.4971 (Avg: 0.5528) Dice: 0.6188 (Avg: 0.5725) IoU: 0.4581 (Avg: 0.4359)
Train Epoch: [14][82/138] Total Loss: 0.4777 (Avg: 0.5519) Dice: 0.6554 (Avg: 0.5735) IoU: 0.4958 (Avg: 0.4366)
Train Epoch: [14][83/138] Total Loss: 0.5849 (Avg: 0.5523) Dice: 0.5212 (Avg: 0.5729) IoU: 0.3894 (Avg: 0.4361)
Train Epoch: [14][84/138] Total Loss: 0.7106 (Avg: 0.5542) Dice: 0.3743 (Avg: 0.5705) IoU: 0.2958 (Avg: 0.4344)
Train Epoch: [14][85/138] Total Loss: 0.4949 (Avg: 0.5535) Dice: 0.5994 (Avg: 0.5708) IoU: 0.4382 (Avg: 0.4344)
Train Epoch: [14][86/138] Total Loss: 0.3935 (Avg: 0.5516) Dice: 0.7057 (Avg: 0.5724) IoU: 0.5792 (Avg: 0.4361)
Train Epoch: [14][87/138] Total Loss: 0.4308 (Avg: 0.5502) Dice: 0.6968 (Avg: 0.5738) IoU: 0.5504 (Avg: 0.4374)
Train Epoch: [14][88/138] Total Loss: 0.5068 (Avg: 0.5497) Dice: 0.6083 (Avg: 0.5742) IoU: 0.4569 (Avg: 0.4376)
Train Epoch: [14][89/138] Total Loss: 0.4382 (Avg: 0.5485) Dice: 0.6581 (Avg: 0.5752) IoU: 0.5068 (Avg: 0.4384)
Train Epoch: [14][90/138] Total Loss: 0.4442 (Avg: 0.5473) Dice: 0.6680 (Avg: 0.5762) IoU: 0.5232 (Avg: 0.4394)
Train Epoch: [14][91/138] Total Loss: 0.4275 (Avg: 0.5460) Dice: 0.6754 (Avg: 0.5773) IoU: 0.5260 (Avg: 0.4403)
Train Epoch: [14][92/138] Total Loss: 0.6375 (Avg: 0.5470) Dice: 0.4858 (Avg: 0.5763) IoU: 0.3614 (Avg: 0.4395)
Train Epoch: [14][93/138] Total Loss: 0.4035 (Avg: 0.5455) Dice: 0.7209 (Avg: 0.5778) IoU: 0.5951 (Avg: 0.4411)
Train Epoch: [14][94/138] Total Loss: 0.4567 (Avg: 0.5445) Dice: 0.6625 (Avg: 0.5787) IoU: 0.5002 (Avg: 0.4418)
Train Epoch: [14][95/138] Total Loss: 0.5776 (Avg: 0.5449) Dice: 0.5356 (Avg: 0.5783) IoU: 0.4202 (Avg: 0.4415)
Train Epoch: [14][96/138] Total Loss: 0.6171 (Avg: 0.5456) Dice: 0.5276 (Avg: 0.5778) IoU: 0.3674 (Avg: 0.4408)
Train Epoch: [14][97/138] Total Loss: 0.4763 (Avg: 0.5449) Dice: 0.6050 (Avg: 0.5780) IoU: 0.4948 (Avg: 0.4413)
Train Epoch: [14][98/138] Total Loss: 0.6240 (Avg: 0.5457) Dice: 0.5104 (Avg: 0.5774) IoU: 0.4005 (Avg: 0.4409)
Train Epoch: [14][99/138] Total Loss: 0.5983 (Avg: 0.5462) Dice: 0.4789 (Avg: 0.5764) IoU: 0.3603 (Avg: 0.4401)
Train Epoch: [14][100/138] Total Loss: 0.6430 (Avg: 0.5472) Dice: 0.4859 (Avg: 0.5755) IoU: 0.3693 (Avg: 0.4394)
Train Epoch: [14][101/138] Total Loss: 0.4893 (Avg: 0.5466) Dice: 0.6555 (Avg: 0.5762) IoU: 0.5098 (Avg: 0.4401)
Train Epoch: [14][102/138] Total Loss: 0.5883 (Avg: 0.5470) Dice: 0.5690 (Avg: 0.5762) IoU: 0.4113 (Avg: 0.4398)
Train Epoch: [14][103/138] Total Loss: 0.5876 (Avg: 0.5474) Dice: 0.5271 (Avg: 0.5757) IoU: 0.3999 (Avg: 0.4394)
Train Epoch: [14][104/138] Total Loss: 0.7300 (Avg: 0.5492) Dice: 0.3609 (Avg: 0.5736) IoU: 0.2496 (Avg: 0.4376)
Train Epoch: [14][105/138] Total Loss: 0.5162 (Avg: 0.5489) Dice: 0.5957 (Avg: 0.5738) IoU: 0.4511 (Avg: 0.4377)
Train Epoch: [14][106/138] Total Loss: 0.5016 (Avg: 0.5484) Dice: 0.6495 (Avg: 0.5746) IoU: 0.5180 (Avg: 0.4385)
Train Epoch: [14][107/138] Total Loss: 0.4150 (Avg: 0.5472) Dice: 0.7192 (Avg: 0.5759) IoU: 0.5838 (Avg: 0.4398)
Train Epoch: [14][108/138] Total Loss: 0.5597 (Avg: 0.5473) Dice: 0.5647 (Avg: 0.5758) IoU: 0.4088 (Avg: 0.4395)
Train Epoch: [14][109/138] Total Loss: 0.5478 (Avg: 0.5473) Dice: 0.5375 (Avg: 0.5755) IoU: 0.4223 (Avg: 0.4394)
Train Epoch: [14][110/138] Total Loss: 0.3986 (Avg: 0.5460) Dice: 0.7613 (Avg: 0.5771) IoU: 0.6342 (Avg: 0.4412)
Train Epoch: [14][111/138] Total Loss: 0.5037 (Avg: 0.5456) Dice: 0.6518 (Avg: 0.5778) IoU: 0.5318 (Avg: 0.4420)
Train Epoch: [14][112/138] Total Loss: 0.6768 (Avg: 0.5467) Dice: 0.4247 (Avg: 0.5764) IoU: 0.3068 (Avg: 0.4408)
Train Epoch: [14][113/138] Total Loss: 0.5381 (Avg: 0.5467) Dice: 0.5757 (Avg: 0.5764) IoU: 0.4550 (Avg: 0.4409)
Train Epoch: [14][114/138] Total Loss: 0.4616 (Avg: 0.5459) Dice: 0.6269 (Avg: 0.5769) IoU: 0.4783 (Avg: 0.4412)
Train Epoch: [14][115/138] Total Loss: 0.3719 (Avg: 0.5444) Dice: 0.7445 (Avg: 0.5783) IoU: 0.6053 (Avg: 0.4426)
Train Epoch: [14][116/138] Total Loss: 0.7904 (Avg: 0.5465) Dice: 0.3697 (Avg: 0.5765) IoU: 0.2424 (Avg: 0.4409)
Train Epoch: [14][117/138] Total Loss: 0.5791 (Avg: 0.5468) Dice: 0.5971 (Avg: 0.5767) IoU: 0.4404 (Avg: 0.4409)
Train Epoch: [14][118/138] Total Loss: 0.5371 (Avg: 0.5467) Dice: 0.5677 (Avg: 0.5766) IoU: 0.4113 (Avg: 0.4407)
Train Epoch: [14][119/138] Total Loss: 0.6783 (Avg: 0.5478) Dice: 0.3988 (Avg: 0.5751) IoU: 0.2632 (Avg: 0.4392)
Train Epoch: [14][120/138] Total Loss: 0.5084 (Avg: 0.5475) Dice: 0.5832 (Avg: 0.5752) IoU: 0.4173 (Avg: 0.4390)
Train Epoch: [14][121/138] Total Loss: 0.5899 (Avg: 0.5479) Dice: 0.5158 (Avg: 0.5747) IoU: 0.3844 (Avg: 0.4385)
Train Epoch: [14][122/138] Total Loss: 0.3995 (Avg: 0.5466) Dice: 0.7108 (Avg: 0.5758) IoU: 0.5791 (Avg: 0.4397)
Train Epoch: [14][123/138] Total Loss: 0.8248 (Avg: 0.5489) Dice: 0.3103 (Avg: 0.5737) IoU: 0.1997 (Avg: 0.4377)
Train Epoch: [14][124/138] Total Loss: 0.5973 (Avg: 0.5493) Dice: 0.5331 (Avg: 0.5734) IoU: 0.3831 (Avg: 0.4373)
Train Epoch: [14][125/138] Total Loss: 0.7303 (Avg: 0.5507) Dice: 0.3746 (Avg: 0.5718) IoU: 0.2586 (Avg: 0.4359)
Train Epoch: [14][126/138] Total Loss: 0.3832 (Avg: 0.5494) Dice: 0.7343 (Avg: 0.5731) IoU: 0.5848 (Avg: 0.4371)
Train Epoch: [14][127/138] Total Loss: 0.4150 (Avg: 0.5483) Dice: 0.7278 (Avg: 0.5743) IoU: 0.5760 (Avg: 0.4381)
Train Epoch: [14][128/138] Total Loss: 0.4555 (Avg: 0.5476) Dice: 0.6458 (Avg: 0.5748) IoU: 0.4932 (Avg: 0.4386)
Train Epoch: [14][129/138] Total Loss: 0.7498 (Avg: 0.5492) Dice: 0.3673 (Avg: 0.5732) IoU: 0.2628 (Avg: 0.4372)
Train Epoch: [14][130/138] Total Loss: 0.5508 (Avg: 0.5492) Dice: 0.5607 (Avg: 0.5731) IoU: 0.4586 (Avg: 0.4374)
Train Epoch: [14][131/138] Total Loss: 0.5317 (Avg: 0.5491) Dice: 0.5740 (Avg: 0.5731) IoU: 0.4222 (Avg: 0.4373)
Train Epoch: [14][132/138] Total Loss: 0.5380 (Avg: 0.5490) Dice: 0.5889 (Avg: 0.5733) IoU: 0.4494 (Avg: 0.4374)
Train Epoch: [14][133/138] Total Loss: 0.5913 (Avg: 0.5493) Dice: 0.5068 (Avg: 0.5728) IoU: 0.4179 (Avg: 0.4372)
Train Epoch: [14][134/138] Total Loss: 0.5701 (Avg: 0.5495) Dice: 0.5933 (Avg: 0.5729) IoU: 0.4448 (Avg: 0.4373)
Train Epoch: [14][135/138] Total Loss: 0.6131 (Avg: 0.5499) Dice: 0.5538 (Avg: 0.5728) IoU: 0.4480 (Avg: 0.4373)
Train Epoch: [14][136/138] Total Loss: 0.6782 (Avg: 0.5509) Dice: 0.4447 (Avg: 0.5718) IoU: 0.3292 (Avg: 0.4366)
Train Epoch: [14][137/138] Total Loss: 0.5463 (Avg: 0.5508) Dice: 0.6102 (Avg: 0.5721) IoU: 0.4564 (Avg: 0.4367)
Train Epoch: [14][138/138] Total Loss: 0.2769 (Avg: 0.5474) Dice: 0.7123 (Avg: 0.5692) IoU: 0.5532 (Avg: 0.4345)
Validation Epoch: [14] Avg Loss: 0.4286 Avg Dice: 0.5503 Avg IoU: 0.4199

========= Epoch [15/50] =========
Train Epoch: [15][1/138] Total Loss: 0.3990 (Avg: 0.3990) Dice: 0.8299 (Avg: 0.8299) IoU: 0.7152 (Avg: 0.7152)
Train Epoch: [15][2/138] Total Loss: 0.4056 (Avg: 0.4023) Dice: 0.7108 (Avg: 0.7704) IoU: 0.5553 (Avg: 0.6353)
Train Epoch: [15][3/138] Total Loss: 0.6873 (Avg: 0.4973) Dice: 0.4227 (Avg: 0.6545) IoU: 0.3203 (Avg: 0.5303)
Train Epoch: [15][4/138] Total Loss: 0.4475 (Avg: 0.4848) Dice: 0.6995 (Avg: 0.6657) IoU: 0.5425 (Avg: 0.5333)
Train Epoch: [15][5/138] Total Loss: 0.6157 (Avg: 0.5110) Dice: 0.5158 (Avg: 0.6357) IoU: 0.4022 (Avg: 0.5071)
Train Epoch: [15][6/138] Total Loss: 0.4498 (Avg: 0.5008) Dice: 0.6889 (Avg: 0.6446) IoU: 0.5489 (Avg: 0.5141)
Train Epoch: [15][7/138] Total Loss: 0.5794 (Avg: 0.5120) Dice: 0.5026 (Avg: 0.6243) IoU: 0.4077 (Avg: 0.4989)
Train Epoch: [15][8/138] Total Loss: 0.4810 (Avg: 0.5082) Dice: 0.6289 (Avg: 0.6249) IoU: 0.4675 (Avg: 0.4949)
Train Epoch: [15][9/138] Total Loss: 0.5600 (Avg: 0.5139) Dice: 0.5660 (Avg: 0.6183) IoU: 0.4301 (Avg: 0.4877)
Train Epoch: [15][10/138] Total Loss: 0.7154 (Avg: 0.5341) Dice: 0.4093 (Avg: 0.5974) IoU: 0.2643 (Avg: 0.4654)
Train Epoch: [15][11/138] Total Loss: 0.5043 (Avg: 0.5314) Dice: 0.6652 (Avg: 0.6036) IoU: 0.5213 (Avg: 0.4705)
Train Epoch: [15][12/138] Total Loss: 0.7619 (Avg: 0.5506) Dice: 0.3650 (Avg: 0.5837) IoU: 0.2624 (Avg: 0.4531)
Train Epoch: [15][13/138] Total Loss: 0.4354 (Avg: 0.5417) Dice: 0.6657 (Avg: 0.5900) IoU: 0.5081 (Avg: 0.4574)
Train Epoch: [15][14/138] Total Loss: 0.4722 (Avg: 0.5367) Dice: 0.6519 (Avg: 0.5944) IoU: 0.4993 (Avg: 0.4604)
Train Epoch: [15][15/138] Total Loss: 0.3791 (Avg: 0.5262) Dice: 0.7333 (Avg: 0.6037) IoU: 0.5824 (Avg: 0.4685)
Train Epoch: [15][16/138] Total Loss: 0.6294 (Avg: 0.5327) Dice: 0.4445 (Avg: 0.5937) IoU: 0.3376 (Avg: 0.4603)
Train Epoch: [15][17/138] Total Loss: 0.4404 (Avg: 0.5272) Dice: 0.6854 (Avg: 0.5991) IoU: 0.5328 (Avg: 0.4646)
Train Epoch: [15][18/138] Total Loss: 0.6811 (Avg: 0.5358) Dice: 0.4014 (Avg: 0.5881) IoU: 0.3063 (Avg: 0.4558)
Train Epoch: [15][19/138] Total Loss: 0.3626 (Avg: 0.5267) Dice: 0.7616 (Avg: 0.5973) IoU: 0.6231 (Avg: 0.4646)
Train Epoch: [15][20/138] Total Loss: 0.4208 (Avg: 0.5214) Dice: 0.7165 (Avg: 0.6032) IoU: 0.5834 (Avg: 0.4705)
Train Epoch: [15][21/138] Total Loss: 0.5067 (Avg: 0.5207) Dice: 0.6363 (Avg: 0.6048) IoU: 0.4735 (Avg: 0.4707)
Train Epoch: [15][22/138] Total Loss: 0.8935 (Avg: 0.5376) Dice: 0.2318 (Avg: 0.5879) IoU: 0.1374 (Avg: 0.4555)
Train Epoch: [15][23/138] Total Loss: 0.5263 (Avg: 0.5371) Dice: 0.5909 (Avg: 0.5880) IoU: 0.4305 (Avg: 0.4544)
Train Epoch: [15][24/138] Total Loss: 0.5971 (Avg: 0.5396) Dice: 0.5231 (Avg: 0.5853) IoU: 0.3564 (Avg: 0.4504)
Train Epoch: [15][25/138] Total Loss: 0.6549 (Avg: 0.5443) Dice: 0.5059 (Avg: 0.5821) IoU: 0.3621 (Avg: 0.4468)
Train Epoch: [15][26/138] Total Loss: 0.6515 (Avg: 0.5484) Dice: 0.4773 (Avg: 0.5781) IoU: 0.3550 (Avg: 0.4433)
Train Epoch: [15][27/138] Total Loss: 0.4939 (Avg: 0.5464) Dice: 0.6468 (Avg: 0.5806) IoU: 0.4984 (Avg: 0.4453)
Train Epoch: [15][28/138] Total Loss: 0.4977 (Avg: 0.5446) Dice: 0.5761 (Avg: 0.5805) IoU: 0.4103 (Avg: 0.4441)
Train Epoch: [15][29/138] Total Loss: 0.6927 (Avg: 0.5497) Dice: 0.3789 (Avg: 0.5735) IoU: 0.2790 (Avg: 0.4384)
Train Epoch: [15][30/138] Total Loss: 0.5459 (Avg: 0.5496) Dice: 0.5443 (Avg: 0.5725) IoU: 0.4069 (Avg: 0.4373)
Train Epoch: [15][31/138] Total Loss: 0.6135 (Avg: 0.5517) Dice: 0.4817 (Avg: 0.5696) IoU: 0.3555 (Avg: 0.4347)
Train Epoch: [15][32/138] Total Loss: 0.6221 (Avg: 0.5539) Dice: 0.5172 (Avg: 0.5680) IoU: 0.3764 (Avg: 0.4329)
Train Epoch: [15][33/138] Total Loss: 0.5310 (Avg: 0.5532) Dice: 0.6527 (Avg: 0.5705) IoU: 0.5318 (Avg: 0.4359)
Train Epoch: [15][34/138] Total Loss: 0.6611 (Avg: 0.5563) Dice: 0.4781 (Avg: 0.5678) IoU: 0.3744 (Avg: 0.4341)
Train Epoch: [15][35/138] Total Loss: 0.4011 (Avg: 0.5519) Dice: 0.7460 (Avg: 0.5729) IoU: 0.6077 (Avg: 0.4390)
Train Epoch: [15][36/138] Total Loss: 0.4740 (Avg: 0.5497) Dice: 0.6240 (Avg: 0.5743) IoU: 0.4661 (Avg: 0.4398)
Train Epoch: [15][37/138] Total Loss: 0.7283 (Avg: 0.5546) Dice: 0.3964 (Avg: 0.5695) IoU: 0.2518 (Avg: 0.4347)
Train Epoch: [15][38/138] Total Loss: 0.6802 (Avg: 0.5579) Dice: 0.4231 (Avg: 0.5657) IoU: 0.2869 (Avg: 0.4308)
Train Epoch: [15][39/138] Total Loss: 0.7740 (Avg: 0.5634) Dice: 0.3568 (Avg: 0.5603) IoU: 0.2549 (Avg: 0.4263)
Train Epoch: [15][40/138] Total Loss: 0.4110 (Avg: 0.5596) Dice: 0.7095 (Avg: 0.5640) IoU: 0.5570 (Avg: 0.4296)
Train Epoch: [15][41/138] Total Loss: 0.5223 (Avg: 0.5587) Dice: 0.5773 (Avg: 0.5644) IoU: 0.4202 (Avg: 0.4293)
Train Epoch: [15][42/138] Total Loss: 0.4959 (Avg: 0.5572) Dice: 0.6019 (Avg: 0.5653) IoU: 0.4449 (Avg: 0.4297)
Train Epoch: [15][43/138] Total Loss: 0.5777 (Avg: 0.5577) Dice: 0.5678 (Avg: 0.5653) IoU: 0.4313 (Avg: 0.4297)
Train Epoch: [15][44/138] Total Loss: 0.4429 (Avg: 0.5551) Dice: 0.6622 (Avg: 0.5675) IoU: 0.5306 (Avg: 0.4320)
Train Epoch: [15][45/138] Total Loss: 0.5678 (Avg: 0.5554) Dice: 0.5500 (Avg: 0.5671) IoU: 0.4368 (Avg: 0.4321)
Train Epoch: [15][46/138] Total Loss: 0.4700 (Avg: 0.5535) Dice: 0.6591 (Avg: 0.5691) IoU: 0.5059 (Avg: 0.4337)
Train Epoch: [15][47/138] Total Loss: 0.5847 (Avg: 0.5542) Dice: 0.4879 (Avg: 0.5674) IoU: 0.3631 (Avg: 0.4322)
Train Epoch: [15][48/138] Total Loss: 0.5663 (Avg: 0.5544) Dice: 0.5478 (Avg: 0.5670) IoU: 0.3918 (Avg: 0.4314)
Train Epoch: [15][49/138] Total Loss: 0.3664 (Avg: 0.5506) Dice: 0.7401 (Avg: 0.5705) IoU: 0.5980 (Avg: 0.4348)
Train Epoch: [15][50/138] Total Loss: 0.5318 (Avg: 0.5502) Dice: 0.5572 (Avg: 0.5703) IoU: 0.3994 (Avg: 0.4341)
Train Epoch: [15][51/138] Total Loss: 0.3674 (Avg: 0.5466) Dice: 0.7497 (Avg: 0.5738) IoU: 0.6143 (Avg: 0.4376)
Train Epoch: [15][52/138] Total Loss: 0.5791 (Avg: 0.5472) Dice: 0.5177 (Avg: 0.5727) IoU: 0.3943 (Avg: 0.4368)
Train Epoch: [15][53/138] Total Loss: 0.5246 (Avg: 0.5468) Dice: 0.5448 (Avg: 0.5722) IoU: 0.4534 (Avg: 0.4371)
Train Epoch: [15][54/138] Total Loss: 0.4725 (Avg: 0.5454) Dice: 0.6194 (Avg: 0.5730) IoU: 0.4656 (Avg: 0.4376)
Train Epoch: [15][55/138] Total Loss: 0.6219 (Avg: 0.5468) Dice: 0.5158 (Avg: 0.5720) IoU: 0.4081 (Avg: 0.4371)
Train Epoch: [15][56/138] Total Loss: 0.4508 (Avg: 0.5451) Dice: 0.6334 (Avg: 0.5731) IoU: 0.4648 (Avg: 0.4376)
Train Epoch: [15][57/138] Total Loss: 0.4361 (Avg: 0.5432) Dice: 0.6675 (Avg: 0.5748) IoU: 0.5692 (Avg: 0.4399)
Train Epoch: [15][58/138] Total Loss: 0.4269 (Avg: 0.5412) Dice: 0.7439 (Avg: 0.5777) IoU: 0.6177 (Avg: 0.4430)
Train Epoch: [15][59/138] Total Loss: 0.3758 (Avg: 0.5384) Dice: 0.7603 (Avg: 0.5808) IoU: 0.6169 (Avg: 0.4459)
Train Epoch: [15][60/138] Total Loss: 0.5233 (Avg: 0.5381) Dice: 0.5982 (Avg: 0.5811) IoU: 0.4462 (Avg: 0.4459)
Train Epoch: [15][61/138] Total Loss: 0.5681 (Avg: 0.5386) Dice: 0.5425 (Avg: 0.5804) IoU: 0.3989 (Avg: 0.4452)
Train Epoch: [15][62/138] Total Loss: 0.4227 (Avg: 0.5368) Dice: 0.6762 (Avg: 0.5820) IoU: 0.5317 (Avg: 0.4465)
Train Epoch: [15][63/138] Total Loss: 0.6118 (Avg: 0.5380) Dice: 0.5680 (Avg: 0.5818) IoU: 0.4213 (Avg: 0.4461)
Train Epoch: [15][64/138] Total Loss: 0.5476 (Avg: 0.5381) Dice: 0.5784 (Avg: 0.5817) IoU: 0.4187 (Avg: 0.4457)
Train Epoch: [15][65/138] Total Loss: 0.6526 (Avg: 0.5399) Dice: 0.4779 (Avg: 0.5801) IoU: 0.3952 (Avg: 0.4449)
Train Epoch: [15][66/138] Total Loss: 0.7311 (Avg: 0.5428) Dice: 0.3763 (Avg: 0.5770) IoU: 0.3087 (Avg: 0.4429)
Train Epoch: [15][67/138] Total Loss: 0.4290 (Avg: 0.5411) Dice: 0.6772 (Avg: 0.5785) IoU: 0.5219 (Avg: 0.4441)
Train Epoch: [15][68/138] Total Loss: 0.6852 (Avg: 0.5432) Dice: 0.4175 (Avg: 0.5761) IoU: 0.2949 (Avg: 0.4419)
Train Epoch: [15][69/138] Total Loss: 0.3584 (Avg: 0.5405) Dice: 0.7990 (Avg: 0.5794) IoU: 0.6692 (Avg: 0.4452)
Train Epoch: [15][70/138] Total Loss: 0.5271 (Avg: 0.5403) Dice: 0.5824 (Avg: 0.5794) IoU: 0.4784 (Avg: 0.4456)
Train Epoch: [15][71/138] Total Loss: 0.5342 (Avg: 0.5402) Dice: 0.5341 (Avg: 0.5788) IoU: 0.3689 (Avg: 0.4445)
Train Epoch: [15][72/138] Total Loss: 0.6057 (Avg: 0.5411) Dice: 0.4898 (Avg: 0.5775) IoU: 0.3791 (Avg: 0.4436)
Train Epoch: [15][73/138] Total Loss: 0.6350 (Avg: 0.5424) Dice: 0.4357 (Avg: 0.5756) IoU: 0.3089 (Avg: 0.4418)
Train Epoch: [15][74/138] Total Loss: 0.7026 (Avg: 0.5446) Dice: 0.3911 (Avg: 0.5731) IoU: 0.2856 (Avg: 0.4397)
Train Epoch: [15][75/138] Total Loss: 0.5751 (Avg: 0.5450) Dice: 0.5045 (Avg: 0.5722) IoU: 0.3537 (Avg: 0.4385)
Train Epoch: [15][76/138] Total Loss: 0.5045 (Avg: 0.5445) Dice: 0.6144 (Avg: 0.5727) IoU: 0.4536 (Avg: 0.4387)
Train Epoch: [15][77/138] Total Loss: 0.7605 (Avg: 0.5473) Dice: 0.4198 (Avg: 0.5708) IoU: 0.3110 (Avg: 0.4371)
Train Epoch: [15][78/138] Total Loss: 0.5632 (Avg: 0.5475) Dice: 0.5352 (Avg: 0.5703) IoU: 0.4286 (Avg: 0.4370)
Train Epoch: [15][79/138] Total Loss: 0.4934 (Avg: 0.5468) Dice: 0.6289 (Avg: 0.5710) IoU: 0.4816 (Avg: 0.4375)
Train Epoch: [15][80/138] Total Loss: 0.5172 (Avg: 0.5464) Dice: 0.5655 (Avg: 0.5710) IoU: 0.4241 (Avg: 0.4374)
Train Epoch: [15][81/138] Total Loss: 0.4227 (Avg: 0.5449) Dice: 0.6804 (Avg: 0.5723) IoU: 0.5461 (Avg: 0.4387)
Train Epoch: [15][82/138] Total Loss: 0.7465 (Avg: 0.5473) Dice: 0.4107 (Avg: 0.5704) IoU: 0.2876 (Avg: 0.4369)
Train Epoch: [15][83/138] Total Loss: 0.5936 (Avg: 0.5479) Dice: 0.5153 (Avg: 0.5697) IoU: 0.3604 (Avg: 0.4359)
Train Epoch: [15][84/138] Total Loss: 0.5996 (Avg: 0.5485) Dice: 0.5065 (Avg: 0.5689) IoU: 0.4035 (Avg: 0.4356)
Train Epoch: [15][85/138] Total Loss: 0.5087 (Avg: 0.5481) Dice: 0.6024 (Avg: 0.5693) IoU: 0.4890 (Avg: 0.4362)
Train Epoch: [15][86/138] Total Loss: 0.6419 (Avg: 0.5491) Dice: 0.4294 (Avg: 0.5677) IoU: 0.3124 (Avg: 0.4347)
Train Epoch: [15][87/138] Total Loss: 0.6092 (Avg: 0.5498) Dice: 0.5546 (Avg: 0.5676) IoU: 0.4401 (Avg: 0.4348)
Train Epoch: [15][88/138] Total Loss: 0.6456 (Avg: 0.5509) Dice: 0.4713 (Avg: 0.5665) IoU: 0.3464 (Avg: 0.4338)
Train Epoch: [15][89/138] Total Loss: 0.4658 (Avg: 0.5500) Dice: 0.6211 (Avg: 0.5671) IoU: 0.5010 (Avg: 0.4346)
Train Epoch: [15][90/138] Total Loss: 0.3396 (Avg: 0.5476) Dice: 0.8012 (Avg: 0.5697) IoU: 0.6742 (Avg: 0.4372)
Train Epoch: [15][91/138] Total Loss: 0.5325 (Avg: 0.5475) Dice: 0.5803 (Avg: 0.5698) IoU: 0.4545 (Avg: 0.4374)
Train Epoch: [15][92/138] Total Loss: 0.4135 (Avg: 0.5460) Dice: 0.7255 (Avg: 0.5715) IoU: 0.5872 (Avg: 0.4390)
Train Epoch: [15][93/138] Total Loss: 0.5475 (Avg: 0.5460) Dice: 0.6099 (Avg: 0.5719) IoU: 0.4557 (Avg: 0.4392)
Train Epoch: [15][94/138] Total Loss: 0.6176 (Avg: 0.5468) Dice: 0.4710 (Avg: 0.5708) IoU: 0.3420 (Avg: 0.4382)
Train Epoch: [15][95/138] Total Loss: 0.5719 (Avg: 0.5470) Dice: 0.5475 (Avg: 0.5706) IoU: 0.4205 (Avg: 0.4380)
Train Epoch: [15][96/138] Total Loss: 0.6249 (Avg: 0.5479) Dice: 0.4865 (Avg: 0.5697) IoU: 0.3874 (Avg: 0.4375)
Train Epoch: [15][97/138] Total Loss: 0.3948 (Avg: 0.5463) Dice: 0.7305 (Avg: 0.5714) IoU: 0.5839 (Avg: 0.4390)
Train Epoch: [15][98/138] Total Loss: 0.6102 (Avg: 0.5469) Dice: 0.5065 (Avg: 0.5707) IoU: 0.3538 (Avg: 0.4381)
Train Epoch: [15][99/138] Total Loss: 0.4224 (Avg: 0.5457) Dice: 0.6974 (Avg: 0.5720) IoU: 0.5446 (Avg: 0.4392)
Train Epoch: [15][100/138] Total Loss: 0.6033 (Avg: 0.5462) Dice: 0.4996 (Avg: 0.5713) IoU: 0.3382 (Avg: 0.4382)
Train Epoch: [15][101/138] Total Loss: 0.5009 (Avg: 0.5458) Dice: 0.6059 (Avg: 0.5716) IoU: 0.4606 (Avg: 0.4384)
Train Epoch: [15][102/138] Total Loss: 0.4353 (Avg: 0.5447) Dice: 0.6873 (Avg: 0.5727) IoU: 0.5275 (Avg: 0.4393)
Train Epoch: [15][103/138] Total Loss: 0.6485 (Avg: 0.5457) Dice: 0.4977 (Avg: 0.5720) IoU: 0.3706 (Avg: 0.4386)
Train Epoch: [15][104/138] Total Loss: 0.5400 (Avg: 0.5457) Dice: 0.5855 (Avg: 0.5721) IoU: 0.4505 (Avg: 0.4387)
Train Epoch: [15][105/138] Total Loss: 0.3496 (Avg: 0.5438) Dice: 0.7794 (Avg: 0.5741) IoU: 0.6467 (Avg: 0.4407)
Train Epoch: [15][106/138] Total Loss: 0.4884 (Avg: 0.5433) Dice: 0.6475 (Avg: 0.5748) IoU: 0.4857 (Avg: 0.4411)
Train Epoch: [15][107/138] Total Loss: 0.5702 (Avg: 0.5435) Dice: 0.5512 (Avg: 0.5746) IoU: 0.3948 (Avg: 0.4407)
Train Epoch: [15][108/138] Total Loss: 0.5969 (Avg: 0.5440) Dice: 0.5344 (Avg: 0.5742) IoU: 0.3986 (Avg: 0.4403)
Train Epoch: [15][109/138] Total Loss: 0.5409 (Avg: 0.5440) Dice: 0.6061 (Avg: 0.5745) IoU: 0.4492 (Avg: 0.4404)
Train Epoch: [15][110/138] Total Loss: 0.5831 (Avg: 0.5444) Dice: 0.4885 (Avg: 0.5737) IoU: 0.3575 (Avg: 0.4396)
Train Epoch: [15][111/138] Total Loss: 0.6042 (Avg: 0.5449) Dice: 0.4869 (Avg: 0.5729) IoU: 0.3340 (Avg: 0.4387)
Train Epoch: [15][112/138] Total Loss: 0.3939 (Avg: 0.5435) Dice: 0.7022 (Avg: 0.5741) IoU: 0.5560 (Avg: 0.4397)
Train Epoch: [15][113/138] Total Loss: 0.5489 (Avg: 0.5436) Dice: 0.5903 (Avg: 0.5742) IoU: 0.4901 (Avg: 0.4402)
Train Epoch: [15][114/138] Total Loss: 0.5697 (Avg: 0.5438) Dice: 0.5117 (Avg: 0.5737) IoU: 0.3712 (Avg: 0.4396)
Train Epoch: [15][115/138] Total Loss: 0.6992 (Avg: 0.5452) Dice: 0.4332 (Avg: 0.5725) IoU: 0.3241 (Avg: 0.4386)
Train Epoch: [15][116/138] Total Loss: 0.4942 (Avg: 0.5447) Dice: 0.6399 (Avg: 0.5730) IoU: 0.4786 (Avg: 0.4389)
Train Epoch: [15][117/138] Total Loss: 0.4568 (Avg: 0.5440) Dice: 0.6431 (Avg: 0.5736) IoU: 0.5111 (Avg: 0.4395)
Train Epoch: [15][118/138] Total Loss: 0.4603 (Avg: 0.5433) Dice: 0.6334 (Avg: 0.5742) IoU: 0.4896 (Avg: 0.4399)
Train Epoch: [15][119/138] Total Loss: 0.7027 (Avg: 0.5446) Dice: 0.4528 (Avg: 0.5731) IoU: 0.3330 (Avg: 0.4390)
Train Epoch: [15][120/138] Total Loss: 0.5639 (Avg: 0.5448) Dice: 0.5058 (Avg: 0.5726) IoU: 0.3418 (Avg: 0.4382)
Train Epoch: [15][121/138] Total Loss: 0.4157 (Avg: 0.5437) Dice: 0.6992 (Avg: 0.5736) IoU: 0.5497 (Avg: 0.4392)
Train Epoch: [15][122/138] Total Loss: 0.6686 (Avg: 0.5447) Dice: 0.3740 (Avg: 0.5720) IoU: 0.2686 (Avg: 0.4378)
Train Epoch: [15][123/138] Total Loss: 0.5056 (Avg: 0.5444) Dice: 0.5763 (Avg: 0.5720) IoU: 0.4267 (Avg: 0.4377)
Train Epoch: [15][124/138] Total Loss: 0.6232 (Avg: 0.5450) Dice: 0.4757 (Avg: 0.5712) IoU: 0.3553 (Avg: 0.4370)
Train Epoch: [15][125/138] Total Loss: 0.4517 (Avg: 0.5443) Dice: 0.6999 (Avg: 0.5723) IoU: 0.5674 (Avg: 0.4381)
Train Epoch: [15][126/138] Total Loss: 0.8367 (Avg: 0.5466) Dice: 0.2836 (Avg: 0.5700) IoU: 0.1826 (Avg: 0.4360)
Train Epoch: [15][127/138] Total Loss: 0.5229 (Avg: 0.5464) Dice: 0.6031 (Avg: 0.5702) IoU: 0.4903 (Avg: 0.4365)
Train Epoch: [15][128/138] Total Loss: 0.5651 (Avg: 0.5466) Dice: 0.5109 (Avg: 0.5698) IoU: 0.3671 (Avg: 0.4359)
Train Epoch: [15][129/138] Total Loss: 0.3051 (Avg: 0.5447) Dice: 0.8081 (Avg: 0.5716) IoU: 0.6788 (Avg: 0.4378)
Train Epoch: [15][130/138] Total Loss: 0.6721 (Avg: 0.5457) Dice: 0.4494 (Avg: 0.5707) IoU: 0.3295 (Avg: 0.4370)
Train Epoch: [15][131/138] Total Loss: 0.4368 (Avg: 0.5449) Dice: 0.6564 (Avg: 0.5713) IoU: 0.5019 (Avg: 0.4375)
Train Epoch: [15][132/138] Total Loss: 0.7864 (Avg: 0.5467) Dice: 0.2814 (Avg: 0.5691) IoU: 0.2060 (Avg: 0.4357)
Train Epoch: [15][133/138] Total Loss: 0.7179 (Avg: 0.5480) Dice: 0.3958 (Avg: 0.5678) IoU: 0.2787 (Avg: 0.4345)
Train Epoch: [15][134/138] Total Loss: 0.4298 (Avg: 0.5471) Dice: 0.7061 (Avg: 0.5689) IoU: 0.5605 (Avg: 0.4355)
Train Epoch: [15][135/138] Total Loss: 0.4119 (Avg: 0.5461) Dice: 0.6938 (Avg: 0.5698) IoU: 0.5364 (Avg: 0.4362)
Train Epoch: [15][136/138] Total Loss: 0.4834 (Avg: 0.5456) Dice: 0.5864 (Avg: 0.5699) IoU: 0.4736 (Avg: 0.4365)
Train Epoch: [15][137/138] Total Loss: 0.4065 (Avg: 0.5446) Dice: 0.6874 (Avg: 0.5708) IoU: 0.5494 (Avg: 0.4373)
Train Epoch: [15][138/138] Total Loss: 0.4615 (Avg: 0.5415) Dice: 0.5220 (Avg: 0.5676) IoU: 0.3532 (Avg: 0.4348)
Validation Epoch: [15] Avg Loss: 0.4500 Avg Dice: 0.5157 Avg IoU: 0.3928

========= Epoch [16/50] =========
Train Epoch: [16][1/138] Total Loss: 0.7184 (Avg: 0.7184) Dice: 0.3873 (Avg: 0.3873) IoU: 0.2666 (Avg: 0.2666)
Train Epoch: [16][2/138] Total Loss: 0.5920 (Avg: 0.6552) Dice: 0.5826 (Avg: 0.4850) IoU: 0.4461 (Avg: 0.3564)
Train Epoch: [16][3/138] Total Loss: 0.6536 (Avg: 0.6546) Dice: 0.4609 (Avg: 0.4769) IoU: 0.3407 (Avg: 0.3511)
Train Epoch: [16][4/138] Total Loss: 0.4774 (Avg: 0.6103) Dice: 0.6489 (Avg: 0.5199) IoU: 0.5128 (Avg: 0.3916)
Train Epoch: [16][5/138] Total Loss: 0.4782 (Avg: 0.5839) Dice: 0.6273 (Avg: 0.5414) IoU: 0.4828 (Avg: 0.4098)
Train Epoch: [16][6/138] Total Loss: 0.6679 (Avg: 0.5979) Dice: 0.4589 (Avg: 0.5277) IoU: 0.3064 (Avg: 0.3926)
Train Epoch: [16][7/138] Total Loss: 0.5760 (Avg: 0.5948) Dice: 0.4789 (Avg: 0.5207) IoU: 0.3412 (Avg: 0.3852)
Train Epoch: [16][8/138] Total Loss: 0.3730 (Avg: 0.5671) Dice: 0.7485 (Avg: 0.5492) IoU: 0.6054 (Avg: 0.4127)
Train Epoch: [16][9/138] Total Loss: 0.5110 (Avg: 0.5608) Dice: 0.6279 (Avg: 0.5579) IoU: 0.5404 (Avg: 0.4269)
Train Epoch: [16][10/138] Total Loss: 0.6850 (Avg: 0.5732) Dice: 0.4662 (Avg: 0.5487) IoU: 0.3142 (Avg: 0.4156)
Train Epoch: [16][11/138] Total Loss: 0.6130 (Avg: 0.5769) Dice: 0.5299 (Avg: 0.5470) IoU: 0.3691 (Avg: 0.4114)
Train Epoch: [16][12/138] Total Loss: 0.4841 (Avg: 0.5691) Dice: 0.5886 (Avg: 0.5505) IoU: 0.4215 (Avg: 0.4123)
Train Epoch: [16][13/138] Total Loss: 0.5420 (Avg: 0.5670) Dice: 0.5843 (Avg: 0.5531) IoU: 0.4361 (Avg: 0.4141)
Train Epoch: [16][14/138] Total Loss: 0.4507 (Avg: 0.5587) Dice: 0.6344 (Avg: 0.5589) IoU: 0.4872 (Avg: 0.4193)
Train Epoch: [16][15/138] Total Loss: 0.4217 (Avg: 0.5496) Dice: 0.7050 (Avg: 0.5686) IoU: 0.5625 (Avg: 0.4289)
Train Epoch: [16][16/138] Total Loss: 0.4128 (Avg: 0.5410) Dice: 0.6504 (Avg: 0.5738) IoU: 0.5147 (Avg: 0.4342)
Train Epoch: [16][17/138] Total Loss: 0.4137 (Avg: 0.5336) Dice: 0.7350 (Avg: 0.5832) IoU: 0.5860 (Avg: 0.4432)
Train Epoch: [16][18/138] Total Loss: 0.4094 (Avg: 0.5267) Dice: 0.6960 (Avg: 0.5895) IoU: 0.5449 (Avg: 0.4488)
Train Epoch: [16][19/138] Total Loss: 0.4809 (Avg: 0.5242) Dice: 0.6095 (Avg: 0.5906) IoU: 0.5012 (Avg: 0.4516)
Train Epoch: [16][20/138] Total Loss: 0.5424 (Avg: 0.5252) Dice: 0.5778 (Avg: 0.5899) IoU: 0.4132 (Avg: 0.4496)
Train Epoch: [16][21/138] Total Loss: 0.5091 (Avg: 0.5244) Dice: 0.5845 (Avg: 0.5897) IoU: 0.4270 (Avg: 0.4486)
Train Epoch: [16][22/138] Total Loss: 0.6703 (Avg: 0.5310) Dice: 0.4439 (Avg: 0.5830) IoU: 0.3211 (Avg: 0.4428)
Train Epoch: [16][23/138] Total Loss: 0.5680 (Avg: 0.5326) Dice: 0.5597 (Avg: 0.5820) IoU: 0.3953 (Avg: 0.4407)
Train Epoch: [16][24/138] Total Loss: 0.6054 (Avg: 0.5357) Dice: 0.4407 (Avg: 0.5761) IoU: 0.3363 (Avg: 0.4364)
Train Epoch: [16][25/138] Total Loss: 0.3139 (Avg: 0.5268) Dice: 0.8321 (Avg: 0.5864) IoU: 0.7131 (Avg: 0.4474)
Train Epoch: [16][26/138] Total Loss: 0.8327 (Avg: 0.5386) Dice: 0.3044 (Avg: 0.5755) IoU: 0.2142 (Avg: 0.4385)
Train Epoch: [16][27/138] Total Loss: 0.6066 (Avg: 0.5411) Dice: 0.4785 (Avg: 0.5719) IoU: 0.3676 (Avg: 0.4358)
Train Epoch: [16][28/138] Total Loss: 0.4041 (Avg: 0.5362) Dice: 0.6899 (Avg: 0.5761) IoU: 0.5494 (Avg: 0.4399)
Train Epoch: [16][29/138] Total Loss: 0.6113 (Avg: 0.5388) Dice: 0.4639 (Avg: 0.5723) IoU: 0.3409 (Avg: 0.4365)
Train Epoch: [16][30/138] Total Loss: 0.5888 (Avg: 0.5404) Dice: 0.5078 (Avg: 0.5701) IoU: 0.3677 (Avg: 0.4342)
Train Epoch: [16][31/138] Total Loss: 0.4694 (Avg: 0.5382) Dice: 0.6364 (Avg: 0.5723) IoU: 0.4953 (Avg: 0.4362)
Train Epoch: [16][32/138] Total Loss: 0.4909 (Avg: 0.5367) Dice: 0.6139 (Avg: 0.5736) IoU: 0.4781 (Avg: 0.4375)
Train Epoch: [16][33/138] Total Loss: 0.4023 (Avg: 0.5326) Dice: 0.7259 (Avg: 0.5782) IoU: 0.5757 (Avg: 0.4417)
Train Epoch: [16][34/138] Total Loss: 0.5435 (Avg: 0.5329) Dice: 0.6112 (Avg: 0.5792) IoU: 0.4750 (Avg: 0.4426)
Train Epoch: [16][35/138] Total Loss: 0.5367 (Avg: 0.5330) Dice: 0.5847 (Avg: 0.5793) IoU: 0.4537 (Avg: 0.4429)
Train Epoch: [16][36/138] Total Loss: 0.5626 (Avg: 0.5339) Dice: 0.5329 (Avg: 0.5780) IoU: 0.3993 (Avg: 0.4417)
Train Epoch: [16][37/138] Total Loss: 0.5415 (Avg: 0.5341) Dice: 0.5527 (Avg: 0.5773) IoU: 0.3965 (Avg: 0.4405)
Train Epoch: [16][38/138] Total Loss: 0.6295 (Avg: 0.5366) Dice: 0.5089 (Avg: 0.5755) IoU: 0.3927 (Avg: 0.4393)
Train Epoch: [16][39/138] Total Loss: 0.4557 (Avg: 0.5345) Dice: 0.6698 (Avg: 0.5780) IoU: 0.5408 (Avg: 0.4419)
Train Epoch: [16][40/138] Total Loss: 0.5730 (Avg: 0.5355) Dice: 0.5402 (Avg: 0.5770) IoU: 0.4499 (Avg: 0.4421)
Train Epoch: [16][41/138] Total Loss: 0.3025 (Avg: 0.5298) Dice: 0.8243 (Avg: 0.5830) IoU: 0.7022 (Avg: 0.4484)
Train Epoch: [16][42/138] Total Loss: 0.3434 (Avg: 0.5253) Dice: 0.7913 (Avg: 0.5880) IoU: 0.6616 (Avg: 0.4535)
Train Epoch: [16][43/138] Total Loss: 0.4716 (Avg: 0.5241) Dice: 0.6409 (Avg: 0.5892) IoU: 0.4924 (Avg: 0.4544)
Train Epoch: [16][44/138] Total Loss: 0.5870 (Avg: 0.5255) Dice: 0.5325 (Avg: 0.5879) IoU: 0.4207 (Avg: 0.4536)
Train Epoch: [16][45/138] Total Loss: 0.5880 (Avg: 0.5269) Dice: 0.5055 (Avg: 0.5861) IoU: 0.3789 (Avg: 0.4520)
Train Epoch: [16][46/138] Total Loss: 0.3989 (Avg: 0.5241) Dice: 0.6992 (Avg: 0.5886) IoU: 0.5449 (Avg: 0.4540)
Train Epoch: [16][47/138] Total Loss: 0.4151 (Avg: 0.5218) Dice: 0.7551 (Avg: 0.5921) IoU: 0.6144 (Avg: 0.4574)
Train Epoch: [16][48/138] Total Loss: 0.7080 (Avg: 0.5257) Dice: 0.4165 (Avg: 0.5884) IoU: 0.2926 (Avg: 0.4540)
Train Epoch: [16][49/138] Total Loss: 0.5053 (Avg: 0.5253) Dice: 0.5955 (Avg: 0.5886) IoU: 0.4406 (Avg: 0.4537)
Train Epoch: [16][50/138] Total Loss: 0.5951 (Avg: 0.5267) Dice: 0.5179 (Avg: 0.5872) IoU: 0.4117 (Avg: 0.4528)
Train Epoch: [16][51/138] Total Loss: 0.5496 (Avg: 0.5271) Dice: 0.5272 (Avg: 0.5860) IoU: 0.3972 (Avg: 0.4518)
Train Epoch: [16][52/138] Total Loss: 0.6676 (Avg: 0.5298) Dice: 0.4250 (Avg: 0.5829) IoU: 0.3013 (Avg: 0.4489)
Train Epoch: [16][53/138] Total Loss: 0.4721 (Avg: 0.5287) Dice: 0.6302 (Avg: 0.5838) IoU: 0.4655 (Avg: 0.4492)
Train Epoch: [16][54/138] Total Loss: 0.6503 (Avg: 0.5310) Dice: 0.4487 (Avg: 0.5813) IoU: 0.3312 (Avg: 0.4470)
Train Epoch: [16][55/138] Total Loss: 0.4240 (Avg: 0.5290) Dice: 0.6820 (Avg: 0.5831) IoU: 0.5350 (Avg: 0.4486)
Train Epoch: [16][56/138] Total Loss: 0.4322 (Avg: 0.5273) Dice: 0.6596 (Avg: 0.5845) IoU: 0.5117 (Avg: 0.4497)
Train Epoch: [16][57/138] Total Loss: 0.5280 (Avg: 0.5273) Dice: 0.6245 (Avg: 0.5852) IoU: 0.4872 (Avg: 0.4504)
Train Epoch: [16][58/138] Total Loss: 0.3935 (Avg: 0.5250) Dice: 0.7169 (Avg: 0.5875) IoU: 0.5643 (Avg: 0.4523)
Train Epoch: [16][59/138] Total Loss: 0.5204 (Avg: 0.5249) Dice: 0.5918 (Avg: 0.5875) IoU: 0.4892 (Avg: 0.4530)
Train Epoch: [16][60/138] Total Loss: 0.5928 (Avg: 0.5261) Dice: 0.5391 (Avg: 0.5867) IoU: 0.4280 (Avg: 0.4526)
Train Epoch: [16][61/138] Total Loss: 0.4639 (Avg: 0.5250) Dice: 0.6868 (Avg: 0.5884) IoU: 0.5291 (Avg: 0.4538)
Train Epoch: [16][62/138] Total Loss: 0.5751 (Avg: 0.5259) Dice: 0.5586 (Avg: 0.5879) IoU: 0.4192 (Avg: 0.4532)
Train Epoch: [16][63/138] Total Loss: 0.7906 (Avg: 0.5301) Dice: 0.3005 (Avg: 0.5833) IoU: 0.2039 (Avg: 0.4493)
Train Epoch: [16][64/138] Total Loss: 0.5670 (Avg: 0.5306) Dice: 0.5301 (Avg: 0.5825) IoU: 0.3861 (Avg: 0.4483)
Train Epoch: [16][65/138] Total Loss: 0.5181 (Avg: 0.5304) Dice: 0.5808 (Avg: 0.5825) IoU: 0.4237 (Avg: 0.4479)
Train Epoch: [16][66/138] Total Loss: 0.3932 (Avg: 0.5284) Dice: 0.7143 (Avg: 0.5845) IoU: 0.5574 (Avg: 0.4496)
Train Epoch: [16][67/138] Total Loss: 0.9090 (Avg: 0.5340) Dice: 0.1927 (Avg: 0.5786) IoU: 0.1461 (Avg: 0.4451)
Train Epoch: [16][68/138] Total Loss: 0.4229 (Avg: 0.5324) Dice: 0.7099 (Avg: 0.5806) IoU: 0.5591 (Avg: 0.4467)
Train Epoch: [16][69/138] Total Loss: 0.4270 (Avg: 0.5309) Dice: 0.6831 (Avg: 0.5820) IoU: 0.5408 (Avg: 0.4481)
Train Epoch: [16][70/138] Total Loss: 0.4712 (Avg: 0.5300) Dice: 0.6486 (Avg: 0.5830) IoU: 0.5191 (Avg: 0.4491)
Train Epoch: [16][71/138] Total Loss: 0.3267 (Avg: 0.5272) Dice: 0.8023 (Avg: 0.5861) IoU: 0.6739 (Avg: 0.4523)
Train Epoch: [16][72/138] Total Loss: 0.6085 (Avg: 0.5283) Dice: 0.4532 (Avg: 0.5842) IoU: 0.3317 (Avg: 0.4506)
Train Epoch: [16][73/138] Total Loss: 0.6624 (Avg: 0.5301) Dice: 0.4961 (Avg: 0.5830) IoU: 0.3713 (Avg: 0.4495)
Train Epoch: [16][74/138] Total Loss: 0.4204 (Avg: 0.5286) Dice: 0.7003 (Avg: 0.5846) IoU: 0.5596 (Avg: 0.4510)
Train Epoch: [16][75/138] Total Loss: 0.6267 (Avg: 0.5300) Dice: 0.4844 (Avg: 0.5833) IoU: 0.4027 (Avg: 0.4504)
Train Epoch: [16][76/138] Total Loss: 0.3628 (Avg: 0.5278) Dice: 0.7326 (Avg: 0.5852) IoU: 0.5798 (Avg: 0.4521)
Train Epoch: [16][77/138] Total Loss: 0.3710 (Avg: 0.5257) Dice: 0.7667 (Avg: 0.5876) IoU: 0.6430 (Avg: 0.4545)
Train Epoch: [16][78/138] Total Loss: 0.4266 (Avg: 0.5244) Dice: 0.6763 (Avg: 0.5887) IoU: 0.5263 (Avg: 0.4555)
Train Epoch: [16][79/138] Total Loss: 0.5245 (Avg: 0.5244) Dice: 0.5555 (Avg: 0.5883) IoU: 0.3979 (Avg: 0.4547)
Train Epoch: [16][80/138] Total Loss: 0.6491 (Avg: 0.5260) Dice: 0.4386 (Avg: 0.5864) IoU: 0.2889 (Avg: 0.4527)
Train Epoch: [16][81/138] Total Loss: 0.4533 (Avg: 0.5251) Dice: 0.6775 (Avg: 0.5876) IoU: 0.5163 (Avg: 0.4534)
Train Epoch: [16][82/138] Total Loss: 0.6144 (Avg: 0.5262) Dice: 0.4959 (Avg: 0.5864) IoU: 0.3419 (Avg: 0.4521)
Train Epoch: [16][83/138] Total Loss: 0.6610 (Avg: 0.5278) Dice: 0.4411 (Avg: 0.5847) IoU: 0.2987 (Avg: 0.4502)
Train Epoch: [16][84/138] Total Loss: 0.7821 (Avg: 0.5308) Dice: 0.3488 (Avg: 0.5819) IoU: 0.2391 (Avg: 0.4477)
Train Epoch: [16][85/138] Total Loss: 0.4931 (Avg: 0.5304) Dice: 0.6150 (Avg: 0.5823) IoU: 0.5130 (Avg: 0.4485)
Train Epoch: [16][86/138] Total Loss: 0.7012 (Avg: 0.5324) Dice: 0.4456 (Avg: 0.5807) IoU: 0.3211 (Avg: 0.4470)
Train Epoch: [16][87/138] Total Loss: 0.4584 (Avg: 0.5315) Dice: 0.6561 (Avg: 0.5816) IoU: 0.4922 (Avg: 0.4475)
Train Epoch: [16][88/138] Total Loss: 0.4754 (Avg: 0.5309) Dice: 0.6489 (Avg: 0.5823) IoU: 0.4886 (Avg: 0.4480)
Train Epoch: [16][89/138] Total Loss: 0.4871 (Avg: 0.5304) Dice: 0.5695 (Avg: 0.5822) IoU: 0.4419 (Avg: 0.4479)
Train Epoch: [16][90/138] Total Loss: 0.7727 (Avg: 0.5331) Dice: 0.2617 (Avg: 0.5786) IoU: 0.1571 (Avg: 0.4447)
Train Epoch: [16][91/138] Total Loss: 0.3131 (Avg: 0.5307) Dice: 0.8079 (Avg: 0.5811) IoU: 0.6834 (Avg: 0.4473)
Train Epoch: [16][92/138] Total Loss: 0.3173 (Avg: 0.5284) Dice: 0.7895 (Avg: 0.5834) IoU: 0.6570 (Avg: 0.4496)
Train Epoch: [16][93/138] Total Loss: 0.5284 (Avg: 0.5284) Dice: 0.6161 (Avg: 0.5837) IoU: 0.4595 (Avg: 0.4497)
Train Epoch: [16][94/138] Total Loss: 0.3805 (Avg: 0.5268) Dice: 0.7499 (Avg: 0.5855) IoU: 0.6281 (Avg: 0.4516)
Train Epoch: [16][95/138] Total Loss: 0.5203 (Avg: 0.5267) Dice: 0.5681 (Avg: 0.5853) IoU: 0.4020 (Avg: 0.4511)
Train Epoch: [16][96/138] Total Loss: 0.5942 (Avg: 0.5274) Dice: 0.5634 (Avg: 0.5851) IoU: 0.4576 (Avg: 0.4511)
Train Epoch: [16][97/138] Total Loss: 0.3387 (Avg: 0.5255) Dice: 0.7849 (Avg: 0.5872) IoU: 0.6548 (Avg: 0.4532)
Train Epoch: [16][98/138] Total Loss: 0.5795 (Avg: 0.5260) Dice: 0.5638 (Avg: 0.5869) IoU: 0.4108 (Avg: 0.4528)
Train Epoch: [16][99/138] Total Loss: 0.3837 (Avg: 0.5246) Dice: 0.7562 (Avg: 0.5886) IoU: 0.6219 (Avg: 0.4545)
Train Epoch: [16][100/138] Total Loss: 0.4589 (Avg: 0.5239) Dice: 0.6537 (Avg: 0.5893) IoU: 0.5106 (Avg: 0.4551)
Train Epoch: [16][101/138] Total Loss: 0.5599 (Avg: 0.5243) Dice: 0.5546 (Avg: 0.5889) IoU: 0.4459 (Avg: 0.4550)
Train Epoch: [16][102/138] Total Loss: 0.4982 (Avg: 0.5240) Dice: 0.6230 (Avg: 0.5893) IoU: 0.4805 (Avg: 0.4552)
Train Epoch: [16][103/138] Total Loss: 0.6758 (Avg: 0.5255) Dice: 0.4422 (Avg: 0.5878) IoU: 0.2932 (Avg: 0.4537)
Train Epoch: [16][104/138] Total Loss: 0.4827 (Avg: 0.5251) Dice: 0.6659 (Avg: 0.5886) IoU: 0.5312 (Avg: 0.4544)
Train Epoch: [16][105/138] Total Loss: 0.4916 (Avg: 0.5248) Dice: 0.6107 (Avg: 0.5888) IoU: 0.4444 (Avg: 0.4543)
Train Epoch: [16][106/138] Total Loss: 0.4642 (Avg: 0.5242) Dice: 0.6374 (Avg: 0.5893) IoU: 0.4899 (Avg: 0.4547)
Train Epoch: [16][107/138] Total Loss: 0.3274 (Avg: 0.5224) Dice: 0.8015 (Avg: 0.5913) IoU: 0.6713 (Avg: 0.4567)
Train Epoch: [16][108/138] Total Loss: 0.5676 (Avg: 0.5228) Dice: 0.5347 (Avg: 0.5907) IoU: 0.3827 (Avg: 0.4560)
Train Epoch: [16][109/138] Total Loss: 0.6060 (Avg: 0.5236) Dice: 0.5944 (Avg: 0.5908) IoU: 0.4937 (Avg: 0.4563)
Train Epoch: [16][110/138] Total Loss: 0.7870 (Avg: 0.5259) Dice: 0.3277 (Avg: 0.5884) IoU: 0.2560 (Avg: 0.4545)
Train Epoch: [16][111/138] Total Loss: 0.5518 (Avg: 0.5262) Dice: 0.5927 (Avg: 0.5884) IoU: 0.4684 (Avg: 0.4546)
Train Epoch: [16][112/138] Total Loss: 0.4656 (Avg: 0.5256) Dice: 0.6430 (Avg: 0.5889) IoU: 0.5419 (Avg: 0.4554)
Train Epoch: [16][113/138] Total Loss: 0.4668 (Avg: 0.5251) Dice: 0.6406 (Avg: 0.5894) IoU: 0.5064 (Avg: 0.4559)
Train Epoch: [16][114/138] Total Loss: 0.6182 (Avg: 0.5259) Dice: 0.4806 (Avg: 0.5884) IoU: 0.3560 (Avg: 0.4550)
Train Epoch: [16][115/138] Total Loss: 0.6620 (Avg: 0.5271) Dice: 0.4081 (Avg: 0.5868) IoU: 0.2849 (Avg: 0.4535)
Train Epoch: [16][116/138] Total Loss: 0.3982 (Avg: 0.5260) Dice: 0.7174 (Avg: 0.5880) IoU: 0.5862 (Avg: 0.4547)
Train Epoch: [16][117/138] Total Loss: 0.5735 (Avg: 0.5264) Dice: 0.5095 (Avg: 0.5873) IoU: 0.3656 (Avg: 0.4539)
Train Epoch: [16][118/138] Total Loss: 0.5254 (Avg: 0.5264) Dice: 0.6039 (Avg: 0.5874) IoU: 0.5063 (Avg: 0.4543)
Train Epoch: [16][119/138] Total Loss: 0.6442 (Avg: 0.5274) Dice: 0.5026 (Avg: 0.5867) IoU: 0.3682 (Avg: 0.4536)
Train Epoch: [16][120/138] Total Loss: 0.6137 (Avg: 0.5281) Dice: 0.4193 (Avg: 0.5853) IoU: 0.3367 (Avg: 0.4526)
Train Epoch: [16][121/138] Total Loss: 0.5506 (Avg: 0.5283) Dice: 0.5607 (Avg: 0.5851) IoU: 0.4197 (Avg: 0.4524)
Train Epoch: [16][122/138] Total Loss: 0.3168 (Avg: 0.5266) Dice: 0.7992 (Avg: 0.5869) IoU: 0.6657 (Avg: 0.4541)
Train Epoch: [16][123/138] Total Loss: 0.5416 (Avg: 0.5267) Dice: 0.5608 (Avg: 0.5867) IoU: 0.4160 (Avg: 0.4538)
Train Epoch: [16][124/138] Total Loss: 0.8215 (Avg: 0.5291) Dice: 0.3055 (Avg: 0.5844) IoU: 0.1850 (Avg: 0.4516)
Train Epoch: [16][125/138] Total Loss: 0.4543 (Avg: 0.5285) Dice: 0.6561 (Avg: 0.5850) IoU: 0.5076 (Avg: 0.4521)
Train Epoch: [16][126/138] Total Loss: 0.6876 (Avg: 0.5297) Dice: 0.3833 (Avg: 0.5834) IoU: 0.2658 (Avg: 0.4506)
Train Epoch: [16][127/138] Total Loss: 0.5768 (Avg: 0.5301) Dice: 0.5408 (Avg: 0.5830) IoU: 0.4409 (Avg: 0.4505)
Train Epoch: [16][128/138] Total Loss: 0.4606 (Avg: 0.5296) Dice: 0.6395 (Avg: 0.5835) IoU: 0.4733 (Avg: 0.4507)
Train Epoch: [16][129/138] Total Loss: 0.5370 (Avg: 0.5296) Dice: 0.6679 (Avg: 0.5841) IoU: 0.5036 (Avg: 0.4511)
Train Epoch: [16][130/138] Total Loss: 0.4135 (Avg: 0.5287) Dice: 0.6796 (Avg: 0.5849) IoU: 0.5173 (Avg: 0.4516)
Train Epoch: [16][131/138] Total Loss: 0.5976 (Avg: 0.5293) Dice: 0.5039 (Avg: 0.5842) IoU: 0.3504 (Avg: 0.4509)
Train Epoch: [16][132/138] Total Loss: 0.5114 (Avg: 0.5291) Dice: 0.5648 (Avg: 0.5841) IoU: 0.4530 (Avg: 0.4509)
Train Epoch: [16][133/138] Total Loss: 0.5431 (Avg: 0.5292) Dice: 0.5622 (Avg: 0.5839) IoU: 0.4495 (Avg: 0.4509)
Train Epoch: [16][134/138] Total Loss: 0.4277 (Avg: 0.5285) Dice: 0.6700 (Avg: 0.5846) IoU: 0.5294 (Avg: 0.4515)
Train Epoch: [16][135/138] Total Loss: 0.4914 (Avg: 0.5282) Dice: 0.6112 (Avg: 0.5848) IoU: 0.4516 (Avg: 0.4515)
Train Epoch: [16][136/138] Total Loss: 0.5791 (Avg: 0.5286) Dice: 0.5324 (Avg: 0.5844) IoU: 0.3638 (Avg: 0.4508)
Train Epoch: [16][137/138] Total Loss: 0.5115 (Avg: 0.5284) Dice: 0.6314 (Avg: 0.5847) IoU: 0.4872 (Avg: 0.4511)
Train Epoch: [16][138/138] Total Loss: 0.2202 (Avg: 0.5250) Dice: 0.7557 (Avg: 0.5819) IoU: 0.6073 (Avg: 0.4489)
Validation Epoch: [16] Avg Loss: 0.4169 Avg Dice: 0.5440 Avg IoU: 0.4142

========= Epoch [17/50] =========
Train Epoch: [17][1/138] Total Loss: 0.5377 (Avg: 0.5377) Dice: 0.5886 (Avg: 0.5886) IoU: 0.4716 (Avg: 0.4716)
Train Epoch: [17][2/138] Total Loss: 0.6983 (Avg: 0.6180) Dice: 0.4188 (Avg: 0.5037) IoU: 0.2899 (Avg: 0.3807)
Train Epoch: [17][3/138] Total Loss: 0.5724 (Avg: 0.6028) Dice: 0.5603 (Avg: 0.5226) IoU: 0.4111 (Avg: 0.3909)
Train Epoch: [17][4/138] Total Loss: 0.5482 (Avg: 0.5891) Dice: 0.5357 (Avg: 0.5258) IoU: 0.3694 (Avg: 0.3855)
Train Epoch: [17][5/138] Total Loss: 0.6289 (Avg: 0.5971) Dice: 0.4752 (Avg: 0.5157) IoU: 0.3208 (Avg: 0.3726)
Train Epoch: [17][6/138] Total Loss: 0.6070 (Avg: 0.5987) Dice: 0.5161 (Avg: 0.5158) IoU: 0.3770 (Avg: 0.3733)
Train Epoch: [17][7/138] Total Loss: 0.4928 (Avg: 0.5836) Dice: 0.6320 (Avg: 0.5324) IoU: 0.4776 (Avg: 0.3882)
Train Epoch: [17][8/138] Total Loss: 0.5612 (Avg: 0.5808) Dice: 0.5437 (Avg: 0.5338) IoU: 0.3783 (Avg: 0.3870)
Train Epoch: [17][9/138] Total Loss: 0.4562 (Avg: 0.5670) Dice: 0.6207 (Avg: 0.5434) IoU: 0.4642 (Avg: 0.3955)
Train Epoch: [17][10/138] Total Loss: 0.4240 (Avg: 0.5527) Dice: 0.6819 (Avg: 0.5573) IoU: 0.5185 (Avg: 0.4078)
Train Epoch: [17][11/138] Total Loss: 0.8719 (Avg: 0.5817) Dice: 0.1842 (Avg: 0.5234) IoU: 0.1215 (Avg: 0.3818)
Train Epoch: [17][12/138] Total Loss: 0.3997 (Avg: 0.5665) Dice: 0.6958 (Avg: 0.5377) IoU: 0.5575 (Avg: 0.3964)
Train Epoch: [17][13/138] Total Loss: 0.4400 (Avg: 0.5568) Dice: 0.6752 (Avg: 0.5483) IoU: 0.5277 (Avg: 0.4065)
Train Epoch: [17][14/138] Total Loss: 0.4389 (Avg: 0.5484) Dice: 0.6899 (Avg: 0.5584) IoU: 0.5434 (Avg: 0.4163)
Train Epoch: [17][15/138] Total Loss: 0.7319 (Avg: 0.5606) Dice: 0.3696 (Avg: 0.5458) IoU: 0.2733 (Avg: 0.4068)
Train Epoch: [17][16/138] Total Loss: 0.5875 (Avg: 0.5623) Dice: 0.5236 (Avg: 0.5444) IoU: 0.3886 (Avg: 0.4056)
Train Epoch: [17][17/138] Total Loss: 0.5968 (Avg: 0.5643) Dice: 0.5331 (Avg: 0.5438) IoU: 0.4175 (Avg: 0.4063)
Train Epoch: [17][18/138] Total Loss: 0.5599 (Avg: 0.5641) Dice: 0.5396 (Avg: 0.5435) IoU: 0.4393 (Avg: 0.4082)
Train Epoch: [17][19/138] Total Loss: 0.6518 (Avg: 0.5687) Dice: 0.4651 (Avg: 0.5394) IoU: 0.3409 (Avg: 0.4046)
Train Epoch: [17][20/138] Total Loss: 0.4971 (Avg: 0.5651) Dice: 0.5824 (Avg: 0.5416) IoU: 0.4400 (Avg: 0.4064)
Train Epoch: [17][21/138] Total Loss: 0.5795 (Avg: 0.5658) Dice: 0.4939 (Avg: 0.5393) IoU: 0.3720 (Avg: 0.4048)
Train Epoch: [17][22/138] Total Loss: 0.5257 (Avg: 0.5640) Dice: 0.5901 (Avg: 0.5416) IoU: 0.4378 (Avg: 0.4063)
Train Epoch: [17][23/138] Total Loss: 0.5261 (Avg: 0.5623) Dice: 0.6176 (Avg: 0.5449) IoU: 0.4581 (Avg: 0.4085)
Train Epoch: [17][24/138] Total Loss: 0.4395 (Avg: 0.5572) Dice: 0.6525 (Avg: 0.5494) IoU: 0.5137 (Avg: 0.4129)
Train Epoch: [17][25/138] Total Loss: 0.5669 (Avg: 0.5576) Dice: 0.5412 (Avg: 0.5491) IoU: 0.4112 (Avg: 0.4128)
Train Epoch: [17][26/138] Total Loss: 0.5217 (Avg: 0.5562) Dice: 0.5887 (Avg: 0.5506) IoU: 0.4851 (Avg: 0.4156)
Train Epoch: [17][27/138] Total Loss: 0.4236 (Avg: 0.5513) Dice: 0.7087 (Avg: 0.5564) IoU: 0.5510 (Avg: 0.4206)
Train Epoch: [17][28/138] Total Loss: 0.4021 (Avg: 0.5460) Dice: 0.6998 (Avg: 0.5616) IoU: 0.5503 (Avg: 0.4253)
Train Epoch: [17][29/138] Total Loss: 0.4158 (Avg: 0.5415) Dice: 0.6719 (Avg: 0.5654) IoU: 0.5342 (Avg: 0.4290)
Train Epoch: [17][30/138] Total Loss: 0.4127 (Avg: 0.5372) Dice: 0.6846 (Avg: 0.5693) IoU: 0.5384 (Avg: 0.4327)
Train Epoch: [17][31/138] Total Loss: 0.5680 (Avg: 0.5382) Dice: 0.5047 (Avg: 0.5673) IoU: 0.4058 (Avg: 0.4318)
Train Epoch: [17][32/138] Total Loss: 0.4836 (Avg: 0.5365) Dice: 0.5935 (Avg: 0.5681) IoU: 0.4378 (Avg: 0.4320)
Train Epoch: [17][33/138] Total Loss: 0.5599 (Avg: 0.5372) Dice: 0.5509 (Avg: 0.5676) IoU: 0.3803 (Avg: 0.4304)
Train Epoch: [17][34/138] Total Loss: 0.4458 (Avg: 0.5345) Dice: 0.6683 (Avg: 0.5705) IoU: 0.5288 (Avg: 0.4333)
Train Epoch: [17][35/138] Total Loss: 0.7231 (Avg: 0.5399) Dice: 0.4176 (Avg: 0.5661) IoU: 0.2668 (Avg: 0.4286)
Train Epoch: [17][36/138] Total Loss: 0.4695 (Avg: 0.5379) Dice: 0.6333 (Avg: 0.5680) IoU: 0.4844 (Avg: 0.4301)
Train Epoch: [17][37/138] Total Loss: 0.4530 (Avg: 0.5356) Dice: 0.6366 (Avg: 0.5699) IoU: 0.5555 (Avg: 0.4335)
Train Epoch: [17][38/138] Total Loss: 0.5503 (Avg: 0.5360) Dice: 0.5946 (Avg: 0.5705) IoU: 0.4366 (Avg: 0.4336)
Train Epoch: [17][39/138] Total Loss: 0.6996 (Avg: 0.5402) Dice: 0.4078 (Avg: 0.5663) IoU: 0.2917 (Avg: 0.4299)
Train Epoch: [17][40/138] Total Loss: 0.5292 (Avg: 0.5399) Dice: 0.5822 (Avg: 0.5667) IoU: 0.4477 (Avg: 0.4304)
Train Epoch: [17][41/138] Total Loss: 0.4056 (Avg: 0.5367) Dice: 0.7587 (Avg: 0.5714) IoU: 0.6210 (Avg: 0.4350)
Train Epoch: [17][42/138] Total Loss: 0.3679 (Avg: 0.5327) Dice: 0.7615 (Avg: 0.5759) IoU: 0.6261 (Avg: 0.4396)
Train Epoch: [17][43/138] Total Loss: 0.6353 (Avg: 0.5350) Dice: 0.4552 (Avg: 0.5731) IoU: 0.3304 (Avg: 0.4370)
Train Epoch: [17][44/138] Total Loss: 0.4669 (Avg: 0.5335) Dice: 0.6547 (Avg: 0.5750) IoU: 0.4912 (Avg: 0.4383)
Train Epoch: [17][45/138] Total Loss: 0.7512 (Avg: 0.5383) Dice: 0.3346 (Avg: 0.5697) IoU: 0.2420 (Avg: 0.4339)
Train Epoch: [17][46/138] Total Loss: 0.3360 (Avg: 0.5339) Dice: 0.7710 (Avg: 0.5740) IoU: 0.6340 (Avg: 0.4383)
Train Epoch: [17][47/138] Total Loss: 0.3788 (Avg: 0.5306) Dice: 0.7556 (Avg: 0.5779) IoU: 0.6100 (Avg: 0.4419)
Train Epoch: [17][48/138] Total Loss: 0.5447 (Avg: 0.5309) Dice: 0.5405 (Avg: 0.5771) IoU: 0.4034 (Avg: 0.4411)
Train Epoch: [17][49/138] Total Loss: 0.4448 (Avg: 0.5292) Dice: 0.6415 (Avg: 0.5784) IoU: 0.4983 (Avg: 0.4423)
Train Epoch: [17][50/138] Total Loss: 0.4327 (Avg: 0.5272) Dice: 0.6773 (Avg: 0.5804) IoU: 0.5310 (Avg: 0.4441)
Train Epoch: [17][51/138] Total Loss: 0.5462 (Avg: 0.5276) Dice: 0.5062 (Avg: 0.5789) IoU: 0.3865 (Avg: 0.4429)
Train Epoch: [17][52/138] Total Loss: 0.6711 (Avg: 0.5304) Dice: 0.4237 (Avg: 0.5760) IoU: 0.3276 (Avg: 0.4407)
Train Epoch: [17][53/138] Total Loss: 0.5586 (Avg: 0.5309) Dice: 0.5433 (Avg: 0.5753) IoU: 0.3875 (Avg: 0.4397)
Train Epoch: [17][54/138] Total Loss: 0.4185 (Avg: 0.5288) Dice: 0.6744 (Avg: 0.5772) IoU: 0.5189 (Avg: 0.4412)
Train Epoch: [17][55/138] Total Loss: 0.2991 (Avg: 0.5246) Dice: 0.8332 (Avg: 0.5818) IoU: 0.7156 (Avg: 0.4462)
Train Epoch: [17][56/138] Total Loss: 0.4720 (Avg: 0.5237) Dice: 0.6216 (Avg: 0.5825) IoU: 0.4513 (Avg: 0.4463)
Train Epoch: [17][57/138] Total Loss: 0.6636 (Avg: 0.5262) Dice: 0.4452 (Avg: 0.5801) IoU: 0.3298 (Avg: 0.4442)
Train Epoch: [17][58/138] Total Loss: 0.4376 (Avg: 0.5246) Dice: 0.6678 (Avg: 0.5816) IoU: 0.5034 (Avg: 0.4452)
Train Epoch: [17][59/138] Total Loss: 0.3505 (Avg: 0.5217) Dice: 0.7521 (Avg: 0.5845) IoU: 0.6237 (Avg: 0.4483)
Train Epoch: [17][60/138] Total Loss: 0.8563 (Avg: 0.5273) Dice: 0.2321 (Avg: 0.5787) IoU: 0.1525 (Avg: 0.4433)
Train Epoch: [17][61/138] Total Loss: 0.5970 (Avg: 0.5284) Dice: 0.5187 (Avg: 0.5777) IoU: 0.3701 (Avg: 0.4421)
Train Epoch: [17][62/138] Total Loss: 0.5540 (Avg: 0.5288) Dice: 0.5786 (Avg: 0.5777) IoU: 0.4350 (Avg: 0.4420)
Train Epoch: [17][63/138] Total Loss: 0.4457 (Avg: 0.5275) Dice: 0.6403 (Avg: 0.5787) IoU: 0.5074 (Avg: 0.4430)
Train Epoch: [17][64/138] Total Loss: 0.4073 (Avg: 0.5256) Dice: 0.6765 (Avg: 0.5802) IoU: 0.5272 (Avg: 0.4444)
Train Epoch: [17][65/138] Total Loss: 0.5901 (Avg: 0.5266) Dice: 0.5011 (Avg: 0.5790) IoU: 0.3389 (Avg: 0.4427)
Train Epoch: [17][66/138] Total Loss: 0.4132 (Avg: 0.5249) Dice: 0.6812 (Avg: 0.5805) IoU: 0.5298 (Avg: 0.4441)
Train Epoch: [17][67/138] Total Loss: 0.4411 (Avg: 0.5236) Dice: 0.6652 (Avg: 0.5818) IoU: 0.5211 (Avg: 0.4452)
Train Epoch: [17][68/138] Total Loss: 0.4058 (Avg: 0.5219) Dice: 0.6833 (Avg: 0.5833) IoU: 0.5284 (Avg: 0.4464)
Train Epoch: [17][69/138] Total Loss: 0.6762 (Avg: 0.5241) Dice: 0.4031 (Avg: 0.5807) IoU: 0.2810 (Avg: 0.4440)
Train Epoch: [17][70/138] Total Loss: 0.5709 (Avg: 0.5248) Dice: 0.5446 (Avg: 0.5802) IoU: 0.4100 (Avg: 0.4435)
Train Epoch: [17][71/138] Total Loss: 0.5548 (Avg: 0.5252) Dice: 0.5160 (Avg: 0.5793) IoU: 0.3943 (Avg: 0.4429)
Train Epoch: [17][72/138] Total Loss: 0.4423 (Avg: 0.5241) Dice: 0.7069 (Avg: 0.5810) IoU: 0.5601 (Avg: 0.4445)
Train Epoch: [17][73/138] Total Loss: 0.4998 (Avg: 0.5237) Dice: 0.5966 (Avg: 0.5813) IoU: 0.4278 (Avg: 0.4443)
Train Epoch: [17][74/138] Total Loss: 0.3578 (Avg: 0.5215) Dice: 0.7417 (Avg: 0.5834) IoU: 0.6168 (Avg: 0.4466)
Train Epoch: [17][75/138] Total Loss: 0.7641 (Avg: 0.5247) Dice: 0.3328 (Avg: 0.5801) IoU: 0.2139 (Avg: 0.4435)
Train Epoch: [17][76/138] Total Loss: 0.4948 (Avg: 0.5243) Dice: 0.5379 (Avg: 0.5795) IoU: 0.4314 (Avg: 0.4433)
Train Epoch: [17][77/138] Total Loss: 0.4756 (Avg: 0.5237) Dice: 0.6601 (Avg: 0.5806) IoU: 0.4988 (Avg: 0.4440)
Train Epoch: [17][78/138] Total Loss: 0.4702 (Avg: 0.5230) Dice: 0.6384 (Avg: 0.5813) IoU: 0.4973 (Avg: 0.4447)
Train Epoch: [17][79/138] Total Loss: 0.3463 (Avg: 0.5208) Dice: 0.7935 (Avg: 0.5840) IoU: 0.6655 (Avg: 0.4475)
Train Epoch: [17][80/138] Total Loss: 0.4369 (Avg: 0.5197) Dice: 0.6867 (Avg: 0.5853) IoU: 0.5317 (Avg: 0.4486)
Train Epoch: [17][81/138] Total Loss: 0.3833 (Avg: 0.5181) Dice: 0.7328 (Avg: 0.5871) IoU: 0.5838 (Avg: 0.4502)
Train Epoch: [17][82/138] Total Loss: 0.5852 (Avg: 0.5189) Dice: 0.4964 (Avg: 0.5860) IoU: 0.3450 (Avg: 0.4490)
Train Epoch: [17][83/138] Total Loss: 0.4563 (Avg: 0.5181) Dice: 0.6819 (Avg: 0.5872) IoU: 0.5406 (Avg: 0.4501)
Train Epoch: [17][84/138] Total Loss: 0.5842 (Avg: 0.5189) Dice: 0.5245 (Avg: 0.5864) IoU: 0.3876 (Avg: 0.4493)
Train Epoch: [17][85/138] Total Loss: 0.6679 (Avg: 0.5207) Dice: 0.4534 (Avg: 0.5848) IoU: 0.3172 (Avg: 0.4478)
Train Epoch: [17][86/138] Total Loss: 0.4229 (Avg: 0.5195) Dice: 0.7085 (Avg: 0.5863) IoU: 0.5616 (Avg: 0.4491)
Train Epoch: [17][87/138] Total Loss: 0.6229 (Avg: 0.5207) Dice: 0.4364 (Avg: 0.5846) IoU: 0.3307 (Avg: 0.4477)
Train Epoch: [17][88/138] Total Loss: 0.5248 (Avg: 0.5208) Dice: 0.5887 (Avg: 0.5846) IoU: 0.4364 (Avg: 0.4476)
Train Epoch: [17][89/138] Total Loss: 0.3875 (Avg: 0.5193) Dice: 0.7162 (Avg: 0.5861) IoU: 0.5738 (Avg: 0.4490)
Train Epoch: [17][90/138] Total Loss: 0.5170 (Avg: 0.5192) Dice: 0.5878 (Avg: 0.5861) IoU: 0.4321 (Avg: 0.4488)
Train Epoch: [17][91/138] Total Loss: 0.5443 (Avg: 0.5195) Dice: 0.5680 (Avg: 0.5859) IoU: 0.4661 (Avg: 0.4490)
Train Epoch: [17][92/138] Total Loss: 0.6086 (Avg: 0.5205) Dice: 0.4992 (Avg: 0.5850) IoU: 0.3794 (Avg: 0.4483)
Train Epoch: [17][93/138] Total Loss: 0.3357 (Avg: 0.5185) Dice: 0.7730 (Avg: 0.5870) IoU: 0.6401 (Avg: 0.4503)
Train Epoch: [17][94/138] Total Loss: 0.6898 (Avg: 0.5203) Dice: 0.4303 (Avg: 0.5853) IoU: 0.2838 (Avg: 0.4486)
Train Epoch: [17][95/138] Total Loss: 0.3719 (Avg: 0.5188) Dice: 0.7416 (Avg: 0.5870) IoU: 0.5939 (Avg: 0.4501)
Train Epoch: [17][96/138] Total Loss: 0.4698 (Avg: 0.5182) Dice: 0.6434 (Avg: 0.5876) IoU: 0.5578 (Avg: 0.4512)
Train Epoch: [17][97/138] Total Loss: 0.7310 (Avg: 0.5204) Dice: 0.3174 (Avg: 0.5848) IoU: 0.2307 (Avg: 0.4489)
Train Epoch: [17][98/138] Total Loss: 0.8733 (Avg: 0.5240) Dice: 0.2525 (Avg: 0.5814) IoU: 0.1726 (Avg: 0.4461)
Train Epoch: [17][99/138] Total Loss: 0.5000 (Avg: 0.5238) Dice: 0.6115 (Avg: 0.5817) IoU: 0.4764 (Avg: 0.4464)
Train Epoch: [17][100/138] Total Loss: 0.7650 (Avg: 0.5262) Dice: 0.4312 (Avg: 0.5802) IoU: 0.3119 (Avg: 0.4451)
Train Epoch: [17][101/138] Total Loss: 0.5235 (Avg: 0.5262) Dice: 0.5938 (Avg: 0.5803) IoU: 0.4547 (Avg: 0.4452)
Train Epoch: [17][102/138] Total Loss: 0.4651 (Avg: 0.5256) Dice: 0.6700 (Avg: 0.5812) IoU: 0.5323 (Avg: 0.4460)
Train Epoch: [17][103/138] Total Loss: 0.7736 (Avg: 0.5280) Dice: 0.3324 (Avg: 0.5788) IoU: 0.2514 (Avg: 0.4441)
Train Epoch: [17][104/138] Total Loss: 0.5445 (Avg: 0.5281) Dice: 0.5655 (Avg: 0.5786) IoU: 0.3967 (Avg: 0.4437)
Train Epoch: [17][105/138] Total Loss: 0.4810 (Avg: 0.5277) Dice: 0.6179 (Avg: 0.5790) IoU: 0.4536 (Avg: 0.4438)
Train Epoch: [17][106/138] Total Loss: 0.5446 (Avg: 0.5279) Dice: 0.5662 (Avg: 0.5789) IoU: 0.4291 (Avg: 0.4436)
Train Epoch: [17][107/138] Total Loss: 0.4343 (Avg: 0.5270) Dice: 0.7033 (Avg: 0.5801) IoU: 0.5562 (Avg: 0.4447)
Train Epoch: [17][108/138] Total Loss: 0.4759 (Avg: 0.5265) Dice: 0.6136 (Avg: 0.5804) IoU: 0.4654 (Avg: 0.4449)
Train Epoch: [17][109/138] Total Loss: 0.5019 (Avg: 0.5263) Dice: 0.5721 (Avg: 0.5803) IoU: 0.4159 (Avg: 0.4446)
Train Epoch: [17][110/138] Total Loss: 0.4124 (Avg: 0.5252) Dice: 0.7189 (Avg: 0.5816) IoU: 0.5650 (Avg: 0.4457)
Train Epoch: [17][111/138] Total Loss: 0.4043 (Avg: 0.5242) Dice: 0.6898 (Avg: 0.5825) IoU: 0.5447 (Avg: 0.4466)
Train Epoch: [17][112/138] Total Loss: 0.3573 (Avg: 0.5227) Dice: 0.7866 (Avg: 0.5844) IoU: 0.6512 (Avg: 0.4484)
Train Epoch: [17][113/138] Total Loss: 0.8277 (Avg: 0.5254) Dice: 0.3188 (Avg: 0.5820) IoU: 0.2209 (Avg: 0.4464)
Train Epoch: [17][114/138] Total Loss: 0.4764 (Avg: 0.5249) Dice: 0.6358 (Avg: 0.5825) IoU: 0.4787 (Avg: 0.4467)
Train Epoch: [17][115/138] Total Loss: 0.6388 (Avg: 0.5259) Dice: 0.4920 (Avg: 0.5817) IoU: 0.3442 (Avg: 0.4458)
Train Epoch: [17][116/138] Total Loss: 0.5166 (Avg: 0.5258) Dice: 0.5832 (Avg: 0.5817) IoU: 0.4591 (Avg: 0.4459)
Train Epoch: [17][117/138] Total Loss: 0.6252 (Avg: 0.5267) Dice: 0.5059 (Avg: 0.5811) IoU: 0.3862 (Avg: 0.4454)
Train Epoch: [17][118/138] Total Loss: 0.4385 (Avg: 0.5259) Dice: 0.6212 (Avg: 0.5814) IoU: 0.4550 (Avg: 0.4455)
Train Epoch: [17][119/138] Total Loss: 0.4513 (Avg: 0.5253) Dice: 0.6849 (Avg: 0.5823) IoU: 0.5218 (Avg: 0.4461)
Train Epoch: [17][120/138] Total Loss: 0.3416 (Avg: 0.5238) Dice: 0.7678 (Avg: 0.5838) IoU: 0.6259 (Avg: 0.4476)
Train Epoch: [17][121/138] Total Loss: 0.5486 (Avg: 0.5240) Dice: 0.5562 (Avg: 0.5836) IoU: 0.4125 (Avg: 0.4473)
Train Epoch: [17][122/138] Total Loss: 0.5092 (Avg: 0.5239) Dice: 0.5833 (Avg: 0.5836) IoU: 0.4175 (Avg: 0.4471)
Train Epoch: [17][123/138] Total Loss: 0.5525 (Avg: 0.5241) Dice: 0.5617 (Avg: 0.5834) IoU: 0.4129 (Avg: 0.4468)
Train Epoch: [17][124/138] Total Loss: 0.4648 (Avg: 0.5236) Dice: 0.6395 (Avg: 0.5839) IoU: 0.5258 (Avg: 0.4475)
Train Epoch: [17][125/138] Total Loss: 0.5217 (Avg: 0.5236) Dice: 0.6106 (Avg: 0.5841) IoU: 0.4686 (Avg: 0.4476)
Train Epoch: [17][126/138] Total Loss: 0.6380 (Avg: 0.5245) Dice: 0.4522 (Avg: 0.5830) IoU: 0.3246 (Avg: 0.4466)
Train Epoch: [17][127/138] Total Loss: 0.6420 (Avg: 0.5254) Dice: 0.4522 (Avg: 0.5820) IoU: 0.3175 (Avg: 0.4456)
Train Epoch: [17][128/138] Total Loss: 0.3225 (Avg: 0.5239) Dice: 0.8091 (Avg: 0.5838) IoU: 0.6847 (Avg: 0.4475)
Train Epoch: [17][129/138] Total Loss: 0.4744 (Avg: 0.5235) Dice: 0.6068 (Avg: 0.5839) IoU: 0.4527 (Avg: 0.4475)
Train Epoch: [17][130/138] Total Loss: 0.7548 (Avg: 0.5253) Dice: 0.2939 (Avg: 0.5817) IoU: 0.1816 (Avg: 0.4455)
Train Epoch: [17][131/138] Total Loss: 0.6198 (Avg: 0.5260) Dice: 0.4736 (Avg: 0.5809) IoU: 0.3497 (Avg: 0.4448)
Train Epoch: [17][132/138] Total Loss: 0.4266 (Avg: 0.5252) Dice: 0.6568 (Avg: 0.5815) IoU: 0.4917 (Avg: 0.4451)
Train Epoch: [17][133/138] Total Loss: 0.3675 (Avg: 0.5240) Dice: 0.7600 (Avg: 0.5828) IoU: 0.6206 (Avg: 0.4464)
Train Epoch: [17][134/138] Total Loss: 0.5424 (Avg: 0.5242) Dice: 0.5769 (Avg: 0.5828) IoU: 0.4358 (Avg: 0.4464)
Train Epoch: [17][135/138] Total Loss: 0.5481 (Avg: 0.5244) Dice: 0.5402 (Avg: 0.5824) IoU: 0.4216 (Avg: 0.4462)
Train Epoch: [17][136/138] Total Loss: 0.5426 (Avg: 0.5245) Dice: 0.5742 (Avg: 0.5824) IoU: 0.4241 (Avg: 0.4460)
Train Epoch: [17][137/138] Total Loss: 0.4910 (Avg: 0.5242) Dice: 0.6042 (Avg: 0.5825) IoU: 0.4774 (Avg: 0.4462)
Train Epoch: [17][138/138] Total Loss: 0.2441 (Avg: 0.5209) Dice: 0.7118 (Avg: 0.5796) IoU: 0.5525 (Avg: 0.4440)
Validation Epoch: [17] Avg Loss: 0.4403 Avg Dice: 0.5154 Avg IoU: 0.3933

========= Epoch [18/50] =========
Train Epoch: [18][1/138] Total Loss: 0.3835 (Avg: 0.3835) Dice: 0.7258 (Avg: 0.7258) IoU: 0.5837 (Avg: 0.5837)
Train Epoch: [18][2/138] Total Loss: 0.4894 (Avg: 0.4365) Dice: 0.6034 (Avg: 0.6646) IoU: 0.4605 (Avg: 0.5221)
Train Epoch: [18][3/138] Total Loss: 0.5053 (Avg: 0.4594) Dice: 0.6594 (Avg: 0.6628) IoU: 0.5195 (Avg: 0.5213)
Train Epoch: [18][4/138] Total Loss: 0.5153 (Avg: 0.4734) Dice: 0.6136 (Avg: 0.6505) IoU: 0.4714 (Avg: 0.5088)
Train Epoch: [18][5/138] Total Loss: 0.7095 (Avg: 0.5206) Dice: 0.3717 (Avg: 0.5948) IoU: 0.2499 (Avg: 0.4570)
Train Epoch: [18][6/138] Total Loss: 0.4635 (Avg: 0.5111) Dice: 0.6256 (Avg: 0.5999) IoU: 0.4770 (Avg: 0.4604)
Train Epoch: [18][7/138] Total Loss: 0.4301 (Avg: 0.4995) Dice: 0.6717 (Avg: 0.6102) IoU: 0.5291 (Avg: 0.4702)
Train Epoch: [18][8/138] Total Loss: 0.4070 (Avg: 0.4880) Dice: 0.7063 (Avg: 0.6222) IoU: 0.5541 (Avg: 0.4807)
Train Epoch: [18][9/138] Total Loss: 0.7577 (Avg: 0.5179) Dice: 0.3305 (Avg: 0.5898) IoU: 0.2540 (Avg: 0.4555)
Train Epoch: [18][10/138] Total Loss: 0.5522 (Avg: 0.5214) Dice: 0.5584 (Avg: 0.5866) IoU: 0.4561 (Avg: 0.4555)
Train Epoch: [18][11/138] Total Loss: 0.4900 (Avg: 0.5185) Dice: 0.5839 (Avg: 0.5864) IoU: 0.4395 (Avg: 0.4541)
Train Epoch: [18][12/138] Total Loss: 0.6332 (Avg: 0.5281) Dice: 0.4029 (Avg: 0.5711) IoU: 0.2832 (Avg: 0.4398)
Train Epoch: [18][13/138] Total Loss: 0.5471 (Avg: 0.5295) Dice: 0.6150 (Avg: 0.5745) IoU: 0.4810 (Avg: 0.4430)
Train Epoch: [18][14/138] Total Loss: 0.4382 (Avg: 0.5230) Dice: 0.6571 (Avg: 0.5804) IoU: 0.5042 (Avg: 0.4474)
Train Epoch: [18][15/138] Total Loss: 0.4880 (Avg: 0.5207) Dice: 0.6061 (Avg: 0.5821) IoU: 0.4427 (Avg: 0.4471)
Train Epoch: [18][16/138] Total Loss: 0.5481 (Avg: 0.5224) Dice: 0.5586 (Avg: 0.5806) IoU: 0.4210 (Avg: 0.4454)
Train Epoch: [18][17/138] Total Loss: 0.3981 (Avg: 0.5151) Dice: 0.6885 (Avg: 0.5870) IoU: 0.5339 (Avg: 0.4506)
Train Epoch: [18][18/138] Total Loss: 0.4028 (Avg: 0.5088) Dice: 0.7068 (Avg: 0.5936) IoU: 0.5651 (Avg: 0.4570)
Train Epoch: [18][19/138] Total Loss: 0.6195 (Avg: 0.5147) Dice: 0.5193 (Avg: 0.5897) IoU: 0.3749 (Avg: 0.4527)
Train Epoch: [18][20/138] Total Loss: 0.5196 (Avg: 0.5149) Dice: 0.5920 (Avg: 0.5898) IoU: 0.4274 (Avg: 0.4514)
Train Epoch: [18][21/138] Total Loss: 0.5308 (Avg: 0.5157) Dice: 0.5839 (Avg: 0.5895) IoU: 0.4367 (Avg: 0.4507)
Train Epoch: [18][22/138] Total Loss: 0.3258 (Avg: 0.5070) Dice: 0.7983 (Avg: 0.5990) IoU: 0.6727 (Avg: 0.4608)
Train Epoch: [18][23/138] Total Loss: 0.4839 (Avg: 0.5060) Dice: 0.6144 (Avg: 0.5997) IoU: 0.4713 (Avg: 0.4613)
Train Epoch: [18][24/138] Total Loss: 0.4870 (Avg: 0.5052) Dice: 0.5950 (Avg: 0.5995) IoU: 0.4515 (Avg: 0.4609)
Train Epoch: [18][25/138] Total Loss: 0.4674 (Avg: 0.5037) Dice: 0.6067 (Avg: 0.5998) IoU: 0.4432 (Avg: 0.4602)
Train Epoch: [18][26/138] Total Loss: 0.4477 (Avg: 0.5016) Dice: 0.6346 (Avg: 0.6011) IoU: 0.4706 (Avg: 0.4606)
Train Epoch: [18][27/138] Total Loss: 0.5565 (Avg: 0.5036) Dice: 0.5289 (Avg: 0.5985) IoU: 0.3689 (Avg: 0.4572)
Train Epoch: [18][28/138] Total Loss: 0.3962 (Avg: 0.4998) Dice: 0.6961 (Avg: 0.6019) IoU: 0.5378 (Avg: 0.4600)
Train Epoch: [18][29/138] Total Loss: 0.5059 (Avg: 0.5000) Dice: 0.6236 (Avg: 0.6027) IoU: 0.5096 (Avg: 0.4617)
Train Epoch: [18][30/138] Total Loss: 0.8442 (Avg: 0.5114) Dice: 0.2676 (Avg: 0.5915) IoU: 0.1896 (Avg: 0.4527)
Train Epoch: [18][31/138] Total Loss: 0.6293 (Avg: 0.5152) Dice: 0.4471 (Avg: 0.5869) IoU: 0.3338 (Avg: 0.4488)
Train Epoch: [18][32/138] Total Loss: 0.5329 (Avg: 0.5158) Dice: 0.5592 (Avg: 0.5860) IoU: 0.4393 (Avg: 0.4485)
Train Epoch: [18][33/138] Total Loss: 0.4752 (Avg: 0.5146) Dice: 0.6276 (Avg: 0.5873) IoU: 0.4688 (Avg: 0.4492)
Train Epoch: [18][34/138] Total Loss: 0.6049 (Avg: 0.5172) Dice: 0.4977 (Avg: 0.5846) IoU: 0.3766 (Avg: 0.4470)
Train Epoch: [18][35/138] Total Loss: 0.4729 (Avg: 0.5160) Dice: 0.6687 (Avg: 0.5870) IoU: 0.5133 (Avg: 0.4489)
Train Epoch: [18][36/138] Total Loss: 0.3992 (Avg: 0.5127) Dice: 0.7088 (Avg: 0.5904) IoU: 0.5512 (Avg: 0.4518)
Train Epoch: [18][37/138] Total Loss: 0.4434 (Avg: 0.5108) Dice: 0.6451 (Avg: 0.5919) IoU: 0.4920 (Avg: 0.4528)
Train Epoch: [18][38/138] Total Loss: 0.4886 (Avg: 0.5103) Dice: 0.6140 (Avg: 0.5925) IoU: 0.4637 (Avg: 0.4531)
Train Epoch: [18][39/138] Total Loss: 0.5558 (Avg: 0.5114) Dice: 0.4973 (Avg: 0.5900) IoU: 0.3726 (Avg: 0.4511)
Train Epoch: [18][40/138] Total Loss: 0.4380 (Avg: 0.5096) Dice: 0.6458 (Avg: 0.5914) IoU: 0.5132 (Avg: 0.4526)
Train Epoch: [18][41/138] Total Loss: 0.4236 (Avg: 0.5075) Dice: 0.6778 (Avg: 0.5935) IoU: 0.5292 (Avg: 0.4545)
Train Epoch: [18][42/138] Total Loss: 0.4411 (Avg: 0.5059) Dice: 0.6881 (Avg: 0.5958) IoU: 0.5389 (Avg: 0.4565)
Train Epoch: [18][43/138] Total Loss: 0.5432 (Avg: 0.5068) Dice: 0.5559 (Avg: 0.5949) IoU: 0.3996 (Avg: 0.4552)
Train Epoch: [18][44/138] Total Loss: 0.4862 (Avg: 0.5063) Dice: 0.6820 (Avg: 0.5968) IoU: 0.5598 (Avg: 0.4576)
Train Epoch: [18][45/138] Total Loss: 0.4151 (Avg: 0.5043) Dice: 0.6991 (Avg: 0.5991) IoU: 0.5439 (Avg: 0.4595)
Train Epoch: [18][46/138] Total Loss: 0.5655 (Avg: 0.5056) Dice: 0.5661 (Avg: 0.5984) IoU: 0.4565 (Avg: 0.4594)
Train Epoch: [18][47/138] Total Loss: 0.4269 (Avg: 0.5039) Dice: 0.6722 (Avg: 0.6000) IoU: 0.5429 (Avg: 0.4612)
Train Epoch: [18][48/138] Total Loss: 0.4407 (Avg: 0.5026) Dice: 0.6582 (Avg: 0.6012) IoU: 0.5051 (Avg: 0.4621)
Train Epoch: [18][49/138] Total Loss: 0.5476 (Avg: 0.5035) Dice: 0.5231 (Avg: 0.5996) IoU: 0.4055 (Avg: 0.4609)
Train Epoch: [18][50/138] Total Loss: 0.5106 (Avg: 0.5037) Dice: 0.5711 (Avg: 0.5990) IoU: 0.4596 (Avg: 0.4609)
Train Epoch: [18][51/138] Total Loss: 0.3906 (Avg: 0.5015) Dice: 0.6936 (Avg: 0.6009) IoU: 0.5410 (Avg: 0.4625)
Train Epoch: [18][52/138] Total Loss: 0.5051 (Avg: 0.5015) Dice: 0.6022 (Avg: 0.6009) IoU: 0.4518 (Avg: 0.4623)
Train Epoch: [18][53/138] Total Loss: 0.6933 (Avg: 0.5052) Dice: 0.4096 (Avg: 0.5973) IoU: 0.3150 (Avg: 0.4595)
Train Epoch: [18][54/138] Total Loss: 0.5200 (Avg: 0.5054) Dice: 0.5824 (Avg: 0.5970) IoU: 0.4528 (Avg: 0.4594)
Train Epoch: [18][55/138] Total Loss: 0.5523 (Avg: 0.5063) Dice: 0.5501 (Avg: 0.5962) IoU: 0.3839 (Avg: 0.4580)
Train Epoch: [18][56/138] Total Loss: 0.6087 (Avg: 0.5081) Dice: 0.5168 (Avg: 0.5947) IoU: 0.3572 (Avg: 0.4562)
Train Epoch: [18][57/138] Total Loss: 0.3310 (Avg: 0.5050) Dice: 0.7694 (Avg: 0.5978) IoU: 0.6305 (Avg: 0.4593)
Train Epoch: [18][58/138] Total Loss: 0.4961 (Avg: 0.5048) Dice: 0.5706 (Avg: 0.5973) IoU: 0.4049 (Avg: 0.4583)
Train Epoch: [18][59/138] Total Loss: 0.4891 (Avg: 0.5046) Dice: 0.5927 (Avg: 0.5973) IoU: 0.4428 (Avg: 0.4581)
Train Epoch: [18][60/138] Total Loss: 0.7669 (Avg: 0.5090) Dice: 0.3486 (Avg: 0.5931) IoU: 0.2775 (Avg: 0.4551)
Train Epoch: [18][61/138] Total Loss: 0.3230 (Avg: 0.5059) Dice: 0.7783 (Avg: 0.5961) IoU: 0.6450 (Avg: 0.4582)
Train Epoch: [18][62/138] Total Loss: 0.6553 (Avg: 0.5083) Dice: 0.4191 (Avg: 0.5933) IoU: 0.2956 (Avg: 0.4555)
Train Epoch: [18][63/138] Total Loss: 0.8063 (Avg: 0.5130) Dice: 0.3000 (Avg: 0.5886) IoU: 0.2310 (Avg: 0.4520)
Train Epoch: [18][64/138] Total Loss: 0.4030 (Avg: 0.5113) Dice: 0.6821 (Avg: 0.5901) IoU: 0.5331 (Avg: 0.4532)
Train Epoch: [18][65/138] Total Loss: 0.4173 (Avg: 0.5099) Dice: 0.7033 (Avg: 0.5918) IoU: 0.5650 (Avg: 0.4550)
Train Epoch: [18][66/138] Total Loss: 0.4741 (Avg: 0.5093) Dice: 0.6197 (Avg: 0.5923) IoU: 0.4662 (Avg: 0.4551)
Train Epoch: [18][67/138] Total Loss: 0.8115 (Avg: 0.5138) Dice: 0.2372 (Avg: 0.5870) IoU: 0.1434 (Avg: 0.4505)
Train Epoch: [18][68/138] Total Loss: 0.5172 (Avg: 0.5139) Dice: 0.5748 (Avg: 0.5868) IoU: 0.4189 (Avg: 0.4500)
Train Epoch: [18][69/138] Total Loss: 0.7253 (Avg: 0.5170) Dice: 0.3498 (Avg: 0.5833) IoU: 0.2308 (Avg: 0.4468)
Train Epoch: [18][70/138] Total Loss: 0.5328 (Avg: 0.5172) Dice: 0.5964 (Avg: 0.5835) IoU: 0.4460 (Avg: 0.4468)
Train Epoch: [18][71/138] Total Loss: 0.6008 (Avg: 0.5184) Dice: 0.5296 (Avg: 0.5828) IoU: 0.3816 (Avg: 0.4459)
Train Epoch: [18][72/138] Total Loss: 0.7623 (Avg: 0.5218) Dice: 0.3864 (Avg: 0.5800) IoU: 0.2664 (Avg: 0.4434)
Train Epoch: [18][73/138] Total Loss: 0.5604 (Avg: 0.5223) Dice: 0.5530 (Avg: 0.5797) IoU: 0.4268 (Avg: 0.4432)
Train Epoch: [18][74/138] Total Loss: 0.3490 (Avg: 0.5199) Dice: 0.7518 (Avg: 0.5820) IoU: 0.6083 (Avg: 0.4454)
Train Epoch: [18][75/138] Total Loss: 0.4751 (Avg: 0.5193) Dice: 0.6246 (Avg: 0.5826) IoU: 0.4991 (Avg: 0.4461)
Train Epoch: [18][76/138] Total Loss: 0.5597 (Avg: 0.5199) Dice: 0.5678 (Avg: 0.5824) IoU: 0.4639 (Avg: 0.4464)
Train Epoch: [18][77/138] Total Loss: 0.4216 (Avg: 0.5186) Dice: 0.6771 (Avg: 0.5836) IoU: 0.5213 (Avg: 0.4473)
Train Epoch: [18][78/138] Total Loss: 0.4142 (Avg: 0.5173) Dice: 0.6942 (Avg: 0.5850) IoU: 0.5528 (Avg: 0.4487)
Train Epoch: [18][79/138] Total Loss: 0.4113 (Avg: 0.5159) Dice: 0.6881 (Avg: 0.5863) IoU: 0.5588 (Avg: 0.4501)
Train Epoch: [18][80/138] Total Loss: 0.4463 (Avg: 0.5150) Dice: 0.6352 (Avg: 0.5869) IoU: 0.4730 (Avg: 0.4504)
Train Epoch: [18][81/138] Total Loss: 0.6237 (Avg: 0.5164) Dice: 0.4969 (Avg: 0.5858) IoU: 0.3616 (Avg: 0.4493)
Train Epoch: [18][82/138] Total Loss: 0.4535 (Avg: 0.5156) Dice: 0.6455 (Avg: 0.5866) IoU: 0.4886 (Avg: 0.4498)
Train Epoch: [18][83/138] Total Loss: 0.5386 (Avg: 0.5159) Dice: 0.5827 (Avg: 0.5865) IoU: 0.4820 (Avg: 0.4502)
Train Epoch: [18][84/138] Total Loss: 0.5310 (Avg: 0.5161) Dice: 0.5648 (Avg: 0.5863) IoU: 0.4582 (Avg: 0.4502)
Train Epoch: [18][85/138] Total Loss: 0.3772 (Avg: 0.5144) Dice: 0.7151 (Avg: 0.5878) IoU: 0.5825 (Avg: 0.4518)
Train Epoch: [18][86/138] Total Loss: 0.4922 (Avg: 0.5142) Dice: 0.5973 (Avg: 0.5879) IoU: 0.4609 (Avg: 0.4519)
Train Epoch: [18][87/138] Total Loss: 0.4887 (Avg: 0.5139) Dice: 0.5831 (Avg: 0.5878) IoU: 0.4822 (Avg: 0.4523)
Train Epoch: [18][88/138] Total Loss: 0.5901 (Avg: 0.5148) Dice: 0.4935 (Avg: 0.5868) IoU: 0.3750 (Avg: 0.4514)
Train Epoch: [18][89/138] Total Loss: 0.9390 (Avg: 0.5195) Dice: 0.1926 (Avg: 0.5823) IoU: 0.1355 (Avg: 0.4478)
Train Epoch: [18][90/138] Total Loss: 0.4752 (Avg: 0.5190) Dice: 0.6324 (Avg: 0.5829) IoU: 0.4671 (Avg: 0.4480)
Train Epoch: [18][91/138] Total Loss: 0.6737 (Avg: 0.5207) Dice: 0.4511 (Avg: 0.5814) IoU: 0.3312 (Avg: 0.4468)
Train Epoch: [18][92/138] Total Loss: 0.6510 (Avg: 0.5221) Dice: 0.5133 (Avg: 0.5807) IoU: 0.4048 (Avg: 0.4463)
Train Epoch: [18][93/138] Total Loss: 0.4986 (Avg: 0.5219) Dice: 0.6306 (Avg: 0.5812) IoU: 0.4916 (Avg: 0.4468)
Train Epoch: [18][94/138] Total Loss: 0.6186 (Avg: 0.5229) Dice: 0.4209 (Avg: 0.5795) IoU: 0.2969 (Avg: 0.4452)
Train Epoch: [18][95/138] Total Loss: 0.4924 (Avg: 0.5226) Dice: 0.5916 (Avg: 0.5796) IoU: 0.4448 (Avg: 0.4452)
Train Epoch: [18][96/138] Total Loss: 0.6350 (Avg: 0.5238) Dice: 0.4873 (Avg: 0.5787) IoU: 0.3690 (Avg: 0.4444)
Train Epoch: [18][97/138] Total Loss: 0.5565 (Avg: 0.5241) Dice: 0.5579 (Avg: 0.5785) IoU: 0.4657 (Avg: 0.4446)
Train Epoch: [18][98/138] Total Loss: 0.4085 (Avg: 0.5229) Dice: 0.7123 (Avg: 0.5798) IoU: 0.5557 (Avg: 0.4458)
Train Epoch: [18][99/138] Total Loss: 0.4858 (Avg: 0.5226) Dice: 0.6284 (Avg: 0.5803) IoU: 0.4944 (Avg: 0.4462)
Train Epoch: [18][100/138] Total Loss: 0.5538 (Avg: 0.5229) Dice: 0.5125 (Avg: 0.5796) IoU: 0.3737 (Avg: 0.4455)
Train Epoch: [18][101/138] Total Loss: 0.5651 (Avg: 0.5233) Dice: 0.4694 (Avg: 0.5786) IoU: 0.3426 (Avg: 0.4445)
Train Epoch: [18][102/138] Total Loss: 0.4319 (Avg: 0.5224) Dice: 0.6748 (Avg: 0.5795) IoU: 0.5303 (Avg: 0.4453)
Train Epoch: [18][103/138] Total Loss: 0.4615 (Avg: 0.5218) Dice: 0.6114 (Avg: 0.5798) IoU: 0.4721 (Avg: 0.4456)
Train Epoch: [18][104/138] Total Loss: 0.4958 (Avg: 0.5215) Dice: 0.6137 (Avg: 0.5801) IoU: 0.4533 (Avg: 0.4457)
Train Epoch: [18][105/138] Total Loss: 0.7252 (Avg: 0.5235) Dice: 0.3773 (Avg: 0.5782) IoU: 0.2820 (Avg: 0.4441)
Train Epoch: [18][106/138] Total Loss: 0.3983 (Avg: 0.5223) Dice: 0.7690 (Avg: 0.5800) IoU: 0.6581 (Avg: 0.4461)
Train Epoch: [18][107/138] Total Loss: 0.5567 (Avg: 0.5226) Dice: 0.8050 (Avg: 0.5821) IoU: 0.4474 (Avg: 0.4461)
Train Epoch: [18][108/138] Total Loss: 0.8117 (Avg: 0.5253) Dice: 0.2768 (Avg: 0.5793) IoU: 0.1717 (Avg: 0.4436)
Train Epoch: [18][109/138] Total Loss: 0.4001 (Avg: 0.5242) Dice: 0.7085 (Avg: 0.5805) IoU: 0.5739 (Avg: 0.4448)
Train Epoch: [18][110/138] Total Loss: 0.5341 (Avg: 0.5242) Dice: 0.5887 (Avg: 0.5805) IoU: 0.4443 (Avg: 0.4448)
Train Epoch: [18][111/138] Total Loss: 0.5742 (Avg: 0.5247) Dice: 0.5177 (Avg: 0.5800) IoU: 0.3743 (Avg: 0.4442)
Train Epoch: [18][112/138] Total Loss: 0.5327 (Avg: 0.5248) Dice: 0.6159 (Avg: 0.5803) IoU: 0.4891 (Avg: 0.4446)
Train Epoch: [18][113/138] Total Loss: 0.5147 (Avg: 0.5247) Dice: 0.5706 (Avg: 0.5802) IoU: 0.4080 (Avg: 0.4442)
Train Epoch: [18][114/138] Total Loss: 0.3473 (Avg: 0.5231) Dice: 0.7586 (Avg: 0.5818) IoU: 0.6286 (Avg: 0.4459)
Train Epoch: [18][115/138] Total Loss: 0.7934 (Avg: 0.5255) Dice: 0.2968 (Avg: 0.5793) IoU: 0.1952 (Avg: 0.4437)
Train Epoch: [18][116/138] Total Loss: 0.4575 (Avg: 0.5249) Dice: 0.7041 (Avg: 0.5804) IoU: 0.5468 (Avg: 0.4446)
Train Epoch: [18][117/138] Total Loss: 0.6176 (Avg: 0.5257) Dice: 0.4625 (Avg: 0.5794) IoU: 0.3569 (Avg: 0.4438)
Train Epoch: [18][118/138] Total Loss: 0.4034 (Avg: 0.5246) Dice: 0.7496 (Avg: 0.5808) IoU: 0.6088 (Avg: 0.4452)
Train Epoch: [18][119/138] Total Loss: 0.5503 (Avg: 0.5249) Dice: 0.5259 (Avg: 0.5803) IoU: 0.3632 (Avg: 0.4445)
Train Epoch: [18][120/138] Total Loss: 0.6145 (Avg: 0.5256) Dice: 0.4681 (Avg: 0.5794) IoU: 0.3717 (Avg: 0.4439)
Train Epoch: [18][121/138] Total Loss: 0.4012 (Avg: 0.5246) Dice: 0.6903 (Avg: 0.5803) IoU: 0.5497 (Avg: 0.4448)
Train Epoch: [18][122/138] Total Loss: 0.5261 (Avg: 0.5246) Dice: 0.5546 (Avg: 0.5801) IoU: 0.4338 (Avg: 0.4447)
Train Epoch: [18][123/138] Total Loss: 0.3864 (Avg: 0.5235) Dice: 0.7348 (Avg: 0.5814) IoU: 0.5907 (Avg: 0.4459)
Train Epoch: [18][124/138] Total Loss: 0.4992 (Avg: 0.5233) Dice: 0.5242 (Avg: 0.5809) IoU: 0.4165 (Avg: 0.4457)
Train Epoch: [18][125/138] Total Loss: 0.9350 (Avg: 0.5266) Dice: 0.1672 (Avg: 0.5776) IoU: 0.0941 (Avg: 0.4428)
Train Epoch: [18][126/138] Total Loss: 0.5601 (Avg: 0.5268) Dice: 0.5331 (Avg: 0.5772) IoU: 0.4074 (Avg: 0.4426)
Train Epoch: [18][127/138] Total Loss: 0.3335 (Avg: 0.5253) Dice: 0.8519 (Avg: 0.5794) IoU: 0.7459 (Avg: 0.4449)
Train Epoch: [18][128/138] Total Loss: 0.5456 (Avg: 0.5255) Dice: 0.5327 (Avg: 0.5790) IoU: 0.3835 (Avg: 0.4445)
Train Epoch: [18][129/138] Total Loss: 0.3289 (Avg: 0.5239) Dice: 0.7923 (Avg: 0.5807) IoU: 0.6600 (Avg: 0.4461)
Train Epoch: [18][130/138] Total Loss: 0.5922 (Avg: 0.5245) Dice: 0.5033 (Avg: 0.5801) IoU: 0.3511 (Avg: 0.4454)
Train Epoch: [18][131/138] Total Loss: 0.4340 (Avg: 0.5238) Dice: 0.6626 (Avg: 0.5807) IoU: 0.5050 (Avg: 0.4459)
Train Epoch: [18][132/138] Total Loss: 0.6104 (Avg: 0.5244) Dice: 0.4988 (Avg: 0.5801) IoU: 0.3716 (Avg: 0.4453)
Train Epoch: [18][133/138] Total Loss: 0.4490 (Avg: 0.5239) Dice: 0.6907 (Avg: 0.5809) IoU: 0.5355 (Avg: 0.4460)
Train Epoch: [18][134/138] Total Loss: 0.5144 (Avg: 0.5238) Dice: 0.5873 (Avg: 0.5810) IoU: 0.4980 (Avg: 0.4464)
Train Epoch: [18][135/138] Total Loss: 0.4389 (Avg: 0.5232) Dice: 0.6831 (Avg: 0.5817) IoU: 0.5380 (Avg: 0.4470)
Train Epoch: [18][136/138] Total Loss: 0.4285 (Avg: 0.5225) Dice: 0.6752 (Avg: 0.5824) IoU: 0.5334 (Avg: 0.4477)
Train Epoch: [18][137/138] Total Loss: 0.7508 (Avg: 0.5241) Dice: 0.3760 (Avg: 0.5809) IoU: 0.2540 (Avg: 0.4463)
Train Epoch: [18][138/138] Total Loss: 0.2044 (Avg: 0.5207) Dice: 0.7417 (Avg: 0.5781) IoU: 0.5895 (Avg: 0.4441)
Validation Epoch: [18] Avg Loss: 0.4761 Avg Dice: 0.4759 Avg IoU: 0.3589

========= Epoch [19/50] =========
Train Epoch: [19][1/138] Total Loss: 0.4150 (Avg: 0.4150) Dice: 0.6655 (Avg: 0.6655) IoU: 0.5184 (Avg: 0.5184)
Train Epoch: [19][2/138] Total Loss: 0.4696 (Avg: 0.4423) Dice: 0.6326 (Avg: 0.6490) IoU: 0.4945 (Avg: 0.5064)
Train Epoch: [19][3/138] Total Loss: 0.3779 (Avg: 0.4208) Dice: 0.7159 (Avg: 0.6713) IoU: 0.5990 (Avg: 0.5373)
Train Epoch: [19][4/138] Total Loss: 0.5013 (Avg: 0.4410) Dice: 0.5882 (Avg: 0.6505) IoU: 0.4866 (Avg: 0.5246)
Train Epoch: [19][5/138] Total Loss: 0.4498 (Avg: 0.4427) Dice: 0.6652 (Avg: 0.6535) IoU: 0.5270 (Avg: 0.5251)
Train Epoch: [19][6/138] Total Loss: 0.6316 (Avg: 0.4742) Dice: 0.4439 (Avg: 0.6186) IoU: 0.2980 (Avg: 0.4873)
Train Epoch: [19][7/138] Total Loss: 0.6746 (Avg: 0.5028) Dice: 0.4040 (Avg: 0.5879) IoU: 0.2712 (Avg: 0.4564)
Train Epoch: [19][8/138] Total Loss: 0.4167 (Avg: 0.4921) Dice: 0.6703 (Avg: 0.5982) IoU: 0.5177 (Avg: 0.4640)
Train Epoch: [19][9/138] Total Loss: 0.4016 (Avg: 0.4820) Dice: 0.6912 (Avg: 0.6085) IoU: 0.5295 (Avg: 0.4713)
Train Epoch: [19][10/138] Total Loss: 0.3242 (Avg: 0.4662) Dice: 0.7936 (Avg: 0.6270) IoU: 0.6674 (Avg: 0.4909)
Train Epoch: [19][11/138] Total Loss: 0.4541 (Avg: 0.4651) Dice: 0.6780 (Avg: 0.6317) IoU: 0.5470 (Avg: 0.4960)
Train Epoch: [19][12/138] Total Loss: 0.6051 (Avg: 0.4768) Dice: 0.4887 (Avg: 0.6198) IoU: 0.3322 (Avg: 0.4824)
Train Epoch: [19][13/138] Total Loss: 0.6733 (Avg: 0.4919) Dice: 0.4442 (Avg: 0.6063) IoU: 0.3261 (Avg: 0.4704)
Train Epoch: [19][14/138] Total Loss: 0.5559 (Avg: 0.4965) Dice: 0.5507 (Avg: 0.6023) IoU: 0.3952 (Avg: 0.4650)
Train Epoch: [19][15/138] Total Loss: 0.6946 (Avg: 0.5097) Dice: 0.4247 (Avg: 0.5904) IoU: 0.3117 (Avg: 0.4548)
Train Epoch: [19][16/138] Total Loss: 0.5486 (Avg: 0.5121) Dice: 0.5343 (Avg: 0.5869) IoU: 0.4168 (Avg: 0.4524)
Train Epoch: [19][17/138] Total Loss: 0.5214 (Avg: 0.5127) Dice: 0.5910 (Avg: 0.5872) IoU: 0.4269 (Avg: 0.4509)
Train Epoch: [19][18/138] Total Loss: 0.5125 (Avg: 0.5126) Dice: 0.5855 (Avg: 0.5871) IoU: 0.4557 (Avg: 0.4512)
Train Epoch: [19][19/138] Total Loss: 0.4373 (Avg: 0.5087) Dice: 0.6443 (Avg: 0.5901) IoU: 0.4817 (Avg: 0.4528)
Train Epoch: [19][20/138] Total Loss: 0.6898 (Avg: 0.5177) Dice: 0.4007 (Avg: 0.5806) IoU: 0.2735 (Avg: 0.4438)
Train Epoch: [19][21/138] Total Loss: 0.4601 (Avg: 0.5150) Dice: 0.6498 (Avg: 0.5839) IoU: 0.4911 (Avg: 0.4461)
Train Epoch: [19][22/138] Total Loss: 0.5579 (Avg: 0.5169) Dice: 0.5486 (Avg: 0.5823) IoU: 0.4001 (Avg: 0.4440)
Train Epoch: [19][23/138] Total Loss: 0.6129 (Avg: 0.5211) Dice: 0.4666 (Avg: 0.5773) IoU: 0.3246 (Avg: 0.4388)
Train Epoch: [19][24/138] Total Loss: 0.6292 (Avg: 0.5256) Dice: 0.4343 (Avg: 0.5713) IoU: 0.3040 (Avg: 0.4332)
Train Epoch: [19][25/138] Total Loss: 0.5848 (Avg: 0.5280) Dice: 0.5328 (Avg: 0.5698) IoU: 0.3942 (Avg: 0.4316)
Train Epoch: [19][26/138] Total Loss: 0.3892 (Avg: 0.5226) Dice: 0.6990 (Avg: 0.5748) IoU: 0.5470 (Avg: 0.4360)
Train Epoch: [19][27/138] Total Loss: 0.5384 (Avg: 0.5232) Dice: 0.5722 (Avg: 0.5747) IoU: 0.4125 (Avg: 0.4352)
Train Epoch: [19][28/138] Total Loss: 0.6295 (Avg: 0.5270) Dice: 0.4235 (Avg: 0.5693) IoU: 0.3027 (Avg: 0.4304)
Train Epoch: [19][29/138] Total Loss: 0.4928 (Avg: 0.5258) Dice: 0.6103 (Avg: 0.5707) IoU: 0.4606 (Avg: 0.4315)
Train Epoch: [19][30/138] Total Loss: 0.5645 (Avg: 0.5271) Dice: 0.5339 (Avg: 0.5695) IoU: 0.3949 (Avg: 0.4303)
Train Epoch: [19][31/138] Total Loss: 0.4392 (Avg: 0.5243) Dice: 0.6651 (Avg: 0.5725) IoU: 0.5162 (Avg: 0.4330)
Train Epoch: [19][32/138] Total Loss: 0.5281 (Avg: 0.5244) Dice: 0.5646 (Avg: 0.5723) IoU: 0.4067 (Avg: 0.4322)
Train Epoch: [19][33/138] Total Loss: 0.7052 (Avg: 0.5299) Dice: 0.3779 (Avg: 0.5664) IoU: 0.2789 (Avg: 0.4276)
Train Epoch: [19][34/138] Total Loss: 0.4818 (Avg: 0.5285) Dice: 0.6261 (Avg: 0.5682) IoU: 0.4853 (Avg: 0.4293)
Train Epoch: [19][35/138] Total Loss: 0.3592 (Avg: 0.5236) Dice: 0.7402 (Avg: 0.5731) IoU: 0.5924 (Avg: 0.4339)
Train Epoch: [19][36/138] Total Loss: 0.6545 (Avg: 0.5273) Dice: 0.3909 (Avg: 0.5680) IoU: 0.2768 (Avg: 0.4296)
Train Epoch: [19][37/138] Total Loss: 0.5158 (Avg: 0.5270) Dice: 0.5521 (Avg: 0.5676) IoU: 0.4002 (Avg: 0.4288)
Train Epoch: [19][38/138] Total Loss: 0.5400 (Avg: 0.5273) Dice: 0.5536 (Avg: 0.5672) IoU: 0.4160 (Avg: 0.4284)
Train Epoch: [19][39/138] Total Loss: 0.4362 (Avg: 0.5250) Dice: 0.6621 (Avg: 0.5696) IoU: 0.5179 (Avg: 0.4307)
Train Epoch: [19][40/138] Total Loss: 0.7472 (Avg: 0.5305) Dice: 0.3360 (Avg: 0.5638) IoU: 0.2323 (Avg: 0.4258)
Train Epoch: [19][41/138] Total Loss: 0.4683 (Avg: 0.5290) Dice: 0.6398 (Avg: 0.5657) IoU: 0.4834 (Avg: 0.4272)
Train Epoch: [19][42/138] Total Loss: 0.3869 (Avg: 0.5256) Dice: 0.7578 (Avg: 0.5702) IoU: 0.6253 (Avg: 0.4319)
Train Epoch: [19][43/138] Total Loss: 0.4927 (Avg: 0.5249) Dice: 0.5874 (Avg: 0.5706) IoU: 0.4487 (Avg: 0.4323)
Train Epoch: [19][44/138] Total Loss: 0.5982 (Avg: 0.5265) Dice: 0.5072 (Avg: 0.5692) IoU: 0.3724 (Avg: 0.4309)
Train Epoch: [19][45/138] Total Loss: 0.4002 (Avg: 0.5237) Dice: 0.6968 (Avg: 0.5720) IoU: 0.5546 (Avg: 0.4337)
Train Epoch: [19][46/138] Total Loss: 0.6160 (Avg: 0.5257) Dice: 0.4980 (Avg: 0.5704) IoU: 0.3912 (Avg: 0.4327)
Train Epoch: [19][47/138] Total Loss: 0.5836 (Avg: 0.5270) Dice: 0.5637 (Avg: 0.5703) IoU: 0.4533 (Avg: 0.4332)
Train Epoch: [19][48/138] Total Loss: 0.4239 (Avg: 0.5248) Dice: 0.6628 (Avg: 0.5722) IoU: 0.5119 (Avg: 0.4348)
Train Epoch: [19][49/138] Total Loss: 0.4341 (Avg: 0.5230) Dice: 0.6534 (Avg: 0.5739) IoU: 0.5195 (Avg: 0.4365)
Train Epoch: [19][50/138] Total Loss: 0.4727 (Avg: 0.5220) Dice: 0.5926 (Avg: 0.5742) IoU: 0.4811 (Avg: 0.4374)
Train Epoch: [19][51/138] Total Loss: 0.4522 (Avg: 0.5206) Dice: 0.6649 (Avg: 0.5760) IoU: 0.5039 (Avg: 0.4387)
Train Epoch: [19][52/138] Total Loss: 0.4500 (Avg: 0.5192) Dice: 0.6469 (Avg: 0.5774) IoU: 0.4973 (Avg: 0.4399)
Train Epoch: [19][53/138] Total Loss: 0.4937 (Avg: 0.5187) Dice: 0.5920 (Avg: 0.5776) IoU: 0.4420 (Avg: 0.4399)
Train Epoch: [19][54/138] Total Loss: 0.4943 (Avg: 0.5183) Dice: 0.6006 (Avg: 0.5781) IoU: 0.4433 (Avg: 0.4400)
Train Epoch: [19][55/138] Total Loss: 0.4715 (Avg: 0.5174) Dice: 0.6606 (Avg: 0.5796) IoU: 0.5063 (Avg: 0.4412)
Train Epoch: [19][56/138] Total Loss: 0.5138 (Avg: 0.5174) Dice: 0.6093 (Avg: 0.5801) IoU: 0.4462 (Avg: 0.4413)
Train Epoch: [19][57/138] Total Loss: 0.6836 (Avg: 0.5203) Dice: 0.5151 (Avg: 0.5790) IoU: 0.3553 (Avg: 0.4398)
Train Epoch: [19][58/138] Total Loss: 0.3952 (Avg: 0.5181) Dice: 0.6790 (Avg: 0.5807) IoU: 0.5371 (Avg: 0.4414)
Train Epoch: [19][59/138] Total Loss: 0.4805 (Avg: 0.5175) Dice: 0.6020 (Avg: 0.5810) IoU: 0.4569 (Avg: 0.4417)
Train Epoch: [19][60/138] Total Loss: 0.4658 (Avg: 0.5166) Dice: 0.6229 (Avg: 0.5817) IoU: 0.4745 (Avg: 0.4422)
Train Epoch: [19][61/138] Total Loss: 0.3311 (Avg: 0.5136) Dice: 0.7721 (Avg: 0.5849) IoU: 0.6355 (Avg: 0.4454)
Train Epoch: [19][62/138] Total Loss: 0.6463 (Avg: 0.5157) Dice: 0.4114 (Avg: 0.5821) IoU: 0.2844 (Avg: 0.4428)
Train Epoch: [19][63/138] Total Loss: 0.3870 (Avg: 0.5137) Dice: 0.6994 (Avg: 0.5839) IoU: 0.5526 (Avg: 0.4446)
Train Epoch: [19][64/138] Total Loss: 0.5236 (Avg: 0.5139) Dice: 0.5654 (Avg: 0.5836) IoU: 0.4569 (Avg: 0.4448)
Train Epoch: [19][65/138] Total Loss: 0.3667 (Avg: 0.5116) Dice: 0.7764 (Avg: 0.5866) IoU: 0.6534 (Avg: 0.4480)
Train Epoch: [19][66/138] Total Loss: 0.3931 (Avg: 0.5098) Dice: 0.7050 (Avg: 0.5884) IoU: 0.5579 (Avg: 0.4496)
Train Epoch: [19][67/138] Total Loss: 0.5267 (Avg: 0.5100) Dice: 0.5907 (Avg: 0.5884) IoU: 0.4473 (Avg: 0.4496)
Train Epoch: [19][68/138] Total Loss: 0.4662 (Avg: 0.5094) Dice: 0.6097 (Avg: 0.5887) IoU: 0.4457 (Avg: 0.4495)
Train Epoch: [19][69/138] Total Loss: 0.7151 (Avg: 0.5124) Dice: 0.4060 (Avg: 0.5861) IoU: 0.3419 (Avg: 0.4480)
Train Epoch: [19][70/138] Total Loss: 0.4857 (Avg: 0.5120) Dice: 0.6964 (Avg: 0.5877) IoU: 0.5433 (Avg: 0.4493)
Train Epoch: [19][71/138] Total Loss: 0.4308 (Avg: 0.5109) Dice: 0.6965 (Avg: 0.5892) IoU: 0.5401 (Avg: 0.4506)
Train Epoch: [19][72/138] Total Loss: 0.5052 (Avg: 0.5108) Dice: 0.6112 (Avg: 0.5895) IoU: 0.4503 (Avg: 0.4506)
Train Epoch: [19][73/138] Total Loss: 0.5853 (Avg: 0.5118) Dice: 0.8118 (Avg: 0.5926) IoU: 0.4635 (Avg: 0.4508)
Train Epoch: [19][74/138] Total Loss: 0.3975 (Avg: 0.5103) Dice: 0.7124 (Avg: 0.5942) IoU: 0.5554 (Avg: 0.4522)
Train Epoch: [19][75/138] Total Loss: 0.4751 (Avg: 0.5098) Dice: 0.6215 (Avg: 0.5945) IoU: 0.4652 (Avg: 0.4524)
Train Epoch: [19][76/138] Total Loss: 0.5472 (Avg: 0.5103) Dice: 0.6194 (Avg: 0.5949) IoU: 0.4748 (Avg: 0.4527)
Train Epoch: [19][77/138] Total Loss: 0.4309 (Avg: 0.5092) Dice: 0.6805 (Avg: 0.5960) IoU: 0.5269 (Avg: 0.4536)
Train Epoch: [19][78/138] Total Loss: 0.5294 (Avg: 0.5095) Dice: 0.5851 (Avg: 0.5958) IoU: 0.4828 (Avg: 0.4540)
Train Epoch: [19][79/138] Total Loss: 0.6601 (Avg: 0.5114) Dice: 0.4495 (Avg: 0.5940) IoU: 0.3394 (Avg: 0.4526)
Train Epoch: [19][80/138] Total Loss: 0.4327 (Avg: 0.5104) Dice: 0.6605 (Avg: 0.5948) IoU: 0.5214 (Avg: 0.4534)
Train Epoch: [19][81/138] Total Loss: 0.6402 (Avg: 0.5120) Dice: 0.4423 (Avg: 0.5929) IoU: 0.3209 (Avg: 0.4518)
Train Epoch: [19][82/138] Total Loss: 0.6857 (Avg: 0.5141) Dice: 0.4124 (Avg: 0.5907) IoU: 0.3075 (Avg: 0.4500)
Train Epoch: [19][83/138] Total Loss: 0.5575 (Avg: 0.5147) Dice: 0.5264 (Avg: 0.5900) IoU: 0.3832 (Avg: 0.4492)
Train Epoch: [19][84/138] Total Loss: 0.3987 (Avg: 0.5133) Dice: 0.6860 (Avg: 0.5911) IoU: 0.5533 (Avg: 0.4505)
Train Epoch: [19][85/138] Total Loss: 0.6571 (Avg: 0.5150) Dice: 0.4504 (Avg: 0.5895) IoU: 0.3668 (Avg: 0.4495)
Train Epoch: [19][86/138] Total Loss: 0.6138 (Avg: 0.5161) Dice: 0.4600 (Avg: 0.5879) IoU: 0.3988 (Avg: 0.4489)
Train Epoch: [19][87/138] Total Loss: 0.4503 (Avg: 0.5154) Dice: 0.6631 (Avg: 0.5888) IoU: 0.5463 (Avg: 0.4500)
Train Epoch: [19][88/138] Total Loss: 0.4863 (Avg: 0.5150) Dice: 0.6772 (Avg: 0.5898) IoU: 0.5251 (Avg: 0.4509)
Train Epoch: [19][89/138] Total Loss: 0.4071 (Avg: 0.5138) Dice: 0.6817 (Avg: 0.5908) IoU: 0.5306 (Avg: 0.4518)
Train Epoch: [19][90/138] Total Loss: 0.6407 (Avg: 0.5152) Dice: 0.4909 (Avg: 0.5897) IoU: 0.3897 (Avg: 0.4511)
Train Epoch: [19][91/138] Total Loss: 0.8269 (Avg: 0.5187) Dice: 0.2819 (Avg: 0.5864) IoU: 0.1894 (Avg: 0.4482)
Train Epoch: [19][92/138] Total Loss: 0.6628 (Avg: 0.5202) Dice: 0.4277 (Avg: 0.5846) IoU: 0.3739 (Avg: 0.4474)
Train Epoch: [19][93/138] Total Loss: 0.3796 (Avg: 0.5187) Dice: 0.7361 (Avg: 0.5863) IoU: 0.5873 (Avg: 0.4489)
Train Epoch: [19][94/138] Total Loss: 0.5182 (Avg: 0.5187) Dice: 0.5962 (Avg: 0.5864) IoU: 0.4554 (Avg: 0.4490)
Train Epoch: [19][95/138] Total Loss: 0.5469 (Avg: 0.5190) Dice: 0.5617 (Avg: 0.5861) IoU: 0.4291 (Avg: 0.4487)
Train Epoch: [19][96/138] Total Loss: 0.3901 (Avg: 0.5177) Dice: 0.7124 (Avg: 0.5874) IoU: 0.5564 (Avg: 0.4499)
Train Epoch: [19][97/138] Total Loss: 0.5804 (Avg: 0.5183) Dice: 0.5156 (Avg: 0.5867) IoU: 0.3652 (Avg: 0.4490)
Train Epoch: [19][98/138] Total Loss: 0.5992 (Avg: 0.5191) Dice: 0.4536 (Avg: 0.5853) IoU: 0.3080 (Avg: 0.4476)
Train Epoch: [19][99/138] Total Loss: 0.3312 (Avg: 0.5172) Dice: 0.7701 (Avg: 0.5872) IoU: 0.6302 (Avg: 0.4494)
Train Epoch: [19][100/138] Total Loss: 0.3129 (Avg: 0.5152) Dice: 0.7998 (Avg: 0.5893) IoU: 0.6765 (Avg: 0.4517)
Train Epoch: [19][101/138] Total Loss: 0.3715 (Avg: 0.5138) Dice: 0.7188 (Avg: 0.5906) IoU: 0.5644 (Avg: 0.4528)
Train Epoch: [19][102/138] Total Loss: 0.7134 (Avg: 0.5157) Dice: 0.3223 (Avg: 0.5880) IoU: 0.2425 (Avg: 0.4507)
Train Epoch: [19][103/138] Total Loss: 0.6744 (Avg: 0.5173) Dice: 0.3834 (Avg: 0.5860) IoU: 0.2730 (Avg: 0.4490)
Train Epoch: [19][104/138] Total Loss: 0.4900 (Avg: 0.5170) Dice: 0.6008 (Avg: 0.5861) IoU: 0.4588 (Avg: 0.4491)
Train Epoch: [19][105/138] Total Loss: 0.5465 (Avg: 0.5173) Dice: 0.5460 (Avg: 0.5857) IoU: 0.3900 (Avg: 0.4485)
Train Epoch: [19][106/138] Total Loss: 0.4853 (Avg: 0.5170) Dice: 0.6074 (Avg: 0.5859) IoU: 0.4472 (Avg: 0.4485)
Train Epoch: [19][107/138] Total Loss: 0.4650 (Avg: 0.5165) Dice: 0.6520 (Avg: 0.5866) IoU: 0.5413 (Avg: 0.4494)
Train Epoch: [19][108/138] Total Loss: 0.7525 (Avg: 0.5187) Dice: 0.3706 (Avg: 0.5846) IoU: 0.2637 (Avg: 0.4477)
Train Epoch: [19][109/138] Total Loss: 0.4275 (Avg: 0.5179) Dice: 0.6457 (Avg: 0.5851) IoU: 0.5027 (Avg: 0.4482)
Train Epoch: [19][110/138] Total Loss: 0.3759 (Avg: 0.5166) Dice: 0.7234 (Avg: 0.5864) IoU: 0.5692 (Avg: 0.4493)
Train Epoch: [19][111/138] Total Loss: 0.3861 (Avg: 0.5154) Dice: 0.6889 (Avg: 0.5873) IoU: 0.5451 (Avg: 0.4501)
Train Epoch: [19][112/138] Total Loss: 0.4067 (Avg: 0.5144) Dice: 0.6602 (Avg: 0.5880) IoU: 0.5241 (Avg: 0.4508)
Train Epoch: [19][113/138] Total Loss: 0.5581 (Avg: 0.5148) Dice: 0.5234 (Avg: 0.5874) IoU: 0.3771 (Avg: 0.4501)
Train Epoch: [19][114/138] Total Loss: 0.7321 (Avg: 0.5167) Dice: 0.3640 (Avg: 0.5854) IoU: 0.2619 (Avg: 0.4485)
Train Epoch: [19][115/138] Total Loss: 0.5437 (Avg: 0.5169) Dice: 0.5613 (Avg: 0.5852) IoU: 0.4373 (Avg: 0.4484)
Train Epoch: [19][116/138] Total Loss: 0.5105 (Avg: 0.5169) Dice: 0.5677 (Avg: 0.5851) IoU: 0.4168 (Avg: 0.4481)
Train Epoch: [19][117/138] Total Loss: 0.8443 (Avg: 0.5197) Dice: 0.2602 (Avg: 0.5823) IoU: 0.1794 (Avg: 0.4458)
Train Epoch: [19][118/138] Total Loss: 0.4848 (Avg: 0.5194) Dice: 0.6519 (Avg: 0.5829) IoU: 0.4917 (Avg: 0.4462)
Train Epoch: [19][119/138] Total Loss: 1.0041 (Avg: 0.5235) Dice: 0.0878 (Avg: 0.5787) IoU: 0.0486 (Avg: 0.4429)
Train Epoch: [19][120/138] Total Loss: 0.5080 (Avg: 0.5233) Dice: 0.6265 (Avg: 0.5791) IoU: 0.4792 (Avg: 0.4432)
Train Epoch: [19][121/138] Total Loss: 0.4774 (Avg: 0.5230) Dice: 0.6213 (Avg: 0.5795) IoU: 0.4697 (Avg: 0.4434)
Train Epoch: [19][122/138] Total Loss: 0.4830 (Avg: 0.5226) Dice: 0.6282 (Avg: 0.5799) IoU: 0.4706 (Avg: 0.4436)
Train Epoch: [19][123/138] Total Loss: 0.3327 (Avg: 0.5211) Dice: 0.7932 (Avg: 0.5816) IoU: 0.6629 (Avg: 0.4454)
Train Epoch: [19][124/138] Total Loss: 0.7033 (Avg: 0.5226) Dice: 0.3986 (Avg: 0.5801) IoU: 0.2907 (Avg: 0.4442)
Train Epoch: [19][125/138] Total Loss: 0.3572 (Avg: 0.5212) Dice: 0.7336 (Avg: 0.5814) IoU: 0.5978 (Avg: 0.4454)
Train Epoch: [19][126/138] Total Loss: 0.4969 (Avg: 0.5210) Dice: 0.5805 (Avg: 0.5813) IoU: 0.4383 (Avg: 0.4453)
Train Epoch: [19][127/138] Total Loss: 0.5142 (Avg: 0.5210) Dice: 0.5724 (Avg: 0.5813) IoU: 0.4605 (Avg: 0.4454)
Train Epoch: [19][128/138] Total Loss: 0.5179 (Avg: 0.5210) Dice: 0.5738 (Avg: 0.5812) IoU: 0.4611 (Avg: 0.4456)
Train Epoch: [19][129/138] Total Loss: 0.4034 (Avg: 0.5201) Dice: 0.7066 (Avg: 0.5822) IoU: 0.5490 (Avg: 0.4464)
Train Epoch: [19][130/138] Total Loss: 0.5976 (Avg: 0.5206) Dice: 0.4941 (Avg: 0.5815) IoU: 0.3646 (Avg: 0.4457)
Train Epoch: [19][131/138] Total Loss: 0.4355 (Avg: 0.5200) Dice: 0.6717 (Avg: 0.5822) IoU: 0.5192 (Avg: 0.4463)
Train Epoch: [19][132/138] Total Loss: 0.5365 (Avg: 0.5201) Dice: 0.5739 (Avg: 0.5821) IoU: 0.4140 (Avg: 0.4461)
Train Epoch: [19][133/138] Total Loss: 0.5094 (Avg: 0.5200) Dice: 0.5981 (Avg: 0.5823) IoU: 0.4616 (Avg: 0.4462)
Train Epoch: [19][134/138] Total Loss: 0.4719 (Avg: 0.5197) Dice: 0.6475 (Avg: 0.5827) IoU: 0.5041 (Avg: 0.4466)
Train Epoch: [19][135/138] Total Loss: 0.5199 (Avg: 0.5197) Dice: 0.5821 (Avg: 0.5827) IoU: 0.4564 (Avg: 0.4467)
Train Epoch: [19][136/138] Total Loss: 0.5143 (Avg: 0.5196) Dice: 0.5918 (Avg: 0.5828) IoU: 0.4657 (Avg: 0.4468)
Train Epoch: [19][137/138] Total Loss: 0.7038 (Avg: 0.5210) Dice: 0.3942 (Avg: 0.5814) IoU: 0.2699 (Avg: 0.4455)
Train Epoch: [19][138/138] Total Loss: 0.9873 (Avg: 0.5190) Dice: 0.0000 (Avg: 0.5772) IoU: 0.0000 (Avg: 0.4423)
Validation Epoch: [19] Avg Loss: 0.4638 Avg Dice: 0.4771 Avg IoU: 0.3563

========= Epoch [20/50] =========
Train Epoch: [20][1/138] Total Loss: 0.4806 (Avg: 0.4806) Dice: 0.6104 (Avg: 0.6104) IoU: 0.4444 (Avg: 0.4444)
Train Epoch: [20][2/138] Total Loss: 0.5344 (Avg: 0.5075) Dice: 0.5477 (Avg: 0.5790) IoU: 0.3929 (Avg: 0.4186)
Train Epoch: [20][3/138] Total Loss: 0.5081 (Avg: 0.5077) Dice: 0.5952 (Avg: 0.5844) IoU: 0.4361 (Avg: 0.4244)
Train Epoch: [20][4/138] Total Loss: 0.6680 (Avg: 0.5478) Dice: 0.4313 (Avg: 0.5461) IoU: 0.3296 (Avg: 0.4007)
Train Epoch: [20][5/138] Total Loss: 0.4647 (Avg: 0.5312) Dice: 0.6603 (Avg: 0.5690) IoU: 0.5034 (Avg: 0.4213)
Train Epoch: [20][6/138] Total Loss: 0.4195 (Avg: 0.5126) Dice: 0.6931 (Avg: 0.5897) IoU: 0.5457 (Avg: 0.4420)
Train Epoch: [20][7/138] Total Loss: 0.4010 (Avg: 0.4966) Dice: 0.7128 (Avg: 0.6072) IoU: 0.5735 (Avg: 0.4608)
Train Epoch: [20][8/138] Total Loss: 0.6836 (Avg: 0.5200) Dice: 0.4398 (Avg: 0.5863) IoU: 0.3018 (Avg: 0.4409)
Train Epoch: [20][9/138] Total Loss: 0.5517 (Avg: 0.5235) Dice: 0.5519 (Avg: 0.5825) IoU: 0.4461 (Avg: 0.4415)
Train Epoch: [20][10/138] Total Loss: 0.5161 (Avg: 0.5228) Dice: 0.5614 (Avg: 0.5804) IoU: 0.4539 (Avg: 0.4427)
Train Epoch: [20][11/138] Total Loss: 0.4857 (Avg: 0.5194) Dice: 0.5973 (Avg: 0.5819) IoU: 0.4323 (Avg: 0.4418)
Train Epoch: [20][12/138] Total Loss: 0.5668 (Avg: 0.5234) Dice: 0.5106 (Avg: 0.5760) IoU: 0.4079 (Avg: 0.4390)
Train Epoch: [20][13/138] Total Loss: 0.6522 (Avg: 0.5333) Dice: 0.4240 (Avg: 0.5643) IoU: 0.3205 (Avg: 0.4299)
Train Epoch: [20][14/138] Total Loss: 0.4788 (Avg: 0.5294) Dice: 0.6113 (Avg: 0.5676) IoU: 0.4672 (Avg: 0.4325)
Train Epoch: [20][15/138] Total Loss: 0.6302 (Avg: 0.5361) Dice: 0.4626 (Avg: 0.5606) IoU: 0.3317 (Avg: 0.4258)
Train Epoch: [20][16/138] Total Loss: 0.5015 (Avg: 0.5339) Dice: 0.6235 (Avg: 0.5646) IoU: 0.4680 (Avg: 0.4284)
Train Epoch: [20][17/138] Total Loss: 0.6197 (Avg: 0.5390) Dice: 0.4825 (Avg: 0.5597) IoU: 0.3251 (Avg: 0.4224)
Train Epoch: [20][18/138] Total Loss: 0.2930 (Avg: 0.5253) Dice: 0.8218 (Avg: 0.5743) IoU: 0.7004 (Avg: 0.4378)
Train Epoch: [20][19/138] Total Loss: 0.6361 (Avg: 0.5311) Dice: 0.3740 (Avg: 0.5638) IoU: 0.2935 (Avg: 0.4302)
Train Epoch: [20][20/138] Total Loss: 0.3290 (Avg: 0.5210) Dice: 0.7829 (Avg: 0.5747) IoU: 0.6477 (Avg: 0.4411)
Train Epoch: [20][21/138] Total Loss: 0.5707 (Avg: 0.5234) Dice: 0.5281 (Avg: 0.5725) IoU: 0.3727 (Avg: 0.4378)
Train Epoch: [20][22/138] Total Loss: 0.5817 (Avg: 0.5260) Dice: 0.5085 (Avg: 0.5696) IoU: 0.3953 (Avg: 0.4359)
Train Epoch: [20][23/138] Total Loss: 0.5437 (Avg: 0.5268) Dice: 0.5661 (Avg: 0.5694) IoU: 0.4595 (Avg: 0.4369)
Train Epoch: [20][24/138] Total Loss: 0.6498 (Avg: 0.5319) Dice: 0.4260 (Avg: 0.5635) IoU: 0.2810 (Avg: 0.4304)
Train Epoch: [20][25/138] Total Loss: 0.7924 (Avg: 0.5424) Dice: 0.2857 (Avg: 0.5523) IoU: 0.1834 (Avg: 0.4206)
Train Epoch: [20][26/138] Total Loss: 0.6155 (Avg: 0.5452) Dice: 0.4840 (Avg: 0.5497) IoU: 0.3649 (Avg: 0.4184)
Train Epoch: [20][27/138] Total Loss: 0.4047 (Avg: 0.5400) Dice: 0.6912 (Avg: 0.5550) IoU: 0.5536 (Avg: 0.4234)
Train Epoch: [20][28/138] Total Loss: 0.5982 (Avg: 0.5421) Dice: 0.4337 (Avg: 0.5506) IoU: 0.3067 (Avg: 0.4192)
Train Epoch: [20][29/138] Total Loss: 0.5861 (Avg: 0.5436) Dice: 0.4902 (Avg: 0.5485) IoU: 0.3855 (Avg: 0.4181)
Train Epoch: [20][30/138] Total Loss: 0.5127 (Avg: 0.5425) Dice: 0.5827 (Avg: 0.5497) IoU: 0.4205 (Avg: 0.4182)
Train Epoch: [20][31/138] Total Loss: 0.4156 (Avg: 0.5384) Dice: 0.6788 (Avg: 0.5538) IoU: 0.5343 (Avg: 0.4219)
Train Epoch: [20][32/138] Total Loss: 0.5966 (Avg: 0.5403) Dice: 0.4931 (Avg: 0.5520) IoU: 0.3839 (Avg: 0.4207)
Train Epoch: [20][33/138] Total Loss: 0.4156 (Avg: 0.5365) Dice: 0.6691 (Avg: 0.5555) IoU: 0.5110 (Avg: 0.4235)
Train Epoch: [20][34/138] Total Loss: 0.3573 (Avg: 0.5312) Dice: 0.7515 (Avg: 0.5613) IoU: 0.6255 (Avg: 0.4294)
Train Epoch: [20][35/138] Total Loss: 0.3626 (Avg: 0.5264) Dice: 0.7613 (Avg: 0.5670) IoU: 0.6254 (Avg: 0.4350)
Train Epoch: [20][36/138] Total Loss: 0.4591 (Avg: 0.5245) Dice: 0.6365 (Avg: 0.5689) IoU: 0.4719 (Avg: 0.4360)
Train Epoch: [20][37/138] Total Loss: 0.4797 (Avg: 0.5233) Dice: 0.6181 (Avg: 0.5702) IoU: 0.4601 (Avg: 0.4367)
Train Epoch: [20][38/138] Total Loss: 0.7578 (Avg: 0.5295) Dice: 0.3542 (Avg: 0.5646) IoU: 0.2520 (Avg: 0.4318)
Train Epoch: [20][39/138] Total Loss: 0.5473 (Avg: 0.5299) Dice: 0.5574 (Avg: 0.5644) IoU: 0.4364 (Avg: 0.4319)
Train Epoch: [20][40/138] Total Loss: 0.4628 (Avg: 0.5283) Dice: 0.5572 (Avg: 0.5642) IoU: 0.4480 (Avg: 0.4323)
Train Epoch: [20][41/138] Total Loss: 0.5816 (Avg: 0.5296) Dice: 0.5182 (Avg: 0.5631) IoU: 0.3614 (Avg: 0.4306)
Train Epoch: [20][42/138] Total Loss: 0.3349 (Avg: 0.5249) Dice: 0.7622 (Avg: 0.5678) IoU: 0.6414 (Avg: 0.4356)
Train Epoch: [20][43/138] Total Loss: 0.4474 (Avg: 0.5231) Dice: 0.6072 (Avg: 0.5687) IoU: 0.4784 (Avg: 0.4366)
Train Epoch: [20][44/138] Total Loss: 0.6106 (Avg: 0.5251) Dice: 0.4633 (Avg: 0.5663) IoU: 0.3214 (Avg: 0.4340)
Train Epoch: [20][45/138] Total Loss: 0.6327 (Avg: 0.5275) Dice: 0.4255 (Avg: 0.5632) IoU: 0.3222 (Avg: 0.4315)
Train Epoch: [20][46/138] Total Loss: 0.4781 (Avg: 0.5264) Dice: 0.6344 (Avg: 0.5647) IoU: 0.4856 (Avg: 0.4327)
Train Epoch: [20][47/138] Total Loss: 0.5186 (Avg: 0.5263) Dice: 0.5801 (Avg: 0.5651) IoU: 0.4596 (Avg: 0.4333)
Train Epoch: [20][48/138] Total Loss: 0.8622 (Avg: 0.5333) Dice: 0.2604 (Avg: 0.5587) IoU: 0.1672 (Avg: 0.4277)
Train Epoch: [20][49/138] Total Loss: 0.5038 (Avg: 0.5327) Dice: 0.5988 (Avg: 0.5595) IoU: 0.4398 (Avg: 0.4280)
Train Epoch: [20][50/138] Total Loss: 0.5952 (Avg: 0.5339) Dice: 0.5120 (Avg: 0.5586) IoU: 0.3941 (Avg: 0.4273)
Train Epoch: [20][51/138] Total Loss: 0.4747 (Avg: 0.5327) Dice: 0.6204 (Avg: 0.5598) IoU: 0.4620 (Avg: 0.4280)
Train Epoch: [20][52/138] Total Loss: 0.3433 (Avg: 0.5291) Dice: 0.7727 (Avg: 0.5639) IoU: 0.6323 (Avg: 0.4319)
Train Epoch: [20][53/138] Total Loss: 0.3800 (Avg: 0.5263) Dice: 0.7246 (Avg: 0.5669) IoU: 0.6126 (Avg: 0.4353)
Train Epoch: [20][54/138] Total Loss: 0.6131 (Avg: 0.5279) Dice: 0.4939 (Avg: 0.5656) IoU: 0.3909 (Avg: 0.4345)
Train Epoch: [20][55/138] Total Loss: 0.3721 (Avg: 0.5251) Dice: 0.7507 (Avg: 0.5689) IoU: 0.6132 (Avg: 0.4377)
Train Epoch: [20][56/138] Total Loss: 0.5587 (Avg: 0.5257) Dice: 0.5567 (Avg: 0.5687) IoU: 0.4149 (Avg: 0.4373)
Train Epoch: [20][57/138] Total Loss: 0.5012 (Avg: 0.5252) Dice: 0.5949 (Avg: 0.5692) IoU: 0.4363 (Avg: 0.4373)
Train Epoch: [20][58/138] Total Loss: 0.8271 (Avg: 0.5304) Dice: 0.2741 (Avg: 0.5641) IoU: 0.1729 (Avg: 0.4328)
Train Epoch: [20][59/138] Total Loss: 0.4337 (Avg: 0.5288) Dice: 0.6478 (Avg: 0.5655) IoU: 0.4856 (Avg: 0.4337)
Train Epoch: [20][60/138] Total Loss: 0.7479 (Avg: 0.5325) Dice: 0.3243 (Avg: 0.5615) IoU: 0.2470 (Avg: 0.4305)
Train Epoch: [20][61/138] Total Loss: 0.4460 (Avg: 0.5310) Dice: 0.6053 (Avg: 0.5622) IoU: 0.5079 (Avg: 0.4318)
Train Epoch: [20][62/138] Total Loss: 0.7963 (Avg: 0.5353) Dice: 0.2640 (Avg: 0.5574) IoU: 0.1802 (Avg: 0.4277)
Train Epoch: [20][63/138] Total Loss: 0.6244 (Avg: 0.5367) Dice: 0.4746 (Avg: 0.5561) IoU: 0.3484 (Avg: 0.4265)
Train Epoch: [20][64/138] Total Loss: 0.4616 (Avg: 0.5356) Dice: 0.6417 (Avg: 0.5574) IoU: 0.4841 (Avg: 0.4274)
Train Epoch: [20][65/138] Total Loss: 0.7990 (Avg: 0.5396) Dice: 0.3030 (Avg: 0.5535) IoU: 0.2333 (Avg: 0.4244)
Train Epoch: [20][66/138] Total Loss: 0.2743 (Avg: 0.5356) Dice: 0.8423 (Avg: 0.5579) IoU: 0.7301 (Avg: 0.4290)
Train Epoch: [20][67/138] Total Loss: 0.5563 (Avg: 0.5359) Dice: 0.5562 (Avg: 0.5579) IoU: 0.4219 (Avg: 0.4289)
Train Epoch: [20][68/138] Total Loss: 0.5542 (Avg: 0.5362) Dice: 0.5331 (Avg: 0.5575) IoU: 0.3792 (Avg: 0.4282)
Train Epoch: [20][69/138] Total Loss: 0.6753 (Avg: 0.5382) Dice: 0.4155 (Avg: 0.5554) IoU: 0.2880 (Avg: 0.4262)
Train Epoch: [20][70/138] Total Loss: 0.4121 (Avg: 0.5364) Dice: 0.6908 (Avg: 0.5574) IoU: 0.5454 (Avg: 0.4279)
Train Epoch: [20][71/138] Total Loss: 0.4304 (Avg: 0.5349) Dice: 0.6572 (Avg: 0.5588) IoU: 0.5282 (Avg: 0.4293)
Train Epoch: [20][72/138] Total Loss: 0.5610 (Avg: 0.5353) Dice: 0.5236 (Avg: 0.5583) IoU: 0.4119 (Avg: 0.4290)
Train Epoch: [20][73/138] Total Loss: 0.4970 (Avg: 0.5347) Dice: 0.6560 (Avg: 0.5596) IoU: 0.5050 (Avg: 0.4301)
Train Epoch: [20][74/138] Total Loss: 0.4815 (Avg: 0.5340) Dice: 0.6054 (Avg: 0.5602) IoU: 0.4366 (Avg: 0.4302)
Train Epoch: [20][75/138] Total Loss: 0.4347 (Avg: 0.5327) Dice: 0.6644 (Avg: 0.5616) IoU: 0.5106 (Avg: 0.4312)
Train Epoch: [20][76/138] Total Loss: 0.5553 (Avg: 0.5330) Dice: 0.5417 (Avg: 0.5614) IoU: 0.3753 (Avg: 0.4305)
Train Epoch: [20][77/138] Total Loss: 0.6912 (Avg: 0.5350) Dice: 0.3574 (Avg: 0.5587) IoU: 0.2353 (Avg: 0.4280)
Train Epoch: [20][78/138] Total Loss: 0.4004 (Avg: 0.5333) Dice: 0.7104 (Avg: 0.5607) IoU: 0.5572 (Avg: 0.4296)
Train Epoch: [20][79/138] Total Loss: 0.4773 (Avg: 0.5326) Dice: 0.6265 (Avg: 0.5615) IoU: 0.4790 (Avg: 0.4303)
Train Epoch: [20][80/138] Total Loss: 0.3525 (Avg: 0.5304) Dice: 0.7578 (Avg: 0.5640) IoU: 0.6181 (Avg: 0.4326)
Train Epoch: [20][81/138] Total Loss: 0.4829 (Avg: 0.5298) Dice: 0.6138 (Avg: 0.5646) IoU: 0.4549 (Avg: 0.4329)
Train Epoch: [20][82/138] Total Loss: 0.4768 (Avg: 0.5291) Dice: 0.6274 (Avg: 0.5653) IoU: 0.4721 (Avg: 0.4334)
Train Epoch: [20][83/138] Total Loss: 0.5248 (Avg: 0.5291) Dice: 0.5809 (Avg: 0.5655) IoU: 0.4831 (Avg: 0.4340)
Train Epoch: [20][84/138] Total Loss: 0.7358 (Avg: 0.5315) Dice: 0.3836 (Avg: 0.5634) IoU: 0.2649 (Avg: 0.4319)
Train Epoch: [20][85/138] Total Loss: 0.3692 (Avg: 0.5296) Dice: 0.7316 (Avg: 0.5653) IoU: 0.5989 (Avg: 0.4339)
Train Epoch: [20][86/138] Total Loss: 0.5540 (Avg: 0.5299) Dice: 0.5152 (Avg: 0.5648) IoU: 0.3901 (Avg: 0.4334)
Train Epoch: [20][87/138] Total Loss: 0.5704 (Avg: 0.5304) Dice: 0.5063 (Avg: 0.5641) IoU: 0.3836 (Avg: 0.4328)
Train Epoch: [20][88/138] Total Loss: 0.3928 (Avg: 0.5288) Dice: 0.7144 (Avg: 0.5658) IoU: 0.5806 (Avg: 0.4345)
Train Epoch: [20][89/138] Total Loss: 0.4979 (Avg: 0.5285) Dice: 0.5896 (Avg: 0.5661) IoU: 0.4635 (Avg: 0.4348)
Train Epoch: [20][90/138] Total Loss: 0.7377 (Avg: 0.5308) Dice: 0.3726 (Avg: 0.5639) IoU: 0.2819 (Avg: 0.4331)
Train Epoch: [20][91/138] Total Loss: 0.4650 (Avg: 0.5301) Dice: 0.6328 (Avg: 0.5647) IoU: 0.4861 (Avg: 0.4337)
Train Epoch: [20][92/138] Total Loss: 0.4823 (Avg: 0.5295) Dice: 0.6077 (Avg: 0.5651) IoU: 0.4935 (Avg: 0.4344)
Train Epoch: [20][93/138] Total Loss: 0.4121 (Avg: 0.5283) Dice: 0.6580 (Avg: 0.5661) IoU: 0.5137 (Avg: 0.4352)
Train Epoch: [20][94/138] Total Loss: 0.3394 (Avg: 0.5263) Dice: 0.7853 (Avg: 0.5685) IoU: 0.6519 (Avg: 0.4375)
Train Epoch: [20][95/138] Total Loss: 0.5118 (Avg: 0.5261) Dice: 0.5754 (Avg: 0.5685) IoU: 0.4249 (Avg: 0.4374)
Train Epoch: [20][96/138] Total Loss: 0.4533 (Avg: 0.5254) Dice: 0.6664 (Avg: 0.5696) IoU: 0.5016 (Avg: 0.4381)
Train Epoch: [20][97/138] Total Loss: 0.3747 (Avg: 0.5238) Dice: 0.7183 (Avg: 0.5711) IoU: 0.5679 (Avg: 0.4394)
Train Epoch: [20][98/138] Total Loss: 0.5180 (Avg: 0.5237) Dice: 0.5742 (Avg: 0.5711) IoU: 0.4258 (Avg: 0.4393)
Train Epoch: [20][99/138] Total Loss: 0.4745 (Avg: 0.5232) Dice: 0.6834 (Avg: 0.5723) IoU: 0.5311 (Avg: 0.4402)
Train Epoch: [20][100/138] Total Loss: 0.4120 (Avg: 0.5221) Dice: 0.6943 (Avg: 0.5735) IoU: 0.5330 (Avg: 0.4411)
Train Epoch: [20][101/138] Total Loss: 0.3221 (Avg: 0.5202) Dice: 0.7836 (Avg: 0.5756) IoU: 0.6598 (Avg: 0.4433)
Train Epoch: [20][102/138] Total Loss: 0.4034 (Avg: 0.5190) Dice: 0.7150 (Avg: 0.5769) IoU: 0.5744 (Avg: 0.4446)
Train Epoch: [20][103/138] Total Loss: 0.4404 (Avg: 0.5182) Dice: 0.6581 (Avg: 0.5777) IoU: 0.5066 (Avg: 0.4452)
Train Epoch: [20][104/138] Total Loss: 0.5301 (Avg: 0.5184) Dice: 0.5296 (Avg: 0.5773) IoU: 0.4119 (Avg: 0.4448)
Train Epoch: [20][105/138] Total Loss: 0.5499 (Avg: 0.5187) Dice: 0.5502 (Avg: 0.5770) IoU: 0.4179 (Avg: 0.4446)
Train Epoch: [20][106/138] Total Loss: 0.6347 (Avg: 0.5198) Dice: 0.4438 (Avg: 0.5757) IoU: 0.3104 (Avg: 0.4433)
Train Epoch: [20][107/138] Total Loss: 0.4879 (Avg: 0.5195) Dice: 0.6157 (Avg: 0.5761) IoU: 0.4526 (Avg: 0.4434)
Train Epoch: [20][108/138] Total Loss: 0.4900 (Avg: 0.5192) Dice: 0.5926 (Avg: 0.5763) IoU: 0.4415 (Avg: 0.4434)
Train Epoch: [20][109/138] Total Loss: 0.4076 (Avg: 0.5182) Dice: 0.6871 (Avg: 0.5773) IoU: 0.5250 (Avg: 0.4441)
Train Epoch: [20][110/138] Total Loss: 0.4406 (Avg: 0.5175) Dice: 0.6691 (Avg: 0.5781) IoU: 0.5268 (Avg: 0.4449)
Train Epoch: [20][111/138] Total Loss: 0.4718 (Avg: 0.5170) Dice: 0.6215 (Avg: 0.5785) IoU: 0.4725 (Avg: 0.4451)
Train Epoch: [20][112/138] Total Loss: 0.5659 (Avg: 0.5175) Dice: 0.5543 (Avg: 0.5783) IoU: 0.3929 (Avg: 0.4447)
Train Epoch: [20][113/138] Total Loss: 0.4065 (Avg: 0.5165) Dice: 0.7069 (Avg: 0.5794) IoU: 0.5629 (Avg: 0.4457)
Train Epoch: [20][114/138] Total Loss: 0.5767 (Avg: 0.5170) Dice: 0.4883 (Avg: 0.5786) IoU: 0.3241 (Avg: 0.4447)
Train Epoch: [20][115/138] Total Loss: 0.5053 (Avg: 0.5169) Dice: 0.6003 (Avg: 0.5788) IoU: 0.4848 (Avg: 0.4450)
Train Epoch: [20][116/138] Total Loss: 0.5048 (Avg: 0.5168) Dice: 0.6023 (Avg: 0.5790) IoU: 0.5094 (Avg: 0.4456)
Train Epoch: [20][117/138] Total Loss: 0.4445 (Avg: 0.5162) Dice: 0.6464 (Avg: 0.5796) IoU: 0.5034 (Avg: 0.4461)
Train Epoch: [20][118/138] Total Loss: 0.4736 (Avg: 0.5158) Dice: 0.6055 (Avg: 0.5798) IoU: 0.4833 (Avg: 0.4464)
Train Epoch: [20][119/138] Total Loss: 0.5251 (Avg: 0.5159) Dice: 0.5836 (Avg: 0.5798) IoU: 0.4533 (Avg: 0.4464)
Train Epoch: [20][120/138] Total Loss: 0.4918 (Avg: 0.5157) Dice: 0.6024 (Avg: 0.5800) IoU: 0.4563 (Avg: 0.4465)
Train Epoch: [20][121/138] Total Loss: 0.4194 (Avg: 0.5149) Dice: 0.6784 (Avg: 0.5808) IoU: 0.5419 (Avg: 0.4473)
Train Epoch: [20][122/138] Total Loss: 0.4939 (Avg: 0.5147) Dice: 0.6333 (Avg: 0.5813) IoU: 0.4972 (Avg: 0.4477)
Train Epoch: [20][123/138] Total Loss: 0.4693 (Avg: 0.5144) Dice: 0.6538 (Avg: 0.5819) IoU: 0.5114 (Avg: 0.4482)
Train Epoch: [20][124/138] Total Loss: 0.4713 (Avg: 0.5140) Dice: 0.6074 (Avg: 0.5821) IoU: 0.4659 (Avg: 0.4484)
Train Epoch: [20][125/138] Total Loss: 0.3293 (Avg: 0.5126) Dice: 0.7623 (Avg: 0.5835) IoU: 0.6345 (Avg: 0.4499)
Train Epoch: [20][126/138] Total Loss: 0.4419 (Avg: 0.5120) Dice: 0.6387 (Avg: 0.5840) IoU: 0.4823 (Avg: 0.4501)
Train Epoch: [20][127/138] Total Loss: 0.4125 (Avg: 0.5112) Dice: 0.6667 (Avg: 0.5846) IoU: 0.5177 (Avg: 0.4506)
Train Epoch: [20][128/138] Total Loss: 0.8353 (Avg: 0.5137) Dice: 0.2697 (Avg: 0.5821) IoU: 0.1684 (Avg: 0.4484)
Train Epoch: [20][129/138] Total Loss: 0.5571 (Avg: 0.5141) Dice: 0.5221 (Avg: 0.5817) IoU: 0.3884 (Avg: 0.4480)
Train Epoch: [20][130/138] Total Loss: 0.3318 (Avg: 0.5127) Dice: 0.7659 (Avg: 0.5831) IoU: 0.6344 (Avg: 0.4494)
Train Epoch: [20][131/138] Total Loss: 0.4119 (Avg: 0.5119) Dice: 0.7000 (Avg: 0.5840) IoU: 0.5488 (Avg: 0.4502)
Train Epoch: [20][132/138] Total Loss: 0.5270 (Avg: 0.5120) Dice: 0.5751 (Avg: 0.5839) IoU: 0.4429 (Avg: 0.4501)
Train Epoch: [20][133/138] Total Loss: 0.3580 (Avg: 0.5109) Dice: 0.7407 (Avg: 0.5851) IoU: 0.5913 (Avg: 0.4512)
Train Epoch: [20][134/138] Total Loss: 0.4896 (Avg: 0.5107) Dice: 0.5488 (Avg: 0.5848) IoU: 0.4689 (Avg: 0.4513)
Train Epoch: [20][135/138] Total Loss: 0.5314 (Avg: 0.5109) Dice: 0.5591 (Avg: 0.5846) IoU: 0.3951 (Avg: 0.4509)
Train Epoch: [20][136/138] Total Loss: 0.4403 (Avg: 0.5103) Dice: 0.6438 (Avg: 0.5851) IoU: 0.4967 (Avg: 0.4512)
Train Epoch: [20][137/138] Total Loss: 0.7542 (Avg: 0.5121) Dice: 0.3488 (Avg: 0.5834) IoU: 0.2497 (Avg: 0.4498)
Train Epoch: [20][138/138] Total Loss: 0.2701 (Avg: 0.5089) Dice: 0.6588 (Avg: 0.5803) IoU: 0.4912 (Avg: 0.4474)
Validation Epoch: [20] Avg Loss: 0.3872 Avg Dice: 0.5640 Avg IoU: 0.4362

========= Epoch [21/50] =========
Train Epoch: [21][1/138] Total Loss: 0.3074 (Avg: 0.3074) Dice: 0.8343 (Avg: 0.8343) IoU: 0.7201 (Avg: 0.7201)
Train Epoch: [21][2/138] Total Loss: 0.3428 (Avg: 0.3251) Dice: 0.7710 (Avg: 0.8026) IoU: 0.6329 (Avg: 0.6765)
Train Epoch: [21][3/138] Total Loss: 0.4469 (Avg: 0.3657) Dice: 0.6249 (Avg: 0.7434) IoU: 0.4667 (Avg: 0.6066)
Train Epoch: [21][4/138] Total Loss: 0.3315 (Avg: 0.3571) Dice: 0.7858 (Avg: 0.7540) IoU: 0.6484 (Avg: 0.6170)
Train Epoch: [21][5/138] Total Loss: 0.5795 (Avg: 0.4016) Dice: 0.5216 (Avg: 0.7075) IoU: 0.3937 (Avg: 0.5723)
Train Epoch: [21][6/138] Total Loss: 0.3941 (Avg: 0.4004) Dice: 0.6988 (Avg: 0.7061) IoU: 0.5433 (Avg: 0.5675)
Train Epoch: [21][7/138] Total Loss: 0.3312 (Avg: 0.3905) Dice: 0.7423 (Avg: 0.7112) IoU: 0.6072 (Avg: 0.5732)
Train Epoch: [21][8/138] Total Loss: 0.3314 (Avg: 0.3831) Dice: 0.7741 (Avg: 0.7191) IoU: 0.6408 (Avg: 0.5816)
Train Epoch: [21][9/138] Total Loss: 0.7196 (Avg: 0.4205) Dice: 0.3795 (Avg: 0.6814) IoU: 0.2562 (Avg: 0.5455)
Train Epoch: [21][10/138] Total Loss: 0.3559 (Avg: 0.4140) Dice: 0.7551 (Avg: 0.6887) IoU: 0.6240 (Avg: 0.5533)
Train Epoch: [21][11/138] Total Loss: 0.3838 (Avg: 0.4113) Dice: 0.7245 (Avg: 0.6920) IoU: 0.5778 (Avg: 0.5556)
Train Epoch: [21][12/138] Total Loss: 0.6450 (Avg: 0.4308) Dice: 0.3753 (Avg: 0.6656) IoU: 0.2670 (Avg: 0.5315)
Train Epoch: [21][13/138] Total Loss: 0.3574 (Avg: 0.4251) Dice: 0.7302 (Avg: 0.6706) IoU: 0.5790 (Avg: 0.5352)
Train Epoch: [21][14/138] Total Loss: 0.4660 (Avg: 0.4280) Dice: 0.6255 (Avg: 0.6674) IoU: 0.4877 (Avg: 0.5318)
Train Epoch: [21][15/138] Total Loss: 0.4333 (Avg: 0.4284) Dice: 0.6903 (Avg: 0.6689) IoU: 0.5811 (Avg: 0.5351)
Train Epoch: [21][16/138] Total Loss: 0.8216 (Avg: 0.4530) Dice: 0.2571 (Avg: 0.6431) IoU: 0.1755 (Avg: 0.5126)
Train Epoch: [21][17/138] Total Loss: 0.4062 (Avg: 0.4502) Dice: 0.6767 (Avg: 0.6451) IoU: 0.5250 (Avg: 0.5133)
Train Epoch: [21][18/138] Total Loss: 0.4140 (Avg: 0.4482) Dice: 0.7222 (Avg: 0.6494) IoU: 0.5780 (Avg: 0.5169)
Train Epoch: [21][19/138] Total Loss: 0.4744 (Avg: 0.4496) Dice: 0.6318 (Avg: 0.6485) IoU: 0.4951 (Avg: 0.5158)
Train Epoch: [21][20/138] Total Loss: 0.3777 (Avg: 0.4460) Dice: 0.7220 (Avg: 0.6521) IoU: 0.5792 (Avg: 0.5189)
Train Epoch: [21][21/138] Total Loss: 0.4423 (Avg: 0.4458) Dice: 0.6486 (Avg: 0.6520) IoU: 0.5276 (Avg: 0.5193)
Train Epoch: [21][22/138] Total Loss: 0.4054 (Avg: 0.4440) Dice: 0.6869 (Avg: 0.6536) IoU: 0.5488 (Avg: 0.5207)
Train Epoch: [21][23/138] Total Loss: 0.4112 (Avg: 0.4426) Dice: 0.6992 (Avg: 0.6556) IoU: 0.5571 (Avg: 0.5223)
Train Epoch: [21][24/138] Total Loss: 0.2966 (Avg: 0.4365) Dice: 0.8107 (Avg: 0.6620) IoU: 0.6920 (Avg: 0.5293)
Train Epoch: [21][25/138] Total Loss: 0.5212 (Avg: 0.4399) Dice: 0.5842 (Avg: 0.6589) IoU: 0.4249 (Avg: 0.5252)
Train Epoch: [21][26/138] Total Loss: 0.6329 (Avg: 0.4473) Dice: 0.4644 (Avg: 0.6514) IoU: 0.3455 (Avg: 0.5182)
Train Epoch: [21][27/138] Total Loss: 0.5047 (Avg: 0.4494) Dice: 0.5974 (Avg: 0.6494) IoU: 0.4728 (Avg: 0.5166)
Train Epoch: [21][28/138] Total Loss: 0.5029 (Avg: 0.4513) Dice: 0.5860 (Avg: 0.6472) IoU: 0.4197 (Avg: 0.5131)
Train Epoch: [21][29/138] Total Loss: 0.5014 (Avg: 0.4530) Dice: 0.6109 (Avg: 0.6459) IoU: 0.5034 (Avg: 0.5128)
Train Epoch: [21][30/138] Total Loss: 0.4771 (Avg: 0.4539) Dice: 0.6179 (Avg: 0.6450) IoU: 0.4803 (Avg: 0.5117)
Train Epoch: [21][31/138] Total Loss: 0.4722 (Avg: 0.4544) Dice: 0.6545 (Avg: 0.6453) IoU: 0.4987 (Avg: 0.5113)
Train Epoch: [21][32/138] Total Loss: 0.3695 (Avg: 0.4518) Dice: 0.7443 (Avg: 0.6484) IoU: 0.5985 (Avg: 0.5140)
Train Epoch: [21][33/138] Total Loss: 0.4694 (Avg: 0.4523) Dice: 0.6588 (Avg: 0.6487) IoU: 0.5111 (Avg: 0.5139)
Train Epoch: [21][34/138] Total Loss: 0.3523 (Avg: 0.4494) Dice: 0.7515 (Avg: 0.6517) IoU: 0.6141 (Avg: 0.5169)
Train Epoch: [21][35/138] Total Loss: 0.5326 (Avg: 0.4518) Dice: 0.5603 (Avg: 0.6491) IoU: 0.4179 (Avg: 0.5140)
Train Epoch: [21][36/138] Total Loss: 0.5538 (Avg: 0.4546) Dice: 0.4939 (Avg: 0.6448) IoU: 0.4033 (Avg: 0.5110)
Train Epoch: [21][37/138] Total Loss: 0.6302 (Avg: 0.4593) Dice: 0.4876 (Avg: 0.6405) IoU: 0.3432 (Avg: 0.5064)
Train Epoch: [21][38/138] Total Loss: 0.3803 (Avg: 0.4573) Dice: 0.7400 (Avg: 0.6432) IoU: 0.6151 (Avg: 0.5093)
Train Epoch: [21][39/138] Total Loss: 0.6440 (Avg: 0.4620) Dice: 0.4597 (Avg: 0.6385) IoU: 0.3278 (Avg: 0.5046)
Train Epoch: [21][40/138] Total Loss: 0.3186 (Avg: 0.4585) Dice: 0.7915 (Avg: 0.6423) IoU: 0.6592 (Avg: 0.5085)
Train Epoch: [21][41/138] Total Loss: 0.4248 (Avg: 0.4576) Dice: 0.7001 (Avg: 0.6437) IoU: 0.5508 (Avg: 0.5095)
Train Epoch: [21][42/138] Total Loss: 0.4550 (Avg: 0.4576) Dice: 0.6536 (Avg: 0.6439) IoU: 0.4988 (Avg: 0.5093)
Train Epoch: [21][43/138] Total Loss: 0.5543 (Avg: 0.4598) Dice: 0.5553 (Avg: 0.6419) IoU: 0.4254 (Avg: 0.5073)
Train Epoch: [21][44/138] Total Loss: 0.2873 (Avg: 0.4559) Dice: 0.8130 (Avg: 0.6458) IoU: 0.6927 (Avg: 0.5115)
Train Epoch: [21][45/138] Total Loss: 0.5264 (Avg: 0.4575) Dice: 0.5913 (Avg: 0.6446) IoU: 0.4669 (Avg: 0.5105)
Train Epoch: [21][46/138] Total Loss: 0.4653 (Avg: 0.4576) Dice: 0.6452 (Avg: 0.6446) IoU: 0.5675 (Avg: 0.5118)
Train Epoch: [21][47/138] Total Loss: 0.4208 (Avg: 0.4569) Dice: 0.6944 (Avg: 0.6456) IoU: 0.5382 (Avg: 0.5123)
Train Epoch: [21][48/138] Total Loss: 0.3920 (Avg: 0.4555) Dice: 0.7104 (Avg: 0.6470) IoU: 0.5641 (Avg: 0.5134)
Train Epoch: [21][49/138] Total Loss: 0.3579 (Avg: 0.4535) Dice: 0.7341 (Avg: 0.6488) IoU: 0.5819 (Avg: 0.5148)
Train Epoch: [21][50/138] Total Loss: 0.6317 (Avg: 0.4571) Dice: 0.4328 (Avg: 0.6444) IoU: 0.2895 (Avg: 0.5103)
Train Epoch: [21][51/138] Total Loss: 0.5828 (Avg: 0.4595) Dice: 0.5245 (Avg: 0.6421) IoU: 0.3741 (Avg: 0.5076)
Train Epoch: [21][52/138] Total Loss: 0.4381 (Avg: 0.4591) Dice: 0.6579 (Avg: 0.6424) IoU: 0.5005 (Avg: 0.5075)
Train Epoch: [21][53/138] Total Loss: 0.4947 (Avg: 0.4598) Dice: 0.5990 (Avg: 0.6416) IoU: 0.4429 (Avg: 0.5063)
Train Epoch: [21][54/138] Total Loss: 0.4323 (Avg: 0.4593) Dice: 0.6595 (Avg: 0.6419) IoU: 0.5276 (Avg: 0.5067)
Train Epoch: [21][55/138] Total Loss: 0.3738 (Avg: 0.4577) Dice: 0.7365 (Avg: 0.6436) IoU: 0.5982 (Avg: 0.5083)
Train Epoch: [21][56/138] Total Loss: 0.3250 (Avg: 0.4554) Dice: 0.7896 (Avg: 0.6462) IoU: 0.6541 (Avg: 0.5109)
Train Epoch: [21][57/138] Total Loss: 0.4546 (Avg: 0.4554) Dice: 0.6392 (Avg: 0.6461) IoU: 0.5415 (Avg: 0.5115)
Train Epoch: [21][58/138] Total Loss: 0.6351 (Avg: 0.4585) Dice: 0.4130 (Avg: 0.6421) IoU: 0.2915 (Avg: 0.5077)
Train Epoch: [21][59/138] Total Loss: 0.5259 (Avg: 0.4596) Dice: 0.5853 (Avg: 0.6411) IoU: 0.4582 (Avg: 0.5069)
Train Epoch: [21][60/138] Total Loss: 0.5162 (Avg: 0.4605) Dice: 0.5910 (Avg: 0.6403) IoU: 0.4241 (Avg: 0.5055)
Train Epoch: [21][61/138] Total Loss: 0.4154 (Avg: 0.4598) Dice: 0.6767 (Avg: 0.6409) IoU: 0.5159 (Avg: 0.5056)
Train Epoch: [21][62/138] Total Loss: 0.4190 (Avg: 0.4591) Dice: 0.6589 (Avg: 0.6412) IoU: 0.5145 (Avg: 0.5058)
Train Epoch: [21][63/138] Total Loss: 0.4316 (Avg: 0.4587) Dice: 0.6879 (Avg: 0.6419) IoU: 0.5683 (Avg: 0.5068)
Train Epoch: [21][64/138] Total Loss: 0.4367 (Avg: 0.4584) Dice: 0.6635 (Avg: 0.6423) IoU: 0.5137 (Avg: 0.5069)
Train Epoch: [21][65/138] Total Loss: 0.3018 (Avg: 0.4560) Dice: 0.8264 (Avg: 0.6451) IoU: 0.7079 (Avg: 0.5100)
Train Epoch: [21][66/138] Total Loss: 0.4094 (Avg: 0.4552) Dice: 0.6939 (Avg: 0.6458) IoU: 0.5518 (Avg: 0.5106)
Train Epoch: [21][67/138] Total Loss: 0.4084 (Avg: 0.4546) Dice: 0.6974 (Avg: 0.6466) IoU: 0.5630 (Avg: 0.5114)
Train Epoch: [21][68/138] Total Loss: 0.5009 (Avg: 0.4552) Dice: 0.6195 (Avg: 0.6462) IoU: 0.4512 (Avg: 0.5105)
Train Epoch: [21][69/138] Total Loss: 0.4865 (Avg: 0.4557) Dice: 0.6245 (Avg: 0.6459) IoU: 0.4737 (Avg: 0.5100)
Train Epoch: [21][70/138] Total Loss: 0.3780 (Avg: 0.4546) Dice: 0.7075 (Avg: 0.6468) IoU: 0.5566 (Avg: 0.5106)
Train Epoch: [21][71/138] Total Loss: 0.4052 (Avg: 0.4539) Dice: 0.6876 (Avg: 0.6473) IoU: 0.5372 (Avg: 0.5110)
Train Epoch: [21][72/138] Total Loss: 0.5588 (Avg: 0.4553) Dice: 0.5420 (Avg: 0.6459) IoU: 0.4333 (Avg: 0.5099)
Train Epoch: [21][73/138] Total Loss: 0.4411 (Avg: 0.4551) Dice: 0.6611 (Avg: 0.6461) IoU: 0.4994 (Avg: 0.5098)
Train Epoch: [21][74/138] Total Loss: 0.4712 (Avg: 0.4554) Dice: 0.5708 (Avg: 0.6451) IoU: 0.4548 (Avg: 0.5091)
Train Epoch: [21][75/138] Total Loss: 0.3332 (Avg: 0.4537) Dice: 0.7664 (Avg: 0.6467) IoU: 0.6252 (Avg: 0.5106)
Train Epoch: [21][76/138] Total Loss: 0.5175 (Avg: 0.4546) Dice: 0.5762 (Avg: 0.6458) IoU: 0.4670 (Avg: 0.5100)
Train Epoch: [21][77/138] Total Loss: 0.4736 (Avg: 0.4548) Dice: 0.6030 (Avg: 0.6452) IoU: 0.4789 (Avg: 0.5096)
Train Epoch: [21][78/138] Total Loss: 0.7714 (Avg: 0.4589) Dice: 0.3022 (Avg: 0.6408) IoU: 0.1868 (Avg: 0.5055)
Train Epoch: [21][79/138] Total Loss: 0.4541 (Avg: 0.4588) Dice: 0.6570 (Avg: 0.6410) IoU: 0.4985 (Avg: 0.5054)
Train Epoch: [21][80/138] Total Loss: 0.4342 (Avg: 0.4585) Dice: 0.6671 (Avg: 0.6413) IoU: 0.5460 (Avg: 0.5059)
Train Epoch: [21][81/138] Total Loss: 0.3588 (Avg: 0.4573) Dice: 0.7379 (Avg: 0.6425) IoU: 0.6101 (Avg: 0.5072)
Train Epoch: [21][82/138] Total Loss: 0.5423 (Avg: 0.4583) Dice: 0.5506 (Avg: 0.6414) IoU: 0.3895 (Avg: 0.5058)
Train Epoch: [21][83/138] Total Loss: 0.5644 (Avg: 0.4596) Dice: 0.5482 (Avg: 0.6403) IoU: 0.4439 (Avg: 0.5050)
Train Epoch: [21][84/138] Total Loss: 0.6356 (Avg: 0.4617) Dice: 0.4384 (Avg: 0.6379) IoU: 0.3124 (Avg: 0.5027)
Train Epoch: [21][85/138] Total Loss: 0.4654 (Avg: 0.4617) Dice: 0.6417 (Avg: 0.6379) IoU: 0.5025 (Avg: 0.5027)
Train Epoch: [21][86/138] Total Loss: 0.4946 (Avg: 0.4621) Dice: 0.6270 (Avg: 0.6378) IoU: 0.4734 (Avg: 0.5024)
Train Epoch: [21][87/138] Total Loss: 0.4198 (Avg: 0.4616) Dice: 0.6575 (Avg: 0.6380) IoU: 0.4997 (Avg: 0.5023)
Train Epoch: [21][88/138] Total Loss: 0.6057 (Avg: 0.4633) Dice: 0.4880 (Avg: 0.6363) IoU: 0.3753 (Avg: 0.5009)
Train Epoch: [21][89/138] Total Loss: 0.4898 (Avg: 0.4636) Dice: 0.6243 (Avg: 0.6362) IoU: 0.4890 (Avg: 0.5008)
Train Epoch: [21][90/138] Total Loss: 0.4259 (Avg: 0.4631) Dice: 0.6688 (Avg: 0.6365) IoU: 0.5123 (Avg: 0.5009)
Train Epoch: [21][91/138] Total Loss: 0.6028 (Avg: 0.4647) Dice: 0.4840 (Avg: 0.6349) IoU: 0.3835 (Avg: 0.4996)
Train Epoch: [21][92/138] Total Loss: 0.4819 (Avg: 0.4649) Dice: 0.6404 (Avg: 0.6349) IoU: 0.5130 (Avg: 0.4997)
Train Epoch: [21][93/138] Total Loss: 0.4824 (Avg: 0.4651) Dice: 0.6445 (Avg: 0.6350) IoU: 0.4929 (Avg: 0.4997)
Train Epoch: [21][94/138] Total Loss: 0.4693 (Avg: 0.4651) Dice: 0.6348 (Avg: 0.6350) IoU: 0.4913 (Avg: 0.4996)
Train Epoch: [21][95/138] Total Loss: 0.8046 (Avg: 0.4687) Dice: 0.2876 (Avg: 0.6314) IoU: 0.1788 (Avg: 0.4962)
Train Epoch: [21][96/138] Total Loss: 0.4527 (Avg: 0.4685) Dice: 0.6603 (Avg: 0.6317) IoU: 0.5180 (Avg: 0.4964)
Train Epoch: [21][97/138] Total Loss: 0.4355 (Avg: 0.4682) Dice: 0.6522 (Avg: 0.6319) IoU: 0.5005 (Avg: 0.4965)
Train Epoch: [21][98/138] Total Loss: 0.6867 (Avg: 0.4704) Dice: 0.3971 (Avg: 0.6295) IoU: 0.2816 (Avg: 0.4943)
Train Epoch: [21][99/138] Total Loss: 0.4755 (Avg: 0.4704) Dice: 0.6384 (Avg: 0.6296) IoU: 0.5561 (Avg: 0.4949)
Train Epoch: [21][100/138] Total Loss: 0.3331 (Avg: 0.4691) Dice: 0.7586 (Avg: 0.6309) IoU: 0.6271 (Avg: 0.4962)
Train Epoch: [21][101/138] Total Loss: 0.4878 (Avg: 0.4693) Dice: 0.5988 (Avg: 0.6305) IoU: 0.4763 (Avg: 0.4960)
Train Epoch: [21][102/138] Total Loss: 0.3714 (Avg: 0.4683) Dice: 0.7185 (Avg: 0.6314) IoU: 0.5807 (Avg: 0.4969)
Train Epoch: [21][103/138] Total Loss: 0.4485 (Avg: 0.4681) Dice: 0.6199 (Avg: 0.6313) IoU: 0.4580 (Avg: 0.4965)
Train Epoch: [21][104/138] Total Loss: 0.6082 (Avg: 0.4695) Dice: 0.3955 (Avg: 0.6290) IoU: 0.3312 (Avg: 0.4949)
Train Epoch: [21][105/138] Total Loss: 0.3805 (Avg: 0.4686) Dice: 0.7105 (Avg: 0.6298) IoU: 0.5702 (Avg: 0.4956)
Train Epoch: [21][106/138] Total Loss: 0.5346 (Avg: 0.4692) Dice: 0.5576 (Avg: 0.6291) IoU: 0.4045 (Avg: 0.4948)
Train Epoch: [21][107/138] Total Loss: 0.3627 (Avg: 0.4682) Dice: 0.7048 (Avg: 0.6298) IoU: 0.5586 (Avg: 0.4954)
Train Epoch: [21][108/138] Total Loss: 0.5437 (Avg: 0.4689) Dice: 0.5687 (Avg: 0.6293) IoU: 0.4646 (Avg: 0.4951)
Train Epoch: [21][109/138] Total Loss: 0.4358 (Avg: 0.4686) Dice: 0.6814 (Avg: 0.6297) IoU: 0.5399 (Avg: 0.4955)
Train Epoch: [21][110/138] Total Loss: 0.5922 (Avg: 0.4698) Dice: 0.4954 (Avg: 0.6285) IoU: 0.3958 (Avg: 0.4946)
Train Epoch: [21][111/138] Total Loss: 0.3349 (Avg: 0.4685) Dice: 0.7752 (Avg: 0.6298) IoU: 0.6356 (Avg: 0.4958)
Train Epoch: [21][112/138] Total Loss: 0.3552 (Avg: 0.4675) Dice: 0.7681 (Avg: 0.6311) IoU: 0.6320 (Avg: 0.4971)
Train Epoch: [21][113/138] Total Loss: 0.6003 (Avg: 0.4687) Dice: 0.4561 (Avg: 0.6295) IoU: 0.3323 (Avg: 0.4956)
Train Epoch: [21][114/138] Total Loss: 0.5209 (Avg: 0.4692) Dice: 0.5684 (Avg: 0.6290) IoU: 0.4007 (Avg: 0.4948)
Train Epoch: [21][115/138] Total Loss: 0.3038 (Avg: 0.4677) Dice: 0.8018 (Avg: 0.6305) IoU: 0.6713 (Avg: 0.4963)
Train Epoch: [21][116/138] Total Loss: 0.4631 (Avg: 0.4677) Dice: 0.6697 (Avg: 0.6308) IoU: 0.5158 (Avg: 0.4965)
Train Epoch: [21][117/138] Total Loss: 0.2828 (Avg: 0.4661) Dice: 0.8258 (Avg: 0.6325) IoU: 0.7068 (Avg: 0.4983)
Train Epoch: [21][118/138] Total Loss: 0.7836 (Avg: 0.4688) Dice: 0.3351 (Avg: 0.6300) IoU: 0.2525 (Avg: 0.4962)
Train Epoch: [21][119/138] Total Loss: 0.4747 (Avg: 0.4688) Dice: 0.6370 (Avg: 0.6300) IoU: 0.4858 (Avg: 0.4961)
Train Epoch: [21][120/138] Total Loss: 0.4294 (Avg: 0.4685) Dice: 0.7012 (Avg: 0.6306) IoU: 0.5787 (Avg: 0.4968)
Train Epoch: [21][121/138] Total Loss: 0.3047 (Avg: 0.4672) Dice: 0.8125 (Avg: 0.6321) IoU: 0.6878 (Avg: 0.4984)
Train Epoch: [21][122/138] Total Loss: 0.6002 (Avg: 0.4682) Dice: 0.4616 (Avg: 0.6307) IoU: 0.3473 (Avg: 0.4971)
Train Epoch: [21][123/138] Total Loss: 0.4261 (Avg: 0.4679) Dice: 0.6608 (Avg: 0.6310) IoU: 0.5101 (Avg: 0.4972)
Train Epoch: [21][124/138] Total Loss: 0.5872 (Avg: 0.4689) Dice: 0.5806 (Avg: 0.6306) IoU: 0.4144 (Avg: 0.4966)
Train Epoch: [21][125/138] Total Loss: 0.5695 (Avg: 0.4697) Dice: 0.5050 (Avg: 0.6296) IoU: 0.3500 (Avg: 0.4954)
Train Epoch: [21][126/138] Total Loss: 0.3649 (Avg: 0.4688) Dice: 0.7338 (Avg: 0.6304) IoU: 0.6087 (Avg: 0.4963)
Train Epoch: [21][127/138] Total Loss: 0.5398 (Avg: 0.4694) Dice: 0.5739 (Avg: 0.6300) IoU: 0.4778 (Avg: 0.4961)
Train Epoch: [21][128/138] Total Loss: 0.3711 (Avg: 0.4686) Dice: 0.7271 (Avg: 0.6307) IoU: 0.5898 (Avg: 0.4969)
Train Epoch: [21][129/138] Total Loss: 0.4870 (Avg: 0.4688) Dice: 0.6366 (Avg: 0.6308) IoU: 0.4942 (Avg: 0.4969)
Train Epoch: [21][130/138] Total Loss: 0.4075 (Avg: 0.4683) Dice: 0.6746 (Avg: 0.6311) IoU: 0.5184 (Avg: 0.4970)
Train Epoch: [21][131/138] Total Loss: 0.5780 (Avg: 0.4691) Dice: 0.4916 (Avg: 0.6300) IoU: 0.3410 (Avg: 0.4958)
Train Epoch: [21][132/138] Total Loss: 0.3937 (Avg: 0.4686) Dice: 0.6926 (Avg: 0.6305) IoU: 0.5504 (Avg: 0.4962)
Train Epoch: [21][133/138] Total Loss: 0.5364 (Avg: 0.4691) Dice: 0.5861 (Avg: 0.6302) IoU: 0.4232 (Avg: 0.4957)
Train Epoch: [21][134/138] Total Loss: 0.4342 (Avg: 0.4688) Dice: 0.6433 (Avg: 0.6303) IoU: 0.4901 (Avg: 0.4957)
Train Epoch: [21][135/138] Total Loss: 0.5808 (Avg: 0.4696) Dice: 0.4759 (Avg: 0.6291) IoU: 0.3670 (Avg: 0.4947)
Train Epoch: [21][136/138] Total Loss: 0.4790 (Avg: 0.4697) Dice: 0.5945 (Avg: 0.6289) IoU: 0.4297 (Avg: 0.4942)
Train Epoch: [21][137/138] Total Loss: 0.4177 (Avg: 0.4693) Dice: 0.6644 (Avg: 0.6291) IoU: 0.5241 (Avg: 0.4944)
Train Epoch: [21][138/138] Total Loss: 0.2377 (Avg: 0.4664) Dice: 0.7273 (Avg: 0.6259) IoU: 0.5714 (Avg: 0.4919)
Validation Epoch: [21] Avg Loss: 0.3958 Avg Dice: 0.5521 Avg IoU: 0.4249

========= Epoch [22/50] =========
Train Epoch: [22][1/138] Total Loss: 0.6061 (Avg: 0.6061) Dice: 0.4948 (Avg: 0.4948) IoU: 0.3692 (Avg: 0.3692)
Train Epoch: [22][2/138] Total Loss: 0.3515 (Avg: 0.4788) Dice: 0.7992 (Avg: 0.6470) IoU: 0.6703 (Avg: 0.5197)
Train Epoch: [22][3/138] Total Loss: 0.7257 (Avg: 0.5611) Dice: 0.4004 (Avg: 0.5648) IoU: 0.2721 (Avg: 0.4372)
Train Epoch: [22][4/138] Total Loss: 0.5590 (Avg: 0.5606) Dice: 0.5472 (Avg: 0.5604) IoU: 0.4653 (Avg: 0.4442)
Train Epoch: [22][5/138] Total Loss: 0.4415 (Avg: 0.5368) Dice: 0.6515 (Avg: 0.5786) IoU: 0.5102 (Avg: 0.4574)
Train Epoch: [22][6/138] Total Loss: 0.4677 (Avg: 0.5253) Dice: 0.6304 (Avg: 0.5872) IoU: 0.5002 (Avg: 0.4645)
Train Epoch: [22][7/138] Total Loss: 0.6095 (Avg: 0.5373) Dice: 0.5209 (Avg: 0.5778) IoU: 0.4141 (Avg: 0.4573)
Train Epoch: [22][8/138] Total Loss: 0.4402 (Avg: 0.5252) Dice: 0.6512 (Avg: 0.5869) IoU: 0.5034 (Avg: 0.4631)
Train Epoch: [22][9/138] Total Loss: 0.4825 (Avg: 0.5204) Dice: 0.6455 (Avg: 0.5934) IoU: 0.4963 (Avg: 0.4668)
Train Epoch: [22][10/138] Total Loss: 0.4076 (Avg: 0.5091) Dice: 0.6986 (Avg: 0.6040) IoU: 0.5756 (Avg: 0.4777)
Train Epoch: [22][11/138] Total Loss: 0.4055 (Avg: 0.4997) Dice: 0.6932 (Avg: 0.6121) IoU: 0.5399 (Avg: 0.4833)
Train Epoch: [22][12/138] Total Loss: 0.4196 (Avg: 0.4930) Dice: 0.6649 (Avg: 0.6165) IoU: 0.5308 (Avg: 0.4873)
Train Epoch: [22][13/138] Total Loss: 0.3767 (Avg: 0.4841) Dice: 0.7210 (Avg: 0.6245) IoU: 0.5795 (Avg: 0.4944)
Train Epoch: [22][14/138] Total Loss: 0.5210 (Avg: 0.4867) Dice: 0.5607 (Avg: 0.6200) IoU: 0.3966 (Avg: 0.4874)
Train Epoch: [22][15/138] Total Loss: 0.3535 (Avg: 0.4778) Dice: 0.7595 (Avg: 0.6293) IoU: 0.6132 (Avg: 0.4958)
Train Epoch: [22][16/138] Total Loss: 0.5337 (Avg: 0.4813) Dice: 0.5710 (Avg: 0.6256) IoU: 0.4669 (Avg: 0.4940)
Train Epoch: [22][17/138] Total Loss: 0.3970 (Avg: 0.4764) Dice: 0.6831 (Avg: 0.6290) IoU: 0.5259 (Avg: 0.4958)
Train Epoch: [22][18/138] Total Loss: 0.6429 (Avg: 0.4856) Dice: 0.4528 (Avg: 0.6192) IoU: 0.3319 (Avg: 0.4867)
Train Epoch: [22][19/138] Total Loss: 0.4584 (Avg: 0.4842) Dice: 0.6503 (Avg: 0.6209) IoU: 0.5221 (Avg: 0.4886)
Train Epoch: [22][20/138] Total Loss: 0.3838 (Avg: 0.4792) Dice: 0.7285 (Avg: 0.6262) IoU: 0.6042 (Avg: 0.4944)
Train Epoch: [22][21/138] Total Loss: 0.7264 (Avg: 0.4909) Dice: 0.3706 (Avg: 0.6141) IoU: 0.2574 (Avg: 0.4831)
Train Epoch: [22][22/138] Total Loss: 0.3078 (Avg: 0.4826) Dice: 0.7986 (Avg: 0.6224) IoU: 0.6746 (Avg: 0.4918)
Train Epoch: [22][23/138] Total Loss: 0.6843 (Avg: 0.4914) Dice: 0.3874 (Avg: 0.6122) IoU: 0.3073 (Avg: 0.4838)
Train Epoch: [22][24/138] Total Loss: 0.3424 (Avg: 0.4852) Dice: 0.7617 (Avg: 0.6185) IoU: 0.6259 (Avg: 0.4897)
Train Epoch: [22][25/138] Total Loss: 0.4232 (Avg: 0.4827) Dice: 0.6581 (Avg: 0.6200) IoU: 0.5127 (Avg: 0.4906)
Train Epoch: [22][26/138] Total Loss: 0.4079 (Avg: 0.4798) Dice: 0.6819 (Avg: 0.6224) IoU: 0.5287 (Avg: 0.4921)
Train Epoch: [22][27/138] Total Loss: 0.4918 (Avg: 0.4803) Dice: 0.6219 (Avg: 0.6224) IoU: 0.4921 (Avg: 0.4921)
Train Epoch: [22][28/138] Total Loss: 0.4117 (Avg: 0.4778) Dice: 0.6718 (Avg: 0.6242) IoU: 0.5197 (Avg: 0.4931)
Train Epoch: [22][29/138] Total Loss: 0.4313 (Avg: 0.4762) Dice: 0.6346 (Avg: 0.6245) IoU: 0.4828 (Avg: 0.4927)
Train Epoch: [22][30/138] Total Loss: 0.5522 (Avg: 0.4787) Dice: 0.5545 (Avg: 0.6222) IoU: 0.4604 (Avg: 0.4916)
Train Epoch: [22][31/138] Total Loss: 0.3675 (Avg: 0.4752) Dice: 0.7109 (Avg: 0.6251) IoU: 0.5685 (Avg: 0.4941)
Train Epoch: [22][32/138] Total Loss: 0.3720 (Avg: 0.4719) Dice: 0.7399 (Avg: 0.6286) IoU: 0.5903 (Avg: 0.4971)
Train Epoch: [22][33/138] Total Loss: 0.4658 (Avg: 0.4717) Dice: 0.6402 (Avg: 0.6290) IoU: 0.4927 (Avg: 0.4970)
Train Epoch: [22][34/138] Total Loss: 0.4096 (Avg: 0.4699) Dice: 0.6499 (Avg: 0.6296) IoU: 0.4935 (Avg: 0.4969)
Train Epoch: [22][35/138] Total Loss: 0.2811 (Avg: 0.4645) Dice: 0.8390 (Avg: 0.6356) IoU: 0.7237 (Avg: 0.5034)
Train Epoch: [22][36/138] Total Loss: 0.3976 (Avg: 0.4627) Dice: 0.6934 (Avg: 0.6372) IoU: 0.5543 (Avg: 0.5048)
Train Epoch: [22][37/138] Total Loss: 0.6312 (Avg: 0.4672) Dice: 0.5154 (Avg: 0.6339) IoU: 0.3929 (Avg: 0.5018)
Train Epoch: [22][38/138] Total Loss: 0.4218 (Avg: 0.4660) Dice: 0.6710 (Avg: 0.6349) IoU: 0.5190 (Avg: 0.5022)
Train Epoch: [22][39/138] Total Loss: 0.5367 (Avg: 0.4678) Dice: 0.5331 (Avg: 0.6323) IoU: 0.4018 (Avg: 0.4996)
Train Epoch: [22][40/138] Total Loss: 0.4661 (Avg: 0.4678) Dice: 0.6275 (Avg: 0.6321) IoU: 0.4740 (Avg: 0.4990)
Train Epoch: [22][41/138] Total Loss: 0.3899 (Avg: 0.4659) Dice: 0.7117 (Avg: 0.6341) IoU: 0.5586 (Avg: 0.5005)
Train Epoch: [22][42/138] Total Loss: 0.3423 (Avg: 0.4630) Dice: 0.7497 (Avg: 0.6368) IoU: 0.6036 (Avg: 0.5029)
Train Epoch: [22][43/138] Total Loss: 0.5398 (Avg: 0.4647) Dice: 0.5660 (Avg: 0.6352) IoU: 0.4159 (Avg: 0.5009)
Train Epoch: [22][44/138] Total Loss: 0.4117 (Avg: 0.4635) Dice: 0.6760 (Avg: 0.6361) IoU: 0.5332 (Avg: 0.5016)
Train Epoch: [22][45/138] Total Loss: 0.6458 (Avg: 0.4676) Dice: 0.4642 (Avg: 0.6323) IoU: 0.3606 (Avg: 0.4985)
Train Epoch: [22][46/138] Total Loss: 0.4876 (Avg: 0.4680) Dice: 0.6001 (Avg: 0.6316) IoU: 0.4372 (Avg: 0.4972)
Train Epoch: [22][47/138] Total Loss: 0.3536 (Avg: 0.4656) Dice: 0.7861 (Avg: 0.6349) IoU: 0.6566 (Avg: 0.5005)
Train Epoch: [22][48/138] Total Loss: 0.4512 (Avg: 0.4653) Dice: 0.6476 (Avg: 0.6352) IoU: 0.4992 (Avg: 0.5005)
Train Epoch: [22][49/138] Total Loss: 0.4191 (Avg: 0.4643) Dice: 0.7398 (Avg: 0.6373) IoU: 0.6281 (Avg: 0.5031)
Train Epoch: [22][50/138] Total Loss: 0.4302 (Avg: 0.4637) Dice: 0.6649 (Avg: 0.6378) IoU: 0.5294 (Avg: 0.5036)
Train Epoch: [22][51/138] Total Loss: 0.4125 (Avg: 0.4627) Dice: 0.6433 (Avg: 0.6379) IoU: 0.5258 (Avg: 0.5041)
Train Epoch: [22][52/138] Total Loss: 0.5391 (Avg: 0.4641) Dice: 0.5336 (Avg: 0.6359) IoU: 0.3700 (Avg: 0.5015)
Train Epoch: [22][53/138] Total Loss: 0.3738 (Avg: 0.4624) Dice: 0.7362 (Avg: 0.6378) IoU: 0.5957 (Avg: 0.5033)
Train Epoch: [22][54/138] Total Loss: 0.4428 (Avg: 0.4621) Dice: 0.6566 (Avg: 0.6382) IoU: 0.4960 (Avg: 0.5031)
Train Epoch: [22][55/138] Total Loss: 0.4700 (Avg: 0.4622) Dice: 0.6236 (Avg: 0.6379) IoU: 0.5016 (Avg: 0.5031)
Train Epoch: [22][56/138] Total Loss: 0.3434 (Avg: 0.4601) Dice: 0.7667 (Avg: 0.6402) IoU: 0.6321 (Avg: 0.5054)
Train Epoch: [22][57/138] Total Loss: 0.4235 (Avg: 0.4594) Dice: 0.6775 (Avg: 0.6409) IoU: 0.5128 (Avg: 0.5055)
Train Epoch: [22][58/138] Total Loss: 0.5640 (Avg: 0.4612) Dice: 0.5058 (Avg: 0.6385) IoU: 0.3970 (Avg: 0.5037)
Train Epoch: [22][59/138] Total Loss: 0.5431 (Avg: 0.4626) Dice: 0.4897 (Avg: 0.6360) IoU: 0.3782 (Avg: 0.5015)
Train Epoch: [22][60/138] Total Loss: 0.4314 (Avg: 0.4621) Dice: 0.6491 (Avg: 0.6362) IoU: 0.4929 (Avg: 0.5014)
Train Epoch: [22][61/138] Total Loss: 0.4767 (Avg: 0.4623) Dice: 0.5994 (Avg: 0.6356) IoU: 0.4435 (Avg: 0.5005)
Train Epoch: [22][62/138] Total Loss: 0.3043 (Avg: 0.4598) Dice: 0.7904 (Avg: 0.6381) IoU: 0.6577 (Avg: 0.5030)
Train Epoch: [22][63/138] Total Loss: 0.5354 (Avg: 0.4610) Dice: 0.5636 (Avg: 0.6369) IoU: 0.4549 (Avg: 0.5022)
Train Epoch: [22][64/138] Total Loss: 0.3869 (Avg: 0.4598) Dice: 0.7359 (Avg: 0.6385) IoU: 0.5984 (Avg: 0.5037)
Train Epoch: [22][65/138] Total Loss: 0.4432 (Avg: 0.4596) Dice: 0.6099 (Avg: 0.6380) IoU: 0.4602 (Avg: 0.5031)
Train Epoch: [22][66/138] Total Loss: 0.4080 (Avg: 0.4588) Dice: 0.6723 (Avg: 0.6386) IoU: 0.5148 (Avg: 0.5032)
Train Epoch: [22][67/138] Total Loss: 0.3913 (Avg: 0.4578) Dice: 0.7371 (Avg: 0.6400) IoU: 0.5913 (Avg: 0.5046)
Train Epoch: [22][68/138] Total Loss: 0.5289 (Avg: 0.4588) Dice: 0.5994 (Avg: 0.6394) IoU: 0.4600 (Avg: 0.5039)
Train Epoch: [22][69/138] Total Loss: 0.2943 (Avg: 0.4565) Dice: 0.8123 (Avg: 0.6419) IoU: 0.6875 (Avg: 0.5066)
Train Epoch: [22][70/138] Total Loss: 0.5538 (Avg: 0.4578) Dice: 0.5238 (Avg: 0.6403) IoU: 0.3599 (Avg: 0.5045)
Train Epoch: [22][71/138] Total Loss: 0.6443 (Avg: 0.4605) Dice: 0.4175 (Avg: 0.6371) IoU: 0.2934 (Avg: 0.5015)
Train Epoch: [22][72/138] Total Loss: 0.3625 (Avg: 0.4591) Dice: 0.7560 (Avg: 0.6388) IoU: 0.6108 (Avg: 0.5030)
Train Epoch: [22][73/138] Total Loss: 0.3220 (Avg: 0.4572) Dice: 0.8031 (Avg: 0.6410) IoU: 0.6769 (Avg: 0.5054)
Train Epoch: [22][74/138] Total Loss: 0.5292 (Avg: 0.4582) Dice: 0.5766 (Avg: 0.6402) IoU: 0.4481 (Avg: 0.5046)
Train Epoch: [22][75/138] Total Loss: 0.3999 (Avg: 0.4574) Dice: 0.6844 (Avg: 0.6407) IoU: 0.5299 (Avg: 0.5050)
Train Epoch: [22][76/138] Total Loss: 0.5469 (Avg: 0.4586) Dice: 0.5472 (Avg: 0.6395) IoU: 0.3882 (Avg: 0.5034)
Train Epoch: [22][77/138] Total Loss: 0.5227 (Avg: 0.4594) Dice: 0.5924 (Avg: 0.6389) IoU: 0.4331 (Avg: 0.5025)
Train Epoch: [22][78/138] Total Loss: 0.4923 (Avg: 0.4599) Dice: 0.5899 (Avg: 0.6383) IoU: 0.4238 (Avg: 0.5015)
Train Epoch: [22][79/138] Total Loss: 0.4298 (Avg: 0.4595) Dice: 0.6583 (Avg: 0.6385) IoU: 0.4994 (Avg: 0.5015)
Train Epoch: [22][80/138] Total Loss: 0.6759 (Avg: 0.4622) Dice: 0.4238 (Avg: 0.6358) IoU: 0.2917 (Avg: 0.4988)
Train Epoch: [22][81/138] Total Loss: 0.6346 (Avg: 0.4643) Dice: 0.4243 (Avg: 0.6332) IoU: 0.2988 (Avg: 0.4964)
Train Epoch: [22][82/138] Total Loss: 0.4677 (Avg: 0.4644) Dice: 0.6098 (Avg: 0.6329) IoU: 0.4667 (Avg: 0.4960)
Train Epoch: [22][83/138] Total Loss: 0.4343 (Avg: 0.4640) Dice: 0.6698 (Avg: 0.6334) IoU: 0.5636 (Avg: 0.4968)
Train Epoch: [22][84/138] Total Loss: 0.3547 (Avg: 0.4627) Dice: 0.7384 (Avg: 0.6346) IoU: 0.5900 (Avg: 0.4979)
Train Epoch: [22][85/138] Total Loss: 0.6311 (Avg: 0.4647) Dice: 0.4801 (Avg: 0.6328) IoU: 0.3504 (Avg: 0.4962)
Train Epoch: [22][86/138] Total Loss: 0.3274 (Avg: 0.4631) Dice: 0.7737 (Avg: 0.6345) IoU: 0.6406 (Avg: 0.4979)
Train Epoch: [22][87/138] Total Loss: 0.4017 (Avg: 0.4624) Dice: 0.6889 (Avg: 0.6351) IoU: 0.5319 (Avg: 0.4983)
Train Epoch: [22][88/138] Total Loss: 0.4241 (Avg: 0.4619) Dice: 0.6606 (Avg: 0.6354) IoU: 0.5054 (Avg: 0.4984)
Train Epoch: [22][89/138] Total Loss: 0.3833 (Avg: 0.4611) Dice: 0.7217 (Avg: 0.6363) IoU: 0.5817 (Avg: 0.4993)
Train Epoch: [22][90/138] Total Loss: 0.6138 (Avg: 0.4627) Dice: 0.4697 (Avg: 0.6345) IoU: 0.3329 (Avg: 0.4974)
Train Epoch: [22][91/138] Total Loss: 0.3236 (Avg: 0.4612) Dice: 0.7839 (Avg: 0.6361) IoU: 0.6558 (Avg: 0.4992)
Train Epoch: [22][92/138] Total Loss: 0.4440 (Avg: 0.4610) Dice: 0.6494 (Avg: 0.6363) IoU: 0.4984 (Avg: 0.4992)
Train Epoch: [22][93/138] Total Loss: 0.3925 (Avg: 0.4603) Dice: 0.6939 (Avg: 0.6369) IoU: 0.5470 (Avg: 0.4997)
Train Epoch: [22][94/138] Total Loss: 0.3814 (Avg: 0.4595) Dice: 0.7076 (Avg: 0.6377) IoU: 0.5620 (Avg: 0.5003)
Train Epoch: [22][95/138] Total Loss: 0.3552 (Avg: 0.4584) Dice: 0.7323 (Avg: 0.6386) IoU: 0.5931 (Avg: 0.5013)
Train Epoch: [22][96/138] Total Loss: 0.3878 (Avg: 0.4576) Dice: 0.6966 (Avg: 0.6393) IoU: 0.5373 (Avg: 0.5017)
Train Epoch: [22][97/138] Total Loss: 0.4941 (Avg: 0.4580) Dice: 0.5962 (Avg: 0.6388) IoU: 0.4412 (Avg: 0.5011)
Train Epoch: [22][98/138] Total Loss: 0.6185 (Avg: 0.4596) Dice: 0.4708 (Avg: 0.6371) IoU: 0.3449 (Avg: 0.4995)
Train Epoch: [22][99/138] Total Loss: 0.6063 (Avg: 0.4611) Dice: 0.4565 (Avg: 0.6353) IoU: 0.3294 (Avg: 0.4978)
Train Epoch: [22][100/138] Total Loss: 0.6398 (Avg: 0.4629) Dice: 0.4357 (Avg: 0.6333) IoU: 0.2898 (Avg: 0.4957)
Train Epoch: [22][101/138] Total Loss: 0.4765 (Avg: 0.4630) Dice: 0.6041 (Avg: 0.6330) IoU: 0.5080 (Avg: 0.4958)
Train Epoch: [22][102/138] Total Loss: 0.3495 (Avg: 0.4619) Dice: 0.7355 (Avg: 0.6340) IoU: 0.5889 (Avg: 0.4967)
Train Epoch: [22][103/138] Total Loss: 0.4978 (Avg: 0.4623) Dice: 0.5949 (Avg: 0.6336) IoU: 0.4417 (Avg: 0.4962)
Train Epoch: [22][104/138] Total Loss: 0.4296 (Avg: 0.4620) Dice: 0.6779 (Avg: 0.6340) IoU: 0.5418 (Avg: 0.4966)
Train Epoch: [22][105/138] Total Loss: 0.3547 (Avg: 0.4609) Dice: 0.7714 (Avg: 0.6353) IoU: 0.6502 (Avg: 0.4981)
Train Epoch: [22][106/138] Total Loss: 0.3667 (Avg: 0.4601) Dice: 0.7304 (Avg: 0.6362) IoU: 0.6062 (Avg: 0.4991)
Train Epoch: [22][107/138] Total Loss: 0.4076 (Avg: 0.4596) Dice: 0.7055 (Avg: 0.6369) IoU: 0.5535 (Avg: 0.4996)
Train Epoch: [22][108/138] Total Loss: 0.4955 (Avg: 0.4599) Dice: 0.5912 (Avg: 0.6365) IoU: 0.4602 (Avg: 0.4993)
Train Epoch: [22][109/138] Total Loss: 0.3423 (Avg: 0.4588) Dice: 0.7680 (Avg: 0.6377) IoU: 0.6398 (Avg: 0.5005)
Train Epoch: [22][110/138] Total Loss: 0.4054 (Avg: 0.4583) Dice: 0.6753 (Avg: 0.6380) IoU: 0.5165 (Avg: 0.5007)
Train Epoch: [22][111/138] Total Loss: 0.5291 (Avg: 0.4590) Dice: 0.5648 (Avg: 0.6374) IoU: 0.3958 (Avg: 0.4997)
Train Epoch: [22][112/138] Total Loss: 0.3183 (Avg: 0.4577) Dice: 0.7837 (Avg: 0.6387) IoU: 0.6608 (Avg: 0.5012)
Train Epoch: [22][113/138] Total Loss: 0.4003 (Avg: 0.4572) Dice: 0.7039 (Avg: 0.6392) IoU: 0.5681 (Avg: 0.5018)
Train Epoch: [22][114/138] Total Loss: 0.4675 (Avg: 0.4573) Dice: 0.6041 (Avg: 0.6389) IoU: 0.5181 (Avg: 0.5019)
Train Epoch: [22][115/138] Total Loss: 0.4513 (Avg: 0.4572) Dice: 0.6452 (Avg: 0.6390) IoU: 0.4868 (Avg: 0.5018)
Train Epoch: [22][116/138] Total Loss: 0.5339 (Avg: 0.4579) Dice: 0.5495 (Avg: 0.6382) IoU: 0.4457 (Avg: 0.5013)
Train Epoch: [22][117/138] Total Loss: 0.5709 (Avg: 0.4589) Dice: 0.5105 (Avg: 0.6371) IoU: 0.4147 (Avg: 0.5006)
Train Epoch: [22][118/138] Total Loss: 0.5727 (Avg: 0.4598) Dice: 0.5098 (Avg: 0.6360) IoU: 0.3933 (Avg: 0.4996)
Train Epoch: [22][119/138] Total Loss: 0.5140 (Avg: 0.4603) Dice: 0.5653 (Avg: 0.6354) IoU: 0.4267 (Avg: 0.4990)
Train Epoch: [22][120/138] Total Loss: 0.4706 (Avg: 0.4604) Dice: 0.6406 (Avg: 0.6355) IoU: 0.4868 (Avg: 0.4989)
Train Epoch: [22][121/138] Total Loss: 0.4793 (Avg: 0.4605) Dice: 0.6335 (Avg: 0.6355) IoU: 0.5517 (Avg: 0.4994)
Train Epoch: [22][122/138] Total Loss: 0.8914 (Avg: 0.4641) Dice: 0.1833 (Avg: 0.6318) IoU: 0.1143 (Avg: 0.4962)
Train Epoch: [22][123/138] Total Loss: 0.6207 (Avg: 0.4653) Dice: 0.4844 (Avg: 0.6306) IoU: 0.3601 (Avg: 0.4951)
Train Epoch: [22][124/138] Total Loss: 0.4949 (Avg: 0.4656) Dice: 0.5806 (Avg: 0.6302) IoU: 0.4161 (Avg: 0.4945)
Train Epoch: [22][125/138] Total Loss: 0.6221 (Avg: 0.4668) Dice: 0.4515 (Avg: 0.6287) IoU: 0.3309 (Avg: 0.4932)
Train Epoch: [22][126/138] Total Loss: 0.6207 (Avg: 0.4680) Dice: 0.4562 (Avg: 0.6274) IoU: 0.3535 (Avg: 0.4921)
Train Epoch: [22][127/138] Total Loss: 0.5417 (Avg: 0.4686) Dice: 0.5449 (Avg: 0.6267) IoU: 0.4001 (Avg: 0.4913)
Train Epoch: [22][128/138] Total Loss: 0.5097 (Avg: 0.4689) Dice: 0.6144 (Avg: 0.6266) IoU: 0.4673 (Avg: 0.4911)
Train Epoch: [22][129/138] Total Loss: 0.4550 (Avg: 0.4688) Dice: 0.6437 (Avg: 0.6268) IoU: 0.5065 (Avg: 0.4913)
Train Epoch: [22][130/138] Total Loss: 0.4277 (Avg: 0.4685) Dice: 0.6404 (Avg: 0.6269) IoU: 0.5010 (Avg: 0.4913)
Train Epoch: [22][131/138] Total Loss: 0.4982 (Avg: 0.4688) Dice: 0.6200 (Avg: 0.6268) IoU: 0.5015 (Avg: 0.4914)
Train Epoch: [22][132/138] Total Loss: 0.3670 (Avg: 0.4680) Dice: 0.7416 (Avg: 0.6277) IoU: 0.6005 (Avg: 0.4922)
Train Epoch: [22][133/138] Total Loss: 0.4629 (Avg: 0.4679) Dice: 0.6178 (Avg: 0.6276) IoU: 0.4782 (Avg: 0.4921)
Train Epoch: [22][134/138] Total Loss: 0.6002 (Avg: 0.4689) Dice: 0.4893 (Avg: 0.6266) IoU: 0.3840 (Avg: 0.4913)
Train Epoch: [22][135/138] Total Loss: 0.3772 (Avg: 0.4682) Dice: 0.7163 (Avg: 0.6272) IoU: 0.5896 (Avg: 0.4921)
Train Epoch: [22][136/138] Total Loss: 0.3743 (Avg: 0.4676) Dice: 0.7078 (Avg: 0.6278) IoU: 0.5660 (Avg: 0.4926)
Train Epoch: [22][137/138] Total Loss: 0.5944 (Avg: 0.4685) Dice: 0.4338 (Avg: 0.6264) IoU: 0.2969 (Avg: 0.4912)
Train Epoch: [22][138/138] Total Loss: 0.5148 (Avg: 0.4660) Dice: 0.4520 (Avg: 0.6227) IoU: 0.2920 (Avg: 0.4881)
Validation Epoch: [22] Avg Loss: 0.3618 Avg Dice: 0.5856 Avg IoU: 0.4542
	 Best dice improved from 0.5666 to 0.5856

========= Epoch [23/50] =========
Train Epoch: [23][1/138] Total Loss: 0.2953 (Avg: 0.2953) Dice: 0.8143 (Avg: 0.8143) IoU: 0.6992 (Avg: 0.6992)
Train Epoch: [23][2/138] Total Loss: 0.3448 (Avg: 0.3200) Dice: 0.7364 (Avg: 0.7753) IoU: 0.5879 (Avg: 0.6435)
Train Epoch: [23][3/138] Total Loss: 0.6342 (Avg: 0.4248) Dice: 0.4565 (Avg: 0.6691) IoU: 0.3206 (Avg: 0.5359)
Train Epoch: [23][4/138] Total Loss: 0.4144 (Avg: 0.4222) Dice: 0.6679 (Avg: 0.6688) IoU: 0.5095 (Avg: 0.5293)
Train Epoch: [23][5/138] Total Loss: 0.4079 (Avg: 0.4193) Dice: 0.6776 (Avg: 0.6705) IoU: 0.5307 (Avg: 0.5296)
Train Epoch: [23][6/138] Total Loss: 0.5598 (Avg: 0.4427) Dice: 0.5629 (Avg: 0.6526) IoU: 0.4529 (Avg: 0.5168)
Train Epoch: [23][7/138] Total Loss: 0.4430 (Avg: 0.4428) Dice: 0.6114 (Avg: 0.6467) IoU: 0.4434 (Avg: 0.5063)
Train Epoch: [23][8/138] Total Loss: 0.3639 (Avg: 0.4329) Dice: 0.7342 (Avg: 0.6576) IoU: 0.6089 (Avg: 0.5191)
Train Epoch: [23][9/138] Total Loss: 0.3566 (Avg: 0.4244) Dice: 0.7415 (Avg: 0.6670) IoU: 0.5895 (Avg: 0.5269)
Train Epoch: [23][10/138] Total Loss: 0.5506 (Avg: 0.4370) Dice: 0.5003 (Avg: 0.6503) IoU: 0.3929 (Avg: 0.5135)
Train Epoch: [23][11/138] Total Loss: 0.4494 (Avg: 0.4382) Dice: 0.6373 (Avg: 0.6491) IoU: 0.4878 (Avg: 0.5112)
Train Epoch: [23][12/138] Total Loss: 0.4666 (Avg: 0.4405) Dice: 0.6058 (Avg: 0.6455) IoU: 0.4551 (Avg: 0.5065)
Train Epoch: [23][13/138] Total Loss: 0.3242 (Avg: 0.4316) Dice: 0.7949 (Avg: 0.6570) IoU: 0.6651 (Avg: 0.5187)
Train Epoch: [23][14/138] Total Loss: 0.3695 (Avg: 0.4271) Dice: 0.7306 (Avg: 0.6623) IoU: 0.5776 (Avg: 0.5229)
Train Epoch: [23][15/138] Total Loss: 0.5866 (Avg: 0.4378) Dice: 0.5174 (Avg: 0.6526) IoU: 0.3994 (Avg: 0.5147)
Train Epoch: [23][16/138] Total Loss: 0.4373 (Avg: 0.4377) Dice: 0.7101 (Avg: 0.6562) IoU: 0.5715 (Avg: 0.5183)
Train Epoch: [23][17/138] Total Loss: 0.4890 (Avg: 0.4408) Dice: 0.5999 (Avg: 0.6529) IoU: 0.4359 (Avg: 0.5134)
Train Epoch: [23][18/138] Total Loss: 0.4952 (Avg: 0.4438) Dice: 0.5986 (Avg: 0.6499) IoU: 0.4358 (Avg: 0.5091)
Train Epoch: [23][19/138] Total Loss: 0.4693 (Avg: 0.4451) Dice: 0.6236 (Avg: 0.6485) IoU: 0.4931 (Avg: 0.5083)
Train Epoch: [23][20/138] Total Loss: 0.4849 (Avg: 0.4471) Dice: 0.5888 (Avg: 0.6455) IoU: 0.4415 (Avg: 0.5049)
Train Epoch: [23][21/138] Total Loss: 0.4411 (Avg: 0.4468) Dice: 0.6507 (Avg: 0.6458) IoU: 0.4974 (Avg: 0.5046)
Train Epoch: [23][22/138] Total Loss: 0.3855 (Avg: 0.4440) Dice: 0.7078 (Avg: 0.6486) IoU: 0.5710 (Avg: 0.5076)
Train Epoch: [23][23/138] Total Loss: 0.5772 (Avg: 0.4498) Dice: 0.5519 (Avg: 0.6444) IoU: 0.4400 (Avg: 0.5046)
Train Epoch: [23][24/138] Total Loss: 0.3793 (Avg: 0.4469) Dice: 0.7236 (Avg: 0.6477) IoU: 0.6001 (Avg: 0.5086)
Train Epoch: [23][25/138] Total Loss: 0.5625 (Avg: 0.4515) Dice: 0.4765 (Avg: 0.6408) IoU: 0.3494 (Avg: 0.5023)
Train Epoch: [23][26/138] Total Loss: 0.3201 (Avg: 0.4465) Dice: 0.8043 (Avg: 0.6471) IoU: 0.6748 (Avg: 0.5089)
Train Epoch: [23][27/138] Total Loss: 0.5874 (Avg: 0.4517) Dice: 0.4452 (Avg: 0.6396) IoU: 0.3327 (Avg: 0.5024)
Train Epoch: [23][28/138] Total Loss: 0.4281 (Avg: 0.4508) Dice: 0.6724 (Avg: 0.6408) IoU: 0.5416 (Avg: 0.5038)
Train Epoch: [23][29/138] Total Loss: 0.6021 (Avg: 0.4561) Dice: 0.4938 (Avg: 0.6357) IoU: 0.3344 (Avg: 0.4979)
Train Epoch: [23][30/138] Total Loss: 0.5498 (Avg: 0.4592) Dice: 0.5470 (Avg: 0.6328) IoU: 0.4267 (Avg: 0.4955)
Train Epoch: [23][31/138] Total Loss: 0.3893 (Avg: 0.4569) Dice: 0.7147 (Avg: 0.6354) IoU: 0.5723 (Avg: 0.4980)
Train Epoch: [23][32/138] Total Loss: 0.3341 (Avg: 0.4531) Dice: 0.7637 (Avg: 0.6394) IoU: 0.6335 (Avg: 0.5023)
Train Epoch: [23][33/138] Total Loss: 0.3833 (Avg: 0.4510) Dice: 0.7373 (Avg: 0.6424) IoU: 0.5929 (Avg: 0.5050)
Train Epoch: [23][34/138] Total Loss: 0.5338 (Avg: 0.4534) Dice: 0.5639 (Avg: 0.6401) IoU: 0.4204 (Avg: 0.5025)
Train Epoch: [23][35/138] Total Loss: 0.5447 (Avg: 0.4560) Dice: 0.5188 (Avg: 0.6366) IoU: 0.3582 (Avg: 0.4984)
Train Epoch: [23][36/138] Total Loss: 0.3318 (Avg: 0.4526) Dice: 0.7716 (Avg: 0.6404) IoU: 0.6348 (Avg: 0.5022)
Train Epoch: [23][37/138] Total Loss: 0.2728 (Avg: 0.4477) Dice: 0.8365 (Avg: 0.6457) IoU: 0.7238 (Avg: 0.5082)
Train Epoch: [23][38/138] Total Loss: 0.4430 (Avg: 0.4476) Dice: 0.6416 (Avg: 0.6456) IoU: 0.4894 (Avg: 0.5077)
Train Epoch: [23][39/138] Total Loss: 0.4058 (Avg: 0.4465) Dice: 0.6825 (Avg: 0.6465) IoU: 0.5544 (Avg: 0.5089)
Train Epoch: [23][40/138] Total Loss: 0.6725 (Avg: 0.4522) Dice: 0.4188 (Avg: 0.6408) IoU: 0.3145 (Avg: 0.5040)
Train Epoch: [23][41/138] Total Loss: 0.2490 (Avg: 0.4472) Dice: 0.8674 (Avg: 0.6463) IoU: 0.7689 (Avg: 0.5105)
Train Epoch: [23][42/138] Total Loss: 0.4007 (Avg: 0.4461) Dice: 0.6937 (Avg: 0.6475) IoU: 0.5467 (Avg: 0.5113)
Train Epoch: [23][43/138] Total Loss: 0.3480 (Avg: 0.4438) Dice: 0.7782 (Avg: 0.6505) IoU: 0.6493 (Avg: 0.5145)
Train Epoch: [23][44/138] Total Loss: 0.6271 (Avg: 0.4480) Dice: 0.4463 (Avg: 0.6459) IoU: 0.3442 (Avg: 0.5107)
Train Epoch: [23][45/138] Total Loss: 0.5312 (Avg: 0.4498) Dice: 0.5406 (Avg: 0.6435) IoU: 0.4281 (Avg: 0.5088)
Train Epoch: [23][46/138] Total Loss: 0.5318 (Avg: 0.4516) Dice: 0.5107 (Avg: 0.6406) IoU: 0.4168 (Avg: 0.5068)
Train Epoch: [23][47/138] Total Loss: 0.4508 (Avg: 0.4516) Dice: 0.6760 (Avg: 0.6414) IoU: 0.5550 (Avg: 0.5079)
Train Epoch: [23][48/138] Total Loss: 0.8965 (Avg: 0.4609) Dice: 0.2047 (Avg: 0.6323) IoU: 0.1354 (Avg: 0.5001)
Train Epoch: [23][49/138] Total Loss: 0.5538 (Avg: 0.4628) Dice: 0.5350 (Avg: 0.6303) IoU: 0.4047 (Avg: 0.4982)
Train Epoch: [23][50/138] Total Loss: 0.3919 (Avg: 0.4613) Dice: 0.6855 (Avg: 0.6314) IoU: 0.5357 (Avg: 0.4989)
Train Epoch: [23][51/138] Total Loss: 0.4533 (Avg: 0.4612) Dice: 0.6550 (Avg: 0.6319) IoU: 0.5027 (Avg: 0.4990)
Train Epoch: [23][52/138] Total Loss: 0.4859 (Avg: 0.4617) Dice: 0.6291 (Avg: 0.6318) IoU: 0.5465 (Avg: 0.4999)
Train Epoch: [23][53/138] Total Loss: 0.5888 (Avg: 0.4641) Dice: 0.5172 (Avg: 0.6297) IoU: 0.4036 (Avg: 0.4981)
Train Epoch: [23][54/138] Total Loss: 0.5721 (Avg: 0.4661) Dice: 0.5521 (Avg: 0.6282) IoU: 0.4181 (Avg: 0.4966)
Train Epoch: [23][55/138] Total Loss: 0.5061 (Avg: 0.4668) Dice: 0.5866 (Avg: 0.6275) IoU: 0.4518 (Avg: 0.4958)
Train Epoch: [23][56/138] Total Loss: 0.5683 (Avg: 0.4686) Dice: 0.5186 (Avg: 0.6255) IoU: 0.3616 (Avg: 0.4934)
Train Epoch: [23][57/138] Total Loss: 0.4549 (Avg: 0.4684) Dice: 0.6386 (Avg: 0.6258) IoU: 0.4945 (Avg: 0.4934)
Train Epoch: [23][58/138] Total Loss: 0.2844 (Avg: 0.4652) Dice: 0.8208 (Avg: 0.6291) IoU: 0.6975 (Avg: 0.4969)
Train Epoch: [23][59/138] Total Loss: 0.5748 (Avg: 0.4670) Dice: 0.5126 (Avg: 0.6271) IoU: 0.4052 (Avg: 0.4954)
Train Epoch: [23][60/138] Total Loss: 0.3724 (Avg: 0.4655) Dice: 0.7264 (Avg: 0.6288) IoU: 0.6131 (Avg: 0.4973)
Train Epoch: [23][61/138] Total Loss: 0.4357 (Avg: 0.4650) Dice: 0.6615 (Avg: 0.6293) IoU: 0.4988 (Avg: 0.4974)
Train Epoch: [23][62/138] Total Loss: 0.4143 (Avg: 0.4642) Dice: 0.6582 (Avg: 0.6298) IoU: 0.5146 (Avg: 0.4976)
Train Epoch: [23][63/138] Total Loss: 0.4616 (Avg: 0.4641) Dice: 0.6435 (Avg: 0.6300) IoU: 0.4895 (Avg: 0.4975)
Train Epoch: [23][64/138] Total Loss: 0.2880 (Avg: 0.4614) Dice: 0.8203 (Avg: 0.6330) IoU: 0.7074 (Avg: 0.5008)
Train Epoch: [23][65/138] Total Loss: 0.3467 (Avg: 0.4596) Dice: 0.7547 (Avg: 0.6349) IoU: 0.6150 (Avg: 0.5025)
Train Epoch: [23][66/138] Total Loss: 0.5198 (Avg: 0.4605) Dice: 0.5886 (Avg: 0.6342) IoU: 0.4864 (Avg: 0.5023)
Train Epoch: [23][67/138] Total Loss: 0.2837 (Avg: 0.4579) Dice: 0.8462 (Avg: 0.6373) IoU: 0.7377 (Avg: 0.5058)
Train Epoch: [23][68/138] Total Loss: 0.4578 (Avg: 0.4579) Dice: 0.6442 (Avg: 0.6374) IoU: 0.4916 (Avg: 0.5056)
Train Epoch: [23][69/138] Total Loss: 0.3941 (Avg: 0.4570) Dice: 0.6871 (Avg: 0.6381) IoU: 0.5444 (Avg: 0.5062)
Train Epoch: [23][70/138] Total Loss: 0.3387 (Avg: 0.4553) Dice: 0.7747 (Avg: 0.6401) IoU: 0.6366 (Avg: 0.5080)
Train Epoch: [23][71/138] Total Loss: 0.4763 (Avg: 0.4556) Dice: 0.6121 (Avg: 0.6397) IoU: 0.4565 (Avg: 0.5073)
Train Epoch: [23][72/138] Total Loss: 0.3750 (Avg: 0.4544) Dice: 0.7160 (Avg: 0.6408) IoU: 0.5800 (Avg: 0.5083)
Train Epoch: [23][73/138] Total Loss: 0.3477 (Avg: 0.4530) Dice: 0.7397 (Avg: 0.6421) IoU: 0.5925 (Avg: 0.5095)
Train Epoch: [23][74/138] Total Loss: 0.3636 (Avg: 0.4518) Dice: 0.7300 (Avg: 0.6433) IoU: 0.5911 (Avg: 0.5106)
Train Epoch: [23][75/138] Total Loss: 0.3978 (Avg: 0.4511) Dice: 0.7033 (Avg: 0.6441) IoU: 0.5868 (Avg: 0.5116)
Train Epoch: [23][76/138] Total Loss: 0.3529 (Avg: 0.4498) Dice: 0.7420 (Avg: 0.6454) IoU: 0.5940 (Avg: 0.5127)
Train Epoch: [23][77/138] Total Loss: 0.3677 (Avg: 0.4487) Dice: 0.7406 (Avg: 0.6466) IoU: 0.5968 (Avg: 0.5138)
Train Epoch: [23][78/138] Total Loss: 0.4158 (Avg: 0.4483) Dice: 0.6874 (Avg: 0.6472) IoU: 0.5374 (Avg: 0.5141)
Train Epoch: [23][79/138] Total Loss: 0.4992 (Avg: 0.4489) Dice: 0.5378 (Avg: 0.6458) IoU: 0.3783 (Avg: 0.5123)
Train Epoch: [23][80/138] Total Loss: 0.3474 (Avg: 0.4476) Dice: 0.7545 (Avg: 0.6471) IoU: 0.6115 (Avg: 0.5136)
Train Epoch: [23][81/138] Total Loss: 0.3071 (Avg: 0.4459) Dice: 0.8002 (Avg: 0.6490) IoU: 0.6721 (Avg: 0.5155)
Train Epoch: [23][82/138] Total Loss: 0.5255 (Avg: 0.4469) Dice: 0.5709 (Avg: 0.6481) IoU: 0.4278 (Avg: 0.5145)
Train Epoch: [23][83/138] Total Loss: 0.5176 (Avg: 0.4477) Dice: 0.5882 (Avg: 0.6473) IoU: 0.4382 (Avg: 0.5136)
Train Epoch: [23][84/138] Total Loss: 0.4627 (Avg: 0.4479) Dice: 0.6520 (Avg: 0.6474) IoU: 0.4909 (Avg: 0.5133)
Train Epoch: [23][85/138] Total Loss: 0.4550 (Avg: 0.4480) Dice: 0.6470 (Avg: 0.6474) IoU: 0.4839 (Avg: 0.5129)
Train Epoch: [23][86/138] Total Loss: 0.5850 (Avg: 0.4496) Dice: 0.5046 (Avg: 0.6457) IoU: 0.3893 (Avg: 0.5115)
Train Epoch: [23][87/138] Total Loss: 0.5629 (Avg: 0.4509) Dice: 0.5475 (Avg: 0.6446) IoU: 0.3854 (Avg: 0.5101)
Train Epoch: [23][88/138] Total Loss: 0.5417 (Avg: 0.4519) Dice: 0.5248 (Avg: 0.6432) IoU: 0.4067 (Avg: 0.5089)
Train Epoch: [23][89/138] Total Loss: 0.4949 (Avg: 0.4524) Dice: 0.6060 (Avg: 0.6428) IoU: 0.4660 (Avg: 0.5084)
Train Epoch: [23][90/138] Total Loss: 0.3980 (Avg: 0.4518) Dice: 0.7093 (Avg: 0.6436) IoU: 0.5738 (Avg: 0.5091)
Train Epoch: [23][91/138] Total Loss: 0.5866 (Avg: 0.4533) Dice: 0.5374 (Avg: 0.6424) IoU: 0.4199 (Avg: 0.5081)
Train Epoch: [23][92/138] Total Loss: 0.5761 (Avg: 0.4546) Dice: 0.5361 (Avg: 0.6412) IoU: 0.4135 (Avg: 0.5071)
Train Epoch: [23][93/138] Total Loss: 0.6595 (Avg: 0.4568) Dice: 0.4243 (Avg: 0.6389) IoU: 0.3147 (Avg: 0.5050)
Train Epoch: [23][94/138] Total Loss: 0.3820 (Avg: 0.4560) Dice: 0.6993 (Avg: 0.6396) IoU: 0.5435 (Avg: 0.5055)
Train Epoch: [23][95/138] Total Loss: 0.4491 (Avg: 0.4560) Dice: 0.6346 (Avg: 0.6395) IoU: 0.4950 (Avg: 0.5053)
Train Epoch: [23][96/138] Total Loss: 0.5520 (Avg: 0.4570) Dice: 0.5392 (Avg: 0.6385) IoU: 0.4448 (Avg: 0.5047)
Train Epoch: [23][97/138] Total Loss: 0.4074 (Avg: 0.4564) Dice: 0.6595 (Avg: 0.6387) IoU: 0.4961 (Avg: 0.5046)
Train Epoch: [23][98/138] Total Loss: 0.4887 (Avg: 0.4568) Dice: 0.5636 (Avg: 0.6379) IoU: 0.4003 (Avg: 0.5036)
Train Epoch: [23][99/138] Total Loss: 0.7098 (Avg: 0.4593) Dice: 0.3689 (Avg: 0.6352) IoU: 0.2880 (Avg: 0.5014)
Train Epoch: [23][100/138] Total Loss: 0.3966 (Avg: 0.4587) Dice: 0.7036 (Avg: 0.6359) IoU: 0.5616 (Avg: 0.5020)
Train Epoch: [23][101/138] Total Loss: 0.5493 (Avg: 0.4596) Dice: 0.5014 (Avg: 0.6345) IoU: 0.3694 (Avg: 0.5007)
Train Epoch: [23][102/138] Total Loss: 0.3200 (Avg: 0.4582) Dice: 0.8092 (Avg: 0.6363) IoU: 0.6852 (Avg: 0.5025)
Train Epoch: [23][103/138] Total Loss: 0.6464 (Avg: 0.4601) Dice: 0.4087 (Avg: 0.6340) IoU: 0.3145 (Avg: 0.5007)
Train Epoch: [23][104/138] Total Loss: 0.3793 (Avg: 0.4593) Dice: 0.7213 (Avg: 0.6349) IoU: 0.5958 (Avg: 0.5016)
Train Epoch: [23][105/138] Total Loss: 0.4033 (Avg: 0.4587) Dice: 0.7245 (Avg: 0.6357) IoU: 0.5799 (Avg: 0.5023)
Train Epoch: [23][106/138] Total Loss: 0.5417 (Avg: 0.4595) Dice: 0.5408 (Avg: 0.6348) IoU: 0.3978 (Avg: 0.5013)
Train Epoch: [23][107/138] Total Loss: 0.4525 (Avg: 0.4595) Dice: 0.6160 (Avg: 0.6347) IoU: 0.4541 (Avg: 0.5009)
Train Epoch: [23][108/138] Total Loss: 0.5477 (Avg: 0.4603) Dice: 0.5707 (Avg: 0.6341) IoU: 0.4169 (Avg: 0.5001)
Train Epoch: [23][109/138] Total Loss: 0.4473 (Avg: 0.4602) Dice: 0.6527 (Avg: 0.6342) IoU: 0.5012 (Avg: 0.5001)
Train Epoch: [23][110/138] Total Loss: 0.4252 (Avg: 0.4598) Dice: 0.6801 (Avg: 0.6347) IoU: 0.5350 (Avg: 0.5004)
Train Epoch: [23][111/138] Total Loss: 0.4899 (Avg: 0.4601) Dice: 0.5992 (Avg: 0.6343) IoU: 0.4695 (Avg: 0.5002)
Train Epoch: [23][112/138] Total Loss: 0.4559 (Avg: 0.4601) Dice: 0.6323 (Avg: 0.6343) IoU: 0.4847 (Avg: 0.5000)
Train Epoch: [23][113/138] Total Loss: 0.5029 (Avg: 0.4605) Dice: 0.6081 (Avg: 0.6341) IoU: 0.4486 (Avg: 0.4996)
Train Epoch: [23][114/138] Total Loss: 0.7225 (Avg: 0.4628) Dice: 0.3649 (Avg: 0.6317) IoU: 0.2436 (Avg: 0.4973)
Train Epoch: [23][115/138] Total Loss: 0.5945 (Avg: 0.4639) Dice: 0.5086 (Avg: 0.6307) IoU: 0.3877 (Avg: 0.4964)
Train Epoch: [23][116/138] Total Loss: 0.3840 (Avg: 0.4632) Dice: 0.7400 (Avg: 0.6316) IoU: 0.6054 (Avg: 0.4973)
Train Epoch: [23][117/138] Total Loss: 0.4690 (Avg: 0.4633) Dice: 0.6121 (Avg: 0.6314) IoU: 0.4424 (Avg: 0.4968)
Train Epoch: [23][118/138] Total Loss: 0.4399 (Avg: 0.4631) Dice: 0.6475 (Avg: 0.6316) IoU: 0.4949 (Avg: 0.4968)
Train Epoch: [23][119/138] Total Loss: 0.3996 (Avg: 0.4625) Dice: 0.7038 (Avg: 0.6322) IoU: 0.5507 (Avg: 0.4973)
Train Epoch: [23][120/138] Total Loss: 0.4038 (Avg: 0.4620) Dice: 0.6976 (Avg: 0.6327) IoU: 0.5550 (Avg: 0.4978)
Train Epoch: [23][121/138] Total Loss: 0.3789 (Avg: 0.4614) Dice: 0.7179 (Avg: 0.6334) IoU: 0.5726 (Avg: 0.4984)
Train Epoch: [23][122/138] Total Loss: 0.5497 (Avg: 0.4621) Dice: 0.5733 (Avg: 0.6329) IoU: 0.4543 (Avg: 0.4980)
Train Epoch: [23][123/138] Total Loss: 0.4419 (Avg: 0.4619) Dice: 0.6875 (Avg: 0.6334) IoU: 0.5407 (Avg: 0.4984)
Train Epoch: [23][124/138] Total Loss: 0.5855 (Avg: 0.4629) Dice: 0.5143 (Avg: 0.6324) IoU: 0.3692 (Avg: 0.4973)
Train Epoch: [23][125/138] Total Loss: 0.4496 (Avg: 0.4628) Dice: 0.6386 (Avg: 0.6325) IoU: 0.5016 (Avg: 0.4974)
Train Epoch: [23][126/138] Total Loss: 0.3837 (Avg: 0.4622) Dice: 0.7016 (Avg: 0.6330) IoU: 0.5525 (Avg: 0.4978)
Train Epoch: [23][127/138] Total Loss: 0.3745 (Avg: 0.4615) Dice: 0.7146 (Avg: 0.6337) IoU: 0.5711 (Avg: 0.4984)
Train Epoch: [23][128/138] Total Loss: 0.4002 (Avg: 0.4610) Dice: 0.7102 (Avg: 0.6343) IoU: 0.5688 (Avg: 0.4989)
Train Epoch: [23][129/138] Total Loss: 0.3336 (Avg: 0.4600) Dice: 0.7727 (Avg: 0.6353) IoU: 0.6351 (Avg: 0.5000)
Train Epoch: [23][130/138] Total Loss: 0.4414 (Avg: 0.4599) Dice: 0.6212 (Avg: 0.6352) IoU: 0.4690 (Avg: 0.4997)
Train Epoch: [23][131/138] Total Loss: 0.4828 (Avg: 0.4601) Dice: 0.6491 (Avg: 0.6353) IoU: 0.4935 (Avg: 0.4997)
Train Epoch: [23][132/138] Total Loss: 0.3448 (Avg: 0.4592) Dice: 0.7550 (Avg: 0.6362) IoU: 0.6186 (Avg: 0.5006)
Train Epoch: [23][133/138] Total Loss: 0.4893 (Avg: 0.4594) Dice: 0.6156 (Avg: 0.6361) IoU: 0.4593 (Avg: 0.5003)
Train Epoch: [23][134/138] Total Loss: 0.4126 (Avg: 0.4591) Dice: 0.6795 (Avg: 0.6364) IoU: 0.5247 (Avg: 0.5005)
Train Epoch: [23][135/138] Total Loss: 0.4533 (Avg: 0.4590) Dice: 0.6099 (Avg: 0.6362) IoU: 0.4885 (Avg: 0.5004)
Train Epoch: [23][136/138] Total Loss: 0.4011 (Avg: 0.4586) Dice: 0.6712 (Avg: 0.6365) IoU: 0.5579 (Avg: 0.5008)
Train Epoch: [23][137/138] Total Loss: 0.5255 (Avg: 0.4591) Dice: 0.5447 (Avg: 0.6358) IoU: 0.3856 (Avg: 0.5000)
Train Epoch: [23][138/138] Total Loss: 0.2903 (Avg: 0.4563) Dice: 0.6537 (Avg: 0.6324) IoU: 0.4856 (Avg: 0.4972)
Validation Epoch: [23] Avg Loss: 0.3656 Avg Dice: 0.5833 Avg IoU: 0.4506

========= Epoch [24/50] =========
Train Epoch: [24][1/138] Total Loss: 0.5831 (Avg: 0.5831) Dice: 0.4981 (Avg: 0.4981) IoU: 0.3878 (Avg: 0.3878)
Train Epoch: [24][2/138] Total Loss: 0.2946 (Avg: 0.4389) Dice: 0.8143 (Avg: 0.6562) IoU: 0.6899 (Avg: 0.5388)
Train Epoch: [24][3/138] Total Loss: 0.6800 (Avg: 0.5192) Dice: 0.3515 (Avg: 0.5546) IoU: 0.2552 (Avg: 0.4443)
Train Epoch: [24][4/138] Total Loss: 0.3428 (Avg: 0.4751) Dice: 0.7637 (Avg: 0.6069) IoU: 0.6232 (Avg: 0.4890)
Train Epoch: [24][5/138] Total Loss: 0.4924 (Avg: 0.4786) Dice: 0.5877 (Avg: 0.6031) IoU: 0.4448 (Avg: 0.4802)
Train Epoch: [24][6/138] Total Loss: 0.3024 (Avg: 0.4492) Dice: 0.8290 (Avg: 0.6407) IoU: 0.7083 (Avg: 0.5182)
Train Epoch: [24][7/138] Total Loss: 0.5424 (Avg: 0.4625) Dice: 0.5429 (Avg: 0.6267) IoU: 0.4027 (Avg: 0.5017)
Train Epoch: [24][8/138] Total Loss: 0.4441 (Avg: 0.4602) Dice: 0.5946 (Avg: 0.6227) IoU: 0.4736 (Avg: 0.4982)
Train Epoch: [24][9/138] Total Loss: 0.3361 (Avg: 0.4464) Dice: 0.7518 (Avg: 0.6371) IoU: 0.6196 (Avg: 0.5117)
Train Epoch: [24][10/138] Total Loss: 0.4338 (Avg: 0.4452) Dice: 0.6620 (Avg: 0.6396) IoU: 0.5083 (Avg: 0.5113)
Train Epoch: [24][11/138] Total Loss: 0.4442 (Avg: 0.4451) Dice: 0.6486 (Avg: 0.6404) IoU: 0.5153 (Avg: 0.5117)
Train Epoch: [24][12/138] Total Loss: 0.4481 (Avg: 0.4453) Dice: 0.6860 (Avg: 0.6442) IoU: 0.5385 (Avg: 0.5139)
Train Epoch: [24][13/138] Total Loss: 0.3287 (Avg: 0.4364) Dice: 0.7793 (Avg: 0.6546) IoU: 0.6527 (Avg: 0.5246)
Train Epoch: [24][14/138] Total Loss: 0.6321 (Avg: 0.4503) Dice: 0.4476 (Avg: 0.6398) IoU: 0.2932 (Avg: 0.5081)
Train Epoch: [24][15/138] Total Loss: 0.2996 (Avg: 0.4403) Dice: 0.8013 (Avg: 0.6506) IoU: 0.6832 (Avg: 0.5198)
Train Epoch: [24][16/138] Total Loss: 0.3691 (Avg: 0.4358) Dice: 0.7321 (Avg: 0.6557) IoU: 0.5980 (Avg: 0.5246)
Train Epoch: [24][17/138] Total Loss: 0.3698 (Avg: 0.4320) Dice: 0.7431 (Avg: 0.6608) IoU: 0.6021 (Avg: 0.5292)
Train Epoch: [24][18/138] Total Loss: 0.5376 (Avg: 0.4378) Dice: 0.5294 (Avg: 0.6535) IoU: 0.3759 (Avg: 0.5207)
Train Epoch: [24][19/138] Total Loss: 0.3996 (Avg: 0.4358) Dice: 0.6941 (Avg: 0.6556) IoU: 0.5506 (Avg: 0.5223)
Train Epoch: [24][20/138] Total Loss: 0.4181 (Avg: 0.4349) Dice: 0.6650 (Avg: 0.6561) IoU: 0.5053 (Avg: 0.5214)
Train Epoch: [24][21/138] Total Loss: 0.6247 (Avg: 0.4440) Dice: 0.4626 (Avg: 0.6469) IoU: 0.3590 (Avg: 0.5137)
Train Epoch: [24][22/138] Total Loss: 0.5246 (Avg: 0.4476) Dice: 0.5507 (Avg: 0.6425) IoU: 0.3939 (Avg: 0.5082)
Train Epoch: [24][23/138] Total Loss: 0.5422 (Avg: 0.4517) Dice: 0.5711 (Avg: 0.6394) IoU: 0.4616 (Avg: 0.5062)
Train Epoch: [24][24/138] Total Loss: 0.3488 (Avg: 0.4475) Dice: 0.7323 (Avg: 0.6433) IoU: 0.5830 (Avg: 0.5094)
Train Epoch: [24][25/138] Total Loss: 0.8148 (Avg: 0.4622) Dice: 0.2375 (Avg: 0.6271) IoU: 0.1675 (Avg: 0.4957)
Train Epoch: [24][26/138] Total Loss: 0.3995 (Avg: 0.4597) Dice: 0.6805 (Avg: 0.6291) IoU: 0.5290 (Avg: 0.4970)
Train Epoch: [24][27/138] Total Loss: 0.4033 (Avg: 0.4576) Dice: 0.6570 (Avg: 0.6301) IoU: 0.5343 (Avg: 0.4984)
Train Epoch: [24][28/138] Total Loss: 0.4229 (Avg: 0.4564) Dice: 0.6736 (Avg: 0.6317) IoU: 0.5420 (Avg: 0.4999)
Train Epoch: [24][29/138] Total Loss: 0.6320 (Avg: 0.4625) Dice: 0.4988 (Avg: 0.6271) IoU: 0.3966 (Avg: 0.4964)
Train Epoch: [24][30/138] Total Loss: 0.4095 (Avg: 0.4607) Dice: 0.6891 (Avg: 0.6292) IoU: 0.5477 (Avg: 0.4981)
Train Epoch: [24][31/138] Total Loss: 0.4428 (Avg: 0.4601) Dice: 0.6363 (Avg: 0.6294) IoU: 0.4878 (Avg: 0.4978)
Train Epoch: [24][32/138] Total Loss: 0.3507 (Avg: 0.4567) Dice: 0.7649 (Avg: 0.6336) IoU: 0.6242 (Avg: 0.5017)
Train Epoch: [24][33/138] Total Loss: 0.4222 (Avg: 0.4557) Dice: 0.6976 (Avg: 0.6356) IoU: 0.5495 (Avg: 0.5032)
Train Epoch: [24][34/138] Total Loss: 0.6296 (Avg: 0.4608) Dice: 0.4575 (Avg: 0.6303) IoU: 0.3372 (Avg: 0.4983)
Train Epoch: [24][35/138] Total Loss: 0.2985 (Avg: 0.4561) Dice: 0.7987 (Avg: 0.6352) IoU: 0.6697 (Avg: 0.5032)
Train Epoch: [24][36/138] Total Loss: 0.5213 (Avg: 0.4579) Dice: 0.5406 (Avg: 0.6325) IoU: 0.4468 (Avg: 0.5016)
Train Epoch: [24][37/138] Total Loss: 0.3894 (Avg: 0.4561) Dice: 0.7005 (Avg: 0.6344) IoU: 0.5749 (Avg: 0.5036)
Train Epoch: [24][38/138] Total Loss: 0.4728 (Avg: 0.4565) Dice: 0.6057 (Avg: 0.6336) IoU: 0.4537 (Avg: 0.5023)
Train Epoch: [24][39/138] Total Loss: 0.6282 (Avg: 0.4609) Dice: 0.4269 (Avg: 0.6283) IoU: 0.2864 (Avg: 0.4967)
Train Epoch: [24][40/138] Total Loss: 0.4336 (Avg: 0.4603) Dice: 0.6393 (Avg: 0.6286) IoU: 0.4750 (Avg: 0.4962)
Train Epoch: [24][41/138] Total Loss: 0.3778 (Avg: 0.4582) Dice: 0.7209 (Avg: 0.6308) IoU: 0.5758 (Avg: 0.4981)
Train Epoch: [24][42/138] Total Loss: 0.4897 (Avg: 0.4590) Dice: 0.6174 (Avg: 0.6305) IoU: 0.4616 (Avg: 0.4973)
Train Epoch: [24][43/138] Total Loss: 0.3727 (Avg: 0.4570) Dice: 0.7658 (Avg: 0.6337) IoU: 0.6314 (Avg: 0.5004)
Train Epoch: [24][44/138] Total Loss: 0.4714 (Avg: 0.4573) Dice: 0.6182 (Avg: 0.6333) IoU: 0.4750 (Avg: 0.4998)
Train Epoch: [24][45/138] Total Loss: 0.4572 (Avg: 0.4573) Dice: 0.5661 (Avg: 0.6318) IoU: 0.4010 (Avg: 0.4976)
Train Epoch: [24][46/138] Total Loss: 0.3905 (Avg: 0.4559) Dice: 0.6879 (Avg: 0.6330) IoU: 0.5397 (Avg: 0.4985)
Train Epoch: [24][47/138] Total Loss: 0.4499 (Avg: 0.4557) Dice: 0.6309 (Avg: 0.6330) IoU: 0.4726 (Avg: 0.4980)
Train Epoch: [24][48/138] Total Loss: 0.5530 (Avg: 0.4578) Dice: 0.5629 (Avg: 0.6315) IoU: 0.4379 (Avg: 0.4967)
Train Epoch: [24][49/138] Total Loss: 0.4480 (Avg: 0.4576) Dice: 0.6339 (Avg: 0.6316) IoU: 0.4808 (Avg: 0.4964)
Train Epoch: [24][50/138] Total Loss: 0.5210 (Avg: 0.4588) Dice: 0.5768 (Avg: 0.6305) IoU: 0.4285 (Avg: 0.4951)
Train Epoch: [24][51/138] Total Loss: 0.4899 (Avg: 0.4594) Dice: 0.5965 (Avg: 0.6298) IoU: 0.4960 (Avg: 0.4951)
Train Epoch: [24][52/138] Total Loss: 0.3746 (Avg: 0.4578) Dice: 0.7220 (Avg: 0.6316) IoU: 0.5767 (Avg: 0.4966)
Train Epoch: [24][53/138] Total Loss: 0.6898 (Avg: 0.4622) Dice: 0.4246 (Avg: 0.6277) IoU: 0.3335 (Avg: 0.4936)
Train Epoch: [24][54/138] Total Loss: 0.2927 (Avg: 0.4590) Dice: 0.8056 (Avg: 0.6310) IoU: 0.6852 (Avg: 0.4971)
Train Epoch: [24][55/138] Total Loss: 0.3032 (Avg: 0.4562) Dice: 0.7956 (Avg: 0.6340) IoU: 0.6811 (Avg: 0.5005)
Train Epoch: [24][56/138] Total Loss: 0.4838 (Avg: 0.4567) Dice: 0.6212 (Avg: 0.6337) IoU: 0.4563 (Avg: 0.4997)
Train Epoch: [24][57/138] Total Loss: 0.3914 (Avg: 0.4556) Dice: 0.7208 (Avg: 0.6353) IoU: 0.5720 (Avg: 0.5009)
Train Epoch: [24][58/138] Total Loss: 0.5033 (Avg: 0.4564) Dice: 0.5928 (Avg: 0.6345) IoU: 0.4343 (Avg: 0.4998)
Train Epoch: [24][59/138] Total Loss: 0.4196 (Avg: 0.4558) Dice: 0.6793 (Avg: 0.6353) IoU: 0.5303 (Avg: 0.5003)
Train Epoch: [24][60/138] Total Loss: 0.4111 (Avg: 0.4550) Dice: 0.6714 (Avg: 0.6359) IoU: 0.5239 (Avg: 0.5007)
Train Epoch: [24][61/138] Total Loss: 0.4552 (Avg: 0.4550) Dice: 0.6505 (Avg: 0.6361) IoU: 0.4959 (Avg: 0.5006)
Train Epoch: [24][62/138] Total Loss: 0.2870 (Avg: 0.4523) Dice: 0.8358 (Avg: 0.6394) IoU: 0.7258 (Avg: 0.5042)
Train Epoch: [24][63/138] Total Loss: 0.5606 (Avg: 0.4540) Dice: 0.5453 (Avg: 0.6379) IoU: 0.3824 (Avg: 0.5023)
Train Epoch: [24][64/138] Total Loss: 0.4676 (Avg: 0.4542) Dice: 0.6414 (Avg: 0.6379) IoU: 0.5090 (Avg: 0.5024)
Train Epoch: [24][65/138] Total Loss: 0.3572 (Avg: 0.4527) Dice: 0.7479 (Avg: 0.6396) IoU: 0.6004 (Avg: 0.5039)
Train Epoch: [24][66/138] Total Loss: 0.4963 (Avg: 0.4534) Dice: 0.5996 (Avg: 0.6390) IoU: 0.4370 (Avg: 0.5029)
Train Epoch: [24][67/138] Total Loss: 0.3255 (Avg: 0.4515) Dice: 0.7738 (Avg: 0.6410) IoU: 0.6365 (Avg: 0.5049)
Train Epoch: [24][68/138] Total Loss: 0.4376 (Avg: 0.4513) Dice: 0.6587 (Avg: 0.6413) IoU: 0.4950 (Avg: 0.5048)
Train Epoch: [24][69/138] Total Loss: 0.4586 (Avg: 0.4514) Dice: 0.6659 (Avg: 0.6416) IoU: 0.5301 (Avg: 0.5051)
Train Epoch: [24][70/138] Total Loss: 0.4791 (Avg: 0.4518) Dice: 0.6098 (Avg: 0.6412) IoU: 0.4583 (Avg: 0.5045)
Train Epoch: [24][71/138] Total Loss: 0.6786 (Avg: 0.4550) Dice: 0.4110 (Avg: 0.6379) IoU: 0.3063 (Avg: 0.5017)
Train Epoch: [24][72/138] Total Loss: 0.6081 (Avg: 0.4571) Dice: 0.4735 (Avg: 0.6357) IoU: 0.3593 (Avg: 0.4997)
Train Epoch: [24][73/138] Total Loss: 0.3820 (Avg: 0.4561) Dice: 0.7169 (Avg: 0.6368) IoU: 0.5690 (Avg: 0.5006)
Train Epoch: [24][74/138] Total Loss: 0.3003 (Avg: 0.4540) Dice: 0.7956 (Avg: 0.6389) IoU: 0.6700 (Avg: 0.5029)
Train Epoch: [24][75/138] Total Loss: 0.4328 (Avg: 0.4537) Dice: 0.6934 (Avg: 0.6396) IoU: 0.5580 (Avg: 0.5037)
Train Epoch: [24][76/138] Total Loss: 0.3397 (Avg: 0.4522) Dice: 0.7551 (Avg: 0.6412) IoU: 0.6093 (Avg: 0.5051)
Train Epoch: [24][77/138] Total Loss: 0.7073 (Avg: 0.4555) Dice: 0.3774 (Avg: 0.6377) IoU: 0.3000 (Avg: 0.5024)
Train Epoch: [24][78/138] Total Loss: 0.7055 (Avg: 0.4587) Dice: 0.3569 (Avg: 0.6341) IoU: 0.2775 (Avg: 0.4995)
Train Epoch: [24][79/138] Total Loss: 0.3836 (Avg: 0.4578) Dice: 0.7122 (Avg: 0.6351) IoU: 0.5610 (Avg: 0.5003)
Train Epoch: [24][80/138] Total Loss: 0.4446 (Avg: 0.4576) Dice: 0.6647 (Avg: 0.6355) IoU: 0.5165 (Avg: 0.5005)
Train Epoch: [24][81/138] Total Loss: 0.5225 (Avg: 0.4584) Dice: 0.5615 (Avg: 0.6346) IoU: 0.4065 (Avg: 0.4993)
Train Epoch: [24][82/138] Total Loss: 0.3618 (Avg: 0.4572) Dice: 0.7330 (Avg: 0.6358) IoU: 0.6061 (Avg: 0.5006)
Train Epoch: [24][83/138] Total Loss: 0.3173 (Avg: 0.4555) Dice: 0.7821 (Avg: 0.6375) IoU: 0.6481 (Avg: 0.5024)
Train Epoch: [24][84/138] Total Loss: 0.5418 (Avg: 0.4566) Dice: 0.5529 (Avg: 0.6365) IoU: 0.4249 (Avg: 0.5015)
Train Epoch: [24][85/138] Total Loss: 0.4077 (Avg: 0.4560) Dice: 0.6794 (Avg: 0.6370) IoU: 0.5287 (Avg: 0.5018)
Train Epoch: [24][86/138] Total Loss: 0.5613 (Avg: 0.4572) Dice: 0.5398 (Avg: 0.6359) IoU: 0.3991 (Avg: 0.5006)
Train Epoch: [24][87/138] Total Loss: 0.4392 (Avg: 0.4570) Dice: 0.6343 (Avg: 0.6359) IoU: 0.4832 (Avg: 0.5004)
Train Epoch: [24][88/138] Total Loss: 0.4426 (Avg: 0.4568) Dice: 0.6442 (Avg: 0.6360) IoU: 0.4767 (Avg: 0.5001)
Train Epoch: [24][89/138] Total Loss: 0.4909 (Avg: 0.4572) Dice: 0.6146 (Avg: 0.6357) IoU: 0.4649 (Avg: 0.4997)
Train Epoch: [24][90/138] Total Loss: 0.4887 (Avg: 0.4576) Dice: 0.6087 (Avg: 0.6354) IoU: 0.4562 (Avg: 0.4993)
Train Epoch: [24][91/138] Total Loss: 0.4512 (Avg: 0.4575) Dice: 0.6302 (Avg: 0.6354) IoU: 0.4804 (Avg: 0.4991)
Train Epoch: [24][92/138] Total Loss: 0.3596 (Avg: 0.4564) Dice: 0.7508 (Avg: 0.6366) IoU: 0.6171 (Avg: 0.5003)
Train Epoch: [24][93/138] Total Loss: 0.5295 (Avg: 0.4572) Dice: 0.5673 (Avg: 0.6359) IoU: 0.4258 (Avg: 0.4995)
Train Epoch: [24][94/138] Total Loss: 0.4378 (Avg: 0.4570) Dice: 0.6756 (Avg: 0.6363) IoU: 0.5222 (Avg: 0.4998)
Train Epoch: [24][95/138] Total Loss: 0.6857 (Avg: 0.4594) Dice: 0.3806 (Avg: 0.6336) IoU: 0.2799 (Avg: 0.4975)
Train Epoch: [24][96/138] Total Loss: 0.4147 (Avg: 0.4590) Dice: 0.6685 (Avg: 0.6340) IoU: 0.5229 (Avg: 0.4977)
Train Epoch: [24][97/138] Total Loss: 0.3409 (Avg: 0.4577) Dice: 0.7516 (Avg: 0.6352) IoU: 0.6119 (Avg: 0.4989)
Train Epoch: [24][98/138] Total Loss: 0.5704 (Avg: 0.4589) Dice: 0.5368 (Avg: 0.6342) IoU: 0.3885 (Avg: 0.4978)
Train Epoch: [24][99/138] Total Loss: 0.5593 (Avg: 0.4599) Dice: 0.5160 (Avg: 0.6330) IoU: 0.4225 (Avg: 0.4970)
Train Epoch: [24][100/138] Total Loss: 0.4463 (Avg: 0.4598) Dice: 0.6444 (Avg: 0.6331) IoU: 0.4867 (Avg: 0.4969)
Train Epoch: [24][101/138] Total Loss: 0.5769 (Avg: 0.4609) Dice: 0.5045 (Avg: 0.6318) IoU: 0.3814 (Avg: 0.4958)
Train Epoch: [24][102/138] Total Loss: 0.6838 (Avg: 0.4631) Dice: 0.4015 (Avg: 0.6296) IoU: 0.2797 (Avg: 0.4937)
Train Epoch: [24][103/138] Total Loss: 0.5998 (Avg: 0.4644) Dice: 0.4618 (Avg: 0.6280) IoU: 0.3500 (Avg: 0.4923)
Train Epoch: [24][104/138] Total Loss: 0.4247 (Avg: 0.4641) Dice: 0.6963 (Avg: 0.6286) IoU: 0.5642 (Avg: 0.4929)
Train Epoch: [24][105/138] Total Loss: 0.4739 (Avg: 0.4641) Dice: 0.5948 (Avg: 0.6283) IoU: 0.4888 (Avg: 0.4929)
Train Epoch: [24][106/138] Total Loss: 0.4129 (Avg: 0.4637) Dice: 0.6897 (Avg: 0.6289) IoU: 0.5413 (Avg: 0.4934)
Train Epoch: [24][107/138] Total Loss: 0.5520 (Avg: 0.4645) Dice: 0.5687 (Avg: 0.6283) IoU: 0.4353 (Avg: 0.4928)
Train Epoch: [24][108/138] Total Loss: 0.5288 (Avg: 0.4651) Dice: 0.5791 (Avg: 0.6279) IoU: 0.4670 (Avg: 0.4926)
Train Epoch: [24][109/138] Total Loss: 0.4860 (Avg: 0.4653) Dice: 0.6237 (Avg: 0.6278) IoU: 0.4588 (Avg: 0.4923)
Train Epoch: [24][110/138] Total Loss: 0.3931 (Avg: 0.4646) Dice: 0.7304 (Avg: 0.6287) IoU: 0.5817 (Avg: 0.4931)
Train Epoch: [24][111/138] Total Loss: 0.5509 (Avg: 0.4654) Dice: 0.5454 (Avg: 0.6280) IoU: 0.4149 (Avg: 0.4924)
Train Epoch: [24][112/138] Total Loss: 0.4497 (Avg: 0.4653) Dice: 0.6122 (Avg: 0.6279) IoU: 0.4661 (Avg: 0.4921)
Train Epoch: [24][113/138] Total Loss: 0.4232 (Avg: 0.4649) Dice: 0.6349 (Avg: 0.6279) IoU: 0.4802 (Avg: 0.4920)
Train Epoch: [24][114/138] Total Loss: 0.3312 (Avg: 0.4637) Dice: 0.7764 (Avg: 0.6292) IoU: 0.6460 (Avg: 0.4934)
Train Epoch: [24][115/138] Total Loss: 0.3760 (Avg: 0.4629) Dice: 0.7264 (Avg: 0.6301) IoU: 0.5753 (Avg: 0.4941)
Train Epoch: [24][116/138] Total Loss: 0.5658 (Avg: 0.4638) Dice: 0.5474 (Avg: 0.6294) IoU: 0.4312 (Avg: 0.4936)
Train Epoch: [24][117/138] Total Loss: 0.3230 (Avg: 0.4626) Dice: 0.7843 (Avg: 0.6307) IoU: 0.6479 (Avg: 0.4949)
Train Epoch: [24][118/138] Total Loss: 0.3101 (Avg: 0.4613) Dice: 0.7900 (Avg: 0.6320) IoU: 0.6688 (Avg: 0.4964)
Train Epoch: [24][119/138] Total Loss: 0.3883 (Avg: 0.4607) Dice: 0.7264 (Avg: 0.6328) IoU: 0.5897 (Avg: 0.4971)
Train Epoch: [24][120/138] Total Loss: 0.3499 (Avg: 0.4598) Dice: 0.7614 (Avg: 0.6339) IoU: 0.6202 (Avg: 0.4982)
Train Epoch: [24][121/138] Total Loss: 0.7704 (Avg: 0.4624) Dice: 0.3342 (Avg: 0.6314) IoU: 0.2663 (Avg: 0.4962)
Train Epoch: [24][122/138] Total Loss: 0.5536 (Avg: 0.4631) Dice: 0.5618 (Avg: 0.6308) IoU: 0.4541 (Avg: 0.4959)
Train Epoch: [24][123/138] Total Loss: 0.3945 (Avg: 0.4626) Dice: 0.6776 (Avg: 0.6312) IoU: 0.5403 (Avg: 0.4963)
Train Epoch: [24][124/138] Total Loss: 0.4018 (Avg: 0.4621) Dice: 0.7160 (Avg: 0.6319) IoU: 0.6021 (Avg: 0.4971)
Train Epoch: [24][125/138] Total Loss: 0.3781 (Avg: 0.4614) Dice: 0.6994 (Avg: 0.6324) IoU: 0.5749 (Avg: 0.4977)
Train Epoch: [24][126/138] Total Loss: 0.3177 (Avg: 0.4603) Dice: 0.8005 (Avg: 0.6338) IoU: 0.6702 (Avg: 0.4991)
Train Epoch: [24][127/138] Total Loss: 0.3096 (Avg: 0.4591) Dice: 0.7949 (Avg: 0.6350) IoU: 0.6685 (Avg: 0.5004)
Train Epoch: [24][128/138] Total Loss: 0.3544 (Avg: 0.4583) Dice: 0.7295 (Avg: 0.6358) IoU: 0.6163 (Avg: 0.5013)
Train Epoch: [24][129/138] Total Loss: 0.4633 (Avg: 0.4583) Dice: 0.6317 (Avg: 0.6358) IoU: 0.4661 (Avg: 0.5011)
Train Epoch: [24][130/138] Total Loss: 0.5543 (Avg: 0.4590) Dice: 0.5443 (Avg: 0.6351) IoU: 0.3902 (Avg: 0.5002)
Train Epoch: [24][131/138] Total Loss: 0.4017 (Avg: 0.4586) Dice: 0.6897 (Avg: 0.6355) IoU: 0.5373 (Avg: 0.5005)
Train Epoch: [24][132/138] Total Loss: 0.3975 (Avg: 0.4581) Dice: 0.6980 (Avg: 0.6359) IoU: 0.5685 (Avg: 0.5010)
Train Epoch: [24][133/138] Total Loss: 0.6261 (Avg: 0.4594) Dice: 0.4701 (Avg: 0.6347) IoU: 0.3312 (Avg: 0.4997)
Train Epoch: [24][134/138] Total Loss: 0.5905 (Avg: 0.4604) Dice: 0.4926 (Avg: 0.6336) IoU: 0.3565 (Avg: 0.4987)
Train Epoch: [24][135/138] Total Loss: 0.5205 (Avg: 0.4608) Dice: 0.5670 (Avg: 0.6331) IoU: 0.4512 (Avg: 0.4983)
Train Epoch: [24][136/138] Total Loss: 0.4304 (Avg: 0.4606) Dice: 0.6563 (Avg: 0.6333) IoU: 0.5096 (Avg: 0.4984)
Train Epoch: [24][137/138] Total Loss: 0.4152 (Avg: 0.4603) Dice: 0.7228 (Avg: 0.6340) IoU: 0.5794 (Avg: 0.4990)
Train Epoch: [24][138/138] Total Loss: 0.1336 (Avg: 0.4572) Dice: 0.8733 (Avg: 0.6310) IoU: 0.7751 (Avg: 0.4968)
Validation Epoch: [24] Avg Loss: 0.3693 Avg Dice: 0.5809 Avg IoU: 0.4497

========= Epoch [25/50] =========
Train Epoch: [25][1/138] Total Loss: 0.4745 (Avg: 0.4745) Dice: 0.6221 (Avg: 0.6221) IoU: 0.5008 (Avg: 0.5008)
Train Epoch: [25][2/138] Total Loss: 0.5289 (Avg: 0.5017) Dice: 0.5486 (Avg: 0.5854) IoU: 0.4041 (Avg: 0.4525)
Train Epoch: [25][3/138] Total Loss: 0.4781 (Avg: 0.4938) Dice: 0.5805 (Avg: 0.5837) IoU: 0.4129 (Avg: 0.4393)
Train Epoch: [25][4/138] Total Loss: 0.3025 (Avg: 0.4460) Dice: 0.8081 (Avg: 0.6398) IoU: 0.6785 (Avg: 0.4991)
Train Epoch: [25][5/138] Total Loss: 0.3078 (Avg: 0.4184) Dice: 0.8209 (Avg: 0.6760) IoU: 0.7027 (Avg: 0.5398)
Train Epoch: [25][6/138] Total Loss: 0.3903 (Avg: 0.4137) Dice: 0.7038 (Avg: 0.6807) IoU: 0.5432 (Avg: 0.5404)
Train Epoch: [25][7/138] Total Loss: 0.3752 (Avg: 0.4082) Dice: 0.7312 (Avg: 0.6879) IoU: 0.5858 (Avg: 0.5469)
Train Epoch: [25][8/138] Total Loss: 0.3267 (Avg: 0.3980) Dice: 0.7743 (Avg: 0.6987) IoU: 0.6515 (Avg: 0.5599)
Train Epoch: [25][9/138] Total Loss: 0.4778 (Avg: 0.4069) Dice: 0.5697 (Avg: 0.6843) IoU: 0.4614 (Avg: 0.5490)
Train Epoch: [25][10/138] Total Loss: 0.5419 (Avg: 0.4204) Dice: 0.5528 (Avg: 0.6712) IoU: 0.3958 (Avg: 0.5337)
Train Epoch: [25][11/138] Total Loss: 0.3561 (Avg: 0.4145) Dice: 0.7216 (Avg: 0.6758) IoU: 0.5794 (Avg: 0.5378)
Train Epoch: [25][12/138] Total Loss: 0.4173 (Avg: 0.4148) Dice: 0.6683 (Avg: 0.6752) IoU: 0.5122 (Avg: 0.5357)
Train Epoch: [25][13/138] Total Loss: 0.5025 (Avg: 0.4215) Dice: 0.5986 (Avg: 0.6693) IoU: 0.4361 (Avg: 0.5280)
Train Epoch: [25][14/138] Total Loss: 0.7933 (Avg: 0.4481) Dice: 0.3102 (Avg: 0.6436) IoU: 0.1884 (Avg: 0.5038)
Train Epoch: [25][15/138] Total Loss: 0.5040 (Avg: 0.4518) Dice: 0.5904 (Avg: 0.6401) IoU: 0.4461 (Avg: 0.4999)
Train Epoch: [25][16/138] Total Loss: 0.3987 (Avg: 0.4485) Dice: 0.6955 (Avg: 0.6435) IoU: 0.5604 (Avg: 0.5037)
Train Epoch: [25][17/138] Total Loss: 0.4160 (Avg: 0.4466) Dice: 0.6781 (Avg: 0.6456) IoU: 0.5278 (Avg: 0.5051)
Train Epoch: [25][18/138] Total Loss: 0.3847 (Avg: 0.4431) Dice: 0.7002 (Avg: 0.6486) IoU: 0.5668 (Avg: 0.5086)
Train Epoch: [25][19/138] Total Loss: 0.3580 (Avg: 0.4387) Dice: 0.7263 (Avg: 0.6527) IoU: 0.5801 (Avg: 0.5123)
Train Epoch: [25][20/138] Total Loss: 0.3576 (Avg: 0.4346) Dice: 0.7450 (Avg: 0.6573) IoU: 0.5988 (Avg: 0.5166)
Train Epoch: [25][21/138] Total Loss: 0.3064 (Avg: 0.4285) Dice: 0.8028 (Avg: 0.6642) IoU: 0.6785 (Avg: 0.5244)
Train Epoch: [25][22/138] Total Loss: 0.3586 (Avg: 0.4253) Dice: 0.7299 (Avg: 0.6672) IoU: 0.5786 (Avg: 0.5268)
Train Epoch: [25][23/138] Total Loss: 0.5600 (Avg: 0.4312) Dice: 0.5186 (Avg: 0.6608) IoU: 0.4156 (Avg: 0.5220)
Train Epoch: [25][24/138] Total Loss: 0.4672 (Avg: 0.4327) Dice: 0.6115 (Avg: 0.6587) IoU: 0.4547 (Avg: 0.5192)
Train Epoch: [25][25/138] Total Loss: 0.4925 (Avg: 0.4351) Dice: 0.6151 (Avg: 0.6570) IoU: 0.4746 (Avg: 0.5174)
Train Epoch: [25][26/138] Total Loss: 0.4969 (Avg: 0.4374) Dice: 0.5841 (Avg: 0.6542) IoU: 0.4301 (Avg: 0.5140)
Train Epoch: [25][27/138] Total Loss: 0.4570 (Avg: 0.4382) Dice: 0.6201 (Avg: 0.6529) IoU: 0.4580 (Avg: 0.5120)
Train Epoch: [25][28/138] Total Loss: 0.3749 (Avg: 0.4359) Dice: 0.7158 (Avg: 0.6551) IoU: 0.5717 (Avg: 0.5141)
Train Epoch: [25][29/138] Total Loss: 0.3920 (Avg: 0.4344) Dice: 0.7016 (Avg: 0.6567) IoU: 0.5774 (Avg: 0.5163)
Train Epoch: [25][30/138] Total Loss: 0.3765 (Avg: 0.4325) Dice: 0.7394 (Avg: 0.6595) IoU: 0.6017 (Avg: 0.5191)
Train Epoch: [25][31/138] Total Loss: 0.3710 (Avg: 0.4305) Dice: 0.7271 (Avg: 0.6617) IoU: 0.5947 (Avg: 0.5216)
Train Epoch: [25][32/138] Total Loss: 0.4267 (Avg: 0.4304) Dice: 0.6483 (Avg: 0.6613) IoU: 0.4825 (Avg: 0.5203)
Train Epoch: [25][33/138] Total Loss: 0.3490 (Avg: 0.4279) Dice: 0.7430 (Avg: 0.6637) IoU: 0.5999 (Avg: 0.5228)
Train Epoch: [25][34/138] Total Loss: 0.3184 (Avg: 0.4247) Dice: 0.7738 (Avg: 0.6670) IoU: 0.6359 (Avg: 0.5261)
Train Epoch: [25][35/138] Total Loss: 0.2578 (Avg: 0.4199) Dice: 0.8578 (Avg: 0.6724) IoU: 0.7524 (Avg: 0.5326)
Train Epoch: [25][36/138] Total Loss: 0.4362 (Avg: 0.4204) Dice: 0.6715 (Avg: 0.6724) IoU: 0.5091 (Avg: 0.5319)
Train Epoch: [25][37/138] Total Loss: 0.3292 (Avg: 0.4179) Dice: 0.7856 (Avg: 0.6755) IoU: 0.6562 (Avg: 0.5353)
Train Epoch: [25][38/138] Total Loss: 0.4828 (Avg: 0.4196) Dice: 0.6102 (Avg: 0.6737) IoU: 0.4617 (Avg: 0.5333)
Train Epoch: [25][39/138] Total Loss: 0.3895 (Avg: 0.4188) Dice: 0.7303 (Avg: 0.6752) IoU: 0.5810 (Avg: 0.5345)
Train Epoch: [25][40/138] Total Loss: 0.3390 (Avg: 0.4168) Dice: 0.7395 (Avg: 0.6768) IoU: 0.5945 (Avg: 0.5360)
Train Epoch: [25][41/138] Total Loss: 0.4862 (Avg: 0.4185) Dice: 0.5961 (Avg: 0.6748) IoU: 0.4826 (Avg: 0.5347)
Train Epoch: [25][42/138] Total Loss: 0.3802 (Avg: 0.4176) Dice: 0.7286 (Avg: 0.6761) IoU: 0.5878 (Avg: 0.5360)
Train Epoch: [25][43/138] Total Loss: 0.4370 (Avg: 0.4181) Dice: 0.6559 (Avg: 0.6756) IoU: 0.5019 (Avg: 0.5352)
Train Epoch: [25][44/138] Total Loss: 0.5212 (Avg: 0.4204) Dice: 0.5814 (Avg: 0.6735) IoU: 0.4750 (Avg: 0.5338)
Train Epoch: [25][45/138] Total Loss: 0.5415 (Avg: 0.4231) Dice: 0.5470 (Avg: 0.6707) IoU: 0.4330 (Avg: 0.5316)
Train Epoch: [25][46/138] Total Loss: 0.5953 (Avg: 0.4268) Dice: 0.6175 (Avg: 0.6695) IoU: 0.4653 (Avg: 0.5302)
Train Epoch: [25][47/138] Total Loss: 0.7102 (Avg: 0.4329) Dice: 0.3865 (Avg: 0.6635) IoU: 0.2621 (Avg: 0.5245)
Train Epoch: [25][48/138] Total Loss: 0.3650 (Avg: 0.4315) Dice: 0.7018 (Avg: 0.6643) IoU: 0.5604 (Avg: 0.5252)
Train Epoch: [25][49/138] Total Loss: 0.5595 (Avg: 0.4341) Dice: 0.5064 (Avg: 0.6611) IoU: 0.3947 (Avg: 0.5225)
Train Epoch: [25][50/138] Total Loss: 0.4308 (Avg: 0.4340) Dice: 0.6508 (Avg: 0.6609) IoU: 0.5084 (Avg: 0.5223)
Train Epoch: [25][51/138] Total Loss: 0.3111 (Avg: 0.4316) Dice: 0.8008 (Avg: 0.6636) IoU: 0.6682 (Avg: 0.5251)
Train Epoch: [25][52/138] Total Loss: 0.3343 (Avg: 0.4297) Dice: 0.7482 (Avg: 0.6653) IoU: 0.6034 (Avg: 0.5266)
Train Epoch: [25][53/138] Total Loss: 0.4030 (Avg: 0.4292) Dice: 0.6970 (Avg: 0.6659) IoU: 0.5632 (Avg: 0.5273)
Train Epoch: [25][54/138] Total Loss: 0.3426 (Avg: 0.4276) Dice: 0.7646 (Avg: 0.6677) IoU: 0.6199 (Avg: 0.5290)
Train Epoch: [25][55/138] Total Loss: 0.4114 (Avg: 0.4273) Dice: 0.6854 (Avg: 0.6680) IoU: 0.5371 (Avg: 0.5292)
Train Epoch: [25][56/138] Total Loss: 0.3876 (Avg: 0.4266) Dice: 0.7275 (Avg: 0.6691) IoU: 0.5907 (Avg: 0.5303)
Train Epoch: [25][57/138] Total Loss: 0.3283 (Avg: 0.4249) Dice: 0.7681 (Avg: 0.6708) IoU: 0.6260 (Avg: 0.5320)
Train Epoch: [25][58/138] Total Loss: 0.5149 (Avg: 0.4264) Dice: 0.5785 (Avg: 0.6692) IoU: 0.4197 (Avg: 0.5300)
Train Epoch: [25][59/138] Total Loss: 0.4959 (Avg: 0.4276) Dice: 0.5636 (Avg: 0.6674) IoU: 0.4158 (Avg: 0.5281)
Train Epoch: [25][60/138] Total Loss: 0.3569 (Avg: 0.4264) Dice: 0.7313 (Avg: 0.6685) IoU: 0.5858 (Avg: 0.5290)
Train Epoch: [25][61/138] Total Loss: 0.3142 (Avg: 0.4246) Dice: 0.7897 (Avg: 0.6705) IoU: 0.6710 (Avg: 0.5314)
Train Epoch: [25][62/138] Total Loss: 0.5541 (Avg: 0.4267) Dice: 0.5496 (Avg: 0.6685) IoU: 0.4291 (Avg: 0.5297)
Train Epoch: [25][63/138] Total Loss: 0.4449 (Avg: 0.4270) Dice: 0.6369 (Avg: 0.6680) IoU: 0.5432 (Avg: 0.5299)
Train Epoch: [25][64/138] Total Loss: 0.3506 (Avg: 0.4258) Dice: 0.7343 (Avg: 0.6691) IoU: 0.5901 (Avg: 0.5309)
Train Epoch: [25][65/138] Total Loss: 0.5091 (Avg: 0.4271) Dice: 0.5864 (Avg: 0.6678) IoU: 0.4821 (Avg: 0.5301)
Train Epoch: [25][66/138] Total Loss: 0.6324 (Avg: 0.4302) Dice: 0.4390 (Avg: 0.6643) IoU: 0.3110 (Avg: 0.5268)
Train Epoch: [25][67/138] Total Loss: 0.5120 (Avg: 0.4314) Dice: 0.5671 (Avg: 0.6629) IoU: 0.4056 (Avg: 0.5250)
Train Epoch: [25][68/138] Total Loss: 0.5352 (Avg: 0.4329) Dice: 0.5455 (Avg: 0.6611) IoU: 0.3784 (Avg: 0.5228)
Train Epoch: [25][69/138] Total Loss: 0.5782 (Avg: 0.4350) Dice: 0.5254 (Avg: 0.6592) IoU: 0.4273 (Avg: 0.5215)
Train Epoch: [25][70/138] Total Loss: 0.3490 (Avg: 0.4338) Dice: 0.7541 (Avg: 0.6605) IoU: 0.6421 (Avg: 0.5232)
Train Epoch: [25][71/138] Total Loss: 0.4857 (Avg: 0.4345) Dice: 0.6058 (Avg: 0.6598) IoU: 0.4733 (Avg: 0.5225)
Train Epoch: [25][72/138] Total Loss: 0.5546 (Avg: 0.4362) Dice: 0.5550 (Avg: 0.6583) IoU: 0.4606 (Avg: 0.5216)
Train Epoch: [25][73/138] Total Loss: 0.3982 (Avg: 0.4357) Dice: 0.7254 (Avg: 0.6592) IoU: 0.5814 (Avg: 0.5224)
Train Epoch: [25][74/138] Total Loss: 0.4294 (Avg: 0.4356) Dice: 0.6664 (Avg: 0.6593) IoU: 0.5227 (Avg: 0.5224)
Train Epoch: [25][75/138] Total Loss: 0.4233 (Avg: 0.4354) Dice: 0.6655 (Avg: 0.6594) IoU: 0.5219 (Avg: 0.5224)
Train Epoch: [25][76/138] Total Loss: 0.3744 (Avg: 0.4346) Dice: 0.7356 (Avg: 0.6604) IoU: 0.5839 (Avg: 0.5232)
Train Epoch: [25][77/138] Total Loss: 0.4239 (Avg: 0.4345) Dice: 0.6652 (Avg: 0.6605) IoU: 0.5298 (Avg: 0.5233)
Train Epoch: [25][78/138] Total Loss: 0.5666 (Avg: 0.4362) Dice: 0.4678 (Avg: 0.6580) IoU: 0.3629 (Avg: 0.5213)
Train Epoch: [25][79/138] Total Loss: 0.4649 (Avg: 0.4365) Dice: 0.6354 (Avg: 0.6577) IoU: 0.4854 (Avg: 0.5208)
Train Epoch: [25][80/138] Total Loss: 0.4599 (Avg: 0.4368) Dice: 0.6225 (Avg: 0.6573) IoU: 0.4599 (Avg: 0.5201)
Train Epoch: [25][81/138] Total Loss: 0.3474 (Avg: 0.4357) Dice: 0.7423 (Avg: 0.6583) IoU: 0.6070 (Avg: 0.5211)
Train Epoch: [25][82/138] Total Loss: 0.6590 (Avg: 0.4385) Dice: 0.4109 (Avg: 0.6553) IoU: 0.3037 (Avg: 0.5185)
Train Epoch: [25][83/138] Total Loss: 0.3279 (Avg: 0.4371) Dice: 0.7906 (Avg: 0.6569) IoU: 0.6565 (Avg: 0.5201)
Train Epoch: [25][84/138] Total Loss: 0.5388 (Avg: 0.4383) Dice: 0.5535 (Avg: 0.6557) IoU: 0.4163 (Avg: 0.5189)
Train Epoch: [25][85/138] Total Loss: 0.3734 (Avg: 0.4376) Dice: 0.7455 (Avg: 0.6568) IoU: 0.5976 (Avg: 0.5198)
Train Epoch: [25][86/138] Total Loss: 0.8134 (Avg: 0.4419) Dice: 0.2862 (Avg: 0.6524) IoU: 0.2163 (Avg: 0.5163)
Train Epoch: [25][87/138] Total Loss: 0.4207 (Avg: 0.4417) Dice: 0.6894 (Avg: 0.6529) IoU: 0.5554 (Avg: 0.5168)
Train Epoch: [25][88/138] Total Loss: 0.4135 (Avg: 0.4414) Dice: 0.6871 (Avg: 0.6533) IoU: 0.5281 (Avg: 0.5169)
Train Epoch: [25][89/138] Total Loss: 0.4973 (Avg: 0.4420) Dice: 0.5972 (Avg: 0.6526) IoU: 0.4668 (Avg: 0.5163)
Train Epoch: [25][90/138] Total Loss: 0.4710 (Avg: 0.4423) Dice: 0.5951 (Avg: 0.6520) IoU: 0.4280 (Avg: 0.5153)
Train Epoch: [25][91/138] Total Loss: 0.4282 (Avg: 0.4422) Dice: 0.6594 (Avg: 0.6521) IoU: 0.5140 (Avg: 0.5153)
Train Epoch: [25][92/138] Total Loss: 0.3364 (Avg: 0.4410) Dice: 0.7762 (Avg: 0.6534) IoU: 0.6439 (Avg: 0.5167)
Train Epoch: [25][93/138] Total Loss: 0.4318 (Avg: 0.4409) Dice: 0.6734 (Avg: 0.6536) IoU: 0.5276 (Avg: 0.5168)
Train Epoch: [25][94/138] Total Loss: 0.5376 (Avg: 0.4420) Dice: 0.5634 (Avg: 0.6527) IoU: 0.4563 (Avg: 0.5162)
Train Epoch: [25][95/138] Total Loss: 0.4959 (Avg: 0.4425) Dice: 0.5997 (Avg: 0.6521) IoU: 0.4596 (Avg: 0.5156)
Train Epoch: [25][96/138] Total Loss: 0.5300 (Avg: 0.4434) Dice: 0.5417 (Avg: 0.6510) IoU: 0.4124 (Avg: 0.5145)
Train Epoch: [25][97/138] Total Loss: 0.3940 (Avg: 0.4429) Dice: 0.6829 (Avg: 0.6513) IoU: 0.5380 (Avg: 0.5148)
Train Epoch: [25][98/138] Total Loss: 0.6210 (Avg: 0.4447) Dice: 0.5093 (Avg: 0.6499) IoU: 0.3912 (Avg: 0.5135)
Train Epoch: [25][99/138] Total Loss: 0.4401 (Avg: 0.4447) Dice: 0.6535 (Avg: 0.6499) IoU: 0.4901 (Avg: 0.5133)
Train Epoch: [25][100/138] Total Loss: 0.3325 (Avg: 0.4436) Dice: 0.7823 (Avg: 0.6512) IoU: 0.6499 (Avg: 0.5146)
Train Epoch: [25][101/138] Total Loss: 0.6065 (Avg: 0.4452) Dice: 0.4390 (Avg: 0.6491) IoU: 0.3158 (Avg: 0.5127)
Train Epoch: [25][102/138] Total Loss: 0.5577 (Avg: 0.4463) Dice: 0.5250 (Avg: 0.6479) IoU: 0.3718 (Avg: 0.5113)
Train Epoch: [25][103/138] Total Loss: 0.6028 (Avg: 0.4478) Dice: 0.5046 (Avg: 0.6465) IoU: 0.3663 (Avg: 0.5099)
Train Epoch: [25][104/138] Total Loss: 0.6644 (Avg: 0.4499) Dice: 0.4294 (Avg: 0.6444) IoU: 0.3208 (Avg: 0.5081)
Train Epoch: [25][105/138] Total Loss: 0.4582 (Avg: 0.4500) Dice: 0.6181 (Avg: 0.6442) IoU: 0.4908 (Avg: 0.5079)
Train Epoch: [25][106/138] Total Loss: 0.5465 (Avg: 0.4509) Dice: 0.5026 (Avg: 0.6428) IoU: 0.3777 (Avg: 0.5067)
Train Epoch: [25][107/138] Total Loss: 0.6477 (Avg: 0.4527) Dice: 0.4478 (Avg: 0.6410) IoU: 0.3270 (Avg: 0.5050)
Train Epoch: [25][108/138] Total Loss: 0.4847 (Avg: 0.4530) Dice: 0.5934 (Avg: 0.6406) IoU: 0.4519 (Avg: 0.5045)
Train Epoch: [25][109/138] Total Loss: 0.5342 (Avg: 0.4538) Dice: 0.5566 (Avg: 0.6398) IoU: 0.4620 (Avg: 0.5041)
Train Epoch: [25][110/138] Total Loss: 0.4796 (Avg: 0.4540) Dice: 0.5857 (Avg: 0.6393) IoU: 0.4158 (Avg: 0.5033)
Train Epoch: [25][111/138] Total Loss: 0.5082 (Avg: 0.4545) Dice: 0.5555 (Avg: 0.6385) IoU: 0.4563 (Avg: 0.5029)
Train Epoch: [25][112/138] Total Loss: 0.4630 (Avg: 0.4546) Dice: 0.6289 (Avg: 0.6385) IoU: 0.4881 (Avg: 0.5027)
Train Epoch: [25][113/138] Total Loss: 0.5542 (Avg: 0.4554) Dice: 0.5411 (Avg: 0.6376) IoU: 0.4366 (Avg: 0.5022)
Train Epoch: [25][114/138] Total Loss: 0.3206 (Avg: 0.4543) Dice: 0.7752 (Avg: 0.6388) IoU: 0.6415 (Avg: 0.5034)
Train Epoch: [25][115/138] Total Loss: 0.6521 (Avg: 0.4560) Dice: 0.4590 (Avg: 0.6372) IoU: 0.3900 (Avg: 0.5024)
Train Epoch: [25][116/138] Total Loss: 0.4141 (Avg: 0.4556) Dice: 0.6840 (Avg: 0.6376) IoU: 0.5362 (Avg: 0.5027)
Train Epoch: [25][117/138] Total Loss: 0.3863 (Avg: 0.4550) Dice: 0.7147 (Avg: 0.6383) IoU: 0.5599 (Avg: 0.5032)
Train Epoch: [25][118/138] Total Loss: 0.4425 (Avg: 0.4549) Dice: 0.6479 (Avg: 0.6384) IoU: 0.5160 (Avg: 0.5033)
Train Epoch: [25][119/138] Total Loss: 0.5989 (Avg: 0.4561) Dice: 0.4201 (Avg: 0.6366) IoU: 0.3092 (Avg: 0.5017)
Train Epoch: [25][120/138] Total Loss: 0.3691 (Avg: 0.4554) Dice: 0.7242 (Avg: 0.6373) IoU: 0.5726 (Avg: 0.5022)
Train Epoch: [25][121/138] Total Loss: 0.3965 (Avg: 0.4549) Dice: 0.7076 (Avg: 0.6379) IoU: 0.5957 (Avg: 0.5030)
Train Epoch: [25][122/138] Total Loss: 0.3645 (Avg: 0.4542) Dice: 0.7553 (Avg: 0.6388) IoU: 0.6141 (Avg: 0.5039)
Train Epoch: [25][123/138] Total Loss: 0.3498 (Avg: 0.4533) Dice: 0.7451 (Avg: 0.6397) IoU: 0.5938 (Avg: 0.5047)
Train Epoch: [25][124/138] Total Loss: 0.4274 (Avg: 0.4531) Dice: 0.6454 (Avg: 0.6397) IoU: 0.4907 (Avg: 0.5045)
Train Epoch: [25][125/138] Total Loss: 0.6346 (Avg: 0.4546) Dice: 0.4475 (Avg: 0.6382) IoU: 0.3162 (Avg: 0.5030)
Train Epoch: [25][126/138] Total Loss: 0.5523 (Avg: 0.4553) Dice: 0.5338 (Avg: 0.6374) IoU: 0.4255 (Avg: 0.5024)
Train Epoch: [25][127/138] Total Loss: 0.4704 (Avg: 0.4555) Dice: 0.6142 (Avg: 0.6372) IoU: 0.4672 (Avg: 0.5021)
Train Epoch: [25][128/138] Total Loss: 0.4279 (Avg: 0.4552) Dice: 0.6743 (Avg: 0.6375) IoU: 0.5510 (Avg: 0.5025)
Train Epoch: [25][129/138] Total Loss: 0.4739 (Avg: 0.4554) Dice: 0.6560 (Avg: 0.6376) IoU: 0.4960 (Avg: 0.5025)
Train Epoch: [25][130/138] Total Loss: 0.5360 (Avg: 0.4560) Dice: 0.5639 (Avg: 0.6371) IoU: 0.4520 (Avg: 0.5021)
Train Epoch: [25][131/138] Total Loss: 0.4947 (Avg: 0.4563) Dice: 0.5842 (Avg: 0.6367) IoU: 0.4140 (Avg: 0.5014)
Train Epoch: [25][132/138] Total Loss: 0.3424 (Avg: 0.4554) Dice: 0.7730 (Avg: 0.6377) IoU: 0.6475 (Avg: 0.5025)
Train Epoch: [25][133/138] Total Loss: 0.3707 (Avg: 0.4548) Dice: 0.6595 (Avg: 0.6378) IoU: 0.5349 (Avg: 0.5028)
Train Epoch: [25][134/138] Total Loss: 0.3618 (Avg: 0.4541) Dice: 0.7266 (Avg: 0.6385) IoU: 0.5854 (Avg: 0.5034)
Train Epoch: [25][135/138] Total Loss: 0.5369 (Avg: 0.4547) Dice: 0.5463 (Avg: 0.6378) IoU: 0.3818 (Avg: 0.5025)
Train Epoch: [25][136/138] Total Loss: 0.5307 (Avg: 0.4553) Dice: 0.5862 (Avg: 0.6374) IoU: 0.4930 (Avg: 0.5024)
Train Epoch: [25][137/138] Total Loss: 0.5004 (Avg: 0.4556) Dice: 0.5518 (Avg: 0.6368) IoU: 0.4255 (Avg: 0.5019)
Train Epoch: [25][138/138] Total Loss: 0.7411 (Avg: 0.4537) Dice: 0.2105 (Avg: 0.6326) IoU: 0.1176 (Avg: 0.4984)
Validation Epoch: [25] Avg Loss: 0.3763 Avg Dice: 0.5705 Avg IoU: 0.4401

========= Epoch [26/50] =========
Train Epoch: [26][1/138] Total Loss: 0.4057 (Avg: 0.4057) Dice: 0.6947 (Avg: 0.6947) IoU: 0.5566 (Avg: 0.5566)
Train Epoch: [26][2/138] Total Loss: 0.3616 (Avg: 0.3837) Dice: 0.7395 (Avg: 0.7171) IoU: 0.6109 (Avg: 0.5838)
Train Epoch: [26][3/138] Total Loss: 0.3159 (Avg: 0.3611) Dice: 0.7807 (Avg: 0.7383) IoU: 0.6492 (Avg: 0.6056)
Train Epoch: [26][4/138] Total Loss: 0.4300 (Avg: 0.3783) Dice: 0.6674 (Avg: 0.7206) IoU: 0.5219 (Avg: 0.5847)
Train Epoch: [26][5/138] Total Loss: 0.3176 (Avg: 0.3662) Dice: 0.7886 (Avg: 0.7342) IoU: 0.6604 (Avg: 0.5998)
Train Epoch: [26][6/138] Total Loss: 0.3904 (Avg: 0.3702) Dice: 0.7036 (Avg: 0.7291) IoU: 0.5490 (Avg: 0.5913)
Train Epoch: [26][7/138] Total Loss: 0.5786 (Avg: 0.4000) Dice: 0.5201 (Avg: 0.6992) IoU: 0.3988 (Avg: 0.5638)
Train Epoch: [26][8/138] Total Loss: 0.5556 (Avg: 0.4194) Dice: 0.5366 (Avg: 0.6789) IoU: 0.3928 (Avg: 0.5424)
Train Epoch: [26][9/138] Total Loss: 0.5783 (Avg: 0.4371) Dice: 0.4997 (Avg: 0.6590) IoU: 0.3777 (Avg: 0.5241)
Train Epoch: [26][10/138] Total Loss: 0.6332 (Avg: 0.4567) Dice: 0.4211 (Avg: 0.6352) IoU: 0.3337 (Avg: 0.5051)
Train Epoch: [26][11/138] Total Loss: 0.3337 (Avg: 0.4455) Dice: 0.7876 (Avg: 0.6490) IoU: 0.6518 (Avg: 0.5184)
Train Epoch: [26][12/138] Total Loss: 0.3851 (Avg: 0.4405) Dice: 0.7097 (Avg: 0.6541) IoU: 0.5596 (Avg: 0.5219)
Train Epoch: [26][13/138] Total Loss: 0.4057 (Avg: 0.4378) Dice: 0.6642 (Avg: 0.6549) IoU: 0.5637 (Avg: 0.5251)
Train Epoch: [26][14/138] Total Loss: 0.6281 (Avg: 0.4514) Dice: 0.4754 (Avg: 0.6421) IoU: 0.3542 (Avg: 0.5129)
Train Epoch: [26][15/138] Total Loss: 0.5857 (Avg: 0.4603) Dice: 0.4880 (Avg: 0.6318) IoU: 0.3292 (Avg: 0.5006)
Train Epoch: [26][16/138] Total Loss: 0.4908 (Avg: 0.4622) Dice: 0.5844 (Avg: 0.6288) IoU: 0.4789 (Avg: 0.4993)
Train Epoch: [26][17/138] Total Loss: 0.4536 (Avg: 0.4617) Dice: 0.6350 (Avg: 0.6292) IoU: 0.5009 (Avg: 0.4994)
Train Epoch: [26][18/138] Total Loss: 0.4667 (Avg: 0.4620) Dice: 0.6417 (Avg: 0.6299) IoU: 0.5343 (Avg: 0.5013)
Train Epoch: [26][19/138] Total Loss: 0.4380 (Avg: 0.4608) Dice: 0.6528 (Avg: 0.6311) IoU: 0.5445 (Avg: 0.5036)
Train Epoch: [26][20/138] Total Loss: 0.4063 (Avg: 0.4580) Dice: 0.6967 (Avg: 0.6344) IoU: 0.5622 (Avg: 0.5065)
Train Epoch: [26][21/138] Total Loss: 0.4980 (Avg: 0.4599) Dice: 0.6289 (Avg: 0.6341) IoU: 0.4874 (Avg: 0.5056)
Train Epoch: [26][22/138] Total Loss: 0.5260 (Avg: 0.4629) Dice: 0.5478 (Avg: 0.6302) IoU: 0.3791 (Avg: 0.4999)
Train Epoch: [26][23/138] Total Loss: 0.3374 (Avg: 0.4575) Dice: 0.7599 (Avg: 0.6358) IoU: 0.6213 (Avg: 0.5051)
Train Epoch: [26][24/138] Total Loss: 0.3813 (Avg: 0.4543) Dice: 0.6974 (Avg: 0.6384) IoU: 0.5473 (Avg: 0.5069)
Train Epoch: [26][25/138] Total Loss: 0.3673 (Avg: 0.4508) Dice: 0.7178 (Avg: 0.6416) IoU: 0.5801 (Avg: 0.5098)
Train Epoch: [26][26/138] Total Loss: 0.3274 (Avg: 0.4461) Dice: 0.7758 (Avg: 0.6467) IoU: 0.6532 (Avg: 0.5153)
Train Epoch: [26][27/138] Total Loss: 0.3459 (Avg: 0.4424) Dice: 0.7475 (Avg: 0.6505) IoU: 0.6283 (Avg: 0.5195)
Train Epoch: [26][28/138] Total Loss: 0.6677 (Avg: 0.4504) Dice: 0.4419 (Avg: 0.6430) IoU: 0.3332 (Avg: 0.5129)
Train Epoch: [26][29/138] Total Loss: 0.4494 (Avg: 0.4504) Dice: 0.6434 (Avg: 0.6430) IoU: 0.4861 (Avg: 0.5119)
Train Epoch: [26][30/138] Total Loss: 0.6847 (Avg: 0.4582) Dice: 0.3978 (Avg: 0.6349) IoU: 0.3300 (Avg: 0.5059)
Train Epoch: [26][31/138] Total Loss: 0.5902 (Avg: 0.4624) Dice: 0.4680 (Avg: 0.6295) IoU: 0.3074 (Avg: 0.4995)
Train Epoch: [26][32/138] Total Loss: 0.6118 (Avg: 0.4671) Dice: 0.4721 (Avg: 0.6246) IoU: 0.3274 (Avg: 0.4941)
Train Epoch: [26][33/138] Total Loss: 0.3945 (Avg: 0.4649) Dice: 0.6904 (Avg: 0.6265) IoU: 0.5420 (Avg: 0.4956)
Train Epoch: [26][34/138] Total Loss: 0.3700 (Avg: 0.4621) Dice: 0.6997 (Avg: 0.6287) IoU: 0.5588 (Avg: 0.4974)
Train Epoch: [26][35/138] Total Loss: 0.4361 (Avg: 0.4614) Dice: 0.6475 (Avg: 0.6292) IoU: 0.4954 (Avg: 0.4974)
Train Epoch: [26][36/138] Total Loss: 0.4810 (Avg: 0.4619) Dice: 0.5975 (Avg: 0.6284) IoU: 0.4470 (Avg: 0.4960)
Train Epoch: [26][37/138] Total Loss: 0.5106 (Avg: 0.4632) Dice: 0.5971 (Avg: 0.6275) IoU: 0.4592 (Avg: 0.4950)
Train Epoch: [26][38/138] Total Loss: 0.6449 (Avg: 0.4680) Dice: 0.4541 (Avg: 0.6229) IoU: 0.3306 (Avg: 0.4906)
Train Epoch: [26][39/138] Total Loss: 0.5051 (Avg: 0.4690) Dice: 0.5781 (Avg: 0.6218) IoU: 0.4474 (Avg: 0.4895)
Train Epoch: [26][40/138] Total Loss: 0.5197 (Avg: 0.4702) Dice: 0.5834 (Avg: 0.6208) IoU: 0.4550 (Avg: 0.4887)
Train Epoch: [26][41/138] Total Loss: 0.5937 (Avg: 0.4733) Dice: 0.4854 (Avg: 0.6175) IoU: 0.3477 (Avg: 0.4852)
Train Epoch: [26][42/138] Total Loss: 0.8492 (Avg: 0.4822) Dice: 0.2131 (Avg: 0.6079) IoU: 0.1798 (Avg: 0.4780)
Train Epoch: [26][43/138] Total Loss: 0.4133 (Avg: 0.4806) Dice: 0.7092 (Avg: 0.6103) IoU: 0.5704 (Avg: 0.4801)
Train Epoch: [26][44/138] Total Loss: 0.3445 (Avg: 0.4775) Dice: 0.7371 (Avg: 0.6131) IoU: 0.5882 (Avg: 0.4826)
Train Epoch: [26][45/138] Total Loss: 0.4310 (Avg: 0.4765) Dice: 0.6344 (Avg: 0.6136) IoU: 0.5004 (Avg: 0.4830)
Train Epoch: [26][46/138] Total Loss: 0.3542 (Avg: 0.4738) Dice: 0.7503 (Avg: 0.6166) IoU: 0.6079 (Avg: 0.4857)
Train Epoch: [26][47/138] Total Loss: 0.4996 (Avg: 0.4744) Dice: 0.5883 (Avg: 0.6160) IoU: 0.4994 (Avg: 0.4860)
Train Epoch: [26][48/138] Total Loss: 0.5230 (Avg: 0.4754) Dice: 0.5580 (Avg: 0.6148) IoU: 0.4060 (Avg: 0.4843)
Train Epoch: [26][49/138] Total Loss: 0.4342 (Avg: 0.4745) Dice: 0.6714 (Avg: 0.6159) IoU: 0.5373 (Avg: 0.4854)
Train Epoch: [26][50/138] Total Loss: 0.3788 (Avg: 0.4726) Dice: 0.6975 (Avg: 0.6176) IoU: 0.5425 (Avg: 0.4865)
Train Epoch: [26][51/138] Total Loss: 0.4154 (Avg: 0.4715) Dice: 0.6729 (Avg: 0.6186) IoU: 0.5320 (Avg: 0.4874)
Train Epoch: [26][52/138] Total Loss: 0.3851 (Avg: 0.4698) Dice: 0.7109 (Avg: 0.6204) IoU: 0.5655 (Avg: 0.4889)
Train Epoch: [26][53/138] Total Loss: 0.4920 (Avg: 0.4703) Dice: 0.6128 (Avg: 0.6203) IoU: 0.4531 (Avg: 0.4882)
Train Epoch: [26][54/138] Total Loss: 0.4442 (Avg: 0.4698) Dice: 0.6381 (Avg: 0.6206) IoU: 0.4730 (Avg: 0.4880)
Train Epoch: [26][55/138] Total Loss: 0.4451 (Avg: 0.4693) Dice: 0.6321 (Avg: 0.6208) IoU: 0.4698 (Avg: 0.4876)
Train Epoch: [26][56/138] Total Loss: 0.5621 (Avg: 0.4710) Dice: 0.4804 (Avg: 0.6183) IoU: 0.3696 (Avg: 0.4855)
Train Epoch: [26][57/138] Total Loss: 0.5629 (Avg: 0.4726) Dice: 0.5165 (Avg: 0.6165) IoU: 0.3946 (Avg: 0.4839)
Train Epoch: [26][58/138] Total Loss: 0.5894 (Avg: 0.4746) Dice: 0.4548 (Avg: 0.6137) IoU: 0.3142 (Avg: 0.4810)
Train Epoch: [26][59/138] Total Loss: 0.4950 (Avg: 0.4750) Dice: 0.5917 (Avg: 0.6134) IoU: 0.4968 (Avg: 0.4813)
Train Epoch: [26][60/138] Total Loss: 0.4702 (Avg: 0.4749) Dice: 0.6414 (Avg: 0.6138) IoU: 0.5128 (Avg: 0.4818)
Train Epoch: [26][61/138] Total Loss: 0.3666 (Avg: 0.4731) Dice: 0.7455 (Avg: 0.6160) IoU: 0.6049 (Avg: 0.4838)
Train Epoch: [26][62/138] Total Loss: 0.6076 (Avg: 0.4753) Dice: 0.4853 (Avg: 0.6139) IoU: 0.3423 (Avg: 0.4815)
Train Epoch: [26][63/138] Total Loss: 0.5558 (Avg: 0.4765) Dice: 0.5326 (Avg: 0.6126) IoU: 0.4092 (Avg: 0.4804)
Train Epoch: [26][64/138] Total Loss: 0.6185 (Avg: 0.4788) Dice: 0.4790 (Avg: 0.6105) IoU: 0.3701 (Avg: 0.4787)
Train Epoch: [26][65/138] Total Loss: 0.3730 (Avg: 0.4771) Dice: 0.7319 (Avg: 0.6124) IoU: 0.5832 (Avg: 0.4803)
Train Epoch: [26][66/138] Total Loss: 0.5225 (Avg: 0.4778) Dice: 0.5367 (Avg: 0.6112) IoU: 0.3776 (Avg: 0.4787)
Train Epoch: [26][67/138] Total Loss: 0.5255 (Avg: 0.4785) Dice: 0.5687 (Avg: 0.6106) IoU: 0.4586 (Avg: 0.4784)
Train Epoch: [26][68/138] Total Loss: 0.7179 (Avg: 0.4821) Dice: 0.4104 (Avg: 0.6076) IoU: 0.2637 (Avg: 0.4753)
Train Epoch: [26][69/138] Total Loss: 0.6268 (Avg: 0.4842) Dice: 0.4677 (Avg: 0.6056) IoU: 0.3493 (Avg: 0.4734)
Train Epoch: [26][70/138] Total Loss: 0.4639 (Avg: 0.4839) Dice: 0.6522 (Avg: 0.6063) IoU: 0.4907 (Avg: 0.4737)
Train Epoch: [26][71/138] Total Loss: 0.3198 (Avg: 0.4816) Dice: 0.7879 (Avg: 0.6088) IoU: 0.6544 (Avg: 0.4762)
Train Epoch: [26][72/138] Total Loss: 0.4712 (Avg: 0.4814) Dice: 0.6121 (Avg: 0.6089) IoU: 0.4576 (Avg: 0.4760)
Train Epoch: [26][73/138] Total Loss: 0.3965 (Avg: 0.4803) Dice: 0.6869 (Avg: 0.6100) IoU: 0.5390 (Avg: 0.4768)
Train Epoch: [26][74/138] Total Loss: 0.3277 (Avg: 0.4782) Dice: 0.7808 (Avg: 0.6123) IoU: 0.6469 (Avg: 0.4791)
Train Epoch: [26][75/138] Total Loss: 0.4495 (Avg: 0.4778) Dice: 0.6180 (Avg: 0.6123) IoU: 0.4519 (Avg: 0.4788)
Train Epoch: [26][76/138] Total Loss: 0.3687 (Avg: 0.4764) Dice: 0.7234 (Avg: 0.6138) IoU: 0.5918 (Avg: 0.4802)
Train Epoch: [26][77/138] Total Loss: 0.5272 (Avg: 0.4770) Dice: 0.5577 (Avg: 0.6131) IoU: 0.3906 (Avg: 0.4791)
Train Epoch: [26][78/138] Total Loss: 0.3824 (Avg: 0.4758) Dice: 0.7168 (Avg: 0.6144) IoU: 0.5736 (Avg: 0.4803)
Train Epoch: [26][79/138] Total Loss: 0.3229 (Avg: 0.4739) Dice: 0.7754 (Avg: 0.6164) IoU: 0.6565 (Avg: 0.4825)
Train Epoch: [26][80/138] Total Loss: 0.5643 (Avg: 0.4750) Dice: 0.5206 (Avg: 0.6152) IoU: 0.3951 (Avg: 0.4814)
Train Epoch: [26][81/138] Total Loss: 0.6112 (Avg: 0.4767) Dice: 0.4603 (Avg: 0.6133) IoU: 0.3585 (Avg: 0.4799)
Train Epoch: [26][82/138] Total Loss: 0.4006 (Avg: 0.4758) Dice: 0.6877 (Avg: 0.6142) IoU: 0.5499 (Avg: 0.4808)
Train Epoch: [26][83/138] Total Loss: 0.3799 (Avg: 0.4746) Dice: 0.7148 (Avg: 0.6154) IoU: 0.5570 (Avg: 0.4817)
Train Epoch: [26][84/138] Total Loss: 0.2476 (Avg: 0.4719) Dice: 0.8687 (Avg: 0.6185) IoU: 0.7694 (Avg: 0.4851)
Train Epoch: [26][85/138] Total Loss: 0.7197 (Avg: 0.4748) Dice: 0.3761 (Avg: 0.6156) IoU: 0.2767 (Avg: 0.4827)
Train Epoch: [26][86/138] Total Loss: 0.5970 (Avg: 0.4762) Dice: 0.4855 (Avg: 0.6141) IoU: 0.3624 (Avg: 0.4813)
Train Epoch: [26][87/138] Total Loss: 0.3650 (Avg: 0.4750) Dice: 0.7240 (Avg: 0.6154) IoU: 0.5798 (Avg: 0.4824)
Train Epoch: [26][88/138] Total Loss: 0.4489 (Avg: 0.4747) Dice: 0.6325 (Avg: 0.6156) IoU: 0.5050 (Avg: 0.4827)
Train Epoch: [26][89/138] Total Loss: 0.7789 (Avg: 0.4781) Dice: 0.3205 (Avg: 0.6122) IoU: 0.2100 (Avg: 0.4796)
Train Epoch: [26][90/138] Total Loss: 0.2537 (Avg: 0.4756) Dice: 0.8538 (Avg: 0.6149) IoU: 0.7469 (Avg: 0.4826)
Train Epoch: [26][91/138] Total Loss: 0.4070 (Avg: 0.4748) Dice: 0.6851 (Avg: 0.6157) IoU: 0.5297 (Avg: 0.4831)
Train Epoch: [26][92/138] Total Loss: 0.3606 (Avg: 0.4736) Dice: 0.7315 (Avg: 0.6170) IoU: 0.5927 (Avg: 0.4843)
Train Epoch: [26][93/138] Total Loss: 0.3688 (Avg: 0.4725) Dice: 0.7196 (Avg: 0.6181) IoU: 0.5881 (Avg: 0.4854)
Train Epoch: [26][94/138] Total Loss: 0.4551 (Avg: 0.4723) Dice: 0.6185 (Avg: 0.6181) IoU: 0.4649 (Avg: 0.4852)
Train Epoch: [26][95/138] Total Loss: 0.4091 (Avg: 0.4716) Dice: 0.6771 (Avg: 0.6187) IoU: 0.5300 (Avg: 0.4856)
Train Epoch: [26][96/138] Total Loss: 0.5089 (Avg: 0.4720) Dice: 0.5732 (Avg: 0.6182) IoU: 0.4594 (Avg: 0.4854)
Train Epoch: [26][97/138] Total Loss: 0.4068 (Avg: 0.4713) Dice: 0.6753 (Avg: 0.6188) IoU: 0.5369 (Avg: 0.4859)
Train Epoch: [26][98/138] Total Loss: 0.6792 (Avg: 0.4735) Dice: 0.3671 (Avg: 0.6162) IoU: 0.2313 (Avg: 0.4833)
Train Epoch: [26][99/138] Total Loss: 0.3303 (Avg: 0.4720) Dice: 0.7621 (Avg: 0.6177) IoU: 0.6238 (Avg: 0.4847)
Train Epoch: [26][100/138] Total Loss: 0.5693 (Avg: 0.4730) Dice: 0.5295 (Avg: 0.6168) IoU: 0.4234 (Avg: 0.4841)
Train Epoch: [26][101/138] Total Loss: 0.4992 (Avg: 0.4732) Dice: 0.6566 (Avg: 0.6172) IoU: 0.4929 (Avg: 0.4842)
Train Epoch: [26][102/138] Total Loss: 0.6248 (Avg: 0.4747) Dice: 0.4651 (Avg: 0.6157) IoU: 0.3261 (Avg: 0.4826)
Train Epoch: [26][103/138] Total Loss: 0.4462 (Avg: 0.4745) Dice: 0.5915 (Avg: 0.6155) IoU: 0.4526 (Avg: 0.4824)
Train Epoch: [26][104/138] Total Loss: 0.5280 (Avg: 0.4750) Dice: 0.5339 (Avg: 0.6147) IoU: 0.4173 (Avg: 0.4817)
Train Epoch: [26][105/138] Total Loss: 0.3708 (Avg: 0.4740) Dice: 0.7010 (Avg: 0.6155) IoU: 0.5423 (Avg: 0.4823)
Train Epoch: [26][106/138] Total Loss: 0.3745 (Avg: 0.4730) Dice: 0.7127 (Avg: 0.6164) IoU: 0.5631 (Avg: 0.4831)
Train Epoch: [26][107/138] Total Loss: 0.3612 (Avg: 0.4720) Dice: 0.7369 (Avg: 0.6176) IoU: 0.5879 (Avg: 0.4840)
Train Epoch: [26][108/138] Total Loss: 0.4835 (Avg: 0.4721) Dice: 0.5694 (Avg: 0.6171) IoU: 0.4158 (Avg: 0.4834)
Train Epoch: [26][109/138] Total Loss: 0.3937 (Avg: 0.4714) Dice: 0.7163 (Avg: 0.6180) IoU: 0.5739 (Avg: 0.4842)
Train Epoch: [26][110/138] Total Loss: 0.4192 (Avg: 0.4709) Dice: 0.6458 (Avg: 0.6183) IoU: 0.4883 (Avg: 0.4843)
Train Epoch: [26][111/138] Total Loss: 0.3873 (Avg: 0.4702) Dice: 0.7255 (Avg: 0.6192) IoU: 0.5783 (Avg: 0.4851)
Train Epoch: [26][112/138] Total Loss: 0.3354 (Avg: 0.4689) Dice: 0.7628 (Avg: 0.6205) IoU: 0.6409 (Avg: 0.4865)
Train Epoch: [26][113/138] Total Loss: 0.5879 (Avg: 0.4700) Dice: 0.4854 (Avg: 0.6193) IoU: 0.3635 (Avg: 0.4854)
Train Epoch: [26][114/138] Total Loss: 0.4985 (Avg: 0.4703) Dice: 0.5931 (Avg: 0.6191) IoU: 0.4519 (Avg: 0.4851)
Train Epoch: [26][115/138] Total Loss: 0.3859 (Avg: 0.4695) Dice: 0.7007 (Avg: 0.6198) IoU: 0.5467 (Avg: 0.4857)
Train Epoch: [26][116/138] Total Loss: 0.4883 (Avg: 0.4697) Dice: 0.5901 (Avg: 0.6196) IoU: 0.4320 (Avg: 0.4852)
Train Epoch: [26][117/138] Total Loss: 0.5814 (Avg: 0.4706) Dice: 0.5211 (Avg: 0.6187) IoU: 0.4042 (Avg: 0.4845)
Train Epoch: [26][118/138] Total Loss: 0.3826 (Avg: 0.4699) Dice: 0.7268 (Avg: 0.6196) IoU: 0.5817 (Avg: 0.4853)
Train Epoch: [26][119/138] Total Loss: 0.3358 (Avg: 0.4688) Dice: 0.7734 (Avg: 0.6209) IoU: 0.6322 (Avg: 0.4866)
Train Epoch: [26][120/138] Total Loss: 0.5069 (Avg: 0.4691) Dice: 0.5709 (Avg: 0.6205) IoU: 0.4250 (Avg: 0.4861)
Train Epoch: [26][121/138] Total Loss: 0.4055 (Avg: 0.4686) Dice: 0.6824 (Avg: 0.6210) IoU: 0.5347 (Avg: 0.4865)
Train Epoch: [26][122/138] Total Loss: 0.5790 (Avg: 0.4695) Dice: 0.4355 (Avg: 0.6195) IoU: 0.3187 (Avg: 0.4851)
Train Epoch: [26][123/138] Total Loss: 0.5175 (Avg: 0.4699) Dice: 0.5698 (Avg: 0.6191) IoU: 0.4095 (Avg: 0.4845)
Train Epoch: [26][124/138] Total Loss: 0.3864 (Avg: 0.4692) Dice: 0.7106 (Avg: 0.6198) IoU: 0.5611 (Avg: 0.4851)
Train Epoch: [26][125/138] Total Loss: 0.2874 (Avg: 0.4677) Dice: 0.8127 (Avg: 0.6214) IoU: 0.6865 (Avg: 0.4867)
Train Epoch: [26][126/138] Total Loss: 0.4772 (Avg: 0.4678) Dice: 0.5757 (Avg: 0.6210) IoU: 0.4357 (Avg: 0.4863)
Train Epoch: [26][127/138] Total Loss: 0.5225 (Avg: 0.4682) Dice: 0.5860 (Avg: 0.6207) IoU: 0.4382 (Avg: 0.4859)
Train Epoch: [26][128/138] Total Loss: 0.4068 (Avg: 0.4677) Dice: 0.6837 (Avg: 0.6212) IoU: 0.5457 (Avg: 0.4864)
Train Epoch: [26][129/138] Total Loss: 0.3701 (Avg: 0.4670) Dice: 0.7151 (Avg: 0.6220) IoU: 0.5766 (Avg: 0.4871)
Train Epoch: [26][130/138] Total Loss: 0.3813 (Avg: 0.4663) Dice: 0.7208 (Avg: 0.6227) IoU: 0.5690 (Avg: 0.4877)
Train Epoch: [26][131/138] Total Loss: 0.4581 (Avg: 0.4663) Dice: 0.6738 (Avg: 0.6231) IoU: 0.5158 (Avg: 0.4879)
Train Epoch: [26][132/138] Total Loss: 0.4211 (Avg: 0.4659) Dice: 0.6525 (Avg: 0.6233) IoU: 0.5354 (Avg: 0.4883)
Train Epoch: [26][133/138] Total Loss: 0.3756 (Avg: 0.4652) Dice: 0.7026 (Avg: 0.6239) IoU: 0.5500 (Avg: 0.4888)
Train Epoch: [26][134/138] Total Loss: 0.3529 (Avg: 0.4644) Dice: 0.7504 (Avg: 0.6249) IoU: 0.6263 (Avg: 0.4898)
Train Epoch: [26][135/138] Total Loss: 0.3859 (Avg: 0.4638) Dice: 0.6839 (Avg: 0.6253) IoU: 0.5336 (Avg: 0.4901)
Train Epoch: [26][136/138] Total Loss: 0.4675 (Avg: 0.4639) Dice: 0.6114 (Avg: 0.6252) IoU: 0.4510 (Avg: 0.4898)
Train Epoch: [26][137/138] Total Loss: 0.2861 (Avg: 0.4626) Dice: 0.8197 (Avg: 0.6266) IoU: 0.7046 (Avg: 0.4914)
Train Epoch: [26][138/138] Total Loss: 0.3467 (Avg: 0.4598) Dice: 0.5975 (Avg: 0.6232) IoU: 0.4261 (Avg: 0.4886)
Validation Epoch: [26] Avg Loss: 0.3764 Avg Dice: 0.5673 Avg IoU: 0.4391

========= Epoch [27/50] =========
Train Epoch: [27][1/138] Total Loss: 0.3118 (Avg: 0.3118) Dice: 0.7857 (Avg: 0.7857) IoU: 0.6562 (Avg: 0.6562)
Train Epoch: [27][2/138] Total Loss: 0.5113 (Avg: 0.4116) Dice: 0.5960 (Avg: 0.6909) IoU: 0.4712 (Avg: 0.5637)
Train Epoch: [27][3/138] Total Loss: 0.2693 (Avg: 0.3641) Dice: 0.8325 (Avg: 0.7381) IoU: 0.7154 (Avg: 0.6143)
Train Epoch: [27][4/138] Total Loss: 0.3356 (Avg: 0.3570) Dice: 0.7593 (Avg: 0.7434) IoU: 0.6188 (Avg: 0.6154)
Train Epoch: [27][5/138] Total Loss: 0.3975 (Avg: 0.3651) Dice: 0.7255 (Avg: 0.7398) IoU: 0.5753 (Avg: 0.6074)
Train Epoch: [27][6/138] Total Loss: 0.5218 (Avg: 0.3912) Dice: 0.5350 (Avg: 0.7057) IoU: 0.3934 (Avg: 0.5717)
Train Epoch: [27][7/138] Total Loss: 0.7026 (Avg: 0.4357) Dice: 0.3818 (Avg: 0.6594) IoU: 0.2684 (Avg: 0.5284)
Train Epoch: [27][8/138] Total Loss: 0.3341 (Avg: 0.4230) Dice: 0.7617 (Avg: 0.6722) IoU: 0.6286 (Avg: 0.5409)
Train Epoch: [27][9/138] Total Loss: 0.5155 (Avg: 0.4333) Dice: 0.5983 (Avg: 0.6640) IoU: 0.4648 (Avg: 0.5325)
Train Epoch: [27][10/138] Total Loss: 0.3901 (Avg: 0.4290) Dice: 0.6832 (Avg: 0.6659) IoU: 0.5293 (Avg: 0.5321)
Train Epoch: [27][11/138] Total Loss: 0.4053 (Avg: 0.4268) Dice: 0.7238 (Avg: 0.6712) IoU: 0.5844 (Avg: 0.5369)
Train Epoch: [27][12/138] Total Loss: 0.4874 (Avg: 0.4319) Dice: 0.5801 (Avg: 0.6636) IoU: 0.4112 (Avg: 0.5264)
Train Epoch: [27][13/138] Total Loss: 0.3911 (Avg: 0.4287) Dice: 0.7017 (Avg: 0.6665) IoU: 0.5578 (Avg: 0.5288)
Train Epoch: [27][14/138] Total Loss: 0.5262 (Avg: 0.4357) Dice: 0.5766 (Avg: 0.6601) IoU: 0.4484 (Avg: 0.5231)
Train Epoch: [27][15/138] Total Loss: 0.4128 (Avg: 0.4342) Dice: 0.6608 (Avg: 0.6601) IoU: 0.5057 (Avg: 0.5219)
Train Epoch: [27][16/138] Total Loss: 0.3675 (Avg: 0.4300) Dice: 0.6996 (Avg: 0.6626) IoU: 0.5690 (Avg: 0.5249)
Train Epoch: [27][17/138] Total Loss: 0.5417 (Avg: 0.4366) Dice: 0.4728 (Avg: 0.6514) IoU: 0.3465 (Avg: 0.5144)
Train Epoch: [27][18/138] Total Loss: 0.5070 (Avg: 0.4405) Dice: 0.5695 (Avg: 0.6469) IoU: 0.4206 (Avg: 0.5092)
Train Epoch: [27][19/138] Total Loss: 0.3952 (Avg: 0.4381) Dice: 0.6886 (Avg: 0.6491) IoU: 0.5335 (Avg: 0.5105)
Train Epoch: [27][20/138] Total Loss: 0.5318 (Avg: 0.4428) Dice: 0.5723 (Avg: 0.6453) IoU: 0.4657 (Avg: 0.5082)
Train Epoch: [27][21/138] Total Loss: 0.4908 (Avg: 0.4451) Dice: 0.5775 (Avg: 0.6420) IoU: 0.4247 (Avg: 0.5042)
Train Epoch: [27][22/138] Total Loss: 0.4375 (Avg: 0.4447) Dice: 0.6489 (Avg: 0.6423) IoU: 0.4957 (Avg: 0.5039)
Train Epoch: [27][23/138] Total Loss: 0.3818 (Avg: 0.4420) Dice: 0.6970 (Avg: 0.6447) IoU: 0.5421 (Avg: 0.5055)
Train Epoch: [27][24/138] Total Loss: 0.5549 (Avg: 0.4467) Dice: 0.5472 (Avg: 0.6407) IoU: 0.4311 (Avg: 0.5024)
Train Epoch: [27][25/138] Total Loss: 0.4766 (Avg: 0.4479) Dice: 0.6216 (Avg: 0.6399) IoU: 0.4627 (Avg: 0.5008)
Train Epoch: [27][26/138] Total Loss: 0.6531 (Avg: 0.4558) Dice: 0.4533 (Avg: 0.6327) IoU: 0.3386 (Avg: 0.4946)
Train Epoch: [27][27/138] Total Loss: 0.4328 (Avg: 0.4549) Dice: 0.6589 (Avg: 0.6337) IoU: 0.5170 (Avg: 0.4954)
Train Epoch: [27][28/138] Total Loss: 0.3576 (Avg: 0.4515) Dice: 0.7594 (Avg: 0.6382) IoU: 0.6256 (Avg: 0.5001)
Train Epoch: [27][29/138] Total Loss: 0.4988 (Avg: 0.4531) Dice: 0.6101 (Avg: 0.6372) IoU: 0.4742 (Avg: 0.4992)
Train Epoch: [27][30/138] Total Loss: 0.4651 (Avg: 0.4535) Dice: 0.6819 (Avg: 0.6387) IoU: 0.5498 (Avg: 0.5009)
Train Epoch: [27][31/138] Total Loss: 0.5354 (Avg: 0.4561) Dice: 0.5638 (Avg: 0.6363) IoU: 0.4219 (Avg: 0.4983)
Train Epoch: [27][32/138] Total Loss: 0.3992 (Avg: 0.4544) Dice: 0.6938 (Avg: 0.6381) IoU: 0.5569 (Avg: 0.5001)
Train Epoch: [27][33/138] Total Loss: 0.3765 (Avg: 0.4520) Dice: 0.7205 (Avg: 0.6406) IoU: 0.5734 (Avg: 0.5024)
Train Epoch: [27][34/138] Total Loss: 0.5431 (Avg: 0.4547) Dice: 0.5371 (Avg: 0.6375) IoU: 0.4275 (Avg: 0.5002)
Train Epoch: [27][35/138] Total Loss: 0.3367 (Avg: 0.4513) Dice: 0.7617 (Avg: 0.6411) IoU: 0.6259 (Avg: 0.5038)
Train Epoch: [27][36/138] Total Loss: 0.4542 (Avg: 0.4514) Dice: 0.6318 (Avg: 0.6408) IoU: 0.4960 (Avg: 0.5035)
Train Epoch: [27][37/138] Total Loss: 0.4286 (Avg: 0.4508) Dice: 0.6499 (Avg: 0.6411) IoU: 0.5117 (Avg: 0.5038)
Train Epoch: [27][38/138] Total Loss: 0.4548 (Avg: 0.4509) Dice: 0.6446 (Avg: 0.6412) IoU: 0.5020 (Avg: 0.5037)
Train Epoch: [27][39/138] Total Loss: 0.5257 (Avg: 0.4528) Dice: 0.5432 (Avg: 0.6386) IoU: 0.3816 (Avg: 0.5006)
Train Epoch: [27][40/138] Total Loss: 0.5666 (Avg: 0.4556) Dice: 0.4976 (Avg: 0.6351) IoU: 0.3840 (Avg: 0.4977)
Train Epoch: [27][41/138] Total Loss: 0.3055 (Avg: 0.4520) Dice: 0.7837 (Avg: 0.6387) IoU: 0.6523 (Avg: 0.5014)
Train Epoch: [27][42/138] Total Loss: 0.4789 (Avg: 0.4526) Dice: 0.5937 (Avg: 0.6377) IoU: 0.4275 (Avg: 0.4997)
Train Epoch: [27][43/138] Total Loss: 0.3759 (Avg: 0.4508) Dice: 0.7105 (Avg: 0.6394) IoU: 0.5590 (Avg: 0.5011)
Train Epoch: [27][44/138] Total Loss: 0.5722 (Avg: 0.4536) Dice: 0.5395 (Avg: 0.6371) IoU: 0.4217 (Avg: 0.4993)
Train Epoch: [27][45/138] Total Loss: 0.5354 (Avg: 0.4554) Dice: 0.5687 (Avg: 0.6356) IoU: 0.4303 (Avg: 0.4977)
Train Epoch: [27][46/138] Total Loss: 0.4356 (Avg: 0.4550) Dice: 0.6479 (Avg: 0.6358) IoU: 0.4802 (Avg: 0.4973)
Train Epoch: [27][47/138] Total Loss: 0.2968 (Avg: 0.4516) Dice: 0.8086 (Avg: 0.6395) IoU: 0.6862 (Avg: 0.5014)
Train Epoch: [27][48/138] Total Loss: 0.3869 (Avg: 0.4503) Dice: 0.7017 (Avg: 0.6408) IoU: 0.5486 (Avg: 0.5023)
Train Epoch: [27][49/138] Total Loss: 0.3867 (Avg: 0.4490) Dice: 0.7094 (Avg: 0.6422) IoU: 0.5614 (Avg: 0.5036)
Train Epoch: [27][50/138] Total Loss: 0.5122 (Avg: 0.4502) Dice: 0.5918 (Avg: 0.6412) IoU: 0.4817 (Avg: 0.5031)
Train Epoch: [27][51/138] Total Loss: 0.4054 (Avg: 0.4494) Dice: 0.6776 (Avg: 0.6419) IoU: 0.5523 (Avg: 0.5041)
Train Epoch: [27][52/138] Total Loss: 0.5684 (Avg: 0.4516) Dice: 0.5303 (Avg: 0.6398) IoU: 0.4226 (Avg: 0.5025)
Train Epoch: [27][53/138] Total Loss: 0.5791 (Avg: 0.4540) Dice: 0.5298 (Avg: 0.6377) IoU: 0.4231 (Avg: 0.5010)
Train Epoch: [27][54/138] Total Loss: 0.3700 (Avg: 0.4525) Dice: 0.7159 (Avg: 0.6392) IoU: 0.5711 (Avg: 0.5023)
Train Epoch: [27][55/138] Total Loss: 0.4869 (Avg: 0.4531) Dice: 0.5790 (Avg: 0.6381) IoU: 0.4444 (Avg: 0.5013)
Train Epoch: [27][56/138] Total Loss: 0.3703 (Avg: 0.4516) Dice: 0.7084 (Avg: 0.6393) IoU: 0.5686 (Avg: 0.5025)
Train Epoch: [27][57/138] Total Loss: 0.2702 (Avg: 0.4485) Dice: 0.8378 (Avg: 0.6428) IoU: 0.7230 (Avg: 0.5063)
Train Epoch: [27][58/138] Total Loss: 0.5790 (Avg: 0.4507) Dice: 0.4851 (Avg: 0.6401) IoU: 0.3647 (Avg: 0.5039)
Train Epoch: [27][59/138] Total Loss: 0.3414 (Avg: 0.4489) Dice: 0.7513 (Avg: 0.6420) IoU: 0.6227 (Avg: 0.5059)
Train Epoch: [27][60/138] Total Loss: 0.6615 (Avg: 0.4524) Dice: 0.4065 (Avg: 0.6380) IoU: 0.2832 (Avg: 0.5022)
Train Epoch: [27][61/138] Total Loss: 0.2951 (Avg: 0.4498) Dice: 0.8006 (Avg: 0.6407) IoU: 0.6728 (Avg: 0.5050)
Train Epoch: [27][62/138] Total Loss: 0.4997 (Avg: 0.4506) Dice: 0.5776 (Avg: 0.6397) IoU: 0.4485 (Avg: 0.5041)
Train Epoch: [27][63/138] Total Loss: 0.2792 (Avg: 0.4479) Dice: 0.8326 (Avg: 0.6428) IoU: 0.7195 (Avg: 0.5075)
Train Epoch: [27][64/138] Total Loss: 0.3076 (Avg: 0.4457) Dice: 0.7843 (Avg: 0.6450) IoU: 0.6664 (Avg: 0.5100)
Train Epoch: [27][65/138] Total Loss: 0.3076 (Avg: 0.4436) Dice: 0.7983 (Avg: 0.6473) IoU: 0.6722 (Avg: 0.5125)
Train Epoch: [27][66/138] Total Loss: 0.2945 (Avg: 0.4413) Dice: 0.8153 (Avg: 0.6499) IoU: 0.6923 (Avg: 0.5152)
Train Epoch: [27][67/138] Total Loss: 0.4658 (Avg: 0.4417) Dice: 0.5896 (Avg: 0.6490) IoU: 0.4461 (Avg: 0.5142)
Train Epoch: [27][68/138] Total Loss: 0.5033 (Avg: 0.4426) Dice: 0.5739 (Avg: 0.6479) IoU: 0.4128 (Avg: 0.5127)
Train Epoch: [27][69/138] Total Loss: 0.2774 (Avg: 0.4402) Dice: 0.8367 (Avg: 0.6506) IoU: 0.7215 (Avg: 0.5157)
Train Epoch: [27][70/138] Total Loss: 0.3729 (Avg: 0.4392) Dice: 0.7354 (Avg: 0.6518) IoU: 0.5989 (Avg: 0.5169)
Train Epoch: [27][71/138] Total Loss: 0.6278 (Avg: 0.4419) Dice: 0.4288 (Avg: 0.6487) IoU: 0.3765 (Avg: 0.5149)
Train Epoch: [27][72/138] Total Loss: 0.4447 (Avg: 0.4419) Dice: 0.6443 (Avg: 0.6486) IoU: 0.4935 (Avg: 0.5146)
Train Epoch: [27][73/138] Total Loss: 0.4476 (Avg: 0.4420) Dice: 0.6656 (Avg: 0.6488) IoU: 0.5103 (Avg: 0.5146)
Train Epoch: [27][74/138] Total Loss: 0.6211 (Avg: 0.4444) Dice: 0.4569 (Avg: 0.6463) IoU: 0.3401 (Avg: 0.5122)
Train Epoch: [27][75/138] Total Loss: 0.5158 (Avg: 0.4454) Dice: 0.5556 (Avg: 0.6450) IoU: 0.4264 (Avg: 0.5111)
Train Epoch: [27][76/138] Total Loss: 0.4145 (Avg: 0.4450) Dice: 0.6973 (Avg: 0.6457) IoU: 0.5416 (Avg: 0.5115)
Train Epoch: [27][77/138] Total Loss: 0.6166 (Avg: 0.4472) Dice: 0.4894 (Avg: 0.6437) IoU: 0.3865 (Avg: 0.5098)
Train Epoch: [27][78/138] Total Loss: 0.5141 (Avg: 0.4481) Dice: 0.5924 (Avg: 0.6430) IoU: 0.4816 (Avg: 0.5095)
Train Epoch: [27][79/138] Total Loss: 0.4855 (Avg: 0.4485) Dice: 0.7265 (Avg: 0.6441) IoU: 0.5832 (Avg: 0.5104)
Train Epoch: [27][80/138] Total Loss: 0.6213 (Avg: 0.4507) Dice: 0.4367 (Avg: 0.6415) IoU: 0.2993 (Avg: 0.5078)
Train Epoch: [27][81/138] Total Loss: 0.4728 (Avg: 0.4510) Dice: 0.6148 (Avg: 0.6412) IoU: 0.4508 (Avg: 0.5071)
Train Epoch: [27][82/138] Total Loss: 0.5005 (Avg: 0.4516) Dice: 0.6035 (Avg: 0.6407) IoU: 0.5052 (Avg: 0.5070)
Train Epoch: [27][83/138] Total Loss: 0.4242 (Avg: 0.4512) Dice: 0.6475 (Avg: 0.6408) IoU: 0.4879 (Avg: 0.5068)
Train Epoch: [27][84/138] Total Loss: 0.3961 (Avg: 0.4506) Dice: 0.6867 (Avg: 0.6413) IoU: 0.5352 (Avg: 0.5072)
Train Epoch: [27][85/138] Total Loss: 0.8340 (Avg: 0.4551) Dice: 0.3138 (Avg: 0.6375) IoU: 0.2345 (Avg: 0.5039)
Train Epoch: [27][86/138] Total Loss: 0.5007 (Avg: 0.4556) Dice: 0.6058 (Avg: 0.6371) IoU: 0.4446 (Avg: 0.5033)
Train Epoch: [27][87/138] Total Loss: 0.6324 (Avg: 0.4577) Dice: 0.4715 (Avg: 0.6352) IoU: 0.3775 (Avg: 0.5018)
Train Epoch: [27][88/138] Total Loss: 0.4402 (Avg: 0.4575) Dice: 0.6530 (Avg: 0.6354) IoU: 0.5080 (Avg: 0.5019)
Train Epoch: [27][89/138] Total Loss: 0.3151 (Avg: 0.4559) Dice: 0.7760 (Avg: 0.6370) IoU: 0.6365 (Avg: 0.5034)
Train Epoch: [27][90/138] Total Loss: 0.4140 (Avg: 0.4554) Dice: 0.6764 (Avg: 0.6374) IoU: 0.5193 (Avg: 0.5036)
Train Epoch: [27][91/138] Total Loss: 0.3389 (Avg: 0.4541) Dice: 0.7541 (Avg: 0.6387) IoU: 0.6090 (Avg: 0.5047)
Train Epoch: [27][92/138] Total Loss: 0.2845 (Avg: 0.4523) Dice: 0.8047 (Avg: 0.6405) IoU: 0.6796 (Avg: 0.5066)
Train Epoch: [27][93/138] Total Loss: 0.6813 (Avg: 0.4547) Dice: 0.4261 (Avg: 0.6382) IoU: 0.3233 (Avg: 0.5047)
Train Epoch: [27][94/138] Total Loss: 0.4289 (Avg: 0.4545) Dice: 0.6510 (Avg: 0.6384) IoU: 0.4850 (Avg: 0.5044)
Train Epoch: [27][95/138] Total Loss: 0.6182 (Avg: 0.4562) Dice: 0.4623 (Avg: 0.6365) IoU: 0.3395 (Avg: 0.5027)
Train Epoch: [27][96/138] Total Loss: 0.4038 (Avg: 0.4556) Dice: 0.6759 (Avg: 0.6369) IoU: 0.5157 (Avg: 0.5028)
Train Epoch: [27][97/138] Total Loss: 0.4159 (Avg: 0.4552) Dice: 0.6822 (Avg: 0.6374) IoU: 0.5274 (Avg: 0.5031)
Train Epoch: [27][98/138] Total Loss: 0.4341 (Avg: 0.4550) Dice: 0.6350 (Avg: 0.6374) IoU: 0.4788 (Avg: 0.5029)
Train Epoch: [27][99/138] Total Loss: 0.2855 (Avg: 0.4533) Dice: 0.8175 (Avg: 0.6392) IoU: 0.6987 (Avg: 0.5048)
Train Epoch: [27][100/138] Total Loss: 0.7598 (Avg: 0.4564) Dice: 0.3086 (Avg: 0.6359) IoU: 0.2121 (Avg: 0.5019)
Train Epoch: [27][101/138] Total Loss: 0.5314 (Avg: 0.4571) Dice: 0.5353 (Avg: 0.6349) IoU: 0.4191 (Avg: 0.5011)
Train Epoch: [27][102/138] Total Loss: 0.3942 (Avg: 0.4565) Dice: 0.6738 (Avg: 0.6353) IoU: 0.5200 (Avg: 0.5013)
Train Epoch: [27][103/138] Total Loss: 0.4086 (Avg: 0.4560) Dice: 0.6770 (Avg: 0.6357) IoU: 0.5159 (Avg: 0.5014)
Train Epoch: [27][104/138] Total Loss: 0.5767 (Avg: 0.4572) Dice: 0.4823 (Avg: 0.6342) IoU: 0.3524 (Avg: 0.5000)
Train Epoch: [27][105/138] Total Loss: 0.3004 (Avg: 0.4557) Dice: 0.7951 (Avg: 0.6357) IoU: 0.6655 (Avg: 0.5016)
Train Epoch: [27][106/138] Total Loss: 0.4619 (Avg: 0.4558) Dice: 0.6377 (Avg: 0.6357) IoU: 0.4789 (Avg: 0.5013)
Train Epoch: [27][107/138] Total Loss: 0.5079 (Avg: 0.4562) Dice: 0.5838 (Avg: 0.6353) IoU: 0.4271 (Avg: 0.5006)
Train Epoch: [27][108/138] Total Loss: 0.3216 (Avg: 0.4550) Dice: 0.7659 (Avg: 0.6365) IoU: 0.6244 (Avg: 0.5018)
Train Epoch: [27][109/138] Total Loss: 0.3360 (Avg: 0.4539) Dice: 0.7637 (Avg: 0.6376) IoU: 0.6202 (Avg: 0.5029)
Train Epoch: [27][110/138] Total Loss: 0.5467 (Avg: 0.4547) Dice: 0.5054 (Avg: 0.6364) IoU: 0.3649 (Avg: 0.5016)
Train Epoch: [27][111/138] Total Loss: 0.4576 (Avg: 0.4548) Dice: 0.6239 (Avg: 0.6363) IoU: 0.4589 (Avg: 0.5012)
Train Epoch: [27][112/138] Total Loss: 0.5241 (Avg: 0.4554) Dice: 0.5002 (Avg: 0.6351) IoU: 0.3693 (Avg: 0.5001)
Train Epoch: [27][113/138] Total Loss: 0.5153 (Avg: 0.4559) Dice: 0.5620 (Avg: 0.6345) IoU: 0.3917 (Avg: 0.4991)
Train Epoch: [27][114/138] Total Loss: 0.6348 (Avg: 0.4575) Dice: 0.4606 (Avg: 0.6329) IoU: 0.3333 (Avg: 0.4976)
Train Epoch: [27][115/138] Total Loss: 0.7215 (Avg: 0.4598) Dice: 0.3551 (Avg: 0.6305) IoU: 0.2372 (Avg: 0.4954)
Train Epoch: [27][116/138] Total Loss: 0.5238 (Avg: 0.4603) Dice: 0.5909 (Avg: 0.6302) IoU: 0.4772 (Avg: 0.4952)
Train Epoch: [27][117/138] Total Loss: 0.3034 (Avg: 0.4590) Dice: 0.8052 (Avg: 0.6317) IoU: 0.6775 (Avg: 0.4968)
Train Epoch: [27][118/138] Total Loss: 0.3832 (Avg: 0.4584) Dice: 0.7016 (Avg: 0.6323) IoU: 0.5561 (Avg: 0.4973)
Train Epoch: [27][119/138] Total Loss: 0.5224 (Avg: 0.4589) Dice: 0.5406 (Avg: 0.6315) IoU: 0.4140 (Avg: 0.4966)
Train Epoch: [27][120/138] Total Loss: 0.4507 (Avg: 0.4588) Dice: 0.6354 (Avg: 0.6315) IoU: 0.4884 (Avg: 0.4965)
Train Epoch: [27][121/138] Total Loss: 0.4984 (Avg: 0.4592) Dice: 0.5823 (Avg: 0.6311) IoU: 0.4508 (Avg: 0.4961)
Train Epoch: [27][122/138] Total Loss: 0.4199 (Avg: 0.4588) Dice: 0.6633 (Avg: 0.6314) IoU: 0.5051 (Avg: 0.4962)
Train Epoch: [27][123/138] Total Loss: 0.5041 (Avg: 0.4592) Dice: 0.5795 (Avg: 0.6310) IoU: 0.4272 (Avg: 0.4957)
Train Epoch: [27][124/138] Total Loss: 0.6013 (Avg: 0.4603) Dice: 0.4709 (Avg: 0.6297) IoU: 0.3219 (Avg: 0.4943)
Train Epoch: [27][125/138] Total Loss: 0.4498 (Avg: 0.4603) Dice: 0.6264 (Avg: 0.6296) IoU: 0.4975 (Avg: 0.4943)
Train Epoch: [27][126/138] Total Loss: 0.5772 (Avg: 0.4612) Dice: 0.5272 (Avg: 0.6288) IoU: 0.4002 (Avg: 0.4935)
Train Epoch: [27][127/138] Total Loss: 0.4173 (Avg: 0.4608) Dice: 0.6880 (Avg: 0.6293) IoU: 0.5528 (Avg: 0.4940)
Train Epoch: [27][128/138] Total Loss: 0.7153 (Avg: 0.4628) Dice: 0.3756 (Avg: 0.6273) IoU: 0.2373 (Avg: 0.4920)
Train Epoch: [27][129/138] Total Loss: 0.5100 (Avg: 0.4632) Dice: 0.5838 (Avg: 0.6270) IoU: 0.4408 (Avg: 0.4916)
Train Epoch: [27][130/138] Total Loss: 0.3972 (Avg: 0.4627) Dice: 0.6664 (Avg: 0.6273) IoU: 0.5293 (Avg: 0.4919)
Train Epoch: [27][131/138] Total Loss: 0.5833 (Avg: 0.4636) Dice: 0.4845 (Avg: 0.6262) IoU: 0.3588 (Avg: 0.4909)
Train Epoch: [27][132/138] Total Loss: 0.3542 (Avg: 0.4628) Dice: 0.7538 (Avg: 0.6272) IoU: 0.6105 (Avg: 0.4918)
Train Epoch: [27][133/138] Total Loss: 0.4366 (Avg: 0.4626) Dice: 0.6343 (Avg: 0.6272) IoU: 0.4684 (Avg: 0.4916)
Train Epoch: [27][134/138] Total Loss: 0.6696 (Avg: 0.4641) Dice: 0.4327 (Avg: 0.6258) IoU: 0.3273 (Avg: 0.4904)
Train Epoch: [27][135/138] Total Loss: 0.5044 (Avg: 0.4644) Dice: 0.5696 (Avg: 0.6253) IoU: 0.4191 (Avg: 0.4898)
Train Epoch: [27][136/138] Total Loss: 0.4383 (Avg: 0.4642) Dice: 0.6499 (Avg: 0.6255) IoU: 0.4965 (Avg: 0.4899)
Train Epoch: [27][137/138] Total Loss: 0.3778 (Avg: 0.4636) Dice: 0.7242 (Avg: 0.6262) IoU: 0.5959 (Avg: 0.4907)
Train Epoch: [27][138/138] Total Loss: 0.1813 (Avg: 0.4606) Dice: 0.8182 (Avg: 0.6232) IoU: 0.6923 (Avg: 0.4884)
Validation Epoch: [27] Avg Loss: 0.3740 Avg Dice: 0.5652 Avg IoU: 0.4353

========= Epoch [28/50] =========
Train Epoch: [28][1/138] Total Loss: 0.4088 (Avg: 0.4088) Dice: 0.6824 (Avg: 0.6824) IoU: 0.5243 (Avg: 0.5243)
Train Epoch: [28][2/138] Total Loss: 0.3165 (Avg: 0.3626) Dice: 0.7737 (Avg: 0.7281) IoU: 0.6356 (Avg: 0.5799)
Train Epoch: [28][3/138] Total Loss: 0.5069 (Avg: 0.4107) Dice: 0.5656 (Avg: 0.6739) IoU: 0.4120 (Avg: 0.5240)
Train Epoch: [28][4/138] Total Loss: 0.3888 (Avg: 0.4052) Dice: 0.6850 (Avg: 0.6767) IoU: 0.5216 (Avg: 0.5234)
Train Epoch: [28][5/138] Total Loss: 0.3975 (Avg: 0.4037) Dice: 0.6911 (Avg: 0.6795) IoU: 0.5407 (Avg: 0.5268)
Train Epoch: [28][6/138] Total Loss: 0.3444 (Avg: 0.3938) Dice: 0.7556 (Avg: 0.6922) IoU: 0.6201 (Avg: 0.5424)
Train Epoch: [28][7/138] Total Loss: 0.3955 (Avg: 0.3941) Dice: 0.7031 (Avg: 0.6938) IoU: 0.5623 (Avg: 0.5452)
Train Epoch: [28][8/138] Total Loss: 0.6678 (Avg: 0.4283) Dice: 0.3956 (Avg: 0.6565) IoU: 0.3202 (Avg: 0.5171)
Train Epoch: [28][9/138] Total Loss: 0.4695 (Avg: 0.4329) Dice: 0.6380 (Avg: 0.6545) IoU: 0.5204 (Avg: 0.5175)
Train Epoch: [28][10/138] Total Loss: 0.4019 (Avg: 0.4298) Dice: 0.6402 (Avg: 0.6530) IoU: 0.4954 (Avg: 0.5153)
Train Epoch: [28][11/138] Total Loss: 0.3115 (Avg: 0.4190) Dice: 0.7786 (Avg: 0.6644) IoU: 0.6421 (Avg: 0.5268)
Train Epoch: [28][12/138] Total Loss: 0.4327 (Avg: 0.4202) Dice: 0.6375 (Avg: 0.6622) IoU: 0.4795 (Avg: 0.5229)
Train Epoch: [28][13/138] Total Loss: 0.6745 (Avg: 0.4397) Dice: 0.4044 (Avg: 0.6424) IoU: 0.2796 (Avg: 0.5041)
Train Epoch: [28][14/138] Total Loss: 0.4038 (Avg: 0.4372) Dice: 0.6828 (Avg: 0.6453) IoU: 0.5348 (Avg: 0.5063)
Train Epoch: [28][15/138] Total Loss: 0.6441 (Avg: 0.4509) Dice: 0.4438 (Avg: 0.6318) IoU: 0.3247 (Avg: 0.4942)
Train Epoch: [28][16/138] Total Loss: 0.6164 (Avg: 0.4613) Dice: 0.4685 (Avg: 0.6216) IoU: 0.3369 (Avg: 0.4844)
Train Epoch: [28][17/138] Total Loss: 0.3878 (Avg: 0.4570) Dice: 0.6980 (Avg: 0.6261) IoU: 0.5575 (Avg: 0.4887)
Train Epoch: [28][18/138] Total Loss: 0.3120 (Avg: 0.4489) Dice: 0.7818 (Avg: 0.6348) IoU: 0.6479 (Avg: 0.4975)
Train Epoch: [28][19/138] Total Loss: 0.7097 (Avg: 0.4626) Dice: 0.3477 (Avg: 0.6197) IoU: 0.2802 (Avg: 0.4861)
Train Epoch: [28][20/138] Total Loss: 0.3371 (Avg: 0.4564) Dice: 0.7560 (Avg: 0.6265) IoU: 0.6206 (Avg: 0.4928)
Train Epoch: [28][21/138] Total Loss: 0.4244 (Avg: 0.4548) Dice: 0.6184 (Avg: 0.6261) IoU: 0.4781 (Avg: 0.4921)
Train Epoch: [28][22/138] Total Loss: 0.2866 (Avg: 0.4472) Dice: 0.8148 (Avg: 0.6347) IoU: 0.6949 (Avg: 0.5013)
Train Epoch: [28][23/138] Total Loss: 0.6691 (Avg: 0.4568) Dice: 0.4265 (Avg: 0.6256) IoU: 0.3102 (Avg: 0.4930)
Train Epoch: [28][24/138] Total Loss: 0.3709 (Avg: 0.4533) Dice: 0.7838 (Avg: 0.6322) IoU: 0.6654 (Avg: 0.5002)
Train Epoch: [28][25/138] Total Loss: 0.4749 (Avg: 0.4541) Dice: 0.6138 (Avg: 0.6315) IoU: 0.4882 (Avg: 0.4997)
Train Epoch: [28][26/138] Total Loss: 0.5332 (Avg: 0.4572) Dice: 0.4811 (Avg: 0.6257) IoU: 0.4065 (Avg: 0.4961)
Train Epoch: [28][27/138] Total Loss: 0.5470 (Avg: 0.4605) Dice: 0.5287 (Avg: 0.6221) IoU: 0.3979 (Avg: 0.4925)
Train Epoch: [28][28/138] Total Loss: 0.3803 (Avg: 0.4576) Dice: 0.7139 (Avg: 0.6254) IoU: 0.5713 (Avg: 0.4953)
Train Epoch: [28][29/138] Total Loss: 0.4534 (Avg: 0.4575) Dice: 0.6105 (Avg: 0.6249) IoU: 0.5009 (Avg: 0.4955)
Train Epoch: [28][30/138] Total Loss: 0.6269 (Avg: 0.4631) Dice: 0.5114 (Avg: 0.6211) IoU: 0.3849 (Avg: 0.4918)
Train Epoch: [28][31/138] Total Loss: 0.5863 (Avg: 0.4671) Dice: 0.5100 (Avg: 0.6175) IoU: 0.3959 (Avg: 0.4887)
Train Epoch: [28][32/138] Total Loss: 0.3689 (Avg: 0.4640) Dice: 0.7124 (Avg: 0.6205) IoU: 0.5669 (Avg: 0.4912)
Train Epoch: [28][33/138] Total Loss: 0.6400 (Avg: 0.4694) Dice: 0.4407 (Avg: 0.6150) IoU: 0.3651 (Avg: 0.4874)
Train Epoch: [28][34/138] Total Loss: 0.3739 (Avg: 0.4666) Dice: 0.7108 (Avg: 0.6178) IoU: 0.5524 (Avg: 0.4893)
Train Epoch: [28][35/138] Total Loss: 0.4257 (Avg: 0.4654) Dice: 0.6430 (Avg: 0.6185) IoU: 0.4856 (Avg: 0.4892)
Train Epoch: [28][36/138] Total Loss: 0.4685 (Avg: 0.4655) Dice: 0.6137 (Avg: 0.6184) IoU: 0.4700 (Avg: 0.4886)
Train Epoch: [28][37/138] Total Loss: 0.3848 (Avg: 0.4633) Dice: 0.6753 (Avg: 0.6199) IoU: 0.5397 (Avg: 0.4900)
Train Epoch: [28][38/138] Total Loss: 0.5387 (Avg: 0.4653) Dice: 0.5506 (Avg: 0.6181) IoU: 0.3861 (Avg: 0.4873)
Train Epoch: [28][39/138] Total Loss: 0.6792 (Avg: 0.4708) Dice: 0.3825 (Avg: 0.6121) IoU: 0.2585 (Avg: 0.4814)
Train Epoch: [28][40/138] Total Loss: 0.6017 (Avg: 0.4740) Dice: 0.4247 (Avg: 0.6074) IoU: 0.3131 (Avg: 0.4772)
Train Epoch: [28][41/138] Total Loss: 0.2998 (Avg: 0.4698) Dice: 0.8145 (Avg: 0.6124) IoU: 0.7012 (Avg: 0.4827)
Train Epoch: [28][42/138] Total Loss: 0.4626 (Avg: 0.4696) Dice: 0.5909 (Avg: 0.6119) IoU: 0.4984 (Avg: 0.4830)
Train Epoch: [28][43/138] Total Loss: 0.5960 (Avg: 0.4726) Dice: 0.4800 (Avg: 0.6089) IoU: 0.3825 (Avg: 0.4807)
Train Epoch: [28][44/138] Total Loss: 0.2796 (Avg: 0.4682) Dice: 0.8308 (Avg: 0.6139) IoU: 0.7131 (Avg: 0.4860)
Train Epoch: [28][45/138] Total Loss: 0.6232 (Avg: 0.4716) Dice: 0.4624 (Avg: 0.6105) IoU: 0.3511 (Avg: 0.4830)
Train Epoch: [28][46/138] Total Loss: 0.3287 (Avg: 0.4685) Dice: 0.8068 (Avg: 0.6148) IoU: 0.6788 (Avg: 0.4872)
Train Epoch: [28][47/138] Total Loss: 0.4707 (Avg: 0.4686) Dice: 0.6029 (Avg: 0.6146) IoU: 0.4426 (Avg: 0.4863)
Train Epoch: [28][48/138] Total Loss: 0.4271 (Avg: 0.4677) Dice: 0.6557 (Avg: 0.6154) IoU: 0.5053 (Avg: 0.4867)
Train Epoch: [28][49/138] Total Loss: 0.3623 (Avg: 0.4655) Dice: 0.7392 (Avg: 0.6179) IoU: 0.6089 (Avg: 0.4892)
Train Epoch: [28][50/138] Total Loss: 0.4487 (Avg: 0.4652) Dice: 0.6386 (Avg: 0.6184) IoU: 0.5030 (Avg: 0.4895)
Train Epoch: [28][51/138] Total Loss: 0.4012 (Avg: 0.4639) Dice: 0.6847 (Avg: 0.6197) IoU: 0.5509 (Avg: 0.4907)
Train Epoch: [28][52/138] Total Loss: 0.5503 (Avg: 0.4656) Dice: 0.5106 (Avg: 0.6176) IoU: 0.3498 (Avg: 0.4880)
Train Epoch: [28][53/138] Total Loss: 0.4444 (Avg: 0.4652) Dice: 0.6316 (Avg: 0.6178) IoU: 0.5074 (Avg: 0.4883)
Train Epoch: [28][54/138] Total Loss: 0.3447 (Avg: 0.4630) Dice: 0.7553 (Avg: 0.6204) IoU: 0.6178 (Avg: 0.4907)
Train Epoch: [28][55/138] Total Loss: 0.5581 (Avg: 0.4647) Dice: 0.5239 (Avg: 0.6186) IoU: 0.3900 (Avg: 0.4889)
Train Epoch: [28][56/138] Total Loss: 0.3759 (Avg: 0.4631) Dice: 0.6999 (Avg: 0.6201) IoU: 0.5534 (Avg: 0.4900)
Train Epoch: [28][57/138] Total Loss: 0.4070 (Avg: 0.4621) Dice: 0.6640 (Avg: 0.6208) IoU: 0.5292 (Avg: 0.4907)
Train Epoch: [28][58/138] Total Loss: 0.3189 (Avg: 0.4597) Dice: 0.7799 (Avg: 0.6236) IoU: 0.6440 (Avg: 0.4934)
Train Epoch: [28][59/138] Total Loss: 0.7463 (Avg: 0.4645) Dice: 0.3529 (Avg: 0.6190) IoU: 0.2784 (Avg: 0.4897)
Train Epoch: [28][60/138] Total Loss: 0.5622 (Avg: 0.4662) Dice: 0.4786 (Avg: 0.6166) IoU: 0.3277 (Avg: 0.4870)
Train Epoch: [28][61/138] Total Loss: 0.4761 (Avg: 0.4663) Dice: 0.6360 (Avg: 0.6170) IoU: 0.4736 (Avg: 0.4868)
Train Epoch: [28][62/138] Total Loss: 0.6351 (Avg: 0.4690) Dice: 0.4499 (Avg: 0.6143) IoU: 0.3302 (Avg: 0.4843)
Train Epoch: [28][63/138] Total Loss: 0.5851 (Avg: 0.4709) Dice: 0.5165 (Avg: 0.6127) IoU: 0.3815 (Avg: 0.4827)
Train Epoch: [28][64/138] Total Loss: 0.4530 (Avg: 0.4706) Dice: 0.5981 (Avg: 0.6125) IoU: 0.4431 (Avg: 0.4820)
Train Epoch: [28][65/138] Total Loss: 0.5016 (Avg: 0.4711) Dice: 0.5736 (Avg: 0.6119) IoU: 0.4157 (Avg: 0.4810)
Train Epoch: [28][66/138] Total Loss: 0.5215 (Avg: 0.4718) Dice: 0.5532 (Avg: 0.6110) IoU: 0.4158 (Avg: 0.4800)
Train Epoch: [28][67/138] Total Loss: 0.4908 (Avg: 0.4721) Dice: 0.5602 (Avg: 0.6102) IoU: 0.4300 (Avg: 0.4793)
Train Epoch: [28][68/138] Total Loss: 0.4081 (Avg: 0.4712) Dice: 0.6824 (Avg: 0.6113) IoU: 0.5278 (Avg: 0.4800)
Train Epoch: [28][69/138] Total Loss: 0.3774 (Avg: 0.4698) Dice: 0.6969 (Avg: 0.6125) IoU: 0.5606 (Avg: 0.4812)
Train Epoch: [28][70/138] Total Loss: 0.5050 (Avg: 0.4703) Dice: 0.5712 (Avg: 0.6120) IoU: 0.4283 (Avg: 0.4804)
Train Epoch: [28][71/138] Total Loss: 0.4147 (Avg: 0.4695) Dice: 0.6761 (Avg: 0.6129) IoU: 0.5140 (Avg: 0.4809)
Train Epoch: [28][72/138] Total Loss: 0.5281 (Avg: 0.4704) Dice: 0.5495 (Avg: 0.6120) IoU: 0.3975 (Avg: 0.4797)
Train Epoch: [28][73/138] Total Loss: 0.4004 (Avg: 0.4694) Dice: 0.6912 (Avg: 0.6131) IoU: 0.5622 (Avg: 0.4809)
Train Epoch: [28][74/138] Total Loss: 0.4702 (Avg: 0.4694) Dice: 0.6169 (Avg: 0.6131) IoU: 0.4526 (Avg: 0.4805)
Train Epoch: [28][75/138] Total Loss: 0.6414 (Avg: 0.4717) Dice: 0.4568 (Avg: 0.6110) IoU: 0.3324 (Avg: 0.4785)
Train Epoch: [28][76/138] Total Loss: 0.5665 (Avg: 0.4729) Dice: 0.5111 (Avg: 0.6097) IoU: 0.3573 (Avg: 0.4769)
Train Epoch: [28][77/138] Total Loss: 0.4099 (Avg: 0.4721) Dice: 0.6723 (Avg: 0.6105) IoU: 0.5376 (Avg: 0.4777)
Train Epoch: [28][78/138] Total Loss: 0.4499 (Avg: 0.4718) Dice: 0.6531 (Avg: 0.6111) IoU: 0.5355 (Avg: 0.4784)
Train Epoch: [28][79/138] Total Loss: 0.4326 (Avg: 0.4713) Dice: 0.6599 (Avg: 0.6117) IoU: 0.5220 (Avg: 0.4790)
Train Epoch: [28][80/138] Total Loss: 0.5916 (Avg: 0.4729) Dice: 0.5008 (Avg: 0.6103) IoU: 0.3676 (Avg: 0.4776)
Train Epoch: [28][81/138] Total Loss: 0.4946 (Avg: 0.4731) Dice: 0.5883 (Avg: 0.6100) IoU: 0.4300 (Avg: 0.4770)
Train Epoch: [28][82/138] Total Loss: 0.5542 (Avg: 0.4741) Dice: 0.4562 (Avg: 0.6082) IoU: 0.3517 (Avg: 0.4755)
Train Epoch: [28][83/138] Total Loss: 0.4069 (Avg: 0.4733) Dice: 0.6640 (Avg: 0.6088) IoU: 0.4980 (Avg: 0.4757)
Train Epoch: [28][84/138] Total Loss: 0.4758 (Avg: 0.4733) Dice: 0.6079 (Avg: 0.6088) IoU: 0.4449 (Avg: 0.4754)
Train Epoch: [28][85/138] Total Loss: 0.4168 (Avg: 0.4727) Dice: 0.6695 (Avg: 0.6095) IoU: 0.5179 (Avg: 0.4759)
Train Epoch: [28][86/138] Total Loss: 0.4137 (Avg: 0.4720) Dice: 0.6919 (Avg: 0.6105) IoU: 0.5388 (Avg: 0.4766)
Train Epoch: [28][87/138] Total Loss: 0.6147 (Avg: 0.4736) Dice: 0.4454 (Avg: 0.6086) IoU: 0.3487 (Avg: 0.4751)
Train Epoch: [28][88/138] Total Loss: 0.5348 (Avg: 0.4743) Dice: 0.5343 (Avg: 0.6077) IoU: 0.4167 (Avg: 0.4745)
Train Epoch: [28][89/138] Total Loss: 0.5261 (Avg: 0.4749) Dice: 0.5646 (Avg: 0.6073) IoU: 0.4528 (Avg: 0.4742)
Train Epoch: [28][90/138] Total Loss: 0.5004 (Avg: 0.4752) Dice: 0.5806 (Avg: 0.6070) IoU: 0.4584 (Avg: 0.4741)
Train Epoch: [28][91/138] Total Loss: 0.5619 (Avg: 0.4761) Dice: 0.5198 (Avg: 0.6060) IoU: 0.3992 (Avg: 0.4732)
Train Epoch: [28][92/138] Total Loss: 0.3394 (Avg: 0.4746) Dice: 0.7487 (Avg: 0.6076) IoU: 0.6037 (Avg: 0.4747)
Train Epoch: [28][93/138] Total Loss: 0.4809 (Avg: 0.4747) Dice: 0.5879 (Avg: 0.6074) IoU: 0.4248 (Avg: 0.4741)
Train Epoch: [28][94/138] Total Loss: 0.4460 (Avg: 0.4744) Dice: 0.6346 (Avg: 0.6076) IoU: 0.4785 (Avg: 0.4742)
Train Epoch: [28][95/138] Total Loss: 0.4216 (Avg: 0.4739) Dice: 0.6645 (Avg: 0.6082) IoU: 0.5201 (Avg: 0.4746)
Train Epoch: [28][96/138] Total Loss: 0.3965 (Avg: 0.4730) Dice: 0.6923 (Avg: 0.6091) IoU: 0.5368 (Avg: 0.4753)
Train Epoch: [28][97/138] Total Loss: 0.6329 (Avg: 0.4747) Dice: 0.4862 (Avg: 0.6078) IoU: 0.3329 (Avg: 0.4738)
Train Epoch: [28][98/138] Total Loss: 0.4863 (Avg: 0.4748) Dice: 0.5889 (Avg: 0.6077) IoU: 0.4276 (Avg: 0.4734)
Train Epoch: [28][99/138] Total Loss: 0.5147 (Avg: 0.4752) Dice: 0.5628 (Avg: 0.6072) IoU: 0.3971 (Avg: 0.4726)
Train Epoch: [28][100/138] Total Loss: 0.3450 (Avg: 0.4739) Dice: 0.7417 (Avg: 0.6085) IoU: 0.6105 (Avg: 0.4740)
Train Epoch: [28][101/138] Total Loss: 0.4452 (Avg: 0.4736) Dice: 0.6346 (Avg: 0.6088) IoU: 0.4823 (Avg: 0.4740)
Train Epoch: [28][102/138] Total Loss: 0.3811 (Avg: 0.4727) Dice: 0.7086 (Avg: 0.6098) IoU: 0.5643 (Avg: 0.4749)
Train Epoch: [28][103/138] Total Loss: 0.5613 (Avg: 0.4736) Dice: 0.5081 (Avg: 0.6088) IoU: 0.3801 (Avg: 0.4740)
Train Epoch: [28][104/138] Total Loss: 0.4517 (Avg: 0.4734) Dice: 0.6208 (Avg: 0.6089) IoU: 0.4602 (Avg: 0.4739)
Train Epoch: [28][105/138] Total Loss: 0.3785 (Avg: 0.4725) Dice: 0.7316 (Avg: 0.6101) IoU: 0.5992 (Avg: 0.4751)
Train Epoch: [28][106/138] Total Loss: 0.3980 (Avg: 0.4718) Dice: 0.6725 (Avg: 0.6107) IoU: 0.5199 (Avg: 0.4755)
Train Epoch: [28][107/138] Total Loss: 0.4388 (Avg: 0.4715) Dice: 0.6463 (Avg: 0.6110) IoU: 0.5029 (Avg: 0.4758)
Train Epoch: [28][108/138] Total Loss: 0.7484 (Avg: 0.4740) Dice: 0.3738 (Avg: 0.6088) IoU: 0.2564 (Avg: 0.4737)
Train Epoch: [28][109/138] Total Loss: 0.3278 (Avg: 0.4727) Dice: 0.7701 (Avg: 0.6103) IoU: 0.6358 (Avg: 0.4752)
Train Epoch: [28][110/138] Total Loss: 0.4944 (Avg: 0.4729) Dice: 0.5981 (Avg: 0.6102) IoU: 0.4319 (Avg: 0.4748)
Train Epoch: [28][111/138] Total Loss: 0.3274 (Avg: 0.4716) Dice: 0.7705 (Avg: 0.6116) IoU: 0.6465 (Avg: 0.4764)
Train Epoch: [28][112/138] Total Loss: 0.4752 (Avg: 0.4716) Dice: 0.6078 (Avg: 0.6116) IoU: 0.4985 (Avg: 0.4766)
Train Epoch: [28][113/138] Total Loss: 0.5790 (Avg: 0.4726) Dice: 0.4545 (Avg: 0.6102) IoU: 0.3222 (Avg: 0.4752)
Train Epoch: [28][114/138] Total Loss: 0.4867 (Avg: 0.4727) Dice: 0.6112 (Avg: 0.6102) IoU: 0.4651 (Avg: 0.4751)
Train Epoch: [28][115/138] Total Loss: 0.3810 (Avg: 0.4719) Dice: 0.7284 (Avg: 0.6112) IoU: 0.6064 (Avg: 0.4762)
Train Epoch: [28][116/138] Total Loss: 0.4192 (Avg: 0.4714) Dice: 0.6420 (Avg: 0.6115) IoU: 0.4937 (Avg: 0.4764)
Train Epoch: [28][117/138] Total Loss: 0.5597 (Avg: 0.4722) Dice: 0.5323 (Avg: 0.6108) IoU: 0.3919 (Avg: 0.4757)
Train Epoch: [28][118/138] Total Loss: 0.2593 (Avg: 0.4704) Dice: 0.8389 (Avg: 0.6128) IoU: 0.7269 (Avg: 0.4778)
Train Epoch: [28][119/138] Total Loss: 0.5419 (Avg: 0.4710) Dice: 0.4611 (Avg: 0.6115) IoU: 0.3654 (Avg: 0.4769)
Train Epoch: [28][120/138] Total Loss: 0.5557 (Avg: 0.4717) Dice: 0.5369 (Avg: 0.6109) IoU: 0.3888 (Avg: 0.4761)
Train Epoch: [28][121/138] Total Loss: 0.3714 (Avg: 0.4709) Dice: 0.7131 (Avg: 0.6117) IoU: 0.5673 (Avg: 0.4769)
Train Epoch: [28][122/138] Total Loss: 0.3952 (Avg: 0.4702) Dice: 0.6786 (Avg: 0.6122) IoU: 0.5162 (Avg: 0.4772)
Train Epoch: [28][123/138] Total Loss: 0.4350 (Avg: 0.4699) Dice: 0.6635 (Avg: 0.6127) IoU: 0.5191 (Avg: 0.4775)
Train Epoch: [28][124/138] Total Loss: 0.5347 (Avg: 0.4705) Dice: 0.5419 (Avg: 0.6121) IoU: 0.4252 (Avg: 0.4771)
Train Epoch: [28][125/138] Total Loss: 0.5463 (Avg: 0.4711) Dice: 0.5459 (Avg: 0.6116) IoU: 0.4163 (Avg: 0.4766)
Train Epoch: [28][126/138] Total Loss: 0.3748 (Avg: 0.4703) Dice: 0.7017 (Avg: 0.6123) IoU: 0.5529 (Avg: 0.4772)
Train Epoch: [28][127/138] Total Loss: 0.5064 (Avg: 0.4706) Dice: 0.5638 (Avg: 0.6119) IoU: 0.4069 (Avg: 0.4767)
Train Epoch: [28][128/138] Total Loss: 0.5934 (Avg: 0.4716) Dice: 0.4853 (Avg: 0.6109) IoU: 0.3384 (Avg: 0.4756)
Train Epoch: [28][129/138] Total Loss: 0.4141 (Avg: 0.4711) Dice: 0.6642 (Avg: 0.6113) IoU: 0.5141 (Avg: 0.4759)
Train Epoch: [28][130/138] Total Loss: 0.6181 (Avg: 0.4722) Dice: 0.7369 (Avg: 0.6123) IoU: 0.3799 (Avg: 0.4752)
Train Epoch: [28][131/138] Total Loss: 0.5938 (Avg: 0.4732) Dice: 0.4946 (Avg: 0.6114) IoU: 0.3749 (Avg: 0.4744)
Train Epoch: [28][132/138] Total Loss: 0.4159 (Avg: 0.4727) Dice: 0.6838 (Avg: 0.6119) IoU: 0.5463 (Avg: 0.4749)
Train Epoch: [28][133/138] Total Loss: 0.3566 (Avg: 0.4719) Dice: 0.7373 (Avg: 0.6129) IoU: 0.5911 (Avg: 0.4758)
Train Epoch: [28][134/138] Total Loss: 0.3898 (Avg: 0.4712) Dice: 0.6873 (Avg: 0.6134) IoU: 0.5307 (Avg: 0.4762)
Train Epoch: [28][135/138] Total Loss: 0.3690 (Avg: 0.4705) Dice: 0.6952 (Avg: 0.6140) IoU: 0.5682 (Avg: 0.4769)
Train Epoch: [28][136/138] Total Loss: 0.4626 (Avg: 0.4704) Dice: 0.6226 (Avg: 0.6141) IoU: 0.4676 (Avg: 0.4768)
Train Epoch: [28][137/138] Total Loss: 0.4068 (Avg: 0.4700) Dice: 0.6594 (Avg: 0.6144) IoU: 0.5036 (Avg: 0.4770)
Train Epoch: [28][138/138] Total Loss: 0.2274 (Avg: 0.4670) Dice: 0.7329 (Avg: 0.6113) IoU: 0.5784 (Avg: 0.4746)
Validation Epoch: [28] Avg Loss: 0.3770 Avg Dice: 0.5705 Avg IoU: 0.4428

========= Epoch [29/50] =========
Train Epoch: [29][1/138] Total Loss: 0.5050 (Avg: 0.5050) Dice: 0.5708 (Avg: 0.5708) IoU: 0.4300 (Avg: 0.4300)
Train Epoch: [29][2/138] Total Loss: 0.3556 (Avg: 0.4303) Dice: 0.7347 (Avg: 0.6528) IoU: 0.5868 (Avg: 0.5084)
Train Epoch: [29][3/138] Total Loss: 0.3843 (Avg: 0.4150) Dice: 0.7007 (Avg: 0.6687) IoU: 0.5853 (Avg: 0.5341)
Train Epoch: [29][4/138] Total Loss: 0.2910 (Avg: 0.3840) Dice: 0.8063 (Avg: 0.7031) IoU: 0.6805 (Avg: 0.5707)
Train Epoch: [29][5/138] Total Loss: 0.4143 (Avg: 0.3900) Dice: 0.6872 (Avg: 0.6999) IoU: 0.5553 (Avg: 0.5676)
Train Epoch: [29][6/138] Total Loss: 0.3645 (Avg: 0.3858) Dice: 0.7021 (Avg: 0.7003) IoU: 0.5484 (Avg: 0.5644)
Train Epoch: [29][7/138] Total Loss: 0.6355 (Avg: 0.4214) Dice: 0.4668 (Avg: 0.6669) IoU: 0.3481 (Avg: 0.5335)
Train Epoch: [29][8/138] Total Loss: 0.3276 (Avg: 0.4097) Dice: 0.7610 (Avg: 0.6787) IoU: 0.6195 (Avg: 0.5443)
Train Epoch: [29][9/138] Total Loss: 0.3593 (Avg: 0.4041) Dice: 0.7402 (Avg: 0.6855) IoU: 0.5981 (Avg: 0.5502)
Train Epoch: [29][10/138] Total Loss: 0.4555 (Avg: 0.4093) Dice: 0.6395 (Avg: 0.6809) IoU: 0.4989 (Avg: 0.5451)
Train Epoch: [29][11/138] Total Loss: 0.5561 (Avg: 0.4226) Dice: 0.5188 (Avg: 0.6662) IoU: 0.3878 (Avg: 0.5308)
Train Epoch: [29][12/138] Total Loss: 0.4027 (Avg: 0.4209) Dice: 0.6707 (Avg: 0.6666) IoU: 0.5377 (Avg: 0.5314)
Train Epoch: [29][13/138] Total Loss: 0.4820 (Avg: 0.4256) Dice: 0.5845 (Avg: 0.6602) IoU: 0.4309 (Avg: 0.5236)
Train Epoch: [29][14/138] Total Loss: 0.5348 (Avg: 0.4334) Dice: 0.4990 (Avg: 0.6487) IoU: 0.3413 (Avg: 0.5106)
Train Epoch: [29][15/138] Total Loss: 0.4084 (Avg: 0.4318) Dice: 0.6633 (Avg: 0.6497) IoU: 0.5125 (Avg: 0.5107)
Train Epoch: [29][16/138] Total Loss: 0.4774 (Avg: 0.4346) Dice: 0.6058 (Avg: 0.6470) IoU: 0.5186 (Avg: 0.5112)
Train Epoch: [29][17/138] Total Loss: 0.3854 (Avg: 0.4317) Dice: 0.7135 (Avg: 0.6509) IoU: 0.5710 (Avg: 0.5148)
Train Epoch: [29][18/138] Total Loss: 0.4847 (Avg: 0.4347) Dice: 0.5763 (Avg: 0.6467) IoU: 0.4361 (Avg: 0.5104)
Train Epoch: [29][19/138] Total Loss: 0.5528 (Avg: 0.4409) Dice: 0.4903 (Avg: 0.6385) IoU: 0.3683 (Avg: 0.5029)
Train Epoch: [29][20/138] Total Loss: 0.4355 (Avg: 0.4406) Dice: 0.6502 (Avg: 0.6391) IoU: 0.4940 (Avg: 0.5025)
Train Epoch: [29][21/138] Total Loss: 0.3467 (Avg: 0.4361) Dice: 0.7472 (Avg: 0.6442) IoU: 0.6069 (Avg: 0.5074)
Train Epoch: [29][22/138] Total Loss: 0.3695 (Avg: 0.4331) Dice: 0.7040 (Avg: 0.6469) IoU: 0.5465 (Avg: 0.5092)
Train Epoch: [29][23/138] Total Loss: 0.3682 (Avg: 0.4303) Dice: 0.6994 (Avg: 0.6492) IoU: 0.5491 (Avg: 0.5109)
Train Epoch: [29][24/138] Total Loss: 0.4882 (Avg: 0.4327) Dice: 0.5876 (Avg: 0.6467) IoU: 0.4383 (Avg: 0.5079)
Train Epoch: [29][25/138] Total Loss: 0.5201 (Avg: 0.4362) Dice: 0.6455 (Avg: 0.6466) IoU: 0.4942 (Avg: 0.5074)
Train Epoch: [29][26/138] Total Loss: 0.6576 (Avg: 0.4447) Dice: 0.4351 (Avg: 0.6385) IoU: 0.3149 (Avg: 0.5000)
Train Epoch: [29][27/138] Total Loss: 0.3248 (Avg: 0.4403) Dice: 0.7586 (Avg: 0.6429) IoU: 0.6254 (Avg: 0.5046)
Train Epoch: [29][28/138] Total Loss: 0.3277 (Avg: 0.4362) Dice: 0.7667 (Avg: 0.6473) IoU: 0.6444 (Avg: 0.5096)
Train Epoch: [29][29/138] Total Loss: 0.3844 (Avg: 0.4345) Dice: 0.7232 (Avg: 0.6500) IoU: 0.5721 (Avg: 0.5118)
Train Epoch: [29][30/138] Total Loss: 0.3921 (Avg: 0.4330) Dice: 0.6937 (Avg: 0.6514) IoU: 0.5473 (Avg: 0.5129)
Train Epoch: [29][31/138] Total Loss: 0.4034 (Avg: 0.4321) Dice: 0.6589 (Avg: 0.6517) IoU: 0.5027 (Avg: 0.5126)
Train Epoch: [29][32/138] Total Loss: 0.4483 (Avg: 0.4326) Dice: 0.6425 (Avg: 0.6514) IoU: 0.4917 (Avg: 0.5120)
Train Epoch: [29][33/138] Total Loss: 0.3823 (Avg: 0.4311) Dice: 0.6984 (Avg: 0.6528) IoU: 0.5481 (Avg: 0.5131)
Train Epoch: [29][34/138] Total Loss: 0.5197 (Avg: 0.4337) Dice: 0.5452 (Avg: 0.6496) IoU: 0.3825 (Avg: 0.5092)
Train Epoch: [29][35/138] Total Loss: 0.5057 (Avg: 0.4357) Dice: 0.5491 (Avg: 0.6468) IoU: 0.3909 (Avg: 0.5058)
Train Epoch: [29][36/138] Total Loss: 0.6935 (Avg: 0.4429) Dice: 0.3866 (Avg: 0.6395) IoU: 0.2846 (Avg: 0.4997)
Train Epoch: [29][37/138] Total Loss: 0.5829 (Avg: 0.4467) Dice: 0.5179 (Avg: 0.6363) IoU: 0.4063 (Avg: 0.4972)
Train Epoch: [29][38/138] Total Loss: 0.4875 (Avg: 0.4477) Dice: 0.5803 (Avg: 0.6348) IoU: 0.4355 (Avg: 0.4955)
Train Epoch: [29][39/138] Total Loss: 0.4307 (Avg: 0.4473) Dice: 0.6418 (Avg: 0.6350) IoU: 0.4987 (Avg: 0.4956)
Train Epoch: [29][40/138] Total Loss: 0.5900 (Avg: 0.4509) Dice: 0.4943 (Avg: 0.6314) IoU: 0.3802 (Avg: 0.4927)
Train Epoch: [29][41/138] Total Loss: 0.4413 (Avg: 0.4506) Dice: 0.6332 (Avg: 0.6315) IoU: 0.4647 (Avg: 0.4921)
Train Epoch: [29][42/138] Total Loss: 0.4213 (Avg: 0.4499) Dice: 0.6693 (Avg: 0.6324) IoU: 0.5164 (Avg: 0.4926)
Train Epoch: [29][43/138] Total Loss: 0.7332 (Avg: 0.4565) Dice: 0.3686 (Avg: 0.6263) IoU: 0.2492 (Avg: 0.4870)
Train Epoch: [29][44/138] Total Loss: 0.5414 (Avg: 0.4585) Dice: 0.5532 (Avg: 0.6246) IoU: 0.4042 (Avg: 0.4851)
Train Epoch: [29][45/138] Total Loss: 0.6046 (Avg: 0.4617) Dice: 0.4886 (Avg: 0.6216) IoU: 0.3686 (Avg: 0.4825)
Train Epoch: [29][46/138] Total Loss: 0.3026 (Avg: 0.4582) Dice: 0.7927 (Avg: 0.6253) IoU: 0.6597 (Avg: 0.4864)
Train Epoch: [29][47/138] Total Loss: 0.5102 (Avg: 0.4594) Dice: 0.5884 (Avg: 0.6245) IoU: 0.4891 (Avg: 0.4864)
Train Epoch: [29][48/138] Total Loss: 0.5355 (Avg: 0.4609) Dice: 0.5623 (Avg: 0.6232) IoU: 0.4516 (Avg: 0.4857)
Train Epoch: [29][49/138] Total Loss: 0.4061 (Avg: 0.4598) Dice: 0.6807 (Avg: 0.6244) IoU: 0.5232 (Avg: 0.4865)
Train Epoch: [29][50/138] Total Loss: 0.3448 (Avg: 0.4575) Dice: 0.7585 (Avg: 0.6271) IoU: 0.6233 (Avg: 0.4892)
Train Epoch: [29][51/138] Total Loss: 0.3397 (Avg: 0.4552) Dice: 0.7542 (Avg: 0.6296) IoU: 0.6176 (Avg: 0.4917)
Train Epoch: [29][52/138] Total Loss: 0.3871 (Avg: 0.4539) Dice: 0.6920 (Avg: 0.6308) IoU: 0.5491 (Avg: 0.4928)
Train Epoch: [29][53/138] Total Loss: 0.4367 (Avg: 0.4536) Dice: 0.6677 (Avg: 0.6315) IoU: 0.5062 (Avg: 0.4931)
Train Epoch: [29][54/138] Total Loss: 0.5167 (Avg: 0.4547) Dice: 0.5655 (Avg: 0.6302) IoU: 0.4065 (Avg: 0.4915)
Train Epoch: [29][55/138] Total Loss: 0.6600 (Avg: 0.4585) Dice: 0.3833 (Avg: 0.6257) IoU: 0.2743 (Avg: 0.4875)
Train Epoch: [29][56/138] Total Loss: 0.5255 (Avg: 0.4597) Dice: 0.5228 (Avg: 0.6239) IoU: 0.3577 (Avg: 0.4852)
Train Epoch: [29][57/138] Total Loss: 0.5399 (Avg: 0.4611) Dice: 0.5427 (Avg: 0.6225) IoU: 0.3805 (Avg: 0.4834)
Train Epoch: [29][58/138] Total Loss: 0.5131 (Avg: 0.4620) Dice: 0.5903 (Avg: 0.6219) IoU: 0.4910 (Avg: 0.4835)
Train Epoch: [29][59/138] Total Loss: 0.3939 (Avg: 0.4608) Dice: 0.7205 (Avg: 0.6236) IoU: 0.5743 (Avg: 0.4850)
Train Epoch: [29][60/138] Total Loss: 0.3736 (Avg: 0.4594) Dice: 0.7437 (Avg: 0.6256) IoU: 0.6091 (Avg: 0.4871)
Train Epoch: [29][61/138] Total Loss: 0.4060 (Avg: 0.4585) Dice: 0.7167 (Avg: 0.6271) IoU: 0.6089 (Avg: 0.4891)
Train Epoch: [29][62/138] Total Loss: 0.3928 (Avg: 0.4574) Dice: 0.7015 (Avg: 0.6283) IoU: 0.5567 (Avg: 0.4902)
Train Epoch: [29][63/138] Total Loss: 0.4905 (Avg: 0.4580) Dice: 0.5449 (Avg: 0.6270) IoU: 0.4098 (Avg: 0.4889)
Train Epoch: [29][64/138] Total Loss: 0.5435 (Avg: 0.4593) Dice: 0.5420 (Avg: 0.6256) IoU: 0.3845 (Avg: 0.4873)
Train Epoch: [29][65/138] Total Loss: 0.3697 (Avg: 0.4579) Dice: 0.7141 (Avg: 0.6270) IoU: 0.5901 (Avg: 0.4889)
Train Epoch: [29][66/138] Total Loss: 0.5420 (Avg: 0.4592) Dice: 0.5387 (Avg: 0.6257) IoU: 0.4257 (Avg: 0.4879)
Train Epoch: [29][67/138] Total Loss: 0.3914 (Avg: 0.4582) Dice: 0.7055 (Avg: 0.6269) IoU: 0.5611 (Avg: 0.4890)
Train Epoch: [29][68/138] Total Loss: 0.5495 (Avg: 0.4595) Dice: 0.4909 (Avg: 0.6249) IoU: 0.3444 (Avg: 0.4869)
Train Epoch: [29][69/138] Total Loss: 0.3541 (Avg: 0.4580) Dice: 0.7345 (Avg: 0.6264) IoU: 0.5810 (Avg: 0.4882)
Train Epoch: [29][70/138] Total Loss: 0.3307 (Avg: 0.4562) Dice: 0.7811 (Avg: 0.6287) IoU: 0.6736 (Avg: 0.4909)
Train Epoch: [29][71/138] Total Loss: 0.3215 (Avg: 0.4543) Dice: 0.7653 (Avg: 0.6306) IoU: 0.6229 (Avg: 0.4927)
Train Epoch: [29][72/138] Total Loss: 0.3724 (Avg: 0.4531) Dice: 0.7227 (Avg: 0.6319) IoU: 0.5877 (Avg: 0.4941)
Train Epoch: [29][73/138] Total Loss: 0.3104 (Avg: 0.4512) Dice: 0.7885 (Avg: 0.6340) IoU: 0.6553 (Avg: 0.4963)
Train Epoch: [29][74/138] Total Loss: 0.6465 (Avg: 0.4538) Dice: 0.4535 (Avg: 0.6316) IoU: 0.3374 (Avg: 0.4941)
Train Epoch: [29][75/138] Total Loss: 0.5174 (Avg: 0.4547) Dice: 0.5688 (Avg: 0.6307) IoU: 0.4065 (Avg: 0.4930)
Train Epoch: [29][76/138] Total Loss: 0.2886 (Avg: 0.4525) Dice: 0.8183 (Avg: 0.6332) IoU: 0.6954 (Avg: 0.4956)
Train Epoch: [29][77/138] Total Loss: 0.4125 (Avg: 0.4520) Dice: 0.6958 (Avg: 0.6340) IoU: 0.5446 (Avg: 0.4963)
Train Epoch: [29][78/138] Total Loss: 0.7144 (Avg: 0.4553) Dice: 0.3790 (Avg: 0.6307) IoU: 0.3078 (Avg: 0.4938)
Train Epoch: [29][79/138] Total Loss: 0.4540 (Avg: 0.4553) Dice: 0.6241 (Avg: 0.6307) IoU: 0.4617 (Avg: 0.4934)
Train Epoch: [29][80/138] Total Loss: 0.4386 (Avg: 0.4551) Dice: 0.6524 (Avg: 0.6309) IoU: 0.5316 (Avg: 0.4939)
Train Epoch: [29][81/138] Total Loss: 0.5437 (Avg: 0.4562) Dice: 0.5266 (Avg: 0.6296) IoU: 0.3641 (Avg: 0.4923)
Train Epoch: [29][82/138] Total Loss: 0.7608 (Avg: 0.4599) Dice: 0.3194 (Avg: 0.6259) IoU: 0.2456 (Avg: 0.4893)
Train Epoch: [29][83/138] Total Loss: 0.4978 (Avg: 0.4604) Dice: 0.5796 (Avg: 0.6253) IoU: 0.4304 (Avg: 0.4886)
Train Epoch: [29][84/138] Total Loss: 0.4757 (Avg: 0.4606) Dice: 0.6502 (Avg: 0.6256) IoU: 0.5043 (Avg: 0.4888)
Train Epoch: [29][85/138] Total Loss: 0.4850 (Avg: 0.4608) Dice: 0.5949 (Avg: 0.6252) IoU: 0.4550 (Avg: 0.4884)
Train Epoch: [29][86/138] Total Loss: 0.6525 (Avg: 0.4631) Dice: 0.4465 (Avg: 0.6232) IoU: 0.3375 (Avg: 0.4866)
Train Epoch: [29][87/138] Total Loss: 0.3383 (Avg: 0.4616) Dice: 0.7622 (Avg: 0.6248) IoU: 0.6347 (Avg: 0.4883)
Train Epoch: [29][88/138] Total Loss: 0.4970 (Avg: 0.4620) Dice: 0.5760 (Avg: 0.6242) IoU: 0.4528 (Avg: 0.4879)
Train Epoch: [29][89/138] Total Loss: 0.3117 (Avg: 0.4603) Dice: 0.7907 (Avg: 0.6261) IoU: 0.6542 (Avg: 0.4898)
Train Epoch: [29][90/138] Total Loss: 0.7505 (Avg: 0.4636) Dice: 0.5630 (Avg: 0.6254) IoU: 0.2294 (Avg: 0.4869)
Train Epoch: [29][91/138] Total Loss: 0.3950 (Avg: 0.4628) Dice: 0.6974 (Avg: 0.6262) IoU: 0.5525 (Avg: 0.4876)
Train Epoch: [29][92/138] Total Loss: 0.4954 (Avg: 0.4632) Dice: 0.5748 (Avg: 0.6256) IoU: 0.4385 (Avg: 0.4871)
Train Epoch: [29][93/138] Total Loss: 0.5308 (Avg: 0.4639) Dice: 0.5265 (Avg: 0.6245) IoU: 0.3781 (Avg: 0.4859)
Train Epoch: [29][94/138] Total Loss: 0.4392 (Avg: 0.4636) Dice: 0.6078 (Avg: 0.6244) IoU: 0.5056 (Avg: 0.4861)
Train Epoch: [29][95/138] Total Loss: 0.3780 (Avg: 0.4627) Dice: 0.7066 (Avg: 0.6252) IoU: 0.5733 (Avg: 0.4870)
Train Epoch: [29][96/138] Total Loss: 0.2912 (Avg: 0.4609) Dice: 0.7899 (Avg: 0.6269) IoU: 0.6529 (Avg: 0.4888)
Train Epoch: [29][97/138] Total Loss: 0.5214 (Avg: 0.4616) Dice: 0.5465 (Avg: 0.6261) IoU: 0.3836 (Avg: 0.4877)
Train Epoch: [29][98/138] Total Loss: 0.3791 (Avg: 0.4607) Dice: 0.7112 (Avg: 0.6270) IoU: 0.5565 (Avg: 0.4884)
Train Epoch: [29][99/138] Total Loss: 0.4489 (Avg: 0.4606) Dice: 0.6255 (Avg: 0.6270) IoU: 0.4820 (Avg: 0.4883)
Train Epoch: [29][100/138] Total Loss: 0.3273 (Avg: 0.4593) Dice: 0.7513 (Avg: 0.6282) IoU: 0.6170 (Avg: 0.4896)
Train Epoch: [29][101/138] Total Loss: 0.5398 (Avg: 0.4601) Dice: 0.5308 (Avg: 0.6272) IoU: 0.4265 (Avg: 0.4890)
Train Epoch: [29][102/138] Total Loss: 0.3313 (Avg: 0.4588) Dice: 0.7637 (Avg: 0.6286) IoU: 0.6273 (Avg: 0.4903)
Train Epoch: [29][103/138] Total Loss: 0.6687 (Avg: 0.4609) Dice: 0.4380 (Avg: 0.6267) IoU: 0.3139 (Avg: 0.4886)
Train Epoch: [29][104/138] Total Loss: 0.5846 (Avg: 0.4620) Dice: 0.5096 (Avg: 0.6256) IoU: 0.3518 (Avg: 0.4873)
Train Epoch: [29][105/138] Total Loss: 0.3188 (Avg: 0.4607) Dice: 0.7770 (Avg: 0.6270) IoU: 0.6459 (Avg: 0.4888)
Train Epoch: [29][106/138] Total Loss: 0.5821 (Avg: 0.4618) Dice: 0.5162 (Avg: 0.6260) IoU: 0.3833 (Avg: 0.4878)
Train Epoch: [29][107/138] Total Loss: 0.5134 (Avg: 0.4623) Dice: 0.5739 (Avg: 0.6255) IoU: 0.4422 (Avg: 0.4874)
Train Epoch: [29][108/138] Total Loss: 0.3170 (Avg: 0.4610) Dice: 0.7718 (Avg: 0.6269) IoU: 0.6419 (Avg: 0.4888)
Train Epoch: [29][109/138] Total Loss: 0.5709 (Avg: 0.4620) Dice: 0.4839 (Avg: 0.6256) IoU: 0.3447 (Avg: 0.4875)
Train Epoch: [29][110/138] Total Loss: 0.4703 (Avg: 0.4620) Dice: 0.6011 (Avg: 0.6253) IoU: 0.4515 (Avg: 0.4872)
Train Epoch: [29][111/138] Total Loss: 0.4333 (Avg: 0.4618) Dice: 0.6561 (Avg: 0.6256) IoU: 0.5244 (Avg: 0.4875)
Train Epoch: [29][112/138] Total Loss: 0.5158 (Avg: 0.4623) Dice: 0.5651 (Avg: 0.6251) IoU: 0.4641 (Avg: 0.4873)
Train Epoch: [29][113/138] Total Loss: 0.3134 (Avg: 0.4609) Dice: 0.7640 (Avg: 0.6263) IoU: 0.6562 (Avg: 0.4888)
Train Epoch: [29][114/138] Total Loss: 0.3140 (Avg: 0.4597) Dice: 0.7979 (Avg: 0.6278) IoU: 0.6664 (Avg: 0.4904)
Train Epoch: [29][115/138] Total Loss: 0.7116 (Avg: 0.4619) Dice: 0.3397 (Avg: 0.6253) IoU: 0.2432 (Avg: 0.4882)
Train Epoch: [29][116/138] Total Loss: 0.5102 (Avg: 0.4623) Dice: 0.5470 (Avg: 0.6246) IoU: 0.4205 (Avg: 0.4876)
Train Epoch: [29][117/138] Total Loss: 0.4886 (Avg: 0.4625) Dice: 0.5615 (Avg: 0.6241) IoU: 0.4708 (Avg: 0.4875)
Train Epoch: [29][118/138] Total Loss: 0.4094 (Avg: 0.4620) Dice: 0.6890 (Avg: 0.6246) IoU: 0.5442 (Avg: 0.4880)
Train Epoch: [29][119/138] Total Loss: 0.4400 (Avg: 0.4619) Dice: 0.6768 (Avg: 0.6251) IoU: 0.5190 (Avg: 0.4882)
Train Epoch: [29][120/138] Total Loss: 0.5100 (Avg: 0.4623) Dice: 0.6060 (Avg: 0.6249) IoU: 0.4843 (Avg: 0.4882)
Train Epoch: [29][121/138] Total Loss: 0.4188 (Avg: 0.4619) Dice: 0.6156 (Avg: 0.6248) IoU: 0.5256 (Avg: 0.4885)
Train Epoch: [29][122/138] Total Loss: 0.3981 (Avg: 0.4614) Dice: 0.7029 (Avg: 0.6255) IoU: 0.5642 (Avg: 0.4891)
Train Epoch: [29][123/138] Total Loss: 0.5517 (Avg: 0.4621) Dice: 0.5643 (Avg: 0.6250) IoU: 0.4369 (Avg: 0.4887)
Train Epoch: [29][124/138] Total Loss: 0.3242 (Avg: 0.4610) Dice: 0.7869 (Avg: 0.6263) IoU: 0.6617 (Avg: 0.4901)
Train Epoch: [29][125/138] Total Loss: 0.5461 (Avg: 0.4617) Dice: 0.5198 (Avg: 0.6254) IoU: 0.3883 (Avg: 0.4893)
Train Epoch: [29][126/138] Total Loss: 0.6471 (Avg: 0.4632) Dice: 0.4432 (Avg: 0.6240) IoU: 0.3198 (Avg: 0.4879)
Train Epoch: [29][127/138] Total Loss: 0.3429 (Avg: 0.4622) Dice: 0.7675 (Avg: 0.6251) IoU: 0.6351 (Avg: 0.4891)
Train Epoch: [29][128/138] Total Loss: 0.6846 (Avg: 0.4639) Dice: 0.4104 (Avg: 0.6234) IoU: 0.2957 (Avg: 0.4876)
Train Epoch: [29][129/138] Total Loss: 0.4140 (Avg: 0.4636) Dice: 0.7012 (Avg: 0.6240) IoU: 0.5582 (Avg: 0.4881)
Train Epoch: [29][130/138] Total Loss: 0.3269 (Avg: 0.4625) Dice: 0.7739 (Avg: 0.6252) IoU: 0.6363 (Avg: 0.4893)
Train Epoch: [29][131/138] Total Loss: 0.2698 (Avg: 0.4610) Dice: 0.8264 (Avg: 0.6267) IoU: 0.7223 (Avg: 0.4910)
Train Epoch: [29][132/138] Total Loss: 0.4933 (Avg: 0.4613) Dice: 0.5806 (Avg: 0.6264) IoU: 0.4365 (Avg: 0.4906)
Train Epoch: [29][133/138] Total Loss: 0.4863 (Avg: 0.4615) Dice: 0.6004 (Avg: 0.6262) IoU: 0.4376 (Avg: 0.4902)
Train Epoch: [29][134/138] Total Loss: 0.5076 (Avg: 0.4618) Dice: 0.5621 (Avg: 0.6257) IoU: 0.4339 (Avg: 0.4898)
Train Epoch: [29][135/138] Total Loss: 0.3489 (Avg: 0.4610) Dice: 0.7552 (Avg: 0.6267) IoU: 0.6127 (Avg: 0.4907)
Train Epoch: [29][136/138] Total Loss: 0.6559 (Avg: 0.4624) Dice: 0.4006 (Avg: 0.6250) IoU: 0.2930 (Avg: 0.4893)
Train Epoch: [29][137/138] Total Loss: 0.6164 (Avg: 0.4635) Dice: 0.5174 (Avg: 0.6242) IoU: 0.3909 (Avg: 0.4886)
Train Epoch: [29][138/138] Total Loss: 0.3115 (Avg: 0.4607) Dice: 0.7200 (Avg: 0.6210) IoU: 0.5625 (Avg: 0.4860)
Validation Epoch: [29] Avg Loss: 0.3756 Avg Dice: 0.5733 Avg IoU: 0.4392

========= Epoch [30/50] =========
Train Epoch: [30][1/138] Total Loss: 0.3530 (Avg: 0.3530) Dice: 0.7340 (Avg: 0.7340) IoU: 0.5917 (Avg: 0.5917)
Train Epoch: [30][2/138] Total Loss: 0.6760 (Avg: 0.5145) Dice: 0.4989 (Avg: 0.6165) IoU: 0.3600 (Avg: 0.4759)
Train Epoch: [30][3/138] Total Loss: 0.4886 (Avg: 0.5059) Dice: 0.5586 (Avg: 0.5972) IoU: 0.4471 (Avg: 0.4663)
Train Epoch: [30][4/138] Total Loss: 0.3972 (Avg: 0.4787) Dice: 0.7558 (Avg: 0.6368) IoU: 0.6371 (Avg: 0.5090)
Train Epoch: [30][5/138] Total Loss: 0.6703 (Avg: 0.5170) Dice: 0.3911 (Avg: 0.5877) IoU: 0.2662 (Avg: 0.4604)
Train Epoch: [30][6/138] Total Loss: 0.9618 (Avg: 0.5911) Dice: 0.0439 (Avg: 0.4971) IoU: 0.0241 (Avg: 0.3877)
Train Epoch: [30][7/138] Total Loss: 0.8488 (Avg: 0.6279) Dice: 0.2110 (Avg: 0.4562) IoU: 0.1356 (Avg: 0.3517)
Train Epoch: [30][8/138] Total Loss: 0.3663 (Avg: 0.5952) Dice: 0.7366 (Avg: 0.4912) IoU: 0.5943 (Avg: 0.3820)
Train Epoch: [30][9/138] Total Loss: 0.7108 (Avg: 0.6081) Dice: 0.3193 (Avg: 0.4721) IoU: 0.1901 (Avg: 0.3607)
Train Epoch: [30][10/138] Total Loss: 0.4535 (Avg: 0.5926) Dice: 0.6425 (Avg: 0.4892) IoU: 0.4885 (Avg: 0.3735)
Train Epoch: [30][11/138] Total Loss: 0.4514 (Avg: 0.5798) Dice: 0.6149 (Avg: 0.5006) IoU: 0.4558 (Avg: 0.3810)
Train Epoch: [30][12/138] Total Loss: 0.4837 (Avg: 0.5718) Dice: 0.6213 (Avg: 0.5107) IoU: 0.4850 (Avg: 0.3896)
Train Epoch: [30][13/138] Total Loss: 0.5411 (Avg: 0.5694) Dice: 0.5320 (Avg: 0.5123) IoU: 0.4040 (Avg: 0.3907)
Train Epoch: [30][14/138] Total Loss: 0.3718 (Avg: 0.5553) Dice: 0.7015 (Avg: 0.5258) IoU: 0.5572 (Avg: 0.4026)
Train Epoch: [30][15/138] Total Loss: 0.3329 (Avg: 0.5405) Dice: 0.7554 (Avg: 0.5411) IoU: 0.6189 (Avg: 0.4171)
Train Epoch: [30][16/138] Total Loss: 0.6662 (Avg: 0.5483) Dice: 0.4099 (Avg: 0.5329) IoU: 0.3083 (Avg: 0.4103)
Train Epoch: [30][17/138] Total Loss: 0.4438 (Avg: 0.5422) Dice: 0.6026 (Avg: 0.5370) IoU: 0.4895 (Avg: 0.4149)
Train Epoch: [30][18/138] Total Loss: 0.5382 (Avg: 0.5420) Dice: 0.5631 (Avg: 0.5385) IoU: 0.4556 (Avg: 0.4172)
Train Epoch: [30][19/138] Total Loss: 0.6975 (Avg: 0.5502) Dice: 0.3790 (Avg: 0.5301) IoU: 0.2741 (Avg: 0.4096)
Train Epoch: [30][20/138] Total Loss: 0.4576 (Avg: 0.5455) Dice: 0.6069 (Avg: 0.5339) IoU: 0.4477 (Avg: 0.4115)
Train Epoch: [30][21/138] Total Loss: 0.4263 (Avg: 0.5399) Dice: 0.6381 (Avg: 0.5389) IoU: 0.4784 (Avg: 0.4147)
Train Epoch: [30][22/138] Total Loss: 0.6094 (Avg: 0.5430) Dice: 0.4884 (Avg: 0.5366) IoU: 0.3811 (Avg: 0.4132)
Train Epoch: [30][23/138] Total Loss: 0.3092 (Avg: 0.5328) Dice: 0.7985 (Avg: 0.5480) IoU: 0.6733 (Avg: 0.4245)
Train Epoch: [30][24/138] Total Loss: 0.4259 (Avg: 0.5284) Dice: 0.6664 (Avg: 0.5529) IoU: 0.5058 (Avg: 0.4279)
Train Epoch: [30][25/138] Total Loss: 0.4993 (Avg: 0.5272) Dice: 0.5904 (Avg: 0.5544) IoU: 0.4428 (Avg: 0.4285)
Train Epoch: [30][26/138] Total Loss: 0.4228 (Avg: 0.5232) Dice: 0.6533 (Avg: 0.5582) IoU: 0.4958 (Avg: 0.4311)
Train Epoch: [30][27/138] Total Loss: 0.4565 (Avg: 0.5207) Dice: 0.6119 (Avg: 0.5602) IoU: 0.4585 (Avg: 0.4321)
Train Epoch: [30][28/138] Total Loss: 0.3219 (Avg: 0.5136) Dice: 0.7749 (Avg: 0.5679) IoU: 0.6451 (Avg: 0.4397)
Train Epoch: [30][29/138] Total Loss: 0.4671 (Avg: 0.5120) Dice: 0.5951 (Avg: 0.5688) IoU: 0.4447 (Avg: 0.4399)
Train Epoch: [30][30/138] Total Loss: 0.4452 (Avg: 0.5098) Dice: 0.6423 (Avg: 0.5713) IoU: 0.4814 (Avg: 0.4413)
Train Epoch: [30][31/138] Total Loss: 0.4372 (Avg: 0.5075) Dice: 0.6468 (Avg: 0.5737) IoU: 0.5004 (Avg: 0.4432)
Train Epoch: [30][32/138] Total Loss: 0.5522 (Avg: 0.5089) Dice: 0.5401 (Avg: 0.5726) IoU: 0.4269 (Avg: 0.4427)
Train Epoch: [30][33/138] Total Loss: 0.4302 (Avg: 0.5065) Dice: 0.6591 (Avg: 0.5753) IoU: 0.5075 (Avg: 0.4446)
Train Epoch: [30][34/138] Total Loss: 0.3434 (Avg: 0.5017) Dice: 0.7481 (Avg: 0.5803) IoU: 0.6140 (Avg: 0.4496)
Train Epoch: [30][35/138] Total Loss: 0.4092 (Avg: 0.4990) Dice: 0.6760 (Avg: 0.5831) IoU: 0.5241 (Avg: 0.4517)
Train Epoch: [30][36/138] Total Loss: 0.5944 (Avg: 0.5017) Dice: 0.4915 (Avg: 0.5805) IoU: 0.3331 (Avg: 0.4484)
Train Epoch: [30][37/138] Total Loss: 0.6841 (Avg: 0.5066) Dice: 0.4069 (Avg: 0.5758) IoU: 0.2653 (Avg: 0.4435)
Train Epoch: [30][38/138] Total Loss: 0.4911 (Avg: 0.5062) Dice: 0.6085 (Avg: 0.5767) IoU: 0.4525 (Avg: 0.4437)
Train Epoch: [30][39/138] Total Loss: 0.3696 (Avg: 0.5027) Dice: 0.7100 (Avg: 0.5801) IoU: 0.5683 (Avg: 0.4469)
Train Epoch: [30][40/138] Total Loss: 0.5248 (Avg: 0.5033) Dice: 0.5221 (Avg: 0.5787) IoU: 0.3834 (Avg: 0.4453)
Train Epoch: [30][41/138] Total Loss: 0.3808 (Avg: 0.5003) Dice: 0.7085 (Avg: 0.5818) IoU: 0.5610 (Avg: 0.4481)
Train Epoch: [30][42/138] Total Loss: 0.3870 (Avg: 0.4976) Dice: 0.6921 (Avg: 0.5845) IoU: 0.5508 (Avg: 0.4506)
Train Epoch: [30][43/138] Total Loss: 0.3944 (Avg: 0.4952) Dice: 0.6746 (Avg: 0.5866) IoU: 0.5131 (Avg: 0.4520)
Train Epoch: [30][44/138] Total Loss: 0.4448 (Avg: 0.4940) Dice: 0.6483 (Avg: 0.5880) IoU: 0.5341 (Avg: 0.4539)
Train Epoch: [30][45/138] Total Loss: 0.2972 (Avg: 0.4897) Dice: 0.7916 (Avg: 0.5925) IoU: 0.6624 (Avg: 0.4585)
Train Epoch: [30][46/138] Total Loss: 0.5017 (Avg: 0.4899) Dice: 0.5699 (Avg: 0.5920) IoU: 0.4543 (Avg: 0.4585)
Train Epoch: [30][47/138] Total Loss: 0.5065 (Avg: 0.4903) Dice: 0.5792 (Avg: 0.5917) IoU: 0.4578 (Avg: 0.4584)
Train Epoch: [30][48/138] Total Loss: 0.4631 (Avg: 0.4897) Dice: 0.6028 (Avg: 0.5920) IoU: 0.4349 (Avg: 0.4579)
Train Epoch: [30][49/138] Total Loss: 0.5391 (Avg: 0.4907) Dice: 0.5509 (Avg: 0.5911) IoU: 0.3983 (Avg: 0.4567)
Train Epoch: [30][50/138] Total Loss: 0.5510 (Avg: 0.4919) Dice: 0.5407 (Avg: 0.5901) IoU: 0.3834 (Avg: 0.4553)
Train Epoch: [30][51/138] Total Loss: 0.4213 (Avg: 0.4905) Dice: 0.6673 (Avg: 0.5916) IoU: 0.5238 (Avg: 0.4566)
Train Epoch: [30][52/138] Total Loss: 0.3287 (Avg: 0.4874) Dice: 0.7470 (Avg: 0.5946) IoU: 0.6144 (Avg: 0.4596)
Train Epoch: [30][53/138] Total Loss: 0.7700 (Avg: 0.4928) Dice: 0.2965 (Avg: 0.5890) IoU: 0.1760 (Avg: 0.4543)
Train Epoch: [30][54/138] Total Loss: 0.4304 (Avg: 0.4916) Dice: 0.6550 (Avg: 0.5902) IoU: 0.5081 (Avg: 0.4553)
Train Epoch: [30][55/138] Total Loss: 0.4737 (Avg: 0.4913) Dice: 0.6173 (Avg: 0.5907) IoU: 0.5194 (Avg: 0.4565)
Train Epoch: [30][56/138] Total Loss: 0.5173 (Avg: 0.4917) Dice: 0.5647 (Avg: 0.5902) IoU: 0.4247 (Avg: 0.4559)
Train Epoch: [30][57/138] Total Loss: 0.5956 (Avg: 0.4936) Dice: 0.4922 (Avg: 0.5885) IoU: 0.3713 (Avg: 0.4544)
Train Epoch: [30][58/138] Total Loss: 0.5069 (Avg: 0.4938) Dice: 0.5200 (Avg: 0.5873) IoU: 0.3682 (Avg: 0.4529)
Train Epoch: [30][59/138] Total Loss: 0.6271 (Avg: 0.4960) Dice: 0.4035 (Avg: 0.5842) IoU: 0.2902 (Avg: 0.4502)
Train Epoch: [30][60/138] Total Loss: 0.4040 (Avg: 0.4945) Dice: 0.6704 (Avg: 0.5857) IoU: 0.5190 (Avg: 0.4513)
Train Epoch: [30][61/138] Total Loss: 0.5215 (Avg: 0.4950) Dice: 0.5447 (Avg: 0.5850) IoU: 0.4196 (Avg: 0.4508)
Train Epoch: [30][62/138] Total Loss: 0.5737 (Avg: 0.4962) Dice: 0.5449 (Avg: 0.5843) IoU: 0.4305 (Avg: 0.4505)
Train Epoch: [30][63/138] Total Loss: 0.3855 (Avg: 0.4945) Dice: 0.7036 (Avg: 0.5862) IoU: 0.5474 (Avg: 0.4520)
Train Epoch: [30][64/138] Total Loss: 0.4045 (Avg: 0.4931) Dice: 0.6729 (Avg: 0.5876) IoU: 0.5217 (Avg: 0.4531)
Train Epoch: [30][65/138] Total Loss: 0.5084 (Avg: 0.4933) Dice: 0.5783 (Avg: 0.5874) IoU: 0.4340 (Avg: 0.4528)
Train Epoch: [30][66/138] Total Loss: 0.4215 (Avg: 0.4922) Dice: 0.6812 (Avg: 0.5889) IoU: 0.5329 (Avg: 0.4540)
Train Epoch: [30][67/138] Total Loss: 0.4655 (Avg: 0.4918) Dice: 0.5816 (Avg: 0.5888) IoU: 0.4778 (Avg: 0.4544)
Train Epoch: [30][68/138] Total Loss: 0.3621 (Avg: 0.4899) Dice: 0.7522 (Avg: 0.5912) IoU: 0.6095 (Avg: 0.4566)
Train Epoch: [30][69/138] Total Loss: 0.6038 (Avg: 0.4916) Dice: 0.5098 (Avg: 0.5900) IoU: 0.3997 (Avg: 0.4558)
Train Epoch: [30][70/138] Total Loss: 0.4603 (Avg: 0.4911) Dice: 0.6323 (Avg: 0.5906) IoU: 0.4863 (Avg: 0.4563)
Train Epoch: [30][71/138] Total Loss: 0.3785 (Avg: 0.4895) Dice: 0.7002 (Avg: 0.5921) IoU: 0.5536 (Avg: 0.4576)
Train Epoch: [30][72/138] Total Loss: 0.4284 (Avg: 0.4887) Dice: 0.6368 (Avg: 0.5928) IoU: 0.4822 (Avg: 0.4580)
Train Epoch: [30][73/138] Total Loss: 0.5094 (Avg: 0.4890) Dice: 0.5514 (Avg: 0.5922) IoU: 0.3864 (Avg: 0.4570)
Train Epoch: [30][74/138] Total Loss: 0.4945 (Avg: 0.4890) Dice: 0.5642 (Avg: 0.5918) IoU: 0.4256 (Avg: 0.4566)
Train Epoch: [30][75/138] Total Loss: 0.6128 (Avg: 0.4907) Dice: 0.4369 (Avg: 0.5897) IoU: 0.3476 (Avg: 0.4551)
Train Epoch: [30][76/138] Total Loss: 0.4011 (Avg: 0.4895) Dice: 0.6893 (Avg: 0.5911) IoU: 0.5476 (Avg: 0.4563)
Train Epoch: [30][77/138] Total Loss: 0.3394 (Avg: 0.4876) Dice: 0.7263 (Avg: 0.5928) IoU: 0.5745 (Avg: 0.4579)
Train Epoch: [30][78/138] Total Loss: 0.3576 (Avg: 0.4859) Dice: 0.7170 (Avg: 0.5944) IoU: 0.5873 (Avg: 0.4595)
Train Epoch: [30][79/138] Total Loss: 0.5281 (Avg: 0.4864) Dice: 0.5454 (Avg: 0.5938) IoU: 0.4206 (Avg: 0.4590)
Train Epoch: [30][80/138] Total Loss: 0.4032 (Avg: 0.4854) Dice: 0.6779 (Avg: 0.5948) IoU: 0.5413 (Avg: 0.4601)
Train Epoch: [30][81/138] Total Loss: 0.8100 (Avg: 0.4894) Dice: 0.2709 (Avg: 0.5908) IoU: 0.1665 (Avg: 0.4564)
Train Epoch: [30][82/138] Total Loss: 0.7033 (Avg: 0.4920) Dice: 0.3305 (Avg: 0.5877) IoU: 0.2479 (Avg: 0.4539)
Train Epoch: [30][83/138] Total Loss: 0.4123 (Avg: 0.4910) Dice: 0.6665 (Avg: 0.5886) IoU: 0.5088 (Avg: 0.4545)
Train Epoch: [30][84/138] Total Loss: 0.3230 (Avg: 0.4890) Dice: 0.7690 (Avg: 0.5908) IoU: 0.6257 (Avg: 0.4566)
Train Epoch: [30][85/138] Total Loss: 0.3184 (Avg: 0.4870) Dice: 0.7707 (Avg: 0.5929) IoU: 0.6433 (Avg: 0.4588)
Train Epoch: [30][86/138] Total Loss: 0.4507 (Avg: 0.4866) Dice: 0.6259 (Avg: 0.5933) IoU: 0.4696 (Avg: 0.4589)
Train Epoch: [30][87/138] Total Loss: 0.6302 (Avg: 0.4883) Dice: 0.4511 (Avg: 0.5916) IoU: 0.3379 (Avg: 0.4575)
Train Epoch: [30][88/138] Total Loss: 0.4554 (Avg: 0.4879) Dice: 0.6265 (Avg: 0.5920) IoU: 0.4860 (Avg: 0.4578)
Train Epoch: [30][89/138] Total Loss: 0.3760 (Avg: 0.4866) Dice: 0.7070 (Avg: 0.5933) IoU: 0.5688 (Avg: 0.4591)
Train Epoch: [30][90/138] Total Loss: 0.5357 (Avg: 0.4872) Dice: 0.5440 (Avg: 0.5928) IoU: 0.4288 (Avg: 0.4588)
Train Epoch: [30][91/138] Total Loss: 0.3873 (Avg: 0.4861) Dice: 0.7057 (Avg: 0.5940) IoU: 0.5743 (Avg: 0.4600)
Train Epoch: [30][92/138] Total Loss: 0.4864 (Avg: 0.4861) Dice: 0.6039 (Avg: 0.5941) IoU: 0.4639 (Avg: 0.4601)
Train Epoch: [30][93/138] Total Loss: 0.4084 (Avg: 0.4852) Dice: 0.6737 (Avg: 0.5950) IoU: 0.5304 (Avg: 0.4608)
Train Epoch: [30][94/138] Total Loss: 0.4791 (Avg: 0.4852) Dice: 0.6005 (Avg: 0.5950) IoU: 0.4494 (Avg: 0.4607)
Train Epoch: [30][95/138] Total Loss: 0.5617 (Avg: 0.4860) Dice: 0.5036 (Avg: 0.5941) IoU: 0.3431 (Avg: 0.4595)
Train Epoch: [30][96/138] Total Loss: 0.4886 (Avg: 0.4860) Dice: 0.6054 (Avg: 0.5942) IoU: 0.4850 (Avg: 0.4597)
Train Epoch: [30][97/138] Total Loss: 0.4117 (Avg: 0.4852) Dice: 0.6738 (Avg: 0.5950) IoU: 0.5309 (Avg: 0.4605)
Train Epoch: [30][98/138] Total Loss: 0.3777 (Avg: 0.4841) Dice: 0.7010 (Avg: 0.5961) IoU: 0.5579 (Avg: 0.4615)
Train Epoch: [30][99/138] Total Loss: 0.5840 (Avg: 0.4852) Dice: 0.5024 (Avg: 0.5951) IoU: 0.3769 (Avg: 0.4606)
Train Epoch: [30][100/138] Total Loss: 0.3478 (Avg: 0.4838) Dice: 0.7610 (Avg: 0.5968) IoU: 0.6233 (Avg: 0.4622)
Train Epoch: [30][101/138] Total Loss: 0.5357 (Avg: 0.4843) Dice: 0.5692 (Avg: 0.5965) IoU: 0.4658 (Avg: 0.4623)
Train Epoch: [30][102/138] Total Loss: 0.5340 (Avg: 0.4848) Dice: 0.5351 (Avg: 0.5959) IoU: 0.4145 (Avg: 0.4618)
Train Epoch: [30][103/138] Total Loss: 0.3675 (Avg: 0.4836) Dice: 0.7100 (Avg: 0.5970) IoU: 0.5638 (Avg: 0.4628)
Train Epoch: [30][104/138] Total Loss: 0.5254 (Avg: 0.4840) Dice: 0.5245 (Avg: 0.5963) IoU: 0.4252 (Avg: 0.4624)
Train Epoch: [30][105/138] Total Loss: 0.5793 (Avg: 0.4850) Dice: 0.4906 (Avg: 0.5953) IoU: 0.3605 (Avg: 0.4615)
Train Epoch: [30][106/138] Total Loss: 0.5338 (Avg: 0.4854) Dice: 0.5469 (Avg: 0.5949) IoU: 0.4632 (Avg: 0.4615)
Train Epoch: [30][107/138] Total Loss: 0.6187 (Avg: 0.4867) Dice: 0.4567 (Avg: 0.5936) IoU: 0.3347 (Avg: 0.4603)
Train Epoch: [30][108/138] Total Loss: 0.3146 (Avg: 0.4851) Dice: 0.7872 (Avg: 0.5954) IoU: 0.6658 (Avg: 0.4622)
Train Epoch: [30][109/138] Total Loss: 0.4114 (Avg: 0.4844) Dice: 0.6576 (Avg: 0.5959) IoU: 0.5211 (Avg: 0.4627)
Train Epoch: [30][110/138] Total Loss: 0.5224 (Avg: 0.4847) Dice: 0.5244 (Avg: 0.5953) IoU: 0.3581 (Avg: 0.4618)
Train Epoch: [30][111/138] Total Loss: 0.2653 (Avg: 0.4828) Dice: 0.8325 (Avg: 0.5974) IoU: 0.7132 (Avg: 0.4640)
Train Epoch: [30][112/138] Total Loss: 0.5200 (Avg: 0.4831) Dice: 0.5522 (Avg: 0.5970) IoU: 0.4058 (Avg: 0.4635)
Train Epoch: [30][113/138] Total Loss: 0.3896 (Avg: 0.4823) Dice: 0.6851 (Avg: 0.5978) IoU: 0.5262 (Avg: 0.4641)
Train Epoch: [30][114/138] Total Loss: 0.4712 (Avg: 0.4822) Dice: 0.5756 (Avg: 0.5976) IoU: 0.4308 (Avg: 0.4638)
Train Epoch: [30][115/138] Total Loss: 0.5109 (Avg: 0.4824) Dice: 0.5561 (Avg: 0.5972) IoU: 0.3971 (Avg: 0.4632)
Train Epoch: [30][116/138] Total Loss: 0.7682 (Avg: 0.4849) Dice: 0.3900 (Avg: 0.5955) IoU: 0.2860 (Avg: 0.4617)
Train Epoch: [30][117/138] Total Loss: 0.4761 (Avg: 0.4848) Dice: 0.6158 (Avg: 0.5956) IoU: 0.4494 (Avg: 0.4616)
Train Epoch: [30][118/138] Total Loss: 0.2975 (Avg: 0.4832) Dice: 0.8125 (Avg: 0.5975) IoU: 0.7056 (Avg: 0.4636)
Train Epoch: [30][119/138] Total Loss: 0.4900 (Avg: 0.4833) Dice: 0.5943 (Avg: 0.5974) IoU: 0.4578 (Avg: 0.4636)
Train Epoch: [30][120/138] Total Loss: 0.3453 (Avg: 0.4821) Dice: 0.7183 (Avg: 0.5985) IoU: 0.5726 (Avg: 0.4645)
Train Epoch: [30][121/138] Total Loss: 0.4586 (Avg: 0.4819) Dice: 0.6835 (Avg: 0.5992) IoU: 0.5230 (Avg: 0.4650)
Train Epoch: [30][122/138] Total Loss: 0.8052 (Avg: 0.4846) Dice: 0.2783 (Avg: 0.5965) IoU: 0.1890 (Avg: 0.4627)
Train Epoch: [30][123/138] Total Loss: 0.3757 (Avg: 0.4837) Dice: 0.7113 (Avg: 0.5975) IoU: 0.5548 (Avg: 0.4635)
Train Epoch: [30][124/138] Total Loss: 0.4698 (Avg: 0.4836) Dice: 0.5804 (Avg: 0.5973) IoU: 0.4915 (Avg: 0.4637)
Train Epoch: [30][125/138] Total Loss: 0.5090 (Avg: 0.4838) Dice: 0.5753 (Avg: 0.5971) IoU: 0.4437 (Avg: 0.4635)
Train Epoch: [30][126/138] Total Loss: 0.3477 (Avg: 0.4827) Dice: 0.7355 (Avg: 0.5982) IoU: 0.5911 (Avg: 0.4645)
Train Epoch: [30][127/138] Total Loss: 0.4060 (Avg: 0.4821) Dice: 0.6978 (Avg: 0.5990) IoU: 0.5575 (Avg: 0.4653)
Train Epoch: [30][128/138] Total Loss: 0.4524 (Avg: 0.4819) Dice: 0.6272 (Avg: 0.5992) IoU: 0.4944 (Avg: 0.4655)
Train Epoch: [30][129/138] Total Loss: 0.3370 (Avg: 0.4807) Dice: 0.7478 (Avg: 0.6004) IoU: 0.6152 (Avg: 0.4667)
Train Epoch: [30][130/138] Total Loss: 0.5682 (Avg: 0.4814) Dice: 0.4791 (Avg: 0.5995) IoU: 0.3426 (Avg: 0.4657)
Train Epoch: [30][131/138] Total Loss: 0.4116 (Avg: 0.4809) Dice: 0.6722 (Avg: 0.6000) IoU: 0.5225 (Avg: 0.4661)
Train Epoch: [30][132/138] Total Loss: 0.5420 (Avg: 0.4813) Dice: 0.5509 (Avg: 0.5996) IoU: 0.4490 (Avg: 0.4660)
Train Epoch: [30][133/138] Total Loss: 0.4231 (Avg: 0.4809) Dice: 0.6540 (Avg: 0.6001) IoU: 0.5010 (Avg: 0.4663)
Train Epoch: [30][134/138] Total Loss: 0.2820 (Avg: 0.4794) Dice: 0.8167 (Avg: 0.6017) IoU: 0.6976 (Avg: 0.4680)
Train Epoch: [30][135/138] Total Loss: 0.6387 (Avg: 0.4806) Dice: 0.4485 (Avg: 0.6005) IoU: 0.3379 (Avg: 0.4670)
Train Epoch: [30][136/138] Total Loss: 0.4254 (Avg: 0.4802) Dice: 0.6577 (Avg: 0.6010) IoU: 0.5208 (Avg: 0.4674)
Train Epoch: [30][137/138] Total Loss: 0.4915 (Avg: 0.4803) Dice: 0.5965 (Avg: 0.6009) IoU: 0.4960 (Avg: 0.4676)
Train Epoch: [30][138/138] Total Loss: 0.1759 (Avg: 0.4771) Dice: 0.7728 (Avg: 0.5980) IoU: 0.6298 (Avg: 0.4654)
Validation Epoch: [30] Avg Loss: 0.3589 Avg Dice: 0.5858 Avg IoU: 0.4576
	 Best dice improved from 0.5856 to 0.5858

========= Epoch [31/50] =========
Train Epoch: [31][1/138] Total Loss: 0.4053 (Avg: 0.4053) Dice: 0.6834 (Avg: 0.6834) IoU: 0.5503 (Avg: 0.5503)
Train Epoch: [31][2/138] Total Loss: 0.2878 (Avg: 0.3466) Dice: 0.7996 (Avg: 0.7415) IoU: 0.6725 (Avg: 0.6114)
Train Epoch: [31][3/138] Total Loss: 0.3592 (Avg: 0.3508) Dice: 0.7288 (Avg: 0.7373) IoU: 0.5749 (Avg: 0.5992)
Train Epoch: [31][4/138] Total Loss: 0.3590 (Avg: 0.3528) Dice: 0.7439 (Avg: 0.7389) IoU: 0.6030 (Avg: 0.6002)
Train Epoch: [31][5/138] Total Loss: 0.4149 (Avg: 0.3653) Dice: 0.6656 (Avg: 0.7243) IoU: 0.5170 (Avg: 0.5835)
Train Epoch: [31][6/138] Total Loss: 0.4422 (Avg: 0.3781) Dice: 0.6496 (Avg: 0.7118) IoU: 0.5177 (Avg: 0.5726)
Train Epoch: [31][7/138] Total Loss: 0.4899 (Avg: 0.3941) Dice: 0.5674 (Avg: 0.6912) IoU: 0.4634 (Avg: 0.5570)
Train Epoch: [31][8/138] Total Loss: 0.3093 (Avg: 0.3835) Dice: 0.7726 (Avg: 0.7014) IoU: 0.6458 (Avg: 0.5681)
Train Epoch: [31][9/138] Total Loss: 0.6351 (Avg: 0.4114) Dice: 0.4410 (Avg: 0.6724) IoU: 0.3304 (Avg: 0.5417)
Train Epoch: [31][10/138] Total Loss: 0.4919 (Avg: 0.4195) Dice: 0.5044 (Avg: 0.6556) IoU: 0.3880 (Avg: 0.5263)
Train Epoch: [31][11/138] Total Loss: 0.3411 (Avg: 0.4123) Dice: 0.7592 (Avg: 0.6651) IoU: 0.6242 (Avg: 0.5352)
Train Epoch: [31][12/138] Total Loss: 0.3967 (Avg: 0.4110) Dice: 0.6804 (Avg: 0.6663) IoU: 0.5359 (Avg: 0.5353)
Train Epoch: [31][13/138] Total Loss: 0.3246 (Avg: 0.4044) Dice: 0.7757 (Avg: 0.6747) IoU: 0.6560 (Avg: 0.5445)
Train Epoch: [31][14/138] Total Loss: 0.7007 (Avg: 0.4256) Dice: 0.3789 (Avg: 0.6536) IoU: 0.2460 (Avg: 0.5232)
Train Epoch: [31][15/138] Total Loss: 0.6337 (Avg: 0.4394) Dice: 0.4233 (Avg: 0.6383) IoU: 0.2896 (Avg: 0.5076)
Train Epoch: [31][16/138] Total Loss: 0.6826 (Avg: 0.4546) Dice: 0.6409 (Avg: 0.6384) IoU: 0.3221 (Avg: 0.4961)
Train Epoch: [31][17/138] Total Loss: 0.3338 (Avg: 0.4475) Dice: 0.7751 (Avg: 0.6465) IoU: 0.6415 (Avg: 0.5046)
Train Epoch: [31][18/138] Total Loss: 0.4077 (Avg: 0.4453) Dice: 0.6603 (Avg: 0.6472) IoU: 0.5268 (Avg: 0.5058)
Train Epoch: [31][19/138] Total Loss: 0.5905 (Avg: 0.4530) Dice: 0.4969 (Avg: 0.6393) IoU: 0.3357 (Avg: 0.4969)
Train Epoch: [31][20/138] Total Loss: 0.4074 (Avg: 0.4507) Dice: 0.6660 (Avg: 0.6406) IoU: 0.5254 (Avg: 0.4983)
Train Epoch: [31][21/138] Total Loss: 0.4545 (Avg: 0.4509) Dice: 0.6360 (Avg: 0.6404) IoU: 0.4773 (Avg: 0.4973)
Train Epoch: [31][22/138] Total Loss: 0.4268 (Avg: 0.4498) Dice: 0.6456 (Avg: 0.6407) IoU: 0.4854 (Avg: 0.4968)
Train Epoch: [31][23/138] Total Loss: 0.4265 (Avg: 0.4488) Dice: 0.6449 (Avg: 0.6408) IoU: 0.4795 (Avg: 0.4960)
Train Epoch: [31][24/138] Total Loss: 0.4343 (Avg: 0.4482) Dice: 0.6454 (Avg: 0.6410) IoU: 0.4968 (Avg: 0.4961)
Train Epoch: [31][25/138] Total Loss: 0.4043 (Avg: 0.4464) Dice: 0.6770 (Avg: 0.6425) IoU: 0.5214 (Avg: 0.4971)
Train Epoch: [31][26/138] Total Loss: 0.3403 (Avg: 0.4423) Dice: 0.7396 (Avg: 0.6462) IoU: 0.5994 (Avg: 0.5010)
Train Epoch: [31][27/138] Total Loss: 0.4135 (Avg: 0.4413) Dice: 0.6504 (Avg: 0.6464) IoU: 0.4945 (Avg: 0.5008)
Train Epoch: [31][28/138] Total Loss: 0.6350 (Avg: 0.4482) Dice: 0.4516 (Avg: 0.6394) IoU: 0.3501 (Avg: 0.4954)
Train Epoch: [31][29/138] Total Loss: 0.5411 (Avg: 0.4514) Dice: 0.5329 (Avg: 0.6357) IoU: 0.3808 (Avg: 0.4914)
Train Epoch: [31][30/138] Total Loss: 0.4223 (Avg: 0.4504) Dice: 0.6717 (Avg: 0.6369) IoU: 0.5187 (Avg: 0.4923)
Train Epoch: [31][31/138] Total Loss: 0.2996 (Avg: 0.4455) Dice: 0.7919 (Avg: 0.6419) IoU: 0.6695 (Avg: 0.4981)
Train Epoch: [31][32/138] Total Loss: 0.4074 (Avg: 0.4443) Dice: 0.6705 (Avg: 0.6428) IoU: 0.5148 (Avg: 0.4986)
Train Epoch: [31][33/138] Total Loss: 0.7061 (Avg: 0.4523) Dice: 0.3915 (Avg: 0.6352) IoU: 0.2695 (Avg: 0.4916)
Train Epoch: [31][34/138] Total Loss: 0.4242 (Avg: 0.4515) Dice: 0.6655 (Avg: 0.6361) IoU: 0.5328 (Avg: 0.4928)
Train Epoch: [31][35/138] Total Loss: 0.5859 (Avg: 0.4553) Dice: 0.5059 (Avg: 0.6324) IoU: 0.4031 (Avg: 0.4903)
Train Epoch: [31][36/138] Total Loss: 0.2835 (Avg: 0.4505) Dice: 0.8136 (Avg: 0.6374) IoU: 0.6911 (Avg: 0.4959)
Train Epoch: [31][37/138] Total Loss: 0.3222 (Avg: 0.4471) Dice: 0.7770 (Avg: 0.6412) IoU: 0.6455 (Avg: 0.4999)
Train Epoch: [31][38/138] Total Loss: 0.4484 (Avg: 0.4471) Dice: 0.6278 (Avg: 0.6408) IoU: 0.4837 (Avg: 0.4995)
Train Epoch: [31][39/138] Total Loss: 0.4752 (Avg: 0.4478) Dice: 0.5999 (Avg: 0.6398) IoU: 0.4892 (Avg: 0.4992)
Train Epoch: [31][40/138] Total Loss: 0.3419 (Avg: 0.4452) Dice: 0.7232 (Avg: 0.6419) IoU: 0.5698 (Avg: 0.5010)
Train Epoch: [31][41/138] Total Loss: 0.3701 (Avg: 0.4433) Dice: 0.7262 (Avg: 0.6439) IoU: 0.5823 (Avg: 0.5030)
Train Epoch: [31][42/138] Total Loss: 0.3281 (Avg: 0.4406) Dice: 0.7609 (Avg: 0.6467) IoU: 0.6188 (Avg: 0.5057)
Train Epoch: [31][43/138] Total Loss: 0.3829 (Avg: 0.4393) Dice: 0.7471 (Avg: 0.6490) IoU: 0.5999 (Avg: 0.5079)
Train Epoch: [31][44/138] Total Loss: 0.3614 (Avg: 0.4375) Dice: 0.7111 (Avg: 0.6505) IoU: 0.5745 (Avg: 0.5094)
Train Epoch: [31][45/138] Total Loss: 0.3523 (Avg: 0.4356) Dice: 0.7325 (Avg: 0.6523) IoU: 0.5849 (Avg: 0.5111)
Train Epoch: [31][46/138] Total Loss: 0.3700 (Avg: 0.4342) Dice: 0.7179 (Avg: 0.6537) IoU: 0.5636 (Avg: 0.5122)
Train Epoch: [31][47/138] Total Loss: 0.3412 (Avg: 0.4322) Dice: 0.7548 (Avg: 0.6559) IoU: 0.6167 (Avg: 0.5145)
Train Epoch: [31][48/138] Total Loss: 0.3447 (Avg: 0.4304) Dice: 0.7472 (Avg: 0.6578) IoU: 0.6044 (Avg: 0.5163)
Train Epoch: [31][49/138] Total Loss: 0.6475 (Avg: 0.4348) Dice: 0.4059 (Avg: 0.6526) IoU: 0.2912 (Avg: 0.5117)
Train Epoch: [31][50/138] Total Loss: 0.6250 (Avg: 0.4386) Dice: 0.4396 (Avg: 0.6484) IoU: 0.3070 (Avg: 0.5076)
Train Epoch: [31][51/138] Total Loss: 0.3900 (Avg: 0.4376) Dice: 0.6834 (Avg: 0.6490) IoU: 0.5273 (Avg: 0.5080)
Train Epoch: [31][52/138] Total Loss: 0.4067 (Avg: 0.4371) Dice: 0.6468 (Avg: 0.6490) IoU: 0.4816 (Avg: 0.5075)
Train Epoch: [31][53/138] Total Loss: 0.5082 (Avg: 0.4384) Dice: 0.5434 (Avg: 0.6470) IoU: 0.3842 (Avg: 0.5052)
Train Epoch: [31][54/138] Total Loss: 0.3884 (Avg: 0.4375) Dice: 0.6776 (Avg: 0.6476) IoU: 0.5257 (Avg: 0.5056)
Train Epoch: [31][55/138] Total Loss: 0.5026 (Avg: 0.4387) Dice: 0.5938 (Avg: 0.6466) IoU: 0.4401 (Avg: 0.5044)
Train Epoch: [31][56/138] Total Loss: 0.3944 (Avg: 0.4379) Dice: 0.6744 (Avg: 0.6471) IoU: 0.5134 (Avg: 0.5045)
Train Epoch: [31][57/138] Total Loss: 0.4417 (Avg: 0.4379) Dice: 0.6259 (Avg: 0.6467) IoU: 0.4624 (Avg: 0.5038)
Train Epoch: [31][58/138] Total Loss: 0.4489 (Avg: 0.4381) Dice: 0.6251 (Avg: 0.6464) IoU: 0.5185 (Avg: 0.5041)
Train Epoch: [31][59/138] Total Loss: 0.3613 (Avg: 0.4368) Dice: 0.7239 (Avg: 0.6477) IoU: 0.6285 (Avg: 0.5062)
Train Epoch: [31][60/138] Total Loss: 0.5384 (Avg: 0.4385) Dice: 0.5520 (Avg: 0.6461) IoU: 0.4196 (Avg: 0.5047)
Train Epoch: [31][61/138] Total Loss: 0.3845 (Avg: 0.4376) Dice: 0.6890 (Avg: 0.6468) IoU: 0.5776 (Avg: 0.5059)
Train Epoch: [31][62/138] Total Loss: 0.3810 (Avg: 0.4367) Dice: 0.6903 (Avg: 0.6475) IoU: 0.5395 (Avg: 0.5065)
Train Epoch: [31][63/138] Total Loss: 0.6351 (Avg: 0.4399) Dice: 0.4257 (Avg: 0.6440) IoU: 0.2975 (Avg: 0.5031)
Train Epoch: [31][64/138] Total Loss: 0.2448 (Avg: 0.4368) Dice: 0.8567 (Avg: 0.6473) IoU: 0.7554 (Avg: 0.5071)
Train Epoch: [31][65/138] Total Loss: 0.4208 (Avg: 0.4366) Dice: 0.6594 (Avg: 0.6475) IoU: 0.5059 (Avg: 0.5071)
Train Epoch: [31][66/138] Total Loss: 0.4735 (Avg: 0.4371) Dice: 0.6083 (Avg: 0.6469) IoU: 0.4627 (Avg: 0.5064)
Train Epoch: [31][67/138] Total Loss: 0.4115 (Avg: 0.4367) Dice: 0.6773 (Avg: 0.6473) IoU: 0.5447 (Avg: 0.5070)
Train Epoch: [31][68/138] Total Loss: 0.3236 (Avg: 0.4351) Dice: 0.7911 (Avg: 0.6494) IoU: 0.6551 (Avg: 0.5091)
Train Epoch: [31][69/138] Total Loss: 0.3144 (Avg: 0.4333) Dice: 0.7847 (Avg: 0.6514) IoU: 0.6563 (Avg: 0.5113)
Train Epoch: [31][70/138] Total Loss: 0.3670 (Avg: 0.4324) Dice: 0.7334 (Avg: 0.6526) IoU: 0.6230 (Avg: 0.5129)
Train Epoch: [31][71/138] Total Loss: 0.2833 (Avg: 0.4303) Dice: 0.8381 (Avg: 0.6552) IoU: 0.7256 (Avg: 0.5159)
Train Epoch: [31][72/138] Total Loss: 0.3232 (Avg: 0.4288) Dice: 0.7619 (Avg: 0.6567) IoU: 0.6188 (Avg: 0.5173)
Train Epoch: [31][73/138] Total Loss: 0.4423 (Avg: 0.4290) Dice: 0.6393 (Avg: 0.6564) IoU: 0.5138 (Avg: 0.5173)
Train Epoch: [31][74/138] Total Loss: 0.3861 (Avg: 0.4284) Dice: 0.6893 (Avg: 0.6569) IoU: 0.5535 (Avg: 0.5177)
Train Epoch: [31][75/138] Total Loss: 0.2692 (Avg: 0.4263) Dice: 0.8450 (Avg: 0.6594) IoU: 0.7398 (Avg: 0.5207)
Train Epoch: [31][76/138] Total Loss: 0.2518 (Avg: 0.4240) Dice: 0.8400 (Avg: 0.6618) IoU: 0.7247 (Avg: 0.5234)
Train Epoch: [31][77/138] Total Loss: 0.5195 (Avg: 0.4252) Dice: 0.5738 (Avg: 0.6606) IoU: 0.4648 (Avg: 0.5226)
Train Epoch: [31][78/138] Total Loss: 0.4603 (Avg: 0.4257) Dice: 0.6010 (Avg: 0.6599) IoU: 0.4567 (Avg: 0.5218)
Train Epoch: [31][79/138] Total Loss: 0.3236 (Avg: 0.4244) Dice: 0.7427 (Avg: 0.6609) IoU: 0.5965 (Avg: 0.5227)
Train Epoch: [31][80/138] Total Loss: 0.6537 (Avg: 0.4272) Dice: 0.4077 (Avg: 0.6577) IoU: 0.2860 (Avg: 0.5198)
Train Epoch: [31][81/138] Total Loss: 0.4175 (Avg: 0.4271) Dice: 0.6683 (Avg: 0.6579) IoU: 0.5245 (Avg: 0.5198)
Train Epoch: [31][82/138] Total Loss: 0.5230 (Avg: 0.4283) Dice: 0.5648 (Avg: 0.6567) IoU: 0.4569 (Avg: 0.5191)
Train Epoch: [31][83/138] Total Loss: 0.5030 (Avg: 0.4292) Dice: 0.5977 (Avg: 0.6560) IoU: 0.4646 (Avg: 0.5184)
Train Epoch: [31][84/138] Total Loss: 0.4148 (Avg: 0.4290) Dice: 0.6651 (Avg: 0.6561) IoU: 0.5263 (Avg: 0.5185)
Train Epoch: [31][85/138] Total Loss: 0.4156 (Avg: 0.4289) Dice: 0.6587 (Avg: 0.6562) IoU: 0.5166 (Avg: 0.5185)
Train Epoch: [31][86/138] Total Loss: 0.5116 (Avg: 0.4298) Dice: 0.5944 (Avg: 0.6554) IoU: 0.5004 (Avg: 0.5183)
Train Epoch: [31][87/138] Total Loss: 0.5386 (Avg: 0.4311) Dice: 0.5362 (Avg: 0.6541) IoU: 0.4207 (Avg: 0.5171)
Train Epoch: [31][88/138] Total Loss: 0.4511 (Avg: 0.4313) Dice: 0.5856 (Avg: 0.6533) IoU: 0.4234 (Avg: 0.5161)
Train Epoch: [31][89/138] Total Loss: 0.5376 (Avg: 0.4325) Dice: 0.5457 (Avg: 0.6521) IoU: 0.3760 (Avg: 0.5145)
Train Epoch: [31][90/138] Total Loss: 0.4443 (Avg: 0.4326) Dice: 0.5809 (Avg: 0.6513) IoU: 0.4480 (Avg: 0.5138)
Train Epoch: [31][91/138] Total Loss: 0.4342 (Avg: 0.4326) Dice: 0.6411 (Avg: 0.6512) IoU: 0.5092 (Avg: 0.5137)
Train Epoch: [31][92/138] Total Loss: 0.3043 (Avg: 0.4313) Dice: 0.7859 (Avg: 0.6526) IoU: 0.6565 (Avg: 0.5153)
Train Epoch: [31][93/138] Total Loss: 0.3250 (Avg: 0.4301) Dice: 0.7622 (Avg: 0.6538) IoU: 0.6328 (Avg: 0.5165)
Train Epoch: [31][94/138] Total Loss: 0.4443 (Avg: 0.4303) Dice: 0.6217 (Avg: 0.6535) IoU: 0.4770 (Avg: 0.5161)
Train Epoch: [31][95/138] Total Loss: 0.4891 (Avg: 0.4309) Dice: 0.5870 (Avg: 0.6528) IoU: 0.4314 (Avg: 0.5152)
Train Epoch: [31][96/138] Total Loss: 0.3898 (Avg: 0.4305) Dice: 0.6939 (Avg: 0.6532) IoU: 0.5549 (Avg: 0.5156)
Train Epoch: [31][97/138] Total Loss: 0.4958 (Avg: 0.4311) Dice: 0.5656 (Avg: 0.6523) IoU: 0.3994 (Avg: 0.5144)
Train Epoch: [31][98/138] Total Loss: 0.3608 (Avg: 0.4304) Dice: 0.7242 (Avg: 0.6530) IoU: 0.5856 (Avg: 0.5152)
Train Epoch: [31][99/138] Total Loss: 0.5001 (Avg: 0.4311) Dice: 0.5766 (Avg: 0.6523) IoU: 0.4728 (Avg: 0.5147)
Train Epoch: [31][100/138] Total Loss: 0.3582 (Avg: 0.4304) Dice: 0.7327 (Avg: 0.6531) IoU: 0.5906 (Avg: 0.5155)
Train Epoch: [31][101/138] Total Loss: 0.4619 (Avg: 0.4307) Dice: 0.6092 (Avg: 0.6526) IoU: 0.4532 (Avg: 0.5149)
Train Epoch: [31][102/138] Total Loss: 0.5417 (Avg: 0.4318) Dice: 0.5634 (Avg: 0.6518) IoU: 0.4547 (Avg: 0.5143)
Train Epoch: [31][103/138] Total Loss: 0.4496 (Avg: 0.4320) Dice: 0.6448 (Avg: 0.6517) IoU: 0.5614 (Avg: 0.5147)
Train Epoch: [31][104/138] Total Loss: 0.3454 (Avg: 0.4311) Dice: 0.7481 (Avg: 0.6526) IoU: 0.6124 (Avg: 0.5157)
Train Epoch: [31][105/138] Total Loss: 0.4573 (Avg: 0.4314) Dice: 0.5969 (Avg: 0.6521) IoU: 0.4447 (Avg: 0.5150)
Train Epoch: [31][106/138] Total Loss: 0.4980 (Avg: 0.4320) Dice: 0.5901 (Avg: 0.6515) IoU: 0.4984 (Avg: 0.5149)
Train Epoch: [31][107/138] Total Loss: 0.5439 (Avg: 0.4331) Dice: 0.4923 (Avg: 0.6500) IoU: 0.3703 (Avg: 0.5135)
Train Epoch: [31][108/138] Total Loss: 0.4024 (Avg: 0.4328) Dice: 0.6732 (Avg: 0.6502) IoU: 0.5107 (Avg: 0.5135)
Train Epoch: [31][109/138] Total Loss: 0.4339 (Avg: 0.4328) Dice: 0.6921 (Avg: 0.6506) IoU: 0.5685 (Avg: 0.5140)
Train Epoch: [31][110/138] Total Loss: 0.3234 (Avg: 0.4318) Dice: 0.7807 (Avg: 0.6518) IoU: 0.6445 (Avg: 0.5152)
Train Epoch: [31][111/138] Total Loss: 0.4546 (Avg: 0.4320) Dice: 0.6103 (Avg: 0.6514) IoU: 0.4472 (Avg: 0.5146)
Train Epoch: [31][112/138] Total Loss: 0.7390 (Avg: 0.4347) Dice: 0.3084 (Avg: 0.6484) IoU: 0.2448 (Avg: 0.5121)
Train Epoch: [31][113/138] Total Loss: 0.6016 (Avg: 0.4362) Dice: 0.5300 (Avg: 0.6473) IoU: 0.4105 (Avg: 0.5112)
Train Epoch: [31][114/138] Total Loss: 0.3908 (Avg: 0.4358) Dice: 0.7397 (Avg: 0.6481) IoU: 0.6346 (Avg: 0.5123)
Train Epoch: [31][115/138] Total Loss: 0.4687 (Avg: 0.4361) Dice: 0.6234 (Avg: 0.6479) IoU: 0.5079 (Avg: 0.5123)
Train Epoch: [31][116/138] Total Loss: 0.5031 (Avg: 0.4367) Dice: 0.5509 (Avg: 0.6471) IoU: 0.3931 (Avg: 0.5113)
Train Epoch: [31][117/138] Total Loss: 0.4893 (Avg: 0.4371) Dice: 0.6127 (Avg: 0.6468) IoU: 0.5073 (Avg: 0.5112)
Train Epoch: [31][118/138] Total Loss: 0.4894 (Avg: 0.4376) Dice: 0.5389 (Avg: 0.6459) IoU: 0.3787 (Avg: 0.5101)
Train Epoch: [31][119/138] Total Loss: 0.6503 (Avg: 0.4394) Dice: 0.4122 (Avg: 0.6439) IoU: 0.3072 (Avg: 0.5084)
Train Epoch: [31][120/138] Total Loss: 0.5911 (Avg: 0.4406) Dice: 0.4107 (Avg: 0.6420) IoU: 0.2969 (Avg: 0.5066)
Train Epoch: [31][121/138] Total Loss: 0.6467 (Avg: 0.4423) Dice: 0.3680 (Avg: 0.6397) IoU: 0.2540 (Avg: 0.5045)
Train Epoch: [31][122/138] Total Loss: 0.5272 (Avg: 0.4430) Dice: 0.5664 (Avg: 0.6391) IoU: 0.4672 (Avg: 0.5042)
Train Epoch: [31][123/138] Total Loss: 0.2948 (Avg: 0.4418) Dice: 0.7940 (Avg: 0.6404) IoU: 0.6664 (Avg: 0.5056)
Train Epoch: [31][124/138] Total Loss: 0.4506 (Avg: 0.4419) Dice: 0.6220 (Avg: 0.6402) IoU: 0.4675 (Avg: 0.5053)
Train Epoch: [31][125/138] Total Loss: 0.2986 (Avg: 0.4407) Dice: 0.8041 (Avg: 0.6415) IoU: 0.6802 (Avg: 0.5067)
Train Epoch: [31][126/138] Total Loss: 0.6703 (Avg: 0.4426) Dice: 0.4015 (Avg: 0.6396) IoU: 0.2957 (Avg: 0.5050)
Train Epoch: [31][127/138] Total Loss: 0.3550 (Avg: 0.4419) Dice: 0.7822 (Avg: 0.6407) IoU: 0.6539 (Avg: 0.5061)
Train Epoch: [31][128/138] Total Loss: 0.4177 (Avg: 0.4417) Dice: 0.6369 (Avg: 0.6407) IoU: 0.5065 (Avg: 0.5062)
Train Epoch: [31][129/138] Total Loss: 0.4731 (Avg: 0.4419) Dice: 0.6013 (Avg: 0.6404) IoU: 0.4442 (Avg: 0.5057)
Train Epoch: [31][130/138] Total Loss: 0.3774 (Avg: 0.4414) Dice: 0.6813 (Avg: 0.6407) IoU: 0.5283 (Avg: 0.5058)
Train Epoch: [31][131/138] Total Loss: 0.2997 (Avg: 0.4403) Dice: 0.7890 (Avg: 0.6418) IoU: 0.6522 (Avg: 0.5070)
Train Epoch: [31][132/138] Total Loss: 0.4894 (Avg: 0.4407) Dice: 0.5836 (Avg: 0.6414) IoU: 0.4792 (Avg: 0.5068)
Train Epoch: [31][133/138] Total Loss: 0.2967 (Avg: 0.4396) Dice: 0.7906 (Avg: 0.6425) IoU: 0.6624 (Avg: 0.5079)
Train Epoch: [31][134/138] Total Loss: 0.5252 (Avg: 0.4403) Dice: 0.5144 (Avg: 0.6416) IoU: 0.3733 (Avg: 0.5069)
Train Epoch: [31][135/138] Total Loss: 0.3354 (Avg: 0.4395) Dice: 0.7460 (Avg: 0.6423) IoU: 0.6018 (Avg: 0.5076)
Train Epoch: [31][136/138] Total Loss: 0.4705 (Avg: 0.4397) Dice: 0.6336 (Avg: 0.6423) IoU: 0.5227 (Avg: 0.5077)
Train Epoch: [31][137/138] Total Loss: 0.2752 (Avg: 0.4385) Dice: 0.8161 (Avg: 0.6435) IoU: 0.7013 (Avg: 0.5091)
Train Epoch: [31][138/138] Total Loss: 0.1118 (Avg: 0.4355) Dice: 0.8643 (Avg: 0.6405) IoU: 0.7610 (Avg: 0.5068)
Validation Epoch: [31] Avg Loss: 0.3405 Avg Dice: 0.6088 Avg IoU: 0.4770
	 Best dice improved from 0.5858 to 0.6088

========= Epoch [32/50] =========
Train Epoch: [32][1/138] Total Loss: 0.5031 (Avg: 0.5031) Dice: 0.5616 (Avg: 0.5616) IoU: 0.4259 (Avg: 0.4259)
Train Epoch: [32][2/138] Total Loss: 0.2921 (Avg: 0.3976) Dice: 0.7945 (Avg: 0.6780) IoU: 0.6621 (Avg: 0.5440)
Train Epoch: [32][3/138] Total Loss: 0.4595 (Avg: 0.4182) Dice: 0.6059 (Avg: 0.6540) IoU: 0.4588 (Avg: 0.5156)
Train Epoch: [32][4/138] Total Loss: 0.4385 (Avg: 0.4233) Dice: 0.6360 (Avg: 0.6495) IoU: 0.4806 (Avg: 0.5069)
Train Epoch: [32][5/138] Total Loss: 0.4827 (Avg: 0.4352) Dice: 0.5826 (Avg: 0.6361) IoU: 0.4382 (Avg: 0.4931)
Train Epoch: [32][6/138] Total Loss: 0.3450 (Avg: 0.4201) Dice: 0.7470 (Avg: 0.6546) IoU: 0.6043 (Avg: 0.5116)
Train Epoch: [32][7/138] Total Loss: 0.6571 (Avg: 0.4540) Dice: 0.4352 (Avg: 0.6232) IoU: 0.3353 (Avg: 0.4864)
Train Epoch: [32][8/138] Total Loss: 0.5766 (Avg: 0.4693) Dice: 0.4584 (Avg: 0.6026) IoU: 0.3359 (Avg: 0.4676)
Train Epoch: [32][9/138] Total Loss: 0.2125 (Avg: 0.4408) Dice: 0.9089 (Avg: 0.6367) IoU: 0.8344 (Avg: 0.5084)
Train Epoch: [32][10/138] Total Loss: 0.4833 (Avg: 0.4450) Dice: 0.5665 (Avg: 0.6297) IoU: 0.4082 (Avg: 0.4984)
Train Epoch: [32][11/138] Total Loss: 0.5394 (Avg: 0.4536) Dice: 0.5256 (Avg: 0.6202) IoU: 0.4116 (Avg: 0.4905)
Train Epoch: [32][12/138] Total Loss: 0.3739 (Avg: 0.4470) Dice: 0.6945 (Avg: 0.6264) IoU: 0.5561 (Avg: 0.4959)
Train Epoch: [32][13/138] Total Loss: 0.3501 (Avg: 0.4395) Dice: 0.7385 (Avg: 0.6350) IoU: 0.6004 (Avg: 0.5040)
Train Epoch: [32][14/138] Total Loss: 0.4211 (Avg: 0.4382) Dice: 0.6035 (Avg: 0.6328) IoU: 0.4520 (Avg: 0.5003)
Train Epoch: [32][15/138] Total Loss: 0.3666 (Avg: 0.4334) Dice: 0.7015 (Avg: 0.6373) IoU: 0.5502 (Avg: 0.5036)
Train Epoch: [32][16/138] Total Loss: 0.2777 (Avg: 0.4237) Dice: 0.8060 (Avg: 0.6479) IoU: 0.6773 (Avg: 0.5145)
Train Epoch: [32][17/138] Total Loss: 0.3237 (Avg: 0.4178) Dice: 0.7632 (Avg: 0.6547) IoU: 0.6305 (Avg: 0.5213)
Train Epoch: [32][18/138] Total Loss: 0.3448 (Avg: 0.4138) Dice: 0.7204 (Avg: 0.6583) IoU: 0.5779 (Avg: 0.5244)
Train Epoch: [32][19/138] Total Loss: 0.4765 (Avg: 0.4171) Dice: 0.5803 (Avg: 0.6542) IoU: 0.4713 (Avg: 0.5216)
Train Epoch: [32][20/138] Total Loss: 0.3153 (Avg: 0.4120) Dice: 0.7613 (Avg: 0.6596) IoU: 0.6331 (Avg: 0.5272)
Train Epoch: [32][21/138] Total Loss: 0.3705 (Avg: 0.4100) Dice: 0.6885 (Avg: 0.6609) IoU: 0.5383 (Avg: 0.5277)
Train Epoch: [32][22/138] Total Loss: 0.5214 (Avg: 0.4151) Dice: 0.5305 (Avg: 0.6550) IoU: 0.3633 (Avg: 0.5203)
Train Epoch: [32][23/138] Total Loss: 0.5468 (Avg: 0.4208) Dice: 0.5401 (Avg: 0.6500) IoU: 0.4140 (Avg: 0.5156)
Train Epoch: [32][24/138] Total Loss: 0.4105 (Avg: 0.4204) Dice: 0.6759 (Avg: 0.6511) IoU: 0.5313 (Avg: 0.5163)
Train Epoch: [32][25/138] Total Loss: 0.4910 (Avg: 0.4232) Dice: 0.4738 (Avg: 0.6440) IoU: 0.3544 (Avg: 0.5098)
Train Epoch: [32][26/138] Total Loss: 0.3323 (Avg: 0.4197) Dice: 0.7615 (Avg: 0.6485) IoU: 0.6209 (Avg: 0.5141)
Train Epoch: [32][27/138] Total Loss: 0.3571 (Avg: 0.4174) Dice: 0.7242 (Avg: 0.6513) IoU: 0.5729 (Avg: 0.5163)
Train Epoch: [32][28/138] Total Loss: 0.3196 (Avg: 0.4139) Dice: 0.7700 (Avg: 0.6556) IoU: 0.6388 (Avg: 0.5206)
Train Epoch: [32][29/138] Total Loss: 0.3239 (Avg: 0.4108) Dice: 0.7625 (Avg: 0.6593) IoU: 0.6261 (Avg: 0.5243)
Train Epoch: [32][30/138] Total Loss: 0.4143 (Avg: 0.4109) Dice: 0.6665 (Avg: 0.6595) IoU: 0.5000 (Avg: 0.5235)
Train Epoch: [32][31/138] Total Loss: 0.3931 (Avg: 0.4103) Dice: 0.6846 (Avg: 0.6603) IoU: 0.5555 (Avg: 0.5245)
Train Epoch: [32][32/138] Total Loss: 0.3506 (Avg: 0.4085) Dice: 0.7423 (Avg: 0.6629) IoU: 0.6268 (Avg: 0.5277)
Train Epoch: [32][33/138] Total Loss: 0.3819 (Avg: 0.4077) Dice: 0.7063 (Avg: 0.6642) IoU: 0.5958 (Avg: 0.5298)
Train Epoch: [32][34/138] Total Loss: 0.6528 (Avg: 0.4149) Dice: 0.4406 (Avg: 0.6576) IoU: 0.3044 (Avg: 0.5231)
Train Epoch: [32][35/138] Total Loss: 0.4672 (Avg: 0.4164) Dice: 0.6229 (Avg: 0.6566) IoU: 0.4827 (Avg: 0.5220)
Train Epoch: [32][36/138] Total Loss: 0.4079 (Avg: 0.4161) Dice: 0.6831 (Avg: 0.6573) IoU: 0.5322 (Avg: 0.5223)
Train Epoch: [32][37/138] Total Loss: 0.4314 (Avg: 0.4165) Dice: 0.6621 (Avg: 0.6575) IoU: 0.5146 (Avg: 0.5221)
Train Epoch: [32][38/138] Total Loss: 0.4664 (Avg: 0.4179) Dice: 0.6166 (Avg: 0.6564) IoU: 0.4736 (Avg: 0.5208)
Train Epoch: [32][39/138] Total Loss: 0.3692 (Avg: 0.4166) Dice: 0.7359 (Avg: 0.6584) IoU: 0.5857 (Avg: 0.5224)
Train Epoch: [32][40/138] Total Loss: 0.4063 (Avg: 0.4163) Dice: 0.6687 (Avg: 0.6587) IoU: 0.5056 (Avg: 0.5220)
Train Epoch: [32][41/138] Total Loss: 0.4326 (Avg: 0.4167) Dice: 0.6552 (Avg: 0.6586) IoU: 0.4901 (Avg: 0.5212)
Train Epoch: [32][42/138] Total Loss: 0.4786 (Avg: 0.4182) Dice: 0.5754 (Avg: 0.6566) IoU: 0.4216 (Avg: 0.5189)
Train Epoch: [32][43/138] Total Loss: 0.6661 (Avg: 0.4240) Dice: 0.4033 (Avg: 0.6507) IoU: 0.2917 (Avg: 0.5136)
Train Epoch: [32][44/138] Total Loss: 0.3579 (Avg: 0.4225) Dice: 0.7043 (Avg: 0.6520) IoU: 0.5783 (Avg: 0.5151)
Train Epoch: [32][45/138] Total Loss: 0.3961 (Avg: 0.4219) Dice: 0.6729 (Avg: 0.6524) IoU: 0.5193 (Avg: 0.5152)
Train Epoch: [32][46/138] Total Loss: 0.4358 (Avg: 0.4222) Dice: 0.6374 (Avg: 0.6521) IoU: 0.4736 (Avg: 0.5143)
Train Epoch: [32][47/138] Total Loss: 0.5123 (Avg: 0.4241) Dice: 0.5918 (Avg: 0.6508) IoU: 0.4893 (Avg: 0.5137)
Train Epoch: [32][48/138] Total Loss: 0.5686 (Avg: 0.4271) Dice: 0.5128 (Avg: 0.6479) IoU: 0.3709 (Avg: 0.5107)
Train Epoch: [32][49/138] Total Loss: 0.4552 (Avg: 0.4277) Dice: 0.6459 (Avg: 0.6479) IoU: 0.5240 (Avg: 0.5110)
Train Epoch: [32][50/138] Total Loss: 0.4101 (Avg: 0.4273) Dice: 0.6808 (Avg: 0.6486) IoU: 0.5296 (Avg: 0.5114)
Train Epoch: [32][51/138] Total Loss: 0.5024 (Avg: 0.4288) Dice: 0.5576 (Avg: 0.6468) IoU: 0.4116 (Avg: 0.5094)
Train Epoch: [32][52/138] Total Loss: 0.4099 (Avg: 0.4285) Dice: 0.6371 (Avg: 0.6466) IoU: 0.5064 (Avg: 0.5094)
Train Epoch: [32][53/138] Total Loss: 0.4748 (Avg: 0.4293) Dice: 0.6281 (Avg: 0.6462) IoU: 0.5200 (Avg: 0.5096)
Train Epoch: [32][54/138] Total Loss: 0.4038 (Avg: 0.4289) Dice: 0.6566 (Avg: 0.6464) IoU: 0.4987 (Avg: 0.5094)
Train Epoch: [32][55/138] Total Loss: 0.3564 (Avg: 0.4275) Dice: 0.7008 (Avg: 0.6474) IoU: 0.5806 (Avg: 0.5107)
Train Epoch: [32][56/138] Total Loss: 0.4312 (Avg: 0.4276) Dice: 0.6293 (Avg: 0.6471) IoU: 0.5065 (Avg: 0.5106)
Train Epoch: [32][57/138] Total Loss: 0.3588 (Avg: 0.4264) Dice: 0.7337 (Avg: 0.6486) IoU: 0.5902 (Avg: 0.5120)
Train Epoch: [32][58/138] Total Loss: 0.3620 (Avg: 0.4253) Dice: 0.7284 (Avg: 0.6500) IoU: 0.5969 (Avg: 0.5135)
Train Epoch: [32][59/138] Total Loss: 0.5080 (Avg: 0.4267) Dice: 0.5571 (Avg: 0.6484) IoU: 0.4153 (Avg: 0.5118)
Train Epoch: [32][60/138] Total Loss: 0.8516 (Avg: 0.4338) Dice: 0.2191 (Avg: 0.6413) IoU: 0.1380 (Avg: 0.5056)
Train Epoch: [32][61/138] Total Loss: 0.5210 (Avg: 0.4352) Dice: 0.6202 (Avg: 0.6409) IoU: 0.5317 (Avg: 0.5060)
Train Epoch: [32][62/138] Total Loss: 0.4850 (Avg: 0.4360) Dice: 0.5982 (Avg: 0.6402) IoU: 0.4696 (Avg: 0.5054)
Train Epoch: [32][63/138] Total Loss: 0.4071 (Avg: 0.4355) Dice: 0.6831 (Avg: 0.6409) IoU: 0.5443 (Avg: 0.5060)
Train Epoch: [32][64/138] Total Loss: 0.3650 (Avg: 0.4344) Dice: 0.7194 (Avg: 0.6421) IoU: 0.5717 (Avg: 0.5070)
Train Epoch: [32][65/138] Total Loss: 0.3546 (Avg: 0.4332) Dice: 0.7728 (Avg: 0.6441) IoU: 0.6460 (Avg: 0.5092)
Train Epoch: [32][66/138] Total Loss: 0.3206 (Avg: 0.4315) Dice: 0.7649 (Avg: 0.6460) IoU: 0.6245 (Avg: 0.5109)
Train Epoch: [32][67/138] Total Loss: 0.4803 (Avg: 0.4322) Dice: 0.5663 (Avg: 0.6448) IoU: 0.4696 (Avg: 0.5103)
Train Epoch: [32][68/138] Total Loss: 0.3436 (Avg: 0.4309) Dice: 0.7450 (Avg: 0.6463) IoU: 0.5957 (Avg: 0.5116)
Train Epoch: [32][69/138] Total Loss: 0.3154 (Avg: 0.4293) Dice: 0.7819 (Avg: 0.6482) IoU: 0.6519 (Avg: 0.5136)
Train Epoch: [32][70/138] Total Loss: 0.5683 (Avg: 0.4312) Dice: 0.5195 (Avg: 0.6464) IoU: 0.3976 (Avg: 0.5119)
Train Epoch: [32][71/138] Total Loss: 0.3624 (Avg: 0.4303) Dice: 0.7001 (Avg: 0.6471) IoU: 0.5717 (Avg: 0.5128)
Train Epoch: [32][72/138] Total Loss: 0.2793 (Avg: 0.4282) Dice: 0.8200 (Avg: 0.6495) IoU: 0.6965 (Avg: 0.5153)
Train Epoch: [32][73/138] Total Loss: 0.4766 (Avg: 0.4288) Dice: 0.6136 (Avg: 0.6490) IoU: 0.4992 (Avg: 0.5151)
Train Epoch: [32][74/138] Total Loss: 0.2383 (Avg: 0.4263) Dice: 0.8700 (Avg: 0.6520) IoU: 0.7727 (Avg: 0.5186)
Train Epoch: [32][75/138] Total Loss: 0.5606 (Avg: 0.4281) Dice: 0.5079 (Avg: 0.6501) IoU: 0.4297 (Avg: 0.5174)
Train Epoch: [32][76/138] Total Loss: 0.2824 (Avg: 0.4261) Dice: 0.8151 (Avg: 0.6523) IoU: 0.6945 (Avg: 0.5197)
Train Epoch: [32][77/138] Total Loss: 0.4823 (Avg: 0.4269) Dice: 0.6295 (Avg: 0.6520) IoU: 0.4595 (Avg: 0.5190)
Train Epoch: [32][78/138] Total Loss: 0.4107 (Avg: 0.4267) Dice: 0.6853 (Avg: 0.6524) IoU: 0.5457 (Avg: 0.5193)
Train Epoch: [32][79/138] Total Loss: 0.4639 (Avg: 0.4271) Dice: 0.6096 (Avg: 0.6519) IoU: 0.4484 (Avg: 0.5184)
Train Epoch: [32][80/138] Total Loss: 0.3283 (Avg: 0.4259) Dice: 0.7656 (Avg: 0.6533) IoU: 0.6324 (Avg: 0.5198)
Train Epoch: [32][81/138] Total Loss: 0.4865 (Avg: 0.4266) Dice: 0.6049 (Avg: 0.6527) IoU: 0.4364 (Avg: 0.5188)
Train Epoch: [32][82/138] Total Loss: 0.7155 (Avg: 0.4302) Dice: 0.3638 (Avg: 0.6492) IoU: 0.2489 (Avg: 0.5155)
Train Epoch: [32][83/138] Total Loss: 0.4060 (Avg: 0.4299) Dice: 0.7014 (Avg: 0.6498) IoU: 0.5662 (Avg: 0.5161)
Train Epoch: [32][84/138] Total Loss: 0.4314 (Avg: 0.4299) Dice: 0.6115 (Avg: 0.6493) IoU: 0.5170 (Avg: 0.5161)
Train Epoch: [32][85/138] Total Loss: 0.4771 (Avg: 0.4305) Dice: 0.5896 (Avg: 0.6486) IoU: 0.4433 (Avg: 0.5153)
Train Epoch: [32][86/138] Total Loss: 0.4870 (Avg: 0.4311) Dice: 0.6176 (Avg: 0.6483) IoU: 0.4658 (Avg: 0.5147)
Train Epoch: [32][87/138] Total Loss: 0.3735 (Avg: 0.4304) Dice: 0.7075 (Avg: 0.6490) IoU: 0.5538 (Avg: 0.5151)
Train Epoch: [32][88/138] Total Loss: 0.3729 (Avg: 0.4298) Dice: 0.7071 (Avg: 0.6496) IoU: 0.5551 (Avg: 0.5156)
Train Epoch: [32][89/138] Total Loss: 0.3411 (Avg: 0.4288) Dice: 0.7596 (Avg: 0.6509) IoU: 0.6549 (Avg: 0.5172)
Train Epoch: [32][90/138] Total Loss: 0.3034 (Avg: 0.4274) Dice: 0.8033 (Avg: 0.6526) IoU: 0.6787 (Avg: 0.5190)
Train Epoch: [32][91/138] Total Loss: 0.4166 (Avg: 0.4273) Dice: 0.6835 (Avg: 0.6529) IoU: 0.5374 (Avg: 0.5192)
Train Epoch: [32][92/138] Total Loss: 0.4533 (Avg: 0.4276) Dice: 0.6108 (Avg: 0.6524) IoU: 0.4442 (Avg: 0.5184)
Train Epoch: [32][93/138] Total Loss: 0.3889 (Avg: 0.4272) Dice: 0.6794 (Avg: 0.6527) IoU: 0.5228 (Avg: 0.5184)
Train Epoch: [32][94/138] Total Loss: 0.6497 (Avg: 0.4295) Dice: 0.4963 (Avg: 0.6511) IoU: 0.3758 (Avg: 0.5169)
Train Epoch: [32][95/138] Total Loss: 0.4560 (Avg: 0.4298) Dice: 0.6428 (Avg: 0.6510) IoU: 0.5177 (Avg: 0.5169)
Train Epoch: [32][96/138] Total Loss: 0.5704 (Avg: 0.4313) Dice: 0.5326 (Avg: 0.6497) IoU: 0.4255 (Avg: 0.5159)
Train Epoch: [32][97/138] Total Loss: 0.3008 (Avg: 0.4299) Dice: 0.7721 (Avg: 0.6510) IoU: 0.6365 (Avg: 0.5172)
Train Epoch: [32][98/138] Total Loss: 0.6728 (Avg: 0.4324) Dice: 0.3949 (Avg: 0.6484) IoU: 0.2783 (Avg: 0.5147)
Train Epoch: [32][99/138] Total Loss: 0.2669 (Avg: 0.4307) Dice: 0.8125 (Avg: 0.6501) IoU: 0.6863 (Avg: 0.5165)
Train Epoch: [32][100/138] Total Loss: 0.5949 (Avg: 0.4324) Dice: 0.4995 (Avg: 0.6485) IoU: 0.3628 (Avg: 0.5149)
Train Epoch: [32][101/138] Total Loss: 0.3387 (Avg: 0.4314) Dice: 0.7602 (Avg: 0.6497) IoU: 0.6242 (Avg: 0.5160)
Train Epoch: [32][102/138] Total Loss: 0.5475 (Avg: 0.4326) Dice: 0.5310 (Avg: 0.6485) IoU: 0.4313 (Avg: 0.5152)
Train Epoch: [32][103/138] Total Loss: 0.4481 (Avg: 0.4327) Dice: 0.6520 (Avg: 0.6485) IoU: 0.4947 (Avg: 0.5150)
Train Epoch: [32][104/138] Total Loss: 0.6051 (Avg: 0.4344) Dice: 0.4314 (Avg: 0.6464) IoU: 0.3220 (Avg: 0.5131)
Train Epoch: [32][105/138] Total Loss: 0.4668 (Avg: 0.4347) Dice: 0.6036 (Avg: 0.6460) IoU: 0.4352 (Avg: 0.5124)
Train Epoch: [32][106/138] Total Loss: 0.5339 (Avg: 0.4356) Dice: 0.5357 (Avg: 0.6450) IoU: 0.3802 (Avg: 0.5111)
Train Epoch: [32][107/138] Total Loss: 0.6964 (Avg: 0.4381) Dice: 0.4169 (Avg: 0.6429) IoU: 0.3451 (Avg: 0.5096)
Train Epoch: [32][108/138] Total Loss: 0.4656 (Avg: 0.4383) Dice: 0.6058 (Avg: 0.6425) IoU: 0.5137 (Avg: 0.5096)
Train Epoch: [32][109/138] Total Loss: 0.4452 (Avg: 0.4384) Dice: 0.6349 (Avg: 0.6424) IoU: 0.4898 (Avg: 0.5095)
Train Epoch: [32][110/138] Total Loss: 0.4512 (Avg: 0.4385) Dice: 0.6268 (Avg: 0.6423) IoU: 0.4949 (Avg: 0.5093)
Train Epoch: [32][111/138] Total Loss: 0.4602 (Avg: 0.4387) Dice: 0.6338 (Avg: 0.6422) IoU: 0.5039 (Avg: 0.5093)
Train Epoch: [32][112/138] Total Loss: 0.2762 (Avg: 0.4372) Dice: 0.8131 (Avg: 0.6437) IoU: 0.6886 (Avg: 0.5109)
Train Epoch: [32][113/138] Total Loss: 0.3543 (Avg: 0.4365) Dice: 0.7396 (Avg: 0.6446) IoU: 0.5934 (Avg: 0.5116)
Train Epoch: [32][114/138] Total Loss: 0.3743 (Avg: 0.4360) Dice: 0.7245 (Avg: 0.6453) IoU: 0.5786 (Avg: 0.5122)
Train Epoch: [32][115/138] Total Loss: 0.4306 (Avg: 0.4359) Dice: 0.6380 (Avg: 0.6452) IoU: 0.4890 (Avg: 0.5120)
Train Epoch: [32][116/138] Total Loss: 0.3963 (Avg: 0.4356) Dice: 0.6776 (Avg: 0.6455) IoU: 0.5328 (Avg: 0.5122)
Train Epoch: [32][117/138] Total Loss: 0.4121 (Avg: 0.4354) Dice: 0.6830 (Avg: 0.6458) IoU: 0.5471 (Avg: 0.5125)
Train Epoch: [32][118/138] Total Loss: 0.3437 (Avg: 0.4346) Dice: 0.7365 (Avg: 0.6466) IoU: 0.5982 (Avg: 0.5132)
Train Epoch: [32][119/138] Total Loss: 0.4299 (Avg: 0.4346) Dice: 0.6288 (Avg: 0.6465) IoU: 0.4776 (Avg: 0.5129)
Train Epoch: [32][120/138] Total Loss: 0.5051 (Avg: 0.4351) Dice: 0.5330 (Avg: 0.6455) IoU: 0.4295 (Avg: 0.5122)
Train Epoch: [32][121/138] Total Loss: 0.2948 (Avg: 0.4340) Dice: 0.7779 (Avg: 0.6466) IoU: 0.6683 (Avg: 0.5135)
Train Epoch: [32][122/138] Total Loss: 0.5612 (Avg: 0.4350) Dice: 0.5265 (Avg: 0.6456) IoU: 0.4375 (Avg: 0.5129)
Train Epoch: [32][123/138] Total Loss: 0.3600 (Avg: 0.4344) Dice: 0.7208 (Avg: 0.6462) IoU: 0.5673 (Avg: 0.5133)
Train Epoch: [32][124/138] Total Loss: 0.3987 (Avg: 0.4341) Dice: 0.7054 (Avg: 0.6467) IoU: 0.5692 (Avg: 0.5138)
Train Epoch: [32][125/138] Total Loss: 0.3070 (Avg: 0.4331) Dice: 0.7938 (Avg: 0.6479) IoU: 0.6617 (Avg: 0.5149)
Train Epoch: [32][126/138] Total Loss: 0.6216 (Avg: 0.4346) Dice: 0.4481 (Avg: 0.6463) IoU: 0.3267 (Avg: 0.5135)
Train Epoch: [32][127/138] Total Loss: 0.3242 (Avg: 0.4337) Dice: 0.7677 (Avg: 0.6473) IoU: 0.6377 (Avg: 0.5144)
Train Epoch: [32][128/138] Total Loss: 0.3921 (Avg: 0.4334) Dice: 0.6810 (Avg: 0.6475) IoU: 0.5288 (Avg: 0.5145)
Train Epoch: [32][129/138] Total Loss: 0.2806 (Avg: 0.4322) Dice: 0.8050 (Avg: 0.6487) IoU: 0.6887 (Avg: 0.5159)
Train Epoch: [32][130/138] Total Loss: 0.2995 (Avg: 0.4312) Dice: 0.7908 (Avg: 0.6498) IoU: 0.6588 (Avg: 0.5170)
Train Epoch: [32][131/138] Total Loss: 0.3908 (Avg: 0.4309) Dice: 0.6836 (Avg: 0.6501) IoU: 0.5361 (Avg: 0.5171)
Train Epoch: [32][132/138] Total Loss: 0.2625 (Avg: 0.4296) Dice: 0.8436 (Avg: 0.6516) IoU: 0.7337 (Avg: 0.5188)
Train Epoch: [32][133/138] Total Loss: 0.3477 (Avg: 0.4290) Dice: 0.7580 (Avg: 0.6524) IoU: 0.6254 (Avg: 0.5196)
Train Epoch: [32][134/138] Total Loss: 0.4843 (Avg: 0.4294) Dice: 0.5887 (Avg: 0.6519) IoU: 0.4285 (Avg: 0.5189)
Train Epoch: [32][135/138] Total Loss: 0.3247 (Avg: 0.4286) Dice: 0.7672 (Avg: 0.6527) IoU: 0.6315 (Avg: 0.5197)
Train Epoch: [32][136/138] Total Loss: 0.4207 (Avg: 0.4286) Dice: 0.6504 (Avg: 0.6527) IoU: 0.5102 (Avg: 0.5197)
Train Epoch: [32][137/138] Total Loss: 0.3532 (Avg: 0.4280) Dice: 0.7181 (Avg: 0.6532) IoU: 0.5861 (Avg: 0.5201)
Train Epoch: [32][138/138] Total Loss: 0.3922 (Avg: 0.4256) Dice: 0.4857 (Avg: 0.6493) IoU: 0.3208 (Avg: 0.5170)
Validation Epoch: [32] Avg Loss: 0.3452 Avg Dice: 0.5977 Avg IoU: 0.4686

========= Epoch [33/50] =========
Train Epoch: [33][1/138] Total Loss: 0.2311 (Avg: 0.2311) Dice: 0.8930 (Avg: 0.8930) IoU: 0.8113 (Avg: 0.8113)
Train Epoch: [33][2/138] Total Loss: 0.3554 (Avg: 0.2932) Dice: 0.7118 (Avg: 0.8024) IoU: 0.5649 (Avg: 0.6881)
Train Epoch: [33][3/138] Total Loss: 0.3181 (Avg: 0.3015) Dice: 0.7628 (Avg: 0.7892) IoU: 0.6282 (Avg: 0.6681)
Train Epoch: [33][4/138] Total Loss: 0.3553 (Avg: 0.3150) Dice: 0.7347 (Avg: 0.7756) IoU: 0.6032 (Avg: 0.6519)
Train Epoch: [33][5/138] Total Loss: 0.3305 (Avg: 0.3181) Dice: 0.7693 (Avg: 0.7743) IoU: 0.6503 (Avg: 0.6516)
Train Epoch: [33][6/138] Total Loss: 0.3654 (Avg: 0.3260) Dice: 0.7098 (Avg: 0.7636) IoU: 0.5566 (Avg: 0.6358)
Train Epoch: [33][7/138] Total Loss: 0.5956 (Avg: 0.3645) Dice: 0.4853 (Avg: 0.7238) IoU: 0.3667 (Avg: 0.5973)
Train Epoch: [33][8/138] Total Loss: 0.4251 (Avg: 0.3721) Dice: 0.6685 (Avg: 0.7169) IoU: 0.5048 (Avg: 0.5858)
Train Epoch: [33][9/138] Total Loss: 0.3397 (Avg: 0.3685) Dice: 0.7469 (Avg: 0.7202) IoU: 0.6112 (Avg: 0.5886)
Train Epoch: [33][10/138] Total Loss: 0.3567 (Avg: 0.3673) Dice: 0.7264 (Avg: 0.7208) IoU: 0.5746 (Avg: 0.5872)
Train Epoch: [33][11/138] Total Loss: 0.3719 (Avg: 0.3677) Dice: 0.7110 (Avg: 0.7199) IoU: 0.5556 (Avg: 0.5843)
Train Epoch: [33][12/138] Total Loss: 0.5291 (Avg: 0.3811) Dice: 0.5940 (Avg: 0.7094) IoU: 0.4303 (Avg: 0.5715)
Train Epoch: [33][13/138] Total Loss: 0.4355 (Avg: 0.3853) Dice: 0.6596 (Avg: 0.7056) IoU: 0.5424 (Avg: 0.5692)
Train Epoch: [33][14/138] Total Loss: 0.2899 (Avg: 0.3785) Dice: 0.8220 (Avg: 0.7139) IoU: 0.7020 (Avg: 0.5787)
Train Epoch: [33][15/138] Total Loss: 0.3701 (Avg: 0.3780) Dice: 0.7123 (Avg: 0.7138) IoU: 0.5727 (Avg: 0.5783)
Train Epoch: [33][16/138] Total Loss: 0.3236 (Avg: 0.3746) Dice: 0.7593 (Avg: 0.7167) IoU: 0.6266 (Avg: 0.5813)
Train Epoch: [33][17/138] Total Loss: 0.6576 (Avg: 0.3912) Dice: 0.3936 (Avg: 0.6977) IoU: 0.2733 (Avg: 0.5632)
Train Epoch: [33][18/138] Total Loss: 0.4929 (Avg: 0.3969) Dice: 0.5110 (Avg: 0.6873) IoU: 0.3753 (Avg: 0.5528)
Train Epoch: [33][19/138] Total Loss: 0.2890 (Avg: 0.3912) Dice: 0.8113 (Avg: 0.6938) IoU: 0.6884 (Avg: 0.5599)
Train Epoch: [33][20/138] Total Loss: 0.3208 (Avg: 0.3877) Dice: 0.7745 (Avg: 0.6978) IoU: 0.6372 (Avg: 0.5638)
Train Epoch: [33][21/138] Total Loss: 0.5119 (Avg: 0.3936) Dice: 0.6149 (Avg: 0.6939) IoU: 0.5233 (Avg: 0.5619)
Train Epoch: [33][22/138] Total Loss: 0.4681 (Avg: 0.3970) Dice: 0.5978 (Avg: 0.6895) IoU: 0.4525 (Avg: 0.5569)
Train Epoch: [33][23/138] Total Loss: 0.5918 (Avg: 0.4054) Dice: 0.4601 (Avg: 0.6796) IoU: 0.3787 (Avg: 0.5491)
Train Epoch: [33][24/138] Total Loss: 0.3961 (Avg: 0.4050) Dice: 0.6849 (Avg: 0.6798) IoU: 0.5461 (Avg: 0.5490)
Train Epoch: [33][25/138] Total Loss: 0.3313 (Avg: 0.4021) Dice: 0.7440 (Avg: 0.6823) IoU: 0.6033 (Avg: 0.5512)
Train Epoch: [33][26/138] Total Loss: 0.4288 (Avg: 0.4031) Dice: 0.6467 (Avg: 0.6810) IoU: 0.4982 (Avg: 0.5491)
Train Epoch: [33][27/138] Total Loss: 0.3502 (Avg: 0.4012) Dice: 0.7391 (Avg: 0.6831) IoU: 0.5947 (Avg: 0.5508)
Train Epoch: [33][28/138] Total Loss: 0.4128 (Avg: 0.4016) Dice: 0.6542 (Avg: 0.6821) IoU: 0.4919 (Avg: 0.5487)
Train Epoch: [33][29/138] Total Loss: 0.5421 (Avg: 0.4064) Dice: 0.5407 (Avg: 0.6772) IoU: 0.4347 (Avg: 0.5448)
Train Epoch: [33][30/138] Total Loss: 0.4196 (Avg: 0.4069) Dice: 0.6675 (Avg: 0.6769) IoU: 0.5254 (Avg: 0.5441)
Train Epoch: [33][31/138] Total Loss: 0.3079 (Avg: 0.4037) Dice: 0.7887 (Avg: 0.6805) IoU: 0.6677 (Avg: 0.5481)
Train Epoch: [33][32/138] Total Loss: 0.4326 (Avg: 0.4046) Dice: 0.6195 (Avg: 0.6786) IoU: 0.4916 (Avg: 0.5464)
Train Epoch: [33][33/138] Total Loss: 0.4203 (Avg: 0.4051) Dice: 0.6904 (Avg: 0.6790) IoU: 0.5493 (Avg: 0.5465)
Train Epoch: [33][34/138] Total Loss: 0.4375 (Avg: 0.4060) Dice: 0.6517 (Avg: 0.6782) IoU: 0.5294 (Avg: 0.5460)
Train Epoch: [33][35/138] Total Loss: 0.5587 (Avg: 0.4104) Dice: 0.5312 (Avg: 0.6740) IoU: 0.4188 (Avg: 0.5423)
Train Epoch: [33][36/138] Total Loss: 0.2633 (Avg: 0.4063) Dice: 0.8412 (Avg: 0.6786) IoU: 0.7398 (Avg: 0.5478)
Train Epoch: [33][37/138] Total Loss: 0.4645 (Avg: 0.4079) Dice: 0.6083 (Avg: 0.6767) IoU: 0.4501 (Avg: 0.5452)
Train Epoch: [33][38/138] Total Loss: 0.4511 (Avg: 0.4090) Dice: 0.6253 (Avg: 0.6753) IoU: 0.4550 (Avg: 0.5428)
Train Epoch: [33][39/138] Total Loss: 0.5363 (Avg: 0.4123) Dice: 0.5513 (Avg: 0.6722) IoU: 0.3973 (Avg: 0.5391)
Train Epoch: [33][40/138] Total Loss: 0.3166 (Avg: 0.4099) Dice: 0.7612 (Avg: 0.6744) IoU: 0.6241 (Avg: 0.5412)
Train Epoch: [33][41/138] Total Loss: 0.4208 (Avg: 0.4101) Dice: 0.6585 (Avg: 0.6740) IoU: 0.5182 (Avg: 0.5406)
Train Epoch: [33][42/138] Total Loss: 0.3592 (Avg: 0.4089) Dice: 0.7229 (Avg: 0.6752) IoU: 0.5704 (Avg: 0.5413)
Train Epoch: [33][43/138] Total Loss: 0.3939 (Avg: 0.4086) Dice: 0.6258 (Avg: 0.6740) IoU: 0.4927 (Avg: 0.5402)
Train Epoch: [33][44/138] Total Loss: 0.3968 (Avg: 0.4083) Dice: 0.6545 (Avg: 0.6736) IoU: 0.4961 (Avg: 0.5392)
Train Epoch: [33][45/138] Total Loss: 0.3347 (Avg: 0.4067) Dice: 0.7273 (Avg: 0.6748) IoU: 0.5837 (Avg: 0.5402)
Train Epoch: [33][46/138] Total Loss: 0.5063 (Avg: 0.4088) Dice: 0.5774 (Avg: 0.6727) IoU: 0.4543 (Avg: 0.5383)
Train Epoch: [33][47/138] Total Loss: 0.4182 (Avg: 0.4090) Dice: 0.6709 (Avg: 0.6726) IoU: 0.5161 (Avg: 0.5379)
Train Epoch: [33][48/138] Total Loss: 0.3500 (Avg: 0.4078) Dice: 0.7374 (Avg: 0.6740) IoU: 0.5936 (Avg: 0.5390)
Train Epoch: [33][49/138] Total Loss: 0.3884 (Avg: 0.4074) Dice: 0.6840 (Avg: 0.6742) IoU: 0.5793 (Avg: 0.5398)
Train Epoch: [33][50/138] Total Loss: 0.5748 (Avg: 0.4108) Dice: 0.4183 (Avg: 0.6691) IoU: 0.3022 (Avg: 0.5351)
Train Epoch: [33][51/138] Total Loss: 0.5831 (Avg: 0.4141) Dice: 0.7324 (Avg: 0.6703) IoU: 0.3565 (Avg: 0.5316)
Train Epoch: [33][52/138] Total Loss: 0.3321 (Avg: 0.4126) Dice: 0.7816 (Avg: 0.6724) IoU: 0.6489 (Avg: 0.5338)
Train Epoch: [33][53/138] Total Loss: 0.5920 (Avg: 0.4159) Dice: 0.4956 (Avg: 0.6691) IoU: 0.3879 (Avg: 0.5311)
Train Epoch: [33][54/138] Total Loss: 0.2945 (Avg: 0.4137) Dice: 0.7837 (Avg: 0.6712) IoU: 0.6488 (Avg: 0.5333)
Train Epoch: [33][55/138] Total Loss: 0.5201 (Avg: 0.4156) Dice: 0.5733 (Avg: 0.6694) IoU: 0.4289 (Avg: 0.5314)
Train Epoch: [33][56/138] Total Loss: 0.3990 (Avg: 0.4153) Dice: 0.6856 (Avg: 0.6697) IoU: 0.5392 (Avg: 0.5315)
Train Epoch: [33][57/138] Total Loss: 0.3968 (Avg: 0.4150) Dice: 0.6995 (Avg: 0.6703) IoU: 0.5639 (Avg: 0.5321)
Train Epoch: [33][58/138] Total Loss: 0.4484 (Avg: 0.4156) Dice: 0.6008 (Avg: 0.6691) IoU: 0.4799 (Avg: 0.5312)
Train Epoch: [33][59/138] Total Loss: 0.4063 (Avg: 0.4154) Dice: 0.6631 (Avg: 0.6690) IoU: 0.5196 (Avg: 0.5310)
Train Epoch: [33][60/138] Total Loss: 0.5247 (Avg: 0.4172) Dice: 0.5767 (Avg: 0.6674) IoU: 0.4759 (Avg: 0.5301)
Train Epoch: [33][61/138] Total Loss: 0.4993 (Avg: 0.4186) Dice: 0.5576 (Avg: 0.6656) IoU: 0.4110 (Avg: 0.5281)
Train Epoch: [33][62/138] Total Loss: 0.4534 (Avg: 0.4192) Dice: 0.6268 (Avg: 0.6650) IoU: 0.4845 (Avg: 0.5274)
Train Epoch: [33][63/138] Total Loss: 0.3804 (Avg: 0.4185) Dice: 0.6922 (Avg: 0.6654) IoU: 0.5388 (Avg: 0.5276)
Train Epoch: [33][64/138] Total Loss: 0.4663 (Avg: 0.4193) Dice: 0.6051 (Avg: 0.6645) IoU: 0.4570 (Avg: 0.5265)
Train Epoch: [33][65/138] Total Loss: 0.2930 (Avg: 0.4173) Dice: 0.7994 (Avg: 0.6666) IoU: 0.6665 (Avg: 0.5286)
Train Epoch: [33][66/138] Total Loss: 0.3808 (Avg: 0.4168) Dice: 0.7013 (Avg: 0.6671) IoU: 0.5491 (Avg: 0.5289)
Train Epoch: [33][67/138] Total Loss: 0.4046 (Avg: 0.4166) Dice: 0.6641 (Avg: 0.6670) IoU: 0.5163 (Avg: 0.5288)
Train Epoch: [33][68/138] Total Loss: 0.3500 (Avg: 0.4156) Dice: 0.7762 (Avg: 0.6686) IoU: 0.6353 (Avg: 0.5303)
Train Epoch: [33][69/138] Total Loss: 0.4379 (Avg: 0.4159) Dice: 0.6192 (Avg: 0.6679) IoU: 0.4743 (Avg: 0.5295)
Train Epoch: [33][70/138] Total Loss: 0.4977 (Avg: 0.4171) Dice: 0.5878 (Avg: 0.6668) IoU: 0.4554 (Avg: 0.5285)
Train Epoch: [33][71/138] Total Loss: 0.3178 (Avg: 0.4157) Dice: 0.7591 (Avg: 0.6681) IoU: 0.6174 (Avg: 0.5297)
Train Epoch: [33][72/138] Total Loss: 0.3929 (Avg: 0.4154) Dice: 0.6574 (Avg: 0.6679) IoU: 0.4923 (Avg: 0.5292)
Train Epoch: [33][73/138] Total Loss: 0.4832 (Avg: 0.4163) Dice: 0.6033 (Avg: 0.6671) IoU: 0.4568 (Avg: 0.5282)
Train Epoch: [33][74/138] Total Loss: 0.3133 (Avg: 0.4149) Dice: 0.8030 (Avg: 0.6689) IoU: 0.6826 (Avg: 0.5303)
Train Epoch: [33][75/138] Total Loss: 0.3756 (Avg: 0.4144) Dice: 0.7179 (Avg: 0.6695) IoU: 0.5696 (Avg: 0.5308)
Train Epoch: [33][76/138] Total Loss: 0.4020 (Avg: 0.4143) Dice: 0.6999 (Avg: 0.6699) IoU: 0.5465 (Avg: 0.5310)
Train Epoch: [33][77/138] Total Loss: 0.4876 (Avg: 0.4152) Dice: 0.6043 (Avg: 0.6691) IoU: 0.4475 (Avg: 0.5299)
Train Epoch: [33][78/138] Total Loss: 0.6295 (Avg: 0.4180) Dice: 0.4647 (Avg: 0.6665) IoU: 0.3549 (Avg: 0.5277)
Train Epoch: [33][79/138] Total Loss: 0.4254 (Avg: 0.4180) Dice: 0.6461 (Avg: 0.6662) IoU: 0.5281 (Avg: 0.5277)
Train Epoch: [33][80/138] Total Loss: 0.2401 (Avg: 0.4158) Dice: 0.8561 (Avg: 0.6686) IoU: 0.7503 (Avg: 0.5305)
Train Epoch: [33][81/138] Total Loss: 0.2403 (Avg: 0.4137) Dice: 0.8552 (Avg: 0.6709) IoU: 0.7487 (Avg: 0.5332)
Train Epoch: [33][82/138] Total Loss: 0.5661 (Avg: 0.4155) Dice: 0.4931 (Avg: 0.6687) IoU: 0.3715 (Avg: 0.5312)
Train Epoch: [33][83/138] Total Loss: 0.3575 (Avg: 0.4148) Dice: 0.7385 (Avg: 0.6696) IoU: 0.6059 (Avg: 0.5321)
Train Epoch: [33][84/138] Total Loss: 0.3134 (Avg: 0.4136) Dice: 0.7684 (Avg: 0.6707) IoU: 0.6393 (Avg: 0.5334)
Train Epoch: [33][85/138] Total Loss: 0.3807 (Avg: 0.4132) Dice: 0.6905 (Avg: 0.6710) IoU: 0.5413 (Avg: 0.5335)
Train Epoch: [33][86/138] Total Loss: 0.5500 (Avg: 0.4148) Dice: 0.5444 (Avg: 0.6695) IoU: 0.4057 (Avg: 0.5320)
Train Epoch: [33][87/138] Total Loss: 0.3605 (Avg: 0.4142) Dice: 0.7438 (Avg: 0.6704) IoU: 0.6122 (Avg: 0.5329)
Train Epoch: [33][88/138] Total Loss: 0.4374 (Avg: 0.4144) Dice: 0.6401 (Avg: 0.6700) IoU: 0.5604 (Avg: 0.5332)
Train Epoch: [33][89/138] Total Loss: 0.2963 (Avg: 0.4131) Dice: 0.7918 (Avg: 0.6714) IoU: 0.6625 (Avg: 0.5347)
Train Epoch: [33][90/138] Total Loss: 0.5921 (Avg: 0.4151) Dice: 0.4621 (Avg: 0.6691) IoU: 0.3430 (Avg: 0.5325)
Train Epoch: [33][91/138] Total Loss: 0.3205 (Avg: 0.4141) Dice: 0.7547 (Avg: 0.6700) IoU: 0.6139 (Avg: 0.5334)
Train Epoch: [33][92/138] Total Loss: 0.3178 (Avg: 0.4130) Dice: 0.7816 (Avg: 0.6712) IoU: 0.6632 (Avg: 0.5348)
Train Epoch: [33][93/138] Total Loss: 0.4978 (Avg: 0.4139) Dice: 0.5586 (Avg: 0.6700) IoU: 0.4273 (Avg: 0.5337)
Train Epoch: [33][94/138] Total Loss: 0.3141 (Avg: 0.4129) Dice: 0.7671 (Avg: 0.6710) IoU: 0.6341 (Avg: 0.5348)
Train Epoch: [33][95/138] Total Loss: 0.5074 (Avg: 0.4139) Dice: 0.5717 (Avg: 0.6700) IoU: 0.4300 (Avg: 0.5337)
Train Epoch: [33][96/138] Total Loss: 0.4411 (Avg: 0.4142) Dice: 0.6348 (Avg: 0.6696) IoU: 0.4737 (Avg: 0.5330)
Train Epoch: [33][97/138] Total Loss: 0.3584 (Avg: 0.4136) Dice: 0.6955 (Avg: 0.6699) IoU: 0.5372 (Avg: 0.5331)
Train Epoch: [33][98/138] Total Loss: 0.2991 (Avg: 0.4124) Dice: 0.7936 (Avg: 0.6711) IoU: 0.6605 (Avg: 0.5344)
Train Epoch: [33][99/138] Total Loss: 0.4370 (Avg: 0.4127) Dice: 0.6786 (Avg: 0.6712) IoU: 0.6200 (Avg: 0.5352)
Train Epoch: [33][100/138] Total Loss: 0.4092 (Avg: 0.4126) Dice: 0.6701 (Avg: 0.6712) IoU: 0.5140 (Avg: 0.5350)
Train Epoch: [33][101/138] Total Loss: 0.3371 (Avg: 0.4119) Dice: 0.7485 (Avg: 0.6720) IoU: 0.6078 (Avg: 0.5357)
Train Epoch: [33][102/138] Total Loss: 0.4933 (Avg: 0.4127) Dice: 0.6013 (Avg: 0.6713) IoU: 0.4586 (Avg: 0.5350)
Train Epoch: [33][103/138] Total Loss: 0.3392 (Avg: 0.4120) Dice: 0.7661 (Avg: 0.6722) IoU: 0.6354 (Avg: 0.5360)
Train Epoch: [33][104/138] Total Loss: 0.4125 (Avg: 0.4120) Dice: 0.6762 (Avg: 0.6722) IoU: 0.5171 (Avg: 0.5358)
Train Epoch: [33][105/138] Total Loss: 0.5140 (Avg: 0.4129) Dice: 0.5134 (Avg: 0.6707) IoU: 0.3527 (Avg: 0.5340)
Train Epoch: [33][106/138] Total Loss: 0.3886 (Avg: 0.4127) Dice: 0.6743 (Avg: 0.6708) IoU: 0.5120 (Avg: 0.5338)
Train Epoch: [33][107/138] Total Loss: 0.4285 (Avg: 0.4129) Dice: 0.6508 (Avg: 0.6706) IoU: 0.4848 (Avg: 0.5334)
Train Epoch: [33][108/138] Total Loss: 0.3386 (Avg: 0.4122) Dice: 0.7548 (Avg: 0.6714) IoU: 0.6229 (Avg: 0.5342)
Train Epoch: [33][109/138] Total Loss: 0.3327 (Avg: 0.4114) Dice: 0.7544 (Avg: 0.6721) IoU: 0.6084 (Avg: 0.5349)
Train Epoch: [33][110/138] Total Loss: 0.4213 (Avg: 0.4115) Dice: 0.6191 (Avg: 0.6716) IoU: 0.4633 (Avg: 0.5342)
Train Epoch: [33][111/138] Total Loss: 0.3678 (Avg: 0.4111) Dice: 0.7102 (Avg: 0.6720) IoU: 0.5570 (Avg: 0.5344)
Train Epoch: [33][112/138] Total Loss: 0.6142 (Avg: 0.4129) Dice: 0.4407 (Avg: 0.6699) IoU: 0.3379 (Avg: 0.5327)
Train Epoch: [33][113/138] Total Loss: 0.3454 (Avg: 0.4124) Dice: 0.7358 (Avg: 0.6705) IoU: 0.6167 (Avg: 0.5334)
Train Epoch: [33][114/138] Total Loss: 0.3961 (Avg: 0.4122) Dice: 0.6839 (Avg: 0.6706) IoU: 0.5264 (Avg: 0.5334)
Train Epoch: [33][115/138] Total Loss: 0.3768 (Avg: 0.4119) Dice: 0.7083 (Avg: 0.6709) IoU: 0.5657 (Avg: 0.5336)
Train Epoch: [33][116/138] Total Loss: 0.3700 (Avg: 0.4115) Dice: 0.7355 (Avg: 0.6715) IoU: 0.5987 (Avg: 0.5342)
Train Epoch: [33][117/138] Total Loss: 0.5671 (Avg: 0.4129) Dice: 0.5142 (Avg: 0.6702) IoU: 0.4000 (Avg: 0.5331)
Train Epoch: [33][118/138] Total Loss: 0.4884 (Avg: 0.4135) Dice: 0.5829 (Avg: 0.6694) IoU: 0.4163 (Avg: 0.5321)
Train Epoch: [33][119/138] Total Loss: 0.3136 (Avg: 0.4127) Dice: 0.7649 (Avg: 0.6702) IoU: 0.6262 (Avg: 0.5329)
Train Epoch: [33][120/138] Total Loss: 0.7459 (Avg: 0.4154) Dice: 0.3333 (Avg: 0.6674) IoU: 0.2475 (Avg: 0.5305)
Train Epoch: [33][121/138] Total Loss: 0.4648 (Avg: 0.4159) Dice: 0.6525 (Avg: 0.6673) IoU: 0.5374 (Avg: 0.5305)
Train Epoch: [33][122/138] Total Loss: 0.2802 (Avg: 0.4147) Dice: 0.8231 (Avg: 0.6686) IoU: 0.7048 (Avg: 0.5320)
Train Epoch: [33][123/138] Total Loss: 0.6880 (Avg: 0.4170) Dice: 0.3988 (Avg: 0.6664) IoU: 0.2965 (Avg: 0.5301)
Train Epoch: [33][124/138] Total Loss: 0.4516 (Avg: 0.4172) Dice: 0.6103 (Avg: 0.6659) IoU: 0.4753 (Avg: 0.5296)
Train Epoch: [33][125/138] Total Loss: 0.4071 (Avg: 0.4172) Dice: 0.6774 (Avg: 0.6660) IoU: 0.5213 (Avg: 0.5295)
Train Epoch: [33][126/138] Total Loss: 0.5532 (Avg: 0.4182) Dice: 0.5228 (Avg: 0.6649) IoU: 0.4042 (Avg: 0.5286)
Train Epoch: [33][127/138] Total Loss: 0.3658 (Avg: 0.4178) Dice: 0.7120 (Avg: 0.6652) IoU: 0.5564 (Avg: 0.5288)
Train Epoch: [33][128/138] Total Loss: 0.3017 (Avg: 0.4169) Dice: 0.7912 (Avg: 0.6662) IoU: 0.6615 (Avg: 0.5298)
Train Epoch: [33][129/138] Total Loss: 0.2980 (Avg: 0.4160) Dice: 0.7818 (Avg: 0.6671) IoU: 0.6521 (Avg: 0.5308)
Train Epoch: [33][130/138] Total Loss: 0.3643 (Avg: 0.4156) Dice: 0.7201 (Avg: 0.6675) IoU: 0.5799 (Avg: 0.5311)
Train Epoch: [33][131/138] Total Loss: 0.4791 (Avg: 0.4161) Dice: 0.5930 (Avg: 0.6670) IoU: 0.4456 (Avg: 0.5305)
Train Epoch: [33][132/138] Total Loss: 0.4099 (Avg: 0.4160) Dice: 0.6558 (Avg: 0.6669) IoU: 0.4884 (Avg: 0.5302)
Train Epoch: [33][133/138] Total Loss: 0.5143 (Avg: 0.4168) Dice: 0.5415 (Avg: 0.6659) IoU: 0.3860 (Avg: 0.5291)
Train Epoch: [33][134/138] Total Loss: 0.2832 (Avg: 0.4158) Dice: 0.7995 (Avg: 0.6669) IoU: 0.6706 (Avg: 0.5301)
Train Epoch: [33][135/138] Total Loss: 0.3843 (Avg: 0.4155) Dice: 0.7136 (Avg: 0.6673) IoU: 0.5831 (Avg: 0.5305)
Train Epoch: [33][136/138] Total Loss: 0.4433 (Avg: 0.4158) Dice: 0.6433 (Avg: 0.6671) IoU: 0.4929 (Avg: 0.5303)
Train Epoch: [33][137/138] Total Loss: 0.4937 (Avg: 0.4163) Dice: 0.6031 (Avg: 0.6666) IoU: 0.5099 (Avg: 0.5301)
Train Epoch: [33][138/138] Total Loss: 0.5800 (Avg: 0.4144) Dice: 0.3307 (Avg: 0.6624) IoU: 0.1981 (Avg: 0.5266)
Validation Epoch: [33] Avg Loss: 0.3384 Avg Dice: 0.6133 Avg IoU: 0.4817
	 Best dice improved from 0.6088 to 0.6133

========= Epoch [34/50] =========
Train Epoch: [34][1/138] Total Loss: 0.3445 (Avg: 0.3445) Dice: 0.7309 (Avg: 0.7309) IoU: 0.6044 (Avg: 0.6044)
Train Epoch: [34][2/138] Total Loss: 0.5035 (Avg: 0.4240) Dice: 0.5599 (Avg: 0.6454) IoU: 0.4497 (Avg: 0.5271)
Train Epoch: [34][3/138] Total Loss: 0.5340 (Avg: 0.4607) Dice: 0.5700 (Avg: 0.6202) IoU: 0.4364 (Avg: 0.4969)
Train Epoch: [34][4/138] Total Loss: 0.3611 (Avg: 0.4358) Dice: 0.7359 (Avg: 0.6492) IoU: 0.6191 (Avg: 0.5274)
Train Epoch: [34][5/138] Total Loss: 0.4102 (Avg: 0.4307) Dice: 0.6819 (Avg: 0.6557) IoU: 0.5212 (Avg: 0.5262)
Train Epoch: [34][6/138] Total Loss: 0.4260 (Avg: 0.4299) Dice: 0.6367 (Avg: 0.6526) IoU: 0.4772 (Avg: 0.5180)
Train Epoch: [34][7/138] Total Loss: 0.4808 (Avg: 0.4372) Dice: 0.5992 (Avg: 0.6449) IoU: 0.4680 (Avg: 0.5108)
Train Epoch: [34][8/138] Total Loss: 0.3915 (Avg: 0.4314) Dice: 0.6810 (Avg: 0.6494) IoU: 0.5214 (Avg: 0.5122)
Train Epoch: [34][9/138] Total Loss: 0.3005 (Avg: 0.4169) Dice: 0.7727 (Avg: 0.6631) IoU: 0.6426 (Avg: 0.5267)
Train Epoch: [34][10/138] Total Loss: 0.3803 (Avg: 0.4132) Dice: 0.7046 (Avg: 0.6673) IoU: 0.5518 (Avg: 0.5292)
Train Epoch: [34][11/138] Total Loss: 0.5397 (Avg: 0.4247) Dice: 0.5369 (Avg: 0.6554) IoU: 0.3949 (Avg: 0.5170)
Train Epoch: [34][12/138] Total Loss: 0.3807 (Avg: 0.4211) Dice: 0.7264 (Avg: 0.6613) IoU: 0.5893 (Avg: 0.5230)
Train Epoch: [34][13/138] Total Loss: 0.5152 (Avg: 0.4283) Dice: 0.5731 (Avg: 0.6546) IoU: 0.4172 (Avg: 0.5149)
Train Epoch: [34][14/138] Total Loss: 0.5318 (Avg: 0.4357) Dice: 0.4963 (Avg: 0.6432) IoU: 0.3630 (Avg: 0.5040)
Train Epoch: [34][15/138] Total Loss: 0.5445 (Avg: 0.4429) Dice: 0.5464 (Avg: 0.6368) IoU: 0.4404 (Avg: 0.4998)
Train Epoch: [34][16/138] Total Loss: 0.3453 (Avg: 0.4368) Dice: 0.7487 (Avg: 0.6438) IoU: 0.6100 (Avg: 0.5067)
Train Epoch: [34][17/138] Total Loss: 0.4001 (Avg: 0.4347) Dice: 0.6742 (Avg: 0.6456) IoU: 0.5095 (Avg: 0.5068)
Train Epoch: [34][18/138] Total Loss: 0.6037 (Avg: 0.4441) Dice: 0.4968 (Avg: 0.6373) IoU: 0.3695 (Avg: 0.4992)
Train Epoch: [34][19/138] Total Loss: 0.4548 (Avg: 0.4446) Dice: 0.6021 (Avg: 0.6355) IoU: 0.4378 (Avg: 0.4960)
Train Epoch: [34][20/138] Total Loss: 0.2702 (Avg: 0.4359) Dice: 0.8182 (Avg: 0.6446) IoU: 0.6986 (Avg: 0.5061)
Train Epoch: [34][21/138] Total Loss: 0.4227 (Avg: 0.4353) Dice: 0.6695 (Avg: 0.6458) IoU: 0.5234 (Avg: 0.5069)
Train Epoch: [34][22/138] Total Loss: 0.3977 (Avg: 0.4336) Dice: 0.6805 (Avg: 0.6474) IoU: 0.5262 (Avg: 0.5078)
Train Epoch: [34][23/138] Total Loss: 0.5088 (Avg: 0.4369) Dice: 0.5763 (Avg: 0.6443) IoU: 0.4459 (Avg: 0.5051)
Train Epoch: [34][24/138] Total Loss: 0.5837 (Avg: 0.4430) Dice: 0.4506 (Avg: 0.6362) IoU: 0.3246 (Avg: 0.4976)
Train Epoch: [34][25/138] Total Loss: 0.4497 (Avg: 0.4432) Dice: 0.6383 (Avg: 0.6363) IoU: 0.4897 (Avg: 0.4973)
Train Epoch: [34][26/138] Total Loss: 0.3891 (Avg: 0.4412) Dice: 0.6638 (Avg: 0.6373) IoU: 0.5150 (Avg: 0.4980)
Train Epoch: [34][27/138] Total Loss: 0.4925 (Avg: 0.4431) Dice: 0.6076 (Avg: 0.6362) IoU: 0.5156 (Avg: 0.4986)
Train Epoch: [34][28/138] Total Loss: 0.3913 (Avg: 0.4412) Dice: 0.7130 (Avg: 0.6390) IoU: 0.5594 (Avg: 0.5008)
Train Epoch: [34][29/138] Total Loss: 0.3484 (Avg: 0.4380) Dice: 0.7360 (Avg: 0.6423) IoU: 0.5972 (Avg: 0.5041)
Train Epoch: [34][30/138] Total Loss: 0.3622 (Avg: 0.4355) Dice: 0.7273 (Avg: 0.6452) IoU: 0.6122 (Avg: 0.5077)
Train Epoch: [34][31/138] Total Loss: 0.3123 (Avg: 0.4315) Dice: 0.7513 (Avg: 0.6486) IoU: 0.6102 (Avg: 0.5110)
Train Epoch: [34][32/138] Total Loss: 0.3195 (Avg: 0.4280) Dice: 0.7781 (Avg: 0.6526) IoU: 0.6595 (Avg: 0.5157)
Train Epoch: [34][33/138] Total Loss: 0.2736 (Avg: 0.4233) Dice: 0.8211 (Avg: 0.6577) IoU: 0.7051 (Avg: 0.5214)
Train Epoch: [34][34/138] Total Loss: 0.5040 (Avg: 0.4257) Dice: 0.5713 (Avg: 0.6552) IoU: 0.4045 (Avg: 0.5180)
Train Epoch: [34][35/138] Total Loss: 0.3520 (Avg: 0.4236) Dice: 0.7254 (Avg: 0.6572) IoU: 0.5730 (Avg: 0.5195)
Train Epoch: [34][36/138] Total Loss: 0.3069 (Avg: 0.4204) Dice: 0.7747 (Avg: 0.6605) IoU: 0.6401 (Avg: 0.5229)
Train Epoch: [34][37/138] Total Loss: 0.4435 (Avg: 0.4210) Dice: 0.6426 (Avg: 0.6600) IoU: 0.5133 (Avg: 0.5226)
Train Epoch: [34][38/138] Total Loss: 0.5264 (Avg: 0.4238) Dice: 0.5596 (Avg: 0.6573) IoU: 0.4537 (Avg: 0.5208)
Train Epoch: [34][39/138] Total Loss: 0.5275 (Avg: 0.4264) Dice: 0.5524 (Avg: 0.6547) IoU: 0.4438 (Avg: 0.5188)
Train Epoch: [34][40/138] Total Loss: 0.4013 (Avg: 0.4258) Dice: 0.6749 (Avg: 0.6552) IoU: 0.5257 (Avg: 0.5190)
Train Epoch: [34][41/138] Total Loss: 0.4457 (Avg: 0.4263) Dice: 0.6977 (Avg: 0.6562) IoU: 0.5552 (Avg: 0.5199)
Train Epoch: [34][42/138] Total Loss: 0.3800 (Avg: 0.4252) Dice: 0.7002 (Avg: 0.6572) IoU: 0.5533 (Avg: 0.5207)
Train Epoch: [34][43/138] Total Loss: 0.4062 (Avg: 0.4247) Dice: 0.6679 (Avg: 0.6575) IoU: 0.5088 (Avg: 0.5204)
Train Epoch: [34][44/138] Total Loss: 0.3834 (Avg: 0.4238) Dice: 0.6975 (Avg: 0.6584) IoU: 0.5480 (Avg: 0.5210)
Train Epoch: [34][45/138] Total Loss: 0.3086 (Avg: 0.4212) Dice: 0.7633 (Avg: 0.6607) IoU: 0.6364 (Avg: 0.5236)
Train Epoch: [34][46/138] Total Loss: 0.5994 (Avg: 0.4251) Dice: 0.4699 (Avg: 0.6566) IoU: 0.3501 (Avg: 0.5198)
Train Epoch: [34][47/138] Total Loss: 0.4271 (Avg: 0.4251) Dice: 0.6438 (Avg: 0.6563) IoU: 0.4919 (Avg: 0.5192)
Train Epoch: [34][48/138] Total Loss: 0.3831 (Avg: 0.4243) Dice: 0.7035 (Avg: 0.6573) IoU: 0.5575 (Avg: 0.5200)
Train Epoch: [34][49/138] Total Loss: 0.2955 (Avg: 0.4216) Dice: 0.8228 (Avg: 0.6607) IoU: 0.7008 (Avg: 0.5237)
Train Epoch: [34][50/138] Total Loss: 0.3460 (Avg: 0.4201) Dice: 0.7433 (Avg: 0.6623) IoU: 0.5920 (Avg: 0.5251)
Train Epoch: [34][51/138] Total Loss: 0.4427 (Avg: 0.4206) Dice: 0.6345 (Avg: 0.6618) IoU: 0.5021 (Avg: 0.5246)
Train Epoch: [34][52/138] Total Loss: 0.2631 (Avg: 0.4175) Dice: 0.8264 (Avg: 0.6649) IoU: 0.7099 (Avg: 0.5282)
Train Epoch: [34][53/138] Total Loss: 0.4776 (Avg: 0.4187) Dice: 0.5899 (Avg: 0.6635) IoU: 0.4613 (Avg: 0.5269)
Train Epoch: [34][54/138] Total Loss: 0.3447 (Avg: 0.4173) Dice: 0.7411 (Avg: 0.6650) IoU: 0.6031 (Avg: 0.5283)
Train Epoch: [34][55/138] Total Loss: 0.3383 (Avg: 0.4159) Dice: 0.7484 (Avg: 0.6665) IoU: 0.6003 (Avg: 0.5297)
Train Epoch: [34][56/138] Total Loss: 0.2918 (Avg: 0.4137) Dice: 0.7919 (Avg: 0.6687) IoU: 0.6608 (Avg: 0.5320)
Train Epoch: [34][57/138] Total Loss: 0.4755 (Avg: 0.4147) Dice: 0.6142 (Avg: 0.6678) IoU: 0.4616 (Avg: 0.5308)
Train Epoch: [34][58/138] Total Loss: 0.3431 (Avg: 0.4135) Dice: 0.7475 (Avg: 0.6691) IoU: 0.6065 (Avg: 0.5321)
Train Epoch: [34][59/138] Total Loss: 0.4035 (Avg: 0.4133) Dice: 0.6980 (Avg: 0.6696) IoU: 0.5616 (Avg: 0.5326)
Train Epoch: [34][60/138] Total Loss: 0.2755 (Avg: 0.4110) Dice: 0.8212 (Avg: 0.6722) IoU: 0.7007 (Avg: 0.5354)
Train Epoch: [34][61/138] Total Loss: 0.3213 (Avg: 0.4096) Dice: 0.7614 (Avg: 0.6736) IoU: 0.6159 (Avg: 0.5367)
Train Epoch: [34][62/138] Total Loss: 0.3138 (Avg: 0.4080) Dice: 0.7858 (Avg: 0.6754) IoU: 0.6554 (Avg: 0.5386)
Train Epoch: [34][63/138] Total Loss: 0.5063 (Avg: 0.4096) Dice: 0.5792 (Avg: 0.6739) IoU: 0.4171 (Avg: 0.5367)
Train Epoch: [34][64/138] Total Loss: 0.4659 (Avg: 0.4105) Dice: 0.6164 (Avg: 0.6730) IoU: 0.4888 (Avg: 0.5359)
Train Epoch: [34][65/138] Total Loss: 0.4143 (Avg: 0.4105) Dice: 0.6935 (Avg: 0.6733) IoU: 0.5538 (Avg: 0.5362)
Train Epoch: [34][66/138] Total Loss: 0.3511 (Avg: 0.4096) Dice: 0.7427 (Avg: 0.6744) IoU: 0.6275 (Avg: 0.5376)
Train Epoch: [34][67/138] Total Loss: 0.3432 (Avg: 0.4086) Dice: 0.7433 (Avg: 0.6754) IoU: 0.6053 (Avg: 0.5386)
Train Epoch: [34][68/138] Total Loss: 0.5363 (Avg: 0.4105) Dice: 0.5502 (Avg: 0.6736) IoU: 0.4442 (Avg: 0.5372)
Train Epoch: [34][69/138] Total Loss: 0.3769 (Avg: 0.4100) Dice: 0.7186 (Avg: 0.6742) IoU: 0.5671 (Avg: 0.5376)
Train Epoch: [34][70/138] Total Loss: 0.5869 (Avg: 0.4125) Dice: 0.5072 (Avg: 0.6718) IoU: 0.3876 (Avg: 0.5355)
Train Epoch: [34][71/138] Total Loss: 0.4139 (Avg: 0.4126) Dice: 0.6408 (Avg: 0.6714) IoU: 0.4776 (Avg: 0.5347)
Train Epoch: [34][72/138] Total Loss: 0.5673 (Avg: 0.4147) Dice: 0.4795 (Avg: 0.6687) IoU: 0.3533 (Avg: 0.5322)
Train Epoch: [34][73/138] Total Loss: 0.3210 (Avg: 0.4134) Dice: 0.7602 (Avg: 0.6700) IoU: 0.6297 (Avg: 0.5335)
Train Epoch: [34][74/138] Total Loss: 0.4955 (Avg: 0.4145) Dice: 0.5427 (Avg: 0.6683) IoU: 0.4347 (Avg: 0.5322)
Train Epoch: [34][75/138] Total Loss: 0.4295 (Avg: 0.4147) Dice: 0.6381 (Avg: 0.6679) IoU: 0.4766 (Avg: 0.5314)
Train Epoch: [34][76/138] Total Loss: 0.5453 (Avg: 0.4165) Dice: 0.5271 (Avg: 0.6660) IoU: 0.3792 (Avg: 0.5294)
Train Epoch: [34][77/138] Total Loss: 0.3438 (Avg: 0.4155) Dice: 0.7536 (Avg: 0.6671) IoU: 0.6247 (Avg: 0.5307)
Train Epoch: [34][78/138] Total Loss: 0.4636 (Avg: 0.4161) Dice: 0.6346 (Avg: 0.6667) IoU: 0.5093 (Avg: 0.5304)
Train Epoch: [34][79/138] Total Loss: 0.3929 (Avg: 0.4158) Dice: 0.6898 (Avg: 0.6670) IoU: 0.5366 (Avg: 0.5305)
Train Epoch: [34][80/138] Total Loss: 0.3231 (Avg: 0.4147) Dice: 0.7735 (Avg: 0.6683) IoU: 0.6365 (Avg: 0.5318)
Train Epoch: [34][81/138] Total Loss: 0.2550 (Avg: 0.4127) Dice: 0.8450 (Avg: 0.6705) IoU: 0.7363 (Avg: 0.5343)
Train Epoch: [34][82/138] Total Loss: 0.4659 (Avg: 0.4134) Dice: 0.6130 (Avg: 0.6698) IoU: 0.4574 (Avg: 0.5334)
Train Epoch: [34][83/138] Total Loss: 0.4347 (Avg: 0.4136) Dice: 0.6458 (Avg: 0.6695) IoU: 0.5008 (Avg: 0.5330)
Train Epoch: [34][84/138] Total Loss: 0.3727 (Avg: 0.4131) Dice: 0.7272 (Avg: 0.6702) IoU: 0.6137 (Avg: 0.5339)
Train Epoch: [34][85/138] Total Loss: 0.5573 (Avg: 0.4148) Dice: 0.5316 (Avg: 0.6686) IoU: 0.3971 (Avg: 0.5323)
Train Epoch: [34][86/138] Total Loss: 0.3439 (Avg: 0.4140) Dice: 0.7495 (Avg: 0.6695) IoU: 0.6142 (Avg: 0.5333)
Train Epoch: [34][87/138] Total Loss: 0.6311 (Avg: 0.4165) Dice: 0.4824 (Avg: 0.6674) IoU: 0.3887 (Avg: 0.5316)
Train Epoch: [34][88/138] Total Loss: 0.6165 (Avg: 0.4188) Dice: 0.4738 (Avg: 0.6652) IoU: 0.3802 (Avg: 0.5299)
Train Epoch: [34][89/138] Total Loss: 0.3301 (Avg: 0.4178) Dice: 0.7565 (Avg: 0.6662) IoU: 0.6137 (Avg: 0.5308)
Train Epoch: [34][90/138] Total Loss: 0.3797 (Avg: 0.4173) Dice: 0.7120 (Avg: 0.6667) IoU: 0.5598 (Avg: 0.5312)
Train Epoch: [34][91/138] Total Loss: 0.3394 (Avg: 0.4165) Dice: 0.7598 (Avg: 0.6677) IoU: 0.6186 (Avg: 0.5321)
Train Epoch: [34][92/138] Total Loss: 0.4561 (Avg: 0.4169) Dice: 0.6069 (Avg: 0.6671) IoU: 0.4708 (Avg: 0.5315)
Train Epoch: [34][93/138] Total Loss: 0.4064 (Avg: 0.4168) Dice: 0.6482 (Avg: 0.6669) IoU: 0.4901 (Avg: 0.5310)
Train Epoch: [34][94/138] Total Loss: 0.3809 (Avg: 0.4164) Dice: 0.7022 (Avg: 0.6672) IoU: 0.5790 (Avg: 0.5315)
Train Epoch: [34][95/138] Total Loss: 0.4259 (Avg: 0.4165) Dice: 0.6405 (Avg: 0.6670) IoU: 0.4943 (Avg: 0.5311)
Train Epoch: [34][96/138] Total Loss: 0.2923 (Avg: 0.4152) Dice: 0.8087 (Avg: 0.6684) IoU: 0.6943 (Avg: 0.5328)
Train Epoch: [34][97/138] Total Loss: 0.5056 (Avg: 0.4162) Dice: 0.5835 (Avg: 0.6676) IoU: 0.4201 (Avg: 0.5317)
Train Epoch: [34][98/138] Total Loss: 0.7617 (Avg: 0.4197) Dice: 0.3132 (Avg: 0.6640) IoU: 0.2107 (Avg: 0.5284)
Train Epoch: [34][99/138] Total Loss: 0.5571 (Avg: 0.4211) Dice: 0.4954 (Avg: 0.6622) IoU: 0.3822 (Avg: 0.5269)
Train Epoch: [34][100/138] Total Loss: 0.4143 (Avg: 0.4210) Dice: 0.6667 (Avg: 0.6623) IoU: 0.5256 (Avg: 0.5269)
Train Epoch: [34][101/138] Total Loss: 0.3653 (Avg: 0.4205) Dice: 0.7227 (Avg: 0.6629) IoU: 0.5784 (Avg: 0.5274)
Train Epoch: [34][102/138] Total Loss: 0.2843 (Avg: 0.4191) Dice: 0.8023 (Avg: 0.6643) IoU: 0.6746 (Avg: 0.5289)
Train Epoch: [34][103/138] Total Loss: 0.2712 (Avg: 0.4177) Dice: 0.8310 (Avg: 0.6659) IoU: 0.7151 (Avg: 0.5307)
Train Epoch: [34][104/138] Total Loss: 0.4566 (Avg: 0.4181) Dice: 0.5948 (Avg: 0.6652) IoU: 0.4519 (Avg: 0.5299)
Train Epoch: [34][105/138] Total Loss: 0.4153 (Avg: 0.4180) Dice: 0.6436 (Avg: 0.6650) IoU: 0.4961 (Avg: 0.5296)
Train Epoch: [34][106/138] Total Loss: 0.4245 (Avg: 0.4181) Dice: 0.6550 (Avg: 0.6649) IoU: 0.4998 (Avg: 0.5293)
Train Epoch: [34][107/138] Total Loss: 0.3062 (Avg: 0.4170) Dice: 0.7858 (Avg: 0.6660) IoU: 0.6637 (Avg: 0.5306)
Train Epoch: [34][108/138] Total Loss: 0.5978 (Avg: 0.4187) Dice: 0.5174 (Avg: 0.6646) IoU: 0.4278 (Avg: 0.5296)
Train Epoch: [34][109/138] Total Loss: 0.3776 (Avg: 0.4183) Dice: 0.7043 (Avg: 0.6650) IoU: 0.5538 (Avg: 0.5298)
Train Epoch: [34][110/138] Total Loss: 0.3440 (Avg: 0.4177) Dice: 0.7587 (Avg: 0.6659) IoU: 0.6394 (Avg: 0.5308)
Train Epoch: [34][111/138] Total Loss: 0.3441 (Avg: 0.4170) Dice: 0.7404 (Avg: 0.6665) IoU: 0.5921 (Avg: 0.5314)
Train Epoch: [34][112/138] Total Loss: 0.4550 (Avg: 0.4173) Dice: 0.6250 (Avg: 0.6662) IoU: 0.4872 (Avg: 0.5310)
Train Epoch: [34][113/138] Total Loss: 0.5838 (Avg: 0.4188) Dice: 0.5022 (Avg: 0.6647) IoU: 0.3804 (Avg: 0.5297)
Train Epoch: [34][114/138] Total Loss: 0.5889 (Avg: 0.4203) Dice: 0.4933 (Avg: 0.6632) IoU: 0.3588 (Avg: 0.5282)
Train Epoch: [34][115/138] Total Loss: 0.3570 (Avg: 0.4198) Dice: 0.7274 (Avg: 0.6638) IoU: 0.5981 (Avg: 0.5288)
Train Epoch: [34][116/138] Total Loss: 0.5018 (Avg: 0.4205) Dice: 0.5605 (Avg: 0.6629) IoU: 0.4026 (Avg: 0.5277)
Train Epoch: [34][117/138] Total Loss: 0.3620 (Avg: 0.4200) Dice: 0.7014 (Avg: 0.6632) IoU: 0.5555 (Avg: 0.5279)
Train Epoch: [34][118/138] Total Loss: 0.5297 (Avg: 0.4209) Dice: 0.5609 (Avg: 0.6623) IoU: 0.4532 (Avg: 0.5273)
Train Epoch: [34][119/138] Total Loss: 0.3444 (Avg: 0.4203) Dice: 0.7378 (Avg: 0.6630) IoU: 0.5910 (Avg: 0.5278)
Train Epoch: [34][120/138] Total Loss: 0.4447 (Avg: 0.4205) Dice: 0.6315 (Avg: 0.6627) IoU: 0.4680 (Avg: 0.5273)
Train Epoch: [34][121/138] Total Loss: 0.4082 (Avg: 0.4204) Dice: 0.6616 (Avg: 0.6627) IoU: 0.5105 (Avg: 0.5272)
Train Epoch: [34][122/138] Total Loss: 0.2580 (Avg: 0.4190) Dice: 0.8283 (Avg: 0.6641) IoU: 0.7093 (Avg: 0.5287)
Train Epoch: [34][123/138] Total Loss: 0.4409 (Avg: 0.4192) Dice: 0.5968 (Avg: 0.6635) IoU: 0.4571 (Avg: 0.5281)
Train Epoch: [34][124/138] Total Loss: 0.2908 (Avg: 0.4182) Dice: 0.7939 (Avg: 0.6646) IoU: 0.6598 (Avg: 0.5292)
Train Epoch: [34][125/138] Total Loss: 0.3586 (Avg: 0.4177) Dice: 0.7360 (Avg: 0.6651) IoU: 0.6445 (Avg: 0.5301)
Train Epoch: [34][126/138] Total Loss: 0.3347 (Avg: 0.4170) Dice: 0.7535 (Avg: 0.6658) IoU: 0.6198 (Avg: 0.5308)
Train Epoch: [34][127/138] Total Loss: 0.3085 (Avg: 0.4162) Dice: 0.7928 (Avg: 0.6668) IoU: 0.6711 (Avg: 0.5319)
Train Epoch: [34][128/138] Total Loss: 0.3456 (Avg: 0.4156) Dice: 0.7475 (Avg: 0.6675) IoU: 0.6029 (Avg: 0.5324)
Train Epoch: [34][129/138] Total Loss: 0.3222 (Avg: 0.4149) Dice: 0.7791 (Avg: 0.6683) IoU: 0.6427 (Avg: 0.5333)
Train Epoch: [34][130/138] Total Loss: 0.4943 (Avg: 0.4155) Dice: 0.5839 (Avg: 0.6677) IoU: 0.4182 (Avg: 0.5324)
Train Epoch: [34][131/138] Total Loss: 0.2228 (Avg: 0.4140) Dice: 0.8771 (Avg: 0.6693) IoU: 0.7818 (Avg: 0.5343)
Train Epoch: [34][132/138] Total Loss: 0.4574 (Avg: 0.4144) Dice: 0.6333 (Avg: 0.6690) IoU: 0.4738 (Avg: 0.5339)
Train Epoch: [34][133/138] Total Loss: 0.2861 (Avg: 0.4134) Dice: 0.8166 (Avg: 0.6701) IoU: 0.6948 (Avg: 0.5351)
Train Epoch: [34][134/138] Total Loss: 0.2962 (Avg: 0.4125) Dice: 0.7911 (Avg: 0.6710) IoU: 0.6720 (Avg: 0.5361)
Train Epoch: [34][135/138] Total Loss: 0.3879 (Avg: 0.4123) Dice: 0.6794 (Avg: 0.6711) IoU: 0.5271 (Avg: 0.5360)
Train Epoch: [34][136/138] Total Loss: 0.2712 (Avg: 0.4113) Dice: 0.8480 (Avg: 0.6724) IoU: 0.7364 (Avg: 0.5375)
Train Epoch: [34][137/138] Total Loss: 0.3986 (Avg: 0.4112) Dice: 0.6281 (Avg: 0.6721) IoU: 0.4816 (Avg: 0.5371)
Train Epoch: [34][138/138] Total Loss: 0.1596 (Avg: 0.4085) Dice: 0.7938 (Avg: 0.6686) IoU: 0.6581 (Avg: 0.5344)
Validation Epoch: [34] Avg Loss: 0.3569 Avg Dice: 0.5901 Avg IoU: 0.4614

========= Epoch [35/50] =========
Train Epoch: [35][1/138] Total Loss: 0.4224 (Avg: 0.4224) Dice: 0.6644 (Avg: 0.6644) IoU: 0.5082 (Avg: 0.5082)
Train Epoch: [35][2/138] Total Loss: 0.3369 (Avg: 0.3796) Dice: 0.7353 (Avg: 0.6999) IoU: 0.5982 (Avg: 0.5532)
Train Epoch: [35][3/138] Total Loss: 0.4432 (Avg: 0.4008) Dice: 0.6353 (Avg: 0.6783) IoU: 0.4891 (Avg: 0.5318)
Train Epoch: [35][4/138] Total Loss: 0.5101 (Avg: 0.4281) Dice: 0.5608 (Avg: 0.6490) IoU: 0.4058 (Avg: 0.5003)
Train Epoch: [35][5/138] Total Loss: 0.3555 (Avg: 0.4136) Dice: 0.7298 (Avg: 0.6651) IoU: 0.5906 (Avg: 0.5184)
Train Epoch: [35][6/138] Total Loss: 0.6764 (Avg: 0.4574) Dice: 0.3698 (Avg: 0.6159) IoU: 0.2490 (Avg: 0.4735)
Train Epoch: [35][7/138] Total Loss: 0.4600 (Avg: 0.4578) Dice: 0.6157 (Avg: 0.6159) IoU: 0.4967 (Avg: 0.4768)
Train Epoch: [35][8/138] Total Loss: 0.3767 (Avg: 0.4476) Dice: 0.6952 (Avg: 0.6258) IoU: 0.5670 (Avg: 0.4881)
Train Epoch: [35][9/138] Total Loss: 0.4102 (Avg: 0.4435) Dice: 0.6738 (Avg: 0.6311) IoU: 0.5413 (Avg: 0.4940)
Train Epoch: [35][10/138] Total Loss: 0.4423 (Avg: 0.4434) Dice: 0.6232 (Avg: 0.6303) IoU: 0.4613 (Avg: 0.4907)
Train Epoch: [35][11/138] Total Loss: 0.3094 (Avg: 0.4312) Dice: 0.7899 (Avg: 0.6448) IoU: 0.6690 (Avg: 0.5069)
Train Epoch: [35][12/138] Total Loss: 0.4396 (Avg: 0.4319) Dice: 0.6369 (Avg: 0.6442) IoU: 0.4784 (Avg: 0.5045)
Train Epoch: [35][13/138] Total Loss: 0.3068 (Avg: 0.4223) Dice: 0.7747 (Avg: 0.6542) IoU: 0.6397 (Avg: 0.5149)
Train Epoch: [35][14/138] Total Loss: 0.5779 (Avg: 0.4334) Dice: 0.5015 (Avg: 0.6433) IoU: 0.3450 (Avg: 0.5028)
Train Epoch: [35][15/138] Total Loss: 0.3375 (Avg: 0.4270) Dice: 0.7479 (Avg: 0.6503) IoU: 0.6013 (Avg: 0.5094)
Train Epoch: [35][16/138] Total Loss: 0.5843 (Avg: 0.4368) Dice: 0.4809 (Avg: 0.6397) IoU: 0.3545 (Avg: 0.4997)
Train Epoch: [35][17/138] Total Loss: 0.4087 (Avg: 0.4352) Dice: 0.6698 (Avg: 0.6415) IoU: 0.5215 (Avg: 0.5010)
Train Epoch: [35][18/138] Total Loss: 0.3741 (Avg: 0.4318) Dice: 0.6935 (Avg: 0.6444) IoU: 0.5508 (Avg: 0.5037)
Train Epoch: [35][19/138] Total Loss: 0.5163 (Avg: 0.4362) Dice: 0.5566 (Avg: 0.6397) IoU: 0.4465 (Avg: 0.5007)
Train Epoch: [35][20/138] Total Loss: 0.5059 (Avg: 0.4397) Dice: 0.5573 (Avg: 0.6356) IoU: 0.4521 (Avg: 0.4983)
Train Epoch: [35][21/138] Total Loss: 0.5024 (Avg: 0.4427) Dice: 0.5833 (Avg: 0.6331) IoU: 0.4794 (Avg: 0.4974)
Train Epoch: [35][22/138] Total Loss: 0.4853 (Avg: 0.4446) Dice: 0.5907 (Avg: 0.6312) IoU: 0.4516 (Avg: 0.4953)
Train Epoch: [35][23/138] Total Loss: 0.5407 (Avg: 0.4488) Dice: 0.5209 (Avg: 0.6264) IoU: 0.4041 (Avg: 0.4914)
Train Epoch: [35][24/138] Total Loss: 0.4849 (Avg: 0.4503) Dice: 0.5205 (Avg: 0.6220) IoU: 0.3767 (Avg: 0.4866)
Train Epoch: [35][25/138] Total Loss: 0.3148 (Avg: 0.4449) Dice: 0.7874 (Avg: 0.6286) IoU: 0.6508 (Avg: 0.4931)
Train Epoch: [35][26/138] Total Loss: 0.3208 (Avg: 0.4401) Dice: 0.7504 (Avg: 0.6333) IoU: 0.6055 (Avg: 0.4975)
Train Epoch: [35][27/138] Total Loss: 0.3941 (Avg: 0.4384) Dice: 0.6704 (Avg: 0.6347) IoU: 0.5465 (Avg: 0.4993)
Train Epoch: [35][28/138] Total Loss: 0.5026 (Avg: 0.4407) Dice: 0.5375 (Avg: 0.6312) IoU: 0.3990 (Avg: 0.4957)
Train Epoch: [35][29/138] Total Loss: 0.4272 (Avg: 0.4402) Dice: 0.6488 (Avg: 0.6318) IoU: 0.4937 (Avg: 0.4956)
Train Epoch: [35][30/138] Total Loss: 0.2809 (Avg: 0.4349) Dice: 0.8194 (Avg: 0.6381) IoU: 0.6988 (Avg: 0.5024)
Train Epoch: [35][31/138] Total Loss: 0.4173 (Avg: 0.4343) Dice: 0.6738 (Avg: 0.6392) IoU: 0.5241 (Avg: 0.5031)
Train Epoch: [35][32/138] Total Loss: 0.5192 (Avg: 0.4370) Dice: 0.5805 (Avg: 0.6374) IoU: 0.4517 (Avg: 0.5015)
Train Epoch: [35][33/138] Total Loss: 0.7058 (Avg: 0.4451) Dice: 0.3589 (Avg: 0.6289) IoU: 0.2583 (Avg: 0.4941)
Train Epoch: [35][34/138] Total Loss: 0.4609 (Avg: 0.4456) Dice: 0.5589 (Avg: 0.6269) IoU: 0.4569 (Avg: 0.4930)
Train Epoch: [35][35/138] Total Loss: 0.4548 (Avg: 0.4459) Dice: 0.6168 (Avg: 0.6266) IoU: 0.4660 (Avg: 0.4923)
Train Epoch: [35][36/138] Total Loss: 0.5596 (Avg: 0.4490) Dice: 0.5249 (Avg: 0.6238) IoU: 0.4100 (Avg: 0.4900)
Train Epoch: [35][37/138] Total Loss: 0.5704 (Avg: 0.4523) Dice: 0.5113 (Avg: 0.6207) IoU: 0.3892 (Avg: 0.4872)
Train Epoch: [35][38/138] Total Loss: 0.5851 (Avg: 0.4558) Dice: 0.5053 (Avg: 0.6177) IoU: 0.3934 (Avg: 0.4848)
Train Epoch: [35][39/138] Total Loss: 0.4139 (Avg: 0.4547) Dice: 0.6624 (Avg: 0.6188) IoU: 0.4963 (Avg: 0.4851)
Train Epoch: [35][40/138] Total Loss: 0.3530 (Avg: 0.4522) Dice: 0.7244 (Avg: 0.6215) IoU: 0.5878 (Avg: 0.4876)
Train Epoch: [35][41/138] Total Loss: 0.3607 (Avg: 0.4500) Dice: 0.7164 (Avg: 0.6238) IoU: 0.5691 (Avg: 0.4896)
Train Epoch: [35][42/138] Total Loss: 0.3390 (Avg: 0.4473) Dice: 0.7635 (Avg: 0.6271) IoU: 0.6470 (Avg: 0.4934)
Train Epoch: [35][43/138] Total Loss: 0.3223 (Avg: 0.4444) Dice: 0.7562 (Avg: 0.6301) IoU: 0.6123 (Avg: 0.4961)
Train Epoch: [35][44/138] Total Loss: 0.4944 (Avg: 0.4455) Dice: 0.5906 (Avg: 0.6292) IoU: 0.4523 (Avg: 0.4951)
Train Epoch: [35][45/138] Total Loss: 0.4681 (Avg: 0.4460) Dice: 0.6116 (Avg: 0.6288) IoU: 0.4963 (Avg: 0.4952)
Train Epoch: [35][46/138] Total Loss: 0.5025 (Avg: 0.4473) Dice: 0.5641 (Avg: 0.6274) IoU: 0.4113 (Avg: 0.4933)
Train Epoch: [35][47/138] Total Loss: 0.6196 (Avg: 0.4509) Dice: 0.4379 (Avg: 0.6234) IoU: 0.3131 (Avg: 0.4895)
Train Epoch: [35][48/138] Total Loss: 0.3294 (Avg: 0.4484) Dice: 0.7510 (Avg: 0.6260) IoU: 0.6103 (Avg: 0.4920)
Train Epoch: [35][49/138] Total Loss: 0.4304 (Avg: 0.4480) Dice: 0.6275 (Avg: 0.6261) IoU: 0.4858 (Avg: 0.4919)
Train Epoch: [35][50/138] Total Loss: 0.4667 (Avg: 0.4484) Dice: 0.5897 (Avg: 0.6253) IoU: 0.4353 (Avg: 0.4908)
Train Epoch: [35][51/138] Total Loss: 0.5916 (Avg: 0.4512) Dice: 0.5018 (Avg: 0.6229) IoU: 0.3599 (Avg: 0.4882)
Train Epoch: [35][52/138] Total Loss: 0.3168 (Avg: 0.4486) Dice: 0.7636 (Avg: 0.6256) IoU: 0.6348 (Avg: 0.4910)
Train Epoch: [35][53/138] Total Loss: 0.2876 (Avg: 0.4456) Dice: 0.8003 (Avg: 0.6289) IoU: 0.6840 (Avg: 0.4947)
Train Epoch: [35][54/138] Total Loss: 0.3634 (Avg: 0.4441) Dice: 0.7254 (Avg: 0.6307) IoU: 0.5878 (Avg: 0.4964)
Train Epoch: [35][55/138] Total Loss: 0.3484 (Avg: 0.4423) Dice: 0.7397 (Avg: 0.6327) IoU: 0.6047 (Avg: 0.4984)
Train Epoch: [35][56/138] Total Loss: 0.3509 (Avg: 0.4407) Dice: 0.7200 (Avg: 0.6342) IoU: 0.5715 (Avg: 0.4997)
Train Epoch: [35][57/138] Total Loss: 0.3742 (Avg: 0.4395) Dice: 0.7082 (Avg: 0.6355) IoU: 0.5540 (Avg: 0.5006)
Train Epoch: [35][58/138] Total Loss: 0.6306 (Avg: 0.4428) Dice: 0.4537 (Avg: 0.6324) IoU: 0.3199 (Avg: 0.4975)
Train Epoch: [35][59/138] Total Loss: 0.4167 (Avg: 0.4424) Dice: 0.6532 (Avg: 0.6328) IoU: 0.4981 (Avg: 0.4975)
Train Epoch: [35][60/138] Total Loss: 0.3220 (Avg: 0.4404) Dice: 0.7655 (Avg: 0.6350) IoU: 0.6363 (Avg: 0.4998)
Train Epoch: [35][61/138] Total Loss: 0.5148 (Avg: 0.4416) Dice: 0.5683 (Avg: 0.6339) IoU: 0.4687 (Avg: 0.4993)
Train Epoch: [35][62/138] Total Loss: 0.5146 (Avg: 0.4428) Dice: 0.5907 (Avg: 0.6332) IoU: 0.4669 (Avg: 0.4988)
Train Epoch: [35][63/138] Total Loss: 0.3761 (Avg: 0.4417) Dice: 0.7174 (Avg: 0.6345) IoU: 0.5642 (Avg: 0.4998)
Train Epoch: [35][64/138] Total Loss: 0.4585 (Avg: 0.4420) Dice: 0.6757 (Avg: 0.6352) IoU: 0.5335 (Avg: 0.5004)
Train Epoch: [35][65/138] Total Loss: 0.4263 (Avg: 0.4417) Dice: 0.5902 (Avg: 0.6345) IoU: 0.4891 (Avg: 0.5002)
Train Epoch: [35][66/138] Total Loss: 0.3343 (Avg: 0.4401) Dice: 0.7534 (Avg: 0.6363) IoU: 0.6053 (Avg: 0.5018)
Train Epoch: [35][67/138] Total Loss: 0.4252 (Avg: 0.4399) Dice: 0.6364 (Avg: 0.6363) IoU: 0.4943 (Avg: 0.5017)
Train Epoch: [35][68/138] Total Loss: 0.5497 (Avg: 0.4415) Dice: 0.5367 (Avg: 0.6348) IoU: 0.4213 (Avg: 0.5005)
Train Epoch: [35][69/138] Total Loss: 0.3145 (Avg: 0.4397) Dice: 0.7923 (Avg: 0.6371) IoU: 0.6755 (Avg: 0.5030)
Train Epoch: [35][70/138] Total Loss: 0.4238 (Avg: 0.4394) Dice: 0.6404 (Avg: 0.6371) IoU: 0.5474 (Avg: 0.5037)
Train Epoch: [35][71/138] Total Loss: 0.5730 (Avg: 0.4413) Dice: 0.4959 (Avg: 0.6352) IoU: 0.3443 (Avg: 0.5014)
Train Epoch: [35][72/138] Total Loss: 0.4752 (Avg: 0.4418) Dice: 0.5919 (Avg: 0.6346) IoU: 0.4242 (Avg: 0.5003)
Train Epoch: [35][73/138] Total Loss: 0.4976 (Avg: 0.4426) Dice: 0.6026 (Avg: 0.6341) IoU: 0.4813 (Avg: 0.5001)
Train Epoch: [35][74/138] Total Loss: 0.4981 (Avg: 0.4433) Dice: 0.6006 (Avg: 0.6337) IoU: 0.4626 (Avg: 0.4996)
Train Epoch: [35][75/138] Total Loss: 0.3272 (Avg: 0.4418) Dice: 0.7730 (Avg: 0.6355) IoU: 0.6389 (Avg: 0.5014)
Train Epoch: [35][76/138] Total Loss: 0.3200 (Avg: 0.4402) Dice: 0.7588 (Avg: 0.6371) IoU: 0.6267 (Avg: 0.5031)
Train Epoch: [35][77/138] Total Loss: 0.5395 (Avg: 0.4414) Dice: 0.5007 (Avg: 0.6354) IoU: 0.3471 (Avg: 0.5011)
Train Epoch: [35][78/138] Total Loss: 0.4473 (Avg: 0.4415) Dice: 0.6291 (Avg: 0.6353) IoU: 0.4867 (Avg: 0.5009)
Train Epoch: [35][79/138] Total Loss: 0.3609 (Avg: 0.4405) Dice: 0.7588 (Avg: 0.6369) IoU: 0.6115 (Avg: 0.5023)
Train Epoch: [35][80/138] Total Loss: 0.4568 (Avg: 0.4407) Dice: 0.5439 (Avg: 0.6357) IoU: 0.4369 (Avg: 0.5015)
Train Epoch: [35][81/138] Total Loss: 0.3451 (Avg: 0.4395) Dice: 0.7433 (Avg: 0.6370) IoU: 0.5992 (Avg: 0.5027)
Train Epoch: [35][82/138] Total Loss: 0.3071 (Avg: 0.4379) Dice: 0.7727 (Avg: 0.6387) IoU: 0.6334 (Avg: 0.5043)
Train Epoch: [35][83/138] Total Loss: 0.3084 (Avg: 0.4363) Dice: 0.7908 (Avg: 0.6405) IoU: 0.6569 (Avg: 0.5061)
Train Epoch: [35][84/138] Total Loss: 0.4487 (Avg: 0.4365) Dice: 0.6401 (Avg: 0.6405) IoU: 0.4921 (Avg: 0.5059)
Train Epoch: [35][85/138] Total Loss: 0.5565 (Avg: 0.4379) Dice: 0.5288 (Avg: 0.6392) IoU: 0.3747 (Avg: 0.5044)
Train Epoch: [35][86/138] Total Loss: 0.3007 (Avg: 0.4363) Dice: 0.8024 (Avg: 0.6411) IoU: 0.6752 (Avg: 0.5064)
Train Epoch: [35][87/138] Total Loss: 0.2766 (Avg: 0.4345) Dice: 0.8097 (Avg: 0.6430) IoU: 0.6899 (Avg: 0.5085)
Train Epoch: [35][88/138] Total Loss: 0.3914 (Avg: 0.4340) Dice: 0.6931 (Avg: 0.6436) IoU: 0.5589 (Avg: 0.5091)
Train Epoch: [35][89/138] Total Loss: 0.4206 (Avg: 0.4338) Dice: 0.6702 (Avg: 0.6439) IoU: 0.5309 (Avg: 0.5093)
Train Epoch: [35][90/138] Total Loss: 0.4975 (Avg: 0.4345) Dice: 0.5750 (Avg: 0.6431) IoU: 0.4522 (Avg: 0.5087)
Train Epoch: [35][91/138] Total Loss: 0.6058 (Avg: 0.4364) Dice: 0.4736 (Avg: 0.6413) IoU: 0.3489 (Avg: 0.5069)
Train Epoch: [35][92/138] Total Loss: 0.5074 (Avg: 0.4372) Dice: 0.5559 (Avg: 0.6403) IoU: 0.4419 (Avg: 0.5062)
Train Epoch: [35][93/138] Total Loss: 0.3589 (Avg: 0.4364) Dice: 0.6840 (Avg: 0.6408) IoU: 0.5790 (Avg: 0.5070)
Train Epoch: [35][94/138] Total Loss: 0.4802 (Avg: 0.4368) Dice: 0.5240 (Avg: 0.6396) IoU: 0.4077 (Avg: 0.5059)
Train Epoch: [35][95/138] Total Loss: 0.3673 (Avg: 0.4361) Dice: 0.7120 (Avg: 0.6403) IoU: 0.5996 (Avg: 0.5069)
Train Epoch: [35][96/138] Total Loss: 0.3299 (Avg: 0.4350) Dice: 0.7405 (Avg: 0.6414) IoU: 0.5956 (Avg: 0.5078)
Train Epoch: [35][97/138] Total Loss: 0.5603 (Avg: 0.4363) Dice: 0.5099 (Avg: 0.6400) IoU: 0.3578 (Avg: 0.5063)
Train Epoch: [35][98/138] Total Loss: 0.4180 (Avg: 0.4361) Dice: 0.6312 (Avg: 0.6399) IoU: 0.4758 (Avg: 0.5060)
Train Epoch: [35][99/138] Total Loss: 0.3819 (Avg: 0.4355) Dice: 0.6905 (Avg: 0.6404) IoU: 0.5496 (Avg: 0.5064)
Train Epoch: [35][100/138] Total Loss: 0.3717 (Avg: 0.4349) Dice: 0.7072 (Avg: 0.6411) IoU: 0.5515 (Avg: 0.5069)
Train Epoch: [35][101/138] Total Loss: 0.3601 (Avg: 0.4342) Dice: 0.7090 (Avg: 0.6418) IoU: 0.5823 (Avg: 0.5076)
Train Epoch: [35][102/138] Total Loss: 0.3704 (Avg: 0.4335) Dice: 0.7000 (Avg: 0.6423) IoU: 0.5405 (Avg: 0.5079)
Train Epoch: [35][103/138] Total Loss: 0.3483 (Avg: 0.4327) Dice: 0.7398 (Avg: 0.6433) IoU: 0.6024 (Avg: 0.5089)
Train Epoch: [35][104/138] Total Loss: 0.3464 (Avg: 0.4319) Dice: 0.7428 (Avg: 0.6442) IoU: 0.5938 (Avg: 0.5097)
Train Epoch: [35][105/138] Total Loss: 0.3505 (Avg: 0.4311) Dice: 0.7260 (Avg: 0.6450) IoU: 0.5741 (Avg: 0.5103)
Train Epoch: [35][106/138] Total Loss: 0.2560 (Avg: 0.4295) Dice: 0.8404 (Avg: 0.6469) IoU: 0.7267 (Avg: 0.5123)
Train Epoch: [35][107/138] Total Loss: 0.5138 (Avg: 0.4302) Dice: 0.5671 (Avg: 0.6461) IoU: 0.4272 (Avg: 0.5115)
Train Epoch: [35][108/138] Total Loss: 0.4890 (Avg: 0.4308) Dice: 0.5927 (Avg: 0.6456) IoU: 0.4714 (Avg: 0.5112)
Train Epoch: [35][109/138] Total Loss: 0.4296 (Avg: 0.4308) Dice: 0.6267 (Avg: 0.6455) IoU: 0.4645 (Avg: 0.5107)
Train Epoch: [35][110/138] Total Loss: 0.5908 (Avg: 0.4322) Dice: 0.5059 (Avg: 0.6442) IoU: 0.3855 (Avg: 0.5096)
Train Epoch: [35][111/138] Total Loss: 0.3807 (Avg: 0.4318) Dice: 0.6949 (Avg: 0.6446) IoU: 0.5334 (Avg: 0.5098)
Train Epoch: [35][112/138] Total Loss: 0.2784 (Avg: 0.4304) Dice: 0.8225 (Avg: 0.6462) IoU: 0.7020 (Avg: 0.5115)
Train Epoch: [35][113/138] Total Loss: 0.5358 (Avg: 0.4313) Dice: 0.5296 (Avg: 0.6452) IoU: 0.3750 (Avg: 0.5103)
Train Epoch: [35][114/138] Total Loss: 0.4509 (Avg: 0.4315) Dice: 0.6154 (Avg: 0.6449) IoU: 0.4728 (Avg: 0.5100)
Train Epoch: [35][115/138] Total Loss: 0.6083 (Avg: 0.4330) Dice: 0.4681 (Avg: 0.6434) IoU: 0.3441 (Avg: 0.5085)
Train Epoch: [35][116/138] Total Loss: 0.4330 (Avg: 0.4330) Dice: 0.6196 (Avg: 0.6432) IoU: 0.4715 (Avg: 0.5082)
Train Epoch: [35][117/138] Total Loss: 0.3028 (Avg: 0.4319) Dice: 0.7912 (Avg: 0.6445) IoU: 0.6625 (Avg: 0.5095)
Train Epoch: [35][118/138] Total Loss: 0.4089 (Avg: 0.4317) Dice: 0.6931 (Avg: 0.6449) IoU: 0.5634 (Avg: 0.5100)
Train Epoch: [35][119/138] Total Loss: 0.3790 (Avg: 0.4313) Dice: 0.7025 (Avg: 0.6454) IoU: 0.5589 (Avg: 0.5104)
Train Epoch: [35][120/138] Total Loss: 0.4287 (Avg: 0.4313) Dice: 0.6902 (Avg: 0.6457) IoU: 0.5524 (Avg: 0.5108)
Train Epoch: [35][121/138] Total Loss: 0.3393 (Avg: 0.4305) Dice: 0.7729 (Avg: 0.6468) IoU: 0.6508 (Avg: 0.5119)
Train Epoch: [35][122/138] Total Loss: 0.3244 (Avg: 0.4296) Dice: 0.7694 (Avg: 0.6478) IoU: 0.6430 (Avg: 0.5130)
Train Epoch: [35][123/138] Total Loss: 0.2887 (Avg: 0.4285) Dice: 0.8012 (Avg: 0.6490) IoU: 0.6737 (Avg: 0.5143)
Train Epoch: [35][124/138] Total Loss: 0.4389 (Avg: 0.4286) Dice: 0.6472 (Avg: 0.6490) IoU: 0.5256 (Avg: 0.5144)
Train Epoch: [35][125/138] Total Loss: 0.4115 (Avg: 0.4284) Dice: 0.6610 (Avg: 0.6491) IoU: 0.5076 (Avg: 0.5143)
Train Epoch: [35][126/138] Total Loss: 0.3684 (Avg: 0.4280) Dice: 0.7112 (Avg: 0.6496) IoU: 0.5703 (Avg: 0.5148)
Train Epoch: [35][127/138] Total Loss: 0.4879 (Avg: 0.4284) Dice: 0.6117 (Avg: 0.6493) IoU: 0.5057 (Avg: 0.5147)
Train Epoch: [35][128/138] Total Loss: 0.5766 (Avg: 0.4296) Dice: 0.5071 (Avg: 0.6482) IoU: 0.4059 (Avg: 0.5139)
Train Epoch: [35][129/138] Total Loss: 0.6509 (Avg: 0.4313) Dice: 0.4385 (Avg: 0.6466) IoU: 0.3149 (Avg: 0.5123)
Train Epoch: [35][130/138] Total Loss: 0.3086 (Avg: 0.4304) Dice: 0.7760 (Avg: 0.6476) IoU: 0.6408 (Avg: 0.5133)
Train Epoch: [35][131/138] Total Loss: 0.5362 (Avg: 0.4312) Dice: 0.5590 (Avg: 0.6469) IoU: 0.4481 (Avg: 0.5128)
Train Epoch: [35][132/138] Total Loss: 0.5148 (Avg: 0.4318) Dice: 0.6042 (Avg: 0.6466) IoU: 0.4785 (Avg: 0.5125)
Train Epoch: [35][133/138] Total Loss: 0.4710 (Avg: 0.4321) Dice: 0.6252 (Avg: 0.6464) IoU: 0.4956 (Avg: 0.5124)
Train Epoch: [35][134/138] Total Loss: 0.4326 (Avg: 0.4321) Dice: 0.6277 (Avg: 0.6463) IoU: 0.4717 (Avg: 0.5121)
Train Epoch: [35][135/138] Total Loss: 0.4322 (Avg: 0.4321) Dice: 0.6223 (Avg: 0.6461) IoU: 0.4689 (Avg: 0.5118)
Train Epoch: [35][136/138] Total Loss: 0.5098 (Avg: 0.4327) Dice: 0.5237 (Avg: 0.6452) IoU: 0.4064 (Avg: 0.5110)
Train Epoch: [35][137/138] Total Loss: 0.5092 (Avg: 0.4332) Dice: 0.5621 (Avg: 0.6446) IoU: 0.4443 (Avg: 0.5105)
Train Epoch: [35][138/138] Total Loss: 0.4794 (Avg: 0.4310) Dice: 0.4793 (Avg: 0.6408) IoU: 0.3152 (Avg: 0.5074)
Validation Epoch: [35] Avg Loss: 0.3622 Avg Dice: 0.5838 Avg IoU: 0.4563

========= Epoch [36/50] =========
Train Epoch: [36][1/138] Total Loss: 0.9285 (Avg: 0.9285) Dice: 0.1606 (Avg: 0.1606) IoU: 0.0960 (Avg: 0.0960)
Train Epoch: [36][2/138] Total Loss: 0.3138 (Avg: 0.6212) Dice: 0.7750 (Avg: 0.4678) IoU: 0.6374 (Avg: 0.3667)
Train Epoch: [36][3/138] Total Loss: 0.4236 (Avg: 0.5553) Dice: 0.6454 (Avg: 0.5270) IoU: 0.5083 (Avg: 0.4139)
Train Epoch: [36][4/138] Total Loss: 0.2950 (Avg: 0.4902) Dice: 0.7964 (Avg: 0.5944) IoU: 0.6662 (Avg: 0.4770)
Train Epoch: [36][5/138] Total Loss: 0.4818 (Avg: 0.4885) Dice: 0.5938 (Avg: 0.5942) IoU: 0.4459 (Avg: 0.4708)
Train Epoch: [36][6/138] Total Loss: 0.5972 (Avg: 0.5066) Dice: 0.4662 (Avg: 0.5729) IoU: 0.3384 (Avg: 0.4487)
Train Epoch: [36][7/138] Total Loss: 0.4149 (Avg: 0.4935) Dice: 0.6904 (Avg: 0.5897) IoU: 0.5567 (Avg: 0.4641)
Train Epoch: [36][8/138] Total Loss: 0.5793 (Avg: 0.5043) Dice: 0.5167 (Avg: 0.5806) IoU: 0.4003 (Avg: 0.4562)
Train Epoch: [36][9/138] Total Loss: 0.5951 (Avg: 0.5143) Dice: 0.4024 (Avg: 0.5608) IoU: 0.2992 (Avg: 0.4387)
Train Epoch: [36][10/138] Total Loss: 0.4862 (Avg: 0.5115) Dice: 0.6075 (Avg: 0.5654) IoU: 0.4669 (Avg: 0.4415)
Train Epoch: [36][11/138] Total Loss: 0.3498 (Avg: 0.4968) Dice: 0.7576 (Avg: 0.5829) IoU: 0.6128 (Avg: 0.4571)
Train Epoch: [36][12/138] Total Loss: 0.4110 (Avg: 0.4897) Dice: 0.6732 (Avg: 0.5904) IoU: 0.5375 (Avg: 0.4638)
Train Epoch: [36][13/138] Total Loss: 0.3513 (Avg: 0.4790) Dice: 0.7449 (Avg: 0.6023) IoU: 0.6046 (Avg: 0.4746)
Train Epoch: [36][14/138] Total Loss: 0.4515 (Avg: 0.4771) Dice: 0.5989 (Avg: 0.6021) IoU: 0.4473 (Avg: 0.4727)
Train Epoch: [36][15/138] Total Loss: 0.4657 (Avg: 0.4763) Dice: 0.6031 (Avg: 0.6021) IoU: 0.4663 (Avg: 0.4723)
Train Epoch: [36][16/138] Total Loss: 0.3073 (Avg: 0.4657) Dice: 0.7637 (Avg: 0.6122) IoU: 0.6227 (Avg: 0.4817)
Train Epoch: [36][17/138] Total Loss: 0.3173 (Avg: 0.4570) Dice: 0.7628 (Avg: 0.6211) IoU: 0.6180 (Avg: 0.4897)
Train Epoch: [36][18/138] Total Loss: 0.3184 (Avg: 0.4493) Dice: 0.7630 (Avg: 0.6290) IoU: 0.6325 (Avg: 0.4976)
Train Epoch: [36][19/138] Total Loss: 0.3903 (Avg: 0.4462) Dice: 0.6928 (Avg: 0.6323) IoU: 0.5443 (Avg: 0.5001)
Train Epoch: [36][20/138] Total Loss: 0.4510 (Avg: 0.4465) Dice: 0.5986 (Avg: 0.6307) IoU: 0.4311 (Avg: 0.4966)
Train Epoch: [36][21/138] Total Loss: 0.5465 (Avg: 0.4512) Dice: 0.5199 (Avg: 0.6254) IoU: 0.3794 (Avg: 0.4910)
Train Epoch: [36][22/138] Total Loss: 0.3307 (Avg: 0.4457) Dice: 0.7658 (Avg: 0.6318) IoU: 0.6394 (Avg: 0.4978)
Train Epoch: [36][23/138] Total Loss: 0.4520 (Avg: 0.4460) Dice: 0.6299 (Avg: 0.6317) IoU: 0.4667 (Avg: 0.4964)
Train Epoch: [36][24/138] Total Loss: 0.3864 (Avg: 0.4435) Dice: 0.6936 (Avg: 0.6343) IoU: 0.5544 (Avg: 0.4988)
Train Epoch: [36][25/138] Total Loss: 0.3216 (Avg: 0.4387) Dice: 0.7648 (Avg: 0.6395) IoU: 0.6352 (Avg: 0.5043)
Train Epoch: [36][26/138] Total Loss: 0.5455 (Avg: 0.4428) Dice: 0.5386 (Avg: 0.6356) IoU: 0.4263 (Avg: 0.5013)
Train Epoch: [36][27/138] Total Loss: 0.4839 (Avg: 0.4443) Dice: 0.5756 (Avg: 0.6334) IoU: 0.4407 (Avg: 0.4991)
Train Epoch: [36][28/138] Total Loss: 0.3533 (Avg: 0.4410) Dice: 0.7114 (Avg: 0.6362) IoU: 0.5637 (Avg: 0.5014)
Train Epoch: [36][29/138] Total Loss: 0.4116 (Avg: 0.4400) Dice: 0.6575 (Avg: 0.6369) IoU: 0.4974 (Avg: 0.5012)
Train Epoch: [36][30/138] Total Loss: 0.2673 (Avg: 0.4343) Dice: 0.8146 (Avg: 0.6428) IoU: 0.6923 (Avg: 0.5076)
Train Epoch: [36][31/138] Total Loss: 0.4916 (Avg: 0.4361) Dice: 0.5637 (Avg: 0.6403) IoU: 0.4676 (Avg: 0.5063)
Train Epoch: [36][32/138] Total Loss: 0.5109 (Avg: 0.4385) Dice: 0.5715 (Avg: 0.6381) IoU: 0.4052 (Avg: 0.5031)
Train Epoch: [36][33/138] Total Loss: 0.4498 (Avg: 0.4388) Dice: 0.5985 (Avg: 0.6369) IoU: 0.4681 (Avg: 0.5021)
Train Epoch: [36][34/138] Total Loss: 0.2876 (Avg: 0.4344) Dice: 0.7902 (Avg: 0.6414) IoU: 0.6739 (Avg: 0.5071)
Train Epoch: [36][35/138] Total Loss: 0.3251 (Avg: 0.4312) Dice: 0.7646 (Avg: 0.6449) IoU: 0.6334 (Avg: 0.5107)
Train Epoch: [36][36/138] Total Loss: 0.3472 (Avg: 0.4289) Dice: 0.7526 (Avg: 0.6479) IoU: 0.6043 (Avg: 0.5133)
Train Epoch: [36][37/138] Total Loss: 0.3191 (Avg: 0.4259) Dice: 0.7849 (Avg: 0.6516) IoU: 0.6593 (Avg: 0.5173)
Train Epoch: [36][38/138] Total Loss: 0.2867 (Avg: 0.4223) Dice: 0.8266 (Avg: 0.6562) IoU: 0.7062 (Avg: 0.5223)
Train Epoch: [36][39/138] Total Loss: 0.4405 (Avg: 0.4227) Dice: 0.6394 (Avg: 0.6558) IoU: 0.4896 (Avg: 0.5214)
Train Epoch: [36][40/138] Total Loss: 0.3043 (Avg: 0.4198) Dice: 0.7844 (Avg: 0.6590) IoU: 0.6552 (Avg: 0.5248)
Train Epoch: [36][41/138] Total Loss: 0.5038 (Avg: 0.4218) Dice: 0.5900 (Avg: 0.6573) IoU: 0.4468 (Avg: 0.5229)
Train Epoch: [36][42/138] Total Loss: 0.5007 (Avg: 0.4237) Dice: 0.5510 (Avg: 0.6548) IoU: 0.4427 (Avg: 0.5210)
Train Epoch: [36][43/138] Total Loss: 0.3392 (Avg: 0.4217) Dice: 0.7593 (Avg: 0.6572) IoU: 0.6234 (Avg: 0.5233)
Train Epoch: [36][44/138] Total Loss: 0.4229 (Avg: 0.4218) Dice: 0.6689 (Avg: 0.6575) IoU: 0.5508 (Avg: 0.5240)
Train Epoch: [36][45/138] Total Loss: 0.3492 (Avg: 0.4202) Dice: 0.7339 (Avg: 0.6592) IoU: 0.5884 (Avg: 0.5254)
Train Epoch: [36][46/138] Total Loss: 0.3046 (Avg: 0.4176) Dice: 0.7893 (Avg: 0.6620) IoU: 0.6559 (Avg: 0.5282)
Train Epoch: [36][47/138] Total Loss: 0.3655 (Avg: 0.4165) Dice: 0.7040 (Avg: 0.6629) IoU: 0.5548 (Avg: 0.5288)
Train Epoch: [36][48/138] Total Loss: 0.5045 (Avg: 0.4184) Dice: 0.5885 (Avg: 0.6614) IoU: 0.4875 (Avg: 0.5279)
Train Epoch: [36][49/138] Total Loss: 0.5520 (Avg: 0.4211) Dice: 0.4823 (Avg: 0.6577) IoU: 0.3228 (Avg: 0.5238)
Train Epoch: [36][50/138] Total Loss: 0.4854 (Avg: 0.4224) Dice: 0.5824 (Avg: 0.6562) IoU: 0.4272 (Avg: 0.5218)
Train Epoch: [36][51/138] Total Loss: 0.4807 (Avg: 0.4235) Dice: 0.5651 (Avg: 0.6544) IoU: 0.4107 (Avg: 0.5196)
Train Epoch: [36][52/138] Total Loss: 0.4442 (Avg: 0.4239) Dice: 0.6056 (Avg: 0.6535) IoU: 0.4946 (Avg: 0.5192)
Train Epoch: [36][53/138] Total Loss: 0.5196 (Avg: 0.4257) Dice: 0.5563 (Avg: 0.6517) IoU: 0.4375 (Avg: 0.5176)
Train Epoch: [36][54/138] Total Loss: 0.4357 (Avg: 0.4259) Dice: 0.6591 (Avg: 0.6518) IoU: 0.5142 (Avg: 0.5176)
Train Epoch: [36][55/138] Total Loss: 0.4945 (Avg: 0.4272) Dice: 0.5772 (Avg: 0.6504) IoU: 0.4586 (Avg: 0.5165)
Train Epoch: [36][56/138] Total Loss: 0.5391 (Avg: 0.4292) Dice: 0.5282 (Avg: 0.6483) IoU: 0.4120 (Avg: 0.5146)
Train Epoch: [36][57/138] Total Loss: 0.3086 (Avg: 0.4270) Dice: 0.7783 (Avg: 0.6505) IoU: 0.6508 (Avg: 0.5170)
Train Epoch: [36][58/138] Total Loss: 0.4056 (Avg: 0.4267) Dice: 0.7025 (Avg: 0.6514) IoU: 0.5694 (Avg: 0.5179)
Train Epoch: [36][59/138] Total Loss: 0.4406 (Avg: 0.4269) Dice: 0.7099 (Avg: 0.6524) IoU: 0.5639 (Avg: 0.5187)
Train Epoch: [36][60/138] Total Loss: 0.6276 (Avg: 0.4302) Dice: 0.3854 (Avg: 0.6480) IoU: 0.2962 (Avg: 0.5150)
Train Epoch: [36][61/138] Total Loss: 0.4352 (Avg: 0.4303) Dice: 0.6450 (Avg: 0.6479) IoU: 0.5518 (Avg: 0.5156)
Train Epoch: [36][62/138] Total Loss: 0.2959 (Avg: 0.4282) Dice: 0.7998 (Avg: 0.6504) IoU: 0.6745 (Avg: 0.5181)
Train Epoch: [36][63/138] Total Loss: 0.2612 (Avg: 0.4255) Dice: 0.8283 (Avg: 0.6532) IoU: 0.7160 (Avg: 0.5213)
Train Epoch: [36][64/138] Total Loss: 0.6659 (Avg: 0.4293) Dice: 0.4156 (Avg: 0.6495) IoU: 0.3115 (Avg: 0.5180)
Train Epoch: [36][65/138] Total Loss: 0.4328 (Avg: 0.4293) Dice: 0.6560 (Avg: 0.6496) IoU: 0.5080 (Avg: 0.5179)
Train Epoch: [36][66/138] Total Loss: 0.4399 (Avg: 0.4295) Dice: 0.6426 (Avg: 0.6495) IoU: 0.4815 (Avg: 0.5173)
Train Epoch: [36][67/138] Total Loss: 0.3629 (Avg: 0.4285) Dice: 0.7129 (Avg: 0.6504) IoU: 0.5777 (Avg: 0.5182)
Train Epoch: [36][68/138] Total Loss: 0.4124 (Avg: 0.4283) Dice: 0.6941 (Avg: 0.6511) IoU: 0.5564 (Avg: 0.5188)
Train Epoch: [36][69/138] Total Loss: 0.6870 (Avg: 0.4320) Dice: 0.3971 (Avg: 0.6474) IoU: 0.2992 (Avg: 0.5156)
Train Epoch: [36][70/138] Total Loss: 0.3861 (Avg: 0.4313) Dice: 0.6934 (Avg: 0.6480) IoU: 0.5424 (Avg: 0.5160)
Train Epoch: [36][71/138] Total Loss: 0.5340 (Avg: 0.4328) Dice: 0.5421 (Avg: 0.6466) IoU: 0.4273 (Avg: 0.5147)
Train Epoch: [36][72/138] Total Loss: 0.3364 (Avg: 0.4315) Dice: 0.7396 (Avg: 0.6478) IoU: 0.5979 (Avg: 0.5159)
Train Epoch: [36][73/138] Total Loss: 0.3568 (Avg: 0.4304) Dice: 0.7301 (Avg: 0.6490) IoU: 0.5966 (Avg: 0.5170)
Train Epoch: [36][74/138] Total Loss: 0.4418 (Avg: 0.4306) Dice: 0.6432 (Avg: 0.6489) IoU: 0.4787 (Avg: 0.5165)
Train Epoch: [36][75/138] Total Loss: 0.3493 (Avg: 0.4295) Dice: 0.7210 (Avg: 0.6499) IoU: 0.5788 (Avg: 0.5173)
Train Epoch: [36][76/138] Total Loss: 0.4535 (Avg: 0.4298) Dice: 0.5888 (Avg: 0.6491) IoU: 0.4451 (Avg: 0.5163)
Train Epoch: [36][77/138] Total Loss: 0.3507 (Avg: 0.4288) Dice: 0.7307 (Avg: 0.6501) IoU: 0.5848 (Avg: 0.5172)
Train Epoch: [36][78/138] Total Loss: 0.6850 (Avg: 0.4321) Dice: 0.3860 (Avg: 0.6467) IoU: 0.2777 (Avg: 0.5142)
Train Epoch: [36][79/138] Total Loss: 0.3347 (Avg: 0.4308) Dice: 0.7533 (Avg: 0.6481) IoU: 0.6104 (Avg: 0.5154)
Train Epoch: [36][80/138] Total Loss: 0.4539 (Avg: 0.4311) Dice: 0.6241 (Avg: 0.6478) IoU: 0.4761 (Avg: 0.5149)
Train Epoch: [36][81/138] Total Loss: 0.4640 (Avg: 0.4315) Dice: 0.6327 (Avg: 0.6476) IoU: 0.4902 (Avg: 0.5146)
Train Epoch: [36][82/138] Total Loss: 0.5251 (Avg: 0.4327) Dice: 0.4481 (Avg: 0.6452) IoU: 0.3257 (Avg: 0.5123)
Train Epoch: [36][83/138] Total Loss: 0.4841 (Avg: 0.4333) Dice: 0.6191 (Avg: 0.6448) IoU: 0.4679 (Avg: 0.5117)
Train Epoch: [36][84/138] Total Loss: 0.5831 (Avg: 0.4351) Dice: 0.5291 (Avg: 0.6435) IoU: 0.4090 (Avg: 0.5105)
Train Epoch: [36][85/138] Total Loss: 0.4787 (Avg: 0.4356) Dice: 0.5655 (Avg: 0.6425) IoU: 0.4010 (Avg: 0.5092)
Train Epoch: [36][86/138] Total Loss: 0.3551 (Avg: 0.4347) Dice: 0.7430 (Avg: 0.6437) IoU: 0.5968 (Avg: 0.5103)
Train Epoch: [36][87/138] Total Loss: 0.4565 (Avg: 0.4349) Dice: 0.6279 (Avg: 0.6435) IoU: 0.4988 (Avg: 0.5101)
Train Epoch: [36][88/138] Total Loss: 0.5694 (Avg: 0.4364) Dice: 0.5092 (Avg: 0.6420) IoU: 0.3622 (Avg: 0.5084)
Train Epoch: [36][89/138] Total Loss: 0.4342 (Avg: 0.4364) Dice: 0.6549 (Avg: 0.6422) IoU: 0.5277 (Avg: 0.5087)
Train Epoch: [36][90/138] Total Loss: 0.3694 (Avg: 0.4357) Dice: 0.6977 (Avg: 0.6428) IoU: 0.5426 (Avg: 0.5090)
Train Epoch: [36][91/138] Total Loss: 0.6246 (Avg: 0.4377) Dice: 0.4343 (Avg: 0.6405) IoU: 0.2840 (Avg: 0.5066)
Train Epoch: [36][92/138] Total Loss: 0.2912 (Avg: 0.4361) Dice: 0.7974 (Avg: 0.6422) IoU: 0.6730 (Avg: 0.5084)
Train Epoch: [36][93/138] Total Loss: 0.4787 (Avg: 0.4366) Dice: 0.6305 (Avg: 0.6421) IoU: 0.5061 (Avg: 0.5083)
Train Epoch: [36][94/138] Total Loss: 0.4071 (Avg: 0.4363) Dice: 0.6686 (Avg: 0.6423) IoU: 0.5136 (Avg: 0.5084)
Train Epoch: [36][95/138] Total Loss: 0.4213 (Avg: 0.4361) Dice: 0.6581 (Avg: 0.6425) IoU: 0.5365 (Avg: 0.5087)
Train Epoch: [36][96/138] Total Loss: 0.4398 (Avg: 0.4362) Dice: 0.6580 (Avg: 0.6427) IoU: 0.5541 (Avg: 0.5092)
Train Epoch: [36][97/138] Total Loss: 0.3703 (Avg: 0.4355) Dice: 0.7175 (Avg: 0.6434) IoU: 0.5626 (Avg: 0.5097)
Train Epoch: [36][98/138] Total Loss: 0.4969 (Avg: 0.4361) Dice: 0.5998 (Avg: 0.6430) IoU: 0.4941 (Avg: 0.5096)
Train Epoch: [36][99/138] Total Loss: 0.4140 (Avg: 0.4359) Dice: 0.6799 (Avg: 0.6434) IoU: 0.5417 (Avg: 0.5099)
Train Epoch: [36][100/138] Total Loss: 0.6284 (Avg: 0.4378) Dice: 0.4183 (Avg: 0.6411) IoU: 0.3275 (Avg: 0.5081)
Train Epoch: [36][101/138] Total Loss: 0.5173 (Avg: 0.4386) Dice: 0.5426 (Avg: 0.6401) IoU: 0.3963 (Avg: 0.5070)
Train Epoch: [36][102/138] Total Loss: 0.4446 (Avg: 0.4387) Dice: 0.6189 (Avg: 0.6399) IoU: 0.5127 (Avg: 0.5070)
Train Epoch: [36][103/138] Total Loss: 0.3312 (Avg: 0.4376) Dice: 0.7477 (Avg: 0.6410) IoU: 0.6144 (Avg: 0.5081)
Train Epoch: [36][104/138] Total Loss: 0.5343 (Avg: 0.4386) Dice: 0.5335 (Avg: 0.6399) IoU: 0.3711 (Avg: 0.5067)
Train Epoch: [36][105/138] Total Loss: 0.4538 (Avg: 0.4387) Dice: 0.6221 (Avg: 0.6398) IoU: 0.4779 (Avg: 0.5065)
Train Epoch: [36][106/138] Total Loss: 0.5784 (Avg: 0.4400) Dice: 0.5228 (Avg: 0.6387) IoU: 0.4272 (Avg: 0.5057)
Train Epoch: [36][107/138] Total Loss: 0.5082 (Avg: 0.4407) Dice: 0.5388 (Avg: 0.6377) IoU: 0.3702 (Avg: 0.5045)
Train Epoch: [36][108/138] Total Loss: 0.3976 (Avg: 0.4403) Dice: 0.6892 (Avg: 0.6382) IoU: 0.5508 (Avg: 0.5049)
Train Epoch: [36][109/138] Total Loss: 0.3497 (Avg: 0.4394) Dice: 0.7136 (Avg: 0.6389) IoU: 0.5670 (Avg: 0.5055)
Train Epoch: [36][110/138] Total Loss: 0.3439 (Avg: 0.4386) Dice: 0.7675 (Avg: 0.6401) IoU: 0.6314 (Avg: 0.5066)
Train Epoch: [36][111/138] Total Loss: 0.4230 (Avg: 0.4384) Dice: 0.6620 (Avg: 0.6403) IoU: 0.5172 (Avg: 0.5067)
Train Epoch: [36][112/138] Total Loss: 0.5637 (Avg: 0.4395) Dice: 0.4919 (Avg: 0.6390) IoU: 0.3718 (Avg: 0.5055)
Train Epoch: [36][113/138] Total Loss: 0.4250 (Avg: 0.4394) Dice: 0.6806 (Avg: 0.6393) IoU: 0.5252 (Avg: 0.5057)
Train Epoch: [36][114/138] Total Loss: 0.5238 (Avg: 0.4401) Dice: 0.5575 (Avg: 0.6386) IoU: 0.4333 (Avg: 0.5050)
Train Epoch: [36][115/138] Total Loss: 0.4843 (Avg: 0.4405) Dice: 0.5387 (Avg: 0.6377) IoU: 0.4242 (Avg: 0.5043)
Train Epoch: [36][116/138] Total Loss: 0.3600 (Avg: 0.4398) Dice: 0.7202 (Avg: 0.6384) IoU: 0.5662 (Avg: 0.5049)
Train Epoch: [36][117/138] Total Loss: 0.4082 (Avg: 0.4396) Dice: 0.6860 (Avg: 0.6389) IoU: 0.5286 (Avg: 0.5051)
Train Epoch: [36][118/138] Total Loss: 0.4662 (Avg: 0.4398) Dice: 0.6171 (Avg: 0.6387) IoU: 0.5235 (Avg: 0.5052)
Train Epoch: [36][119/138] Total Loss: 0.4540 (Avg: 0.4399) Dice: 0.6119 (Avg: 0.6384) IoU: 0.4506 (Avg: 0.5048)
Train Epoch: [36][120/138] Total Loss: 0.4446 (Avg: 0.4399) Dice: 0.5995 (Avg: 0.6381) IoU: 0.4363 (Avg: 0.5042)
Train Epoch: [36][121/138] Total Loss: 0.4614 (Avg: 0.4401) Dice: 0.6051 (Avg: 0.6378) IoU: 0.4538 (Avg: 0.5038)
Train Epoch: [36][122/138] Total Loss: 0.4058 (Avg: 0.4398) Dice: 0.6749 (Avg: 0.6381) IoU: 0.5234 (Avg: 0.5039)
Train Epoch: [36][123/138] Total Loss: 0.3897 (Avg: 0.4394) Dice: 0.7060 (Avg: 0.6387) IoU: 0.5785 (Avg: 0.5045)
Train Epoch: [36][124/138] Total Loss: 0.5354 (Avg: 0.4402) Dice: 0.5583 (Avg: 0.6380) IoU: 0.4122 (Avg: 0.5038)
Train Epoch: [36][125/138] Total Loss: 0.5232 (Avg: 0.4409) Dice: 0.5653 (Avg: 0.6375) IoU: 0.4205 (Avg: 0.5031)
Train Epoch: [36][126/138] Total Loss: 0.4251 (Avg: 0.4407) Dice: 0.6531 (Avg: 0.6376) IoU: 0.5018 (Avg: 0.5031)
Train Epoch: [36][127/138] Total Loss: 0.4997 (Avg: 0.4412) Dice: 0.5722 (Avg: 0.6371) IoU: 0.4137 (Avg: 0.5024)
Train Epoch: [36][128/138] Total Loss: 0.4334 (Avg: 0.4412) Dice: 0.6544 (Avg: 0.6372) IoU: 0.5128 (Avg: 0.5025)
Train Epoch: [36][129/138] Total Loss: 0.3606 (Avg: 0.4405) Dice: 0.7051 (Avg: 0.6377) IoU: 0.5517 (Avg: 0.5029)
Train Epoch: [36][130/138] Total Loss: 0.3360 (Avg: 0.4397) Dice: 0.7316 (Avg: 0.6385) IoU: 0.5819 (Avg: 0.5035)
Train Epoch: [36][131/138] Total Loss: 0.2721 (Avg: 0.4384) Dice: 0.8221 (Avg: 0.6399) IoU: 0.7017 (Avg: 0.5050)
Train Epoch: [36][132/138] Total Loss: 0.4158 (Avg: 0.4383) Dice: 0.6370 (Avg: 0.6398) IoU: 0.5096 (Avg: 0.5050)
Train Epoch: [36][133/138] Total Loss: 0.3556 (Avg: 0.4377) Dice: 0.7090 (Avg: 0.6404) IoU: 0.5544 (Avg: 0.5054)
Train Epoch: [36][134/138] Total Loss: 0.5163 (Avg: 0.4382) Dice: 0.4914 (Avg: 0.6392) IoU: 0.3737 (Avg: 0.5044)
Train Epoch: [36][135/138] Total Loss: 0.3938 (Avg: 0.4379) Dice: 0.7035 (Avg: 0.6397) IoU: 0.5614 (Avg: 0.5048)
Train Epoch: [36][136/138] Total Loss: 0.4482 (Avg: 0.4380) Dice: 0.6358 (Avg: 0.6397) IoU: 0.4877 (Avg: 0.5047)
Train Epoch: [36][137/138] Total Loss: 0.6977 (Avg: 0.4399) Dice: 0.3583 (Avg: 0.6376) IoU: 0.2390 (Avg: 0.5028)
Train Epoch: [36][138/138] Total Loss: 0.1912 (Avg: 0.4370) Dice: 0.7697 (Avg: 0.6344) IoU: 0.6256 (Avg: 0.5003)
Validation Epoch: [36] Avg Loss: 0.3632 Avg Dice: 0.5823 Avg IoU: 0.4519

========= Epoch [37/50] =========
Train Epoch: [37][1/138] Total Loss: 0.5242 (Avg: 0.5242) Dice: 0.5663 (Avg: 0.5663) IoU: 0.4618 (Avg: 0.4618)
Train Epoch: [37][2/138] Total Loss: 0.3042 (Avg: 0.4142) Dice: 0.7809 (Avg: 0.6736) IoU: 0.6604 (Avg: 0.5611)
Train Epoch: [37][3/138] Total Loss: 0.4644 (Avg: 0.4309) Dice: 0.6006 (Avg: 0.6492) IoU: 0.4387 (Avg: 0.5203)
Train Epoch: [37][4/138] Total Loss: 0.3259 (Avg: 0.4047) Dice: 0.7676 (Avg: 0.6788) IoU: 0.6326 (Avg: 0.5484)
Train Epoch: [37][5/138] Total Loss: 0.5371 (Avg: 0.4312) Dice: 0.5598 (Avg: 0.6550) IoU: 0.3960 (Avg: 0.5179)
Train Epoch: [37][6/138] Total Loss: 0.6143 (Avg: 0.4617) Dice: 0.4464 (Avg: 0.6203) IoU: 0.3447 (Avg: 0.4890)
Train Epoch: [37][7/138] Total Loss: 0.2985 (Avg: 0.4384) Dice: 0.7838 (Avg: 0.6436) IoU: 0.6561 (Avg: 0.5129)
Train Epoch: [37][8/138] Total Loss: 0.3562 (Avg: 0.4281) Dice: 0.7145 (Avg: 0.6525) IoU: 0.5748 (Avg: 0.5206)
Train Epoch: [37][9/138] Total Loss: 0.5525 (Avg: 0.4419) Dice: 0.5313 (Avg: 0.6390) IoU: 0.3746 (Avg: 0.5044)
Train Epoch: [37][10/138] Total Loss: 0.3525 (Avg: 0.4330) Dice: 0.7479 (Avg: 0.6499) IoU: 0.6075 (Avg: 0.5147)
Train Epoch: [37][11/138] Total Loss: 0.5204 (Avg: 0.4409) Dice: 0.5559 (Avg: 0.6414) IoU: 0.4287 (Avg: 0.5069)
Train Epoch: [37][12/138] Total Loss: 0.2988 (Avg: 0.4291) Dice: 0.7930 (Avg: 0.6540) IoU: 0.6622 (Avg: 0.5198)
Train Epoch: [37][13/138] Total Loss: 0.5212 (Avg: 0.4362) Dice: 0.5521 (Avg: 0.6462) IoU: 0.3984 (Avg: 0.5105)
Train Epoch: [37][14/138] Total Loss: 0.4894 (Avg: 0.4400) Dice: 0.5861 (Avg: 0.6419) IoU: 0.4685 (Avg: 0.5075)
Train Epoch: [37][15/138] Total Loss: 0.4247 (Avg: 0.4390) Dice: 0.6496 (Avg: 0.6424) IoU: 0.5095 (Avg: 0.5076)
Train Epoch: [37][16/138] Total Loss: 0.3041 (Avg: 0.4305) Dice: 0.7819 (Avg: 0.6511) IoU: 0.6542 (Avg: 0.5168)
Train Epoch: [37][17/138] Total Loss: 0.5184 (Avg: 0.4357) Dice: 0.5434 (Avg: 0.6448) IoU: 0.4421 (Avg: 0.5124)
Train Epoch: [37][18/138] Total Loss: 0.3812 (Avg: 0.4327) Dice: 0.6848 (Avg: 0.6470) IoU: 0.5209 (Avg: 0.5129)
Train Epoch: [37][19/138] Total Loss: 0.5023 (Avg: 0.4363) Dice: 0.5719 (Avg: 0.6430) IoU: 0.4383 (Avg: 0.5089)
Train Epoch: [37][20/138] Total Loss: 0.3672 (Avg: 0.4329) Dice: 0.6953 (Avg: 0.6457) IoU: 0.5602 (Avg: 0.5115)
Train Epoch: [37][21/138] Total Loss: 0.3499 (Avg: 0.4289) Dice: 0.7198 (Avg: 0.6492) IoU: 0.5693 (Avg: 0.5143)
Train Epoch: [37][22/138] Total Loss: 0.3352 (Avg: 0.4247) Dice: 0.7551 (Avg: 0.6540) IoU: 0.6129 (Avg: 0.5187)
Train Epoch: [37][23/138] Total Loss: 0.3322 (Avg: 0.4206) Dice: 0.7519 (Avg: 0.6583) IoU: 0.6101 (Avg: 0.5227)
Train Epoch: [37][24/138] Total Loss: 0.4629 (Avg: 0.4224) Dice: 0.6125 (Avg: 0.6564) IoU: 0.4487 (Avg: 0.5196)
Train Epoch: [37][25/138] Total Loss: 0.5326 (Avg: 0.4268) Dice: 0.5411 (Avg: 0.6517) IoU: 0.4383 (Avg: 0.5164)
Train Epoch: [37][26/138] Total Loss: 0.5160 (Avg: 0.4302) Dice: 0.5132 (Avg: 0.6464) IoU: 0.4065 (Avg: 0.5122)
Train Epoch: [37][27/138] Total Loss: 0.4658 (Avg: 0.4316) Dice: 0.6031 (Avg: 0.6448) IoU: 0.4457 (Avg: 0.5097)
Train Epoch: [37][28/138] Total Loss: 0.4563 (Avg: 0.4324) Dice: 0.6027 (Avg: 0.6433) IoU: 0.4728 (Avg: 0.5084)
Train Epoch: [37][29/138] Total Loss: 0.3677 (Avg: 0.4302) Dice: 0.7152 (Avg: 0.6458) IoU: 0.5860 (Avg: 0.5111)
Train Epoch: [37][30/138] Total Loss: 0.5312 (Avg: 0.4336) Dice: 0.5662 (Avg: 0.6431) IoU: 0.4374 (Avg: 0.5086)
Train Epoch: [37][31/138] Total Loss: 0.5594 (Avg: 0.4376) Dice: 0.5347 (Avg: 0.6396) IoU: 0.4215 (Avg: 0.5058)
Train Epoch: [37][32/138] Total Loss: 0.2850 (Avg: 0.4329) Dice: 0.8304 (Avg: 0.6456) IoU: 0.7121 (Avg: 0.5122)
Train Epoch: [37][33/138] Total Loss: 0.3620 (Avg: 0.4307) Dice: 0.6900 (Avg: 0.6469) IoU: 0.5426 (Avg: 0.5132)
Train Epoch: [37][34/138] Total Loss: 0.3262 (Avg: 0.4276) Dice: 0.7625 (Avg: 0.6503) IoU: 0.6178 (Avg: 0.5162)
Train Epoch: [37][35/138] Total Loss: 0.6275 (Avg: 0.4334) Dice: 0.4359 (Avg: 0.6442) IoU: 0.2904 (Avg: 0.5098)
Train Epoch: [37][36/138] Total Loss: 0.5069 (Avg: 0.4354) Dice: 0.5491 (Avg: 0.6416) IoU: 0.3827 (Avg: 0.5062)
Train Epoch: [37][37/138] Total Loss: 0.3543 (Avg: 0.4332) Dice: 0.7499 (Avg: 0.6445) IoU: 0.6191 (Avg: 0.5093)
Train Epoch: [37][38/138] Total Loss: 0.5546 (Avg: 0.4364) Dice: 0.5537 (Avg: 0.6421) IoU: 0.4161 (Avg: 0.5068)
Train Epoch: [37][39/138] Total Loss: 0.4923 (Avg: 0.4378) Dice: 0.5600 (Avg: 0.6400) IoU: 0.3963 (Avg: 0.5040)
Train Epoch: [37][40/138] Total Loss: 0.5588 (Avg: 0.4409) Dice: 0.5147 (Avg: 0.6369) IoU: 0.3527 (Avg: 0.5002)
Train Epoch: [37][41/138] Total Loss: 0.4526 (Avg: 0.4411) Dice: 0.6087 (Avg: 0.6362) IoU: 0.4445 (Avg: 0.4989)
Train Epoch: [37][42/138] Total Loss: 0.4569 (Avg: 0.4415) Dice: 0.6267 (Avg: 0.6360) IoU: 0.5037 (Avg: 0.4990)
Train Epoch: [37][43/138] Total Loss: 0.3558 (Avg: 0.4395) Dice: 0.7364 (Avg: 0.6383) IoU: 0.5980 (Avg: 0.5013)
Train Epoch: [37][44/138] Total Loss: 0.5149 (Avg: 0.4412) Dice: 0.5777 (Avg: 0.6369) IoU: 0.4826 (Avg: 0.5009)
Train Epoch: [37][45/138] Total Loss: 0.6554 (Avg: 0.4460) Dice: 0.3933 (Avg: 0.6315) IoU: 0.2814 (Avg: 0.4960)
Train Epoch: [37][46/138] Total Loss: 0.3574 (Avg: 0.4441) Dice: 0.7453 (Avg: 0.6340) IoU: 0.6027 (Avg: 0.4983)
Train Epoch: [37][47/138] Total Loss: 0.4157 (Avg: 0.4435) Dice: 0.6674 (Avg: 0.6347) IoU: 0.5092 (Avg: 0.4985)
Train Epoch: [37][48/138] Total Loss: 0.3736 (Avg: 0.4420) Dice: 0.7074 (Avg: 0.6362) IoU: 0.5491 (Avg: 0.4996)
Train Epoch: [37][49/138] Total Loss: 0.4223 (Avg: 0.4416) Dice: 0.6619 (Avg: 0.6367) IoU: 0.5319 (Avg: 0.5003)
Train Epoch: [37][50/138] Total Loss: 0.8284 (Avg: 0.4493) Dice: 0.2305 (Avg: 0.6286) IoU: 0.1729 (Avg: 0.4937)
Train Epoch: [37][51/138] Total Loss: 0.3737 (Avg: 0.4479) Dice: 0.6948 (Avg: 0.6299) IoU: 0.5464 (Avg: 0.4947)
Train Epoch: [37][52/138] Total Loss: 0.3109 (Avg: 0.4452) Dice: 0.7705 (Avg: 0.6326) IoU: 0.6326 (Avg: 0.4974)
Train Epoch: [37][53/138] Total Loss: 0.2483 (Avg: 0.4415) Dice: 0.8664 (Avg: 0.6370) IoU: 0.7672 (Avg: 0.5025)
Train Epoch: [37][54/138] Total Loss: 0.4530 (Avg: 0.4417) Dice: 0.6461 (Avg: 0.6372) IoU: 0.5166 (Avg: 0.5027)
Train Epoch: [37][55/138] Total Loss: 0.3863 (Avg: 0.4407) Dice: 0.7125 (Avg: 0.6386) IoU: 0.5822 (Avg: 0.5042)
Train Epoch: [37][56/138] Total Loss: 0.3174 (Avg: 0.4385) Dice: 0.7550 (Avg: 0.6406) IoU: 0.6111 (Avg: 0.5061)
Train Epoch: [37][57/138] Total Loss: 0.5997 (Avg: 0.4413) Dice: 0.3816 (Avg: 0.6361) IoU: 0.2989 (Avg: 0.5025)
Train Epoch: [37][58/138] Total Loss: 0.3524 (Avg: 0.4398) Dice: 0.7152 (Avg: 0.6375) IoU: 0.5620 (Avg: 0.5035)
Train Epoch: [37][59/138] Total Loss: 0.4379 (Avg: 0.4398) Dice: 0.6434 (Avg: 0.6376) IoU: 0.5394 (Avg: 0.5041)
Train Epoch: [37][60/138] Total Loss: 0.3694 (Avg: 0.4386) Dice: 0.7132 (Avg: 0.6388) IoU: 0.5725 (Avg: 0.5052)
Train Epoch: [37][61/138] Total Loss: 0.4821 (Avg: 0.4393) Dice: 0.6112 (Avg: 0.6384) IoU: 0.4905 (Avg: 0.5050)
Train Epoch: [37][62/138] Total Loss: 0.2849 (Avg: 0.4368) Dice: 0.8227 (Avg: 0.6413) IoU: 0.7039 (Avg: 0.5082)
Train Epoch: [37][63/138] Total Loss: 0.5375 (Avg: 0.4384) Dice: 0.5597 (Avg: 0.6400) IoU: 0.4464 (Avg: 0.5072)
Train Epoch: [37][64/138] Total Loss: 0.4135 (Avg: 0.4380) Dice: 0.6720 (Avg: 0.6405) IoU: 0.5298 (Avg: 0.5076)
Train Epoch: [37][65/138] Total Loss: 0.2794 (Avg: 0.4356) Dice: 0.8172 (Avg: 0.6433) IoU: 0.6969 (Avg: 0.5105)
Train Epoch: [37][66/138] Total Loss: 0.3875 (Avg: 0.4349) Dice: 0.6870 (Avg: 0.6439) IoU: 0.5594 (Avg: 0.5112)
Train Epoch: [37][67/138] Total Loss: 0.3961 (Avg: 0.4343) Dice: 0.6863 (Avg: 0.6446) IoU: 0.5320 (Avg: 0.5115)
Train Epoch: [37][68/138] Total Loss: 0.4782 (Avg: 0.4349) Dice: 0.6076 (Avg: 0.6440) IoU: 0.4551 (Avg: 0.5107)
Train Epoch: [37][69/138] Total Loss: 0.3393 (Avg: 0.4335) Dice: 0.7497 (Avg: 0.6455) IoU: 0.6108 (Avg: 0.5122)
Train Epoch: [37][70/138] Total Loss: 0.5175 (Avg: 0.4347) Dice: 0.5420 (Avg: 0.6441) IoU: 0.3948 (Avg: 0.5105)
Train Epoch: [37][71/138] Total Loss: 0.3756 (Avg: 0.4339) Dice: 0.7154 (Avg: 0.6451) IoU: 0.5660 (Avg: 0.5113)
Train Epoch: [37][72/138] Total Loss: 0.5164 (Avg: 0.4351) Dice: 0.5746 (Avg: 0.6441) IoU: 0.4476 (Avg: 0.5104)
Train Epoch: [37][73/138] Total Loss: 0.6054 (Avg: 0.4374) Dice: 0.4713 (Avg: 0.6417) IoU: 0.3446 (Avg: 0.5081)
Train Epoch: [37][74/138] Total Loss: 0.3055 (Avg: 0.4356) Dice: 0.7993 (Avg: 0.6438) IoU: 0.6686 (Avg: 0.5103)
Train Epoch: [37][75/138] Total Loss: 0.4627 (Avg: 0.4360) Dice: 0.6394 (Avg: 0.6438) IoU: 0.4993 (Avg: 0.5101)
Train Epoch: [37][76/138] Total Loss: 0.4063 (Avg: 0.4356) Dice: 0.6778 (Avg: 0.6442) IoU: 0.5318 (Avg: 0.5104)
Train Epoch: [37][77/138] Total Loss: 0.4655 (Avg: 0.4360) Dice: 0.5848 (Avg: 0.6435) IoU: 0.4555 (Avg: 0.5097)
Train Epoch: [37][78/138] Total Loss: 0.3546 (Avg: 0.4349) Dice: 0.7226 (Avg: 0.6445) IoU: 0.5812 (Avg: 0.5106)
Train Epoch: [37][79/138] Total Loss: 0.2998 (Avg: 0.4332) Dice: 0.7687 (Avg: 0.6461) IoU: 0.6434 (Avg: 0.5123)
Train Epoch: [37][80/138] Total Loss: 0.5086 (Avg: 0.4342) Dice: 0.5817 (Avg: 0.6452) IoU: 0.4392 (Avg: 0.5114)
Train Epoch: [37][81/138] Total Loss: 0.5523 (Avg: 0.4356) Dice: 0.4659 (Avg: 0.6430) IoU: 0.3410 (Avg: 0.5093)
Train Epoch: [37][82/138] Total Loss: 0.4371 (Avg: 0.4356) Dice: 0.6555 (Avg: 0.6432) IoU: 0.5065 (Avg: 0.5092)
Train Epoch: [37][83/138] Total Loss: 0.2825 (Avg: 0.4338) Dice: 0.8071 (Avg: 0.6452) IoU: 0.6781 (Avg: 0.5113)
Train Epoch: [37][84/138] Total Loss: 0.4545 (Avg: 0.4340) Dice: 0.6182 (Avg: 0.6448) IoU: 0.4658 (Avg: 0.5107)
Train Epoch: [37][85/138] Total Loss: 0.3293 (Avg: 0.4328) Dice: 0.7608 (Avg: 0.6462) IoU: 0.6318 (Avg: 0.5122)
Train Epoch: [37][86/138] Total Loss: 0.3687 (Avg: 0.4321) Dice: 0.7147 (Avg: 0.6470) IoU: 0.5692 (Avg: 0.5128)
Train Epoch: [37][87/138] Total Loss: 0.3820 (Avg: 0.4315) Dice: 0.7024 (Avg: 0.6476) IoU: 0.5570 (Avg: 0.5133)
Train Epoch: [37][88/138] Total Loss: 0.2768 (Avg: 0.4297) Dice: 0.8104 (Avg: 0.6495) IoU: 0.6882 (Avg: 0.5153)
Train Epoch: [37][89/138] Total Loss: 0.4064 (Avg: 0.4295) Dice: 0.6822 (Avg: 0.6499) IoU: 0.5322 (Avg: 0.5155)
Train Epoch: [37][90/138] Total Loss: 0.3829 (Avg: 0.4289) Dice: 0.7047 (Avg: 0.6505) IoU: 0.5464 (Avg: 0.5159)
Train Epoch: [37][91/138] Total Loss: 0.4111 (Avg: 0.4288) Dice: 0.6632 (Avg: 0.6506) IoU: 0.5038 (Avg: 0.5157)
Train Epoch: [37][92/138] Total Loss: 0.5725 (Avg: 0.4303) Dice: 0.5089 (Avg: 0.6491) IoU: 0.3931 (Avg: 0.5144)
Train Epoch: [37][93/138] Total Loss: 0.4830 (Avg: 0.4309) Dice: 0.6120 (Avg: 0.6487) IoU: 0.5200 (Avg: 0.5145)
Train Epoch: [37][94/138] Total Loss: 0.6837 (Avg: 0.4336) Dice: 0.3918 (Avg: 0.6459) IoU: 0.2759 (Avg: 0.5119)
Train Epoch: [37][95/138] Total Loss: 0.6443 (Avg: 0.4358) Dice: 0.4386 (Avg: 0.6437) IoU: 0.3609 (Avg: 0.5103)
Train Epoch: [37][96/138] Total Loss: 0.5514 (Avg: 0.4370) Dice: 0.5283 (Avg: 0.6425) IoU: 0.3868 (Avg: 0.5090)
Train Epoch: [37][97/138] Total Loss: 0.5863 (Avg: 0.4385) Dice: 0.5328 (Avg: 0.6414) IoU: 0.3804 (Avg: 0.5077)
Train Epoch: [37][98/138] Total Loss: 0.6041 (Avg: 0.4402) Dice: 0.4932 (Avg: 0.6399) IoU: 0.3681 (Avg: 0.5063)
Train Epoch: [37][99/138] Total Loss: 0.4272 (Avg: 0.4401) Dice: 0.6388 (Avg: 0.6399) IoU: 0.5022 (Avg: 0.5062)
Train Epoch: [37][100/138] Total Loss: 0.3829 (Avg: 0.4395) Dice: 0.6882 (Avg: 0.6404) IoU: 0.5351 (Avg: 0.5065)
Train Epoch: [37][101/138] Total Loss: 0.3017 (Avg: 0.4382) Dice: 0.7997 (Avg: 0.6420) IoU: 0.6786 (Avg: 0.5082)
Train Epoch: [37][102/138] Total Loss: 0.4191 (Avg: 0.4380) Dice: 0.6392 (Avg: 0.6419) IoU: 0.4922 (Avg: 0.5081)
Train Epoch: [37][103/138] Total Loss: 0.6209 (Avg: 0.4397) Dice: 0.3909 (Avg: 0.6395) IoU: 0.2988 (Avg: 0.5060)
Train Epoch: [37][104/138] Total Loss: 0.3297 (Avg: 0.4387) Dice: 0.7578 (Avg: 0.6406) IoU: 0.6147 (Avg: 0.5071)
Train Epoch: [37][105/138] Total Loss: 0.3129 (Avg: 0.4375) Dice: 0.7922 (Avg: 0.6421) IoU: 0.6672 (Avg: 0.5086)
Train Epoch: [37][106/138] Total Loss: 0.5884 (Avg: 0.4389) Dice: 0.4909 (Avg: 0.6406) IoU: 0.3859 (Avg: 0.5075)
Train Epoch: [37][107/138] Total Loss: 0.3637 (Avg: 0.4382) Dice: 0.7311 (Avg: 0.6415) IoU: 0.5935 (Avg: 0.5083)
Train Epoch: [37][108/138] Total Loss: 0.3765 (Avg: 0.4376) Dice: 0.7081 (Avg: 0.6421) IoU: 0.5576 (Avg: 0.5087)
Train Epoch: [37][109/138] Total Loss: 0.4265 (Avg: 0.4375) Dice: 0.6312 (Avg: 0.6420) IoU: 0.5060 (Avg: 0.5087)
Train Epoch: [37][110/138] Total Loss: 0.4850 (Avg: 0.4380) Dice: 0.5951 (Avg: 0.6416) IoU: 0.4443 (Avg: 0.5081)
Train Epoch: [37][111/138] Total Loss: 0.2720 (Avg: 0.4365) Dice: 0.8235 (Avg: 0.6432) IoU: 0.7013 (Avg: 0.5099)
Train Epoch: [37][112/138] Total Loss: 0.3732 (Avg: 0.4359) Dice: 0.7114 (Avg: 0.6438) IoU: 0.5681 (Avg: 0.5104)
Train Epoch: [37][113/138] Total Loss: 0.3074 (Avg: 0.4348) Dice: 0.7635 (Avg: 0.6449) IoU: 0.6325 (Avg: 0.5115)
Train Epoch: [37][114/138] Total Loss: 0.4422 (Avg: 0.4348) Dice: 0.6154 (Avg: 0.6446) IoU: 0.4820 (Avg: 0.5112)
Train Epoch: [37][115/138] Total Loss: 0.4255 (Avg: 0.4348) Dice: 0.6361 (Avg: 0.6445) IoU: 0.4932 (Avg: 0.5110)
Train Epoch: [37][116/138] Total Loss: 0.2720 (Avg: 0.4333) Dice: 0.8218 (Avg: 0.6461) IoU: 0.6993 (Avg: 0.5127)
Train Epoch: [37][117/138] Total Loss: 0.4671 (Avg: 0.4336) Dice: 0.6239 (Avg: 0.6459) IoU: 0.5101 (Avg: 0.5126)
Train Epoch: [37][118/138] Total Loss: 0.3434 (Avg: 0.4329) Dice: 0.7302 (Avg: 0.6466) IoU: 0.5854 (Avg: 0.5133)
Train Epoch: [37][119/138] Total Loss: 0.4717 (Avg: 0.4332) Dice: 0.6039 (Avg: 0.6462) IoU: 0.4751 (Avg: 0.5129)
Train Epoch: [37][120/138] Total Loss: 0.5776 (Avg: 0.4344) Dice: 0.4767 (Avg: 0.6448) IoU: 0.3156 (Avg: 0.5113)
Train Epoch: [37][121/138] Total Loss: 0.3737 (Avg: 0.4339) Dice: 0.7282 (Avg: 0.6455) IoU: 0.5765 (Avg: 0.5118)
Train Epoch: [37][122/138] Total Loss: 0.5629 (Avg: 0.4350) Dice: 0.5046 (Avg: 0.6444) IoU: 0.3880 (Avg: 0.5108)
Train Epoch: [37][123/138] Total Loss: 0.4526 (Avg: 0.4351) Dice: 0.5917 (Avg: 0.6439) IoU: 0.4910 (Avg: 0.5107)
Train Epoch: [37][124/138] Total Loss: 0.5768 (Avg: 0.4362) Dice: 0.5217 (Avg: 0.6430) IoU: 0.3750 (Avg: 0.5096)
Train Epoch: [37][125/138] Total Loss: 0.3163 (Avg: 0.4353) Dice: 0.7666 (Avg: 0.6439) IoU: 0.6343 (Avg: 0.5106)
Train Epoch: [37][126/138] Total Loss: 0.6432 (Avg: 0.4369) Dice: 0.4257 (Avg: 0.6422) IoU: 0.2950 (Avg: 0.5088)
Train Epoch: [37][127/138] Total Loss: 0.3895 (Avg: 0.4366) Dice: 0.6979 (Avg: 0.6426) IoU: 0.5468 (Avg: 0.5091)
Train Epoch: [37][128/138] Total Loss: 0.3621 (Avg: 0.4360) Dice: 0.7222 (Avg: 0.6433) IoU: 0.5796 (Avg: 0.5097)
Train Epoch: [37][129/138] Total Loss: 0.3335 (Avg: 0.4352) Dice: 0.7362 (Avg: 0.6440) IoU: 0.5959 (Avg: 0.5104)
Train Epoch: [37][130/138] Total Loss: 0.3543 (Avg: 0.4346) Dice: 0.7006 (Avg: 0.6444) IoU: 0.5606 (Avg: 0.5108)
Train Epoch: [37][131/138] Total Loss: 0.3641 (Avg: 0.4340) Dice: 0.7237 (Avg: 0.6450) IoU: 0.5751 (Avg: 0.5112)
Train Epoch: [37][132/138] Total Loss: 0.4263 (Avg: 0.4340) Dice: 0.7175 (Avg: 0.6456) IoU: 0.5656 (Avg: 0.5117)
Train Epoch: [37][133/138] Total Loss: 0.6570 (Avg: 0.4356) Dice: 0.4334 (Avg: 0.6440) IoU: 0.2816 (Avg: 0.5099)
Train Epoch: [37][134/138] Total Loss: 0.3673 (Avg: 0.4351) Dice: 0.7302 (Avg: 0.6446) IoU: 0.5964 (Avg: 0.5106)
Train Epoch: [37][135/138] Total Loss: 0.5233 (Avg: 0.4358) Dice: 0.5485 (Avg: 0.6439) IoU: 0.3805 (Avg: 0.5096)
Train Epoch: [37][136/138] Total Loss: 0.4102 (Avg: 0.4356) Dice: 0.6790 (Avg: 0.6442) IoU: 0.5305 (Avg: 0.5098)
Train Epoch: [37][137/138] Total Loss: 0.3200 (Avg: 0.4348) Dice: 0.7709 (Avg: 0.6451) IoU: 0.6524 (Avg: 0.5108)
Train Epoch: [37][138/138] Total Loss: 0.5590 (Avg: 0.4326) Dice: 0.3871 (Avg: 0.6411) IoU: 0.2400 (Avg: 0.5075)
Validation Epoch: [37] Avg Loss: 0.3895 Avg Dice: 0.5507 Avg IoU: 0.4212

========= Epoch [38/50] =========
Train Epoch: [38][1/138] Total Loss: 0.3685 (Avg: 0.3685) Dice: 0.6908 (Avg: 0.6908) IoU: 0.5361 (Avg: 0.5361)
Train Epoch: [38][2/138] Total Loss: 0.5122 (Avg: 0.4404) Dice: 0.6171 (Avg: 0.6540) IoU: 0.5247 (Avg: 0.5304)
Train Epoch: [38][3/138] Total Loss: 0.7961 (Avg: 0.5589) Dice: 0.2749 (Avg: 0.5276) IoU: 0.2025 (Avg: 0.4211)
Train Epoch: [38][4/138] Total Loss: 0.6118 (Avg: 0.5721) Dice: 0.3921 (Avg: 0.4937) IoU: 0.2652 (Avg: 0.3821)
Train Epoch: [38][5/138] Total Loss: 0.9702 (Avg: 0.6518) Dice: 0.0915 (Avg: 0.4133) IoU: 0.0495 (Avg: 0.3156)
Train Epoch: [38][6/138] Total Loss: 0.5803 (Avg: 0.6398) Dice: 0.5057 (Avg: 0.4287) IoU: 0.3601 (Avg: 0.3230)
Train Epoch: [38][7/138] Total Loss: 0.5778 (Avg: 0.6310) Dice: 0.5014 (Avg: 0.4391) IoU: 0.3817 (Avg: 0.3314)
Train Epoch: [38][8/138] Total Loss: 0.5328 (Avg: 0.6187) Dice: 0.5597 (Avg: 0.4542) IoU: 0.4559 (Avg: 0.3470)
Train Epoch: [38][9/138] Total Loss: 0.3956 (Avg: 0.5939) Dice: 0.6850 (Avg: 0.4798) IoU: 0.5296 (Avg: 0.3672)
Train Epoch: [38][10/138] Total Loss: 0.4461 (Avg: 0.5791) Dice: 0.6180 (Avg: 0.4936) IoU: 0.4583 (Avg: 0.3764)
Train Epoch: [38][11/138] Total Loss: 0.3339 (Avg: 0.5568) Dice: 0.7525 (Avg: 0.5172) IoU: 0.6253 (Avg: 0.3990)
Train Epoch: [38][12/138] Total Loss: 0.4083 (Avg: 0.5445) Dice: 0.6753 (Avg: 0.5303) IoU: 0.5622 (Avg: 0.4126)
Train Epoch: [38][13/138] Total Loss: 0.5552 (Avg: 0.5453) Dice: 0.5340 (Avg: 0.5306) IoU: 0.4313 (Avg: 0.4140)
Train Epoch: [38][14/138] Total Loss: 0.7592 (Avg: 0.5606) Dice: 0.2585 (Avg: 0.5112) IoU: 0.1768 (Avg: 0.3971)
Train Epoch: [38][15/138] Total Loss: 0.4205 (Avg: 0.5512) Dice: 0.6552 (Avg: 0.5208) IoU: 0.4921 (Avg: 0.4034)
Train Epoch: [38][16/138] Total Loss: 0.4648 (Avg: 0.5458) Dice: 0.6311 (Avg: 0.5277) IoU: 0.5128 (Avg: 0.4103)
Train Epoch: [38][17/138] Total Loss: 0.4280 (Avg: 0.5389) Dice: 0.6529 (Avg: 0.5350) IoU: 0.5030 (Avg: 0.4157)
Train Epoch: [38][18/138] Total Loss: 0.5046 (Avg: 0.5370) Dice: 0.5855 (Avg: 0.5378) IoU: 0.4845 (Avg: 0.4195)
Train Epoch: [38][19/138] Total Loss: 0.4441 (Avg: 0.5321) Dice: 0.6360 (Avg: 0.5430) IoU: 0.4870 (Avg: 0.4231)
Train Epoch: [38][20/138] Total Loss: 0.5386 (Avg: 0.5324) Dice: 0.5435 (Avg: 0.5430) IoU: 0.4269 (Avg: 0.4233)
Train Epoch: [38][21/138] Total Loss: 0.3063 (Avg: 0.5217) Dice: 0.7755 (Avg: 0.5541) IoU: 0.6524 (Avg: 0.4342)
Train Epoch: [38][22/138] Total Loss: 0.2737 (Avg: 0.5104) Dice: 0.8216 (Avg: 0.5663) IoU: 0.6987 (Avg: 0.4462)
Train Epoch: [38][23/138] Total Loss: 0.3031 (Avg: 0.5014) Dice: 0.8112 (Avg: 0.5769) IoU: 0.6883 (Avg: 0.4567)
Train Epoch: [38][24/138] Total Loss: 0.4793 (Avg: 0.5005) Dice: 0.5937 (Avg: 0.5776) IoU: 0.4810 (Avg: 0.4577)
Train Epoch: [38][25/138] Total Loss: 0.4719 (Avg: 0.4993) Dice: 0.5671 (Avg: 0.5772) IoU: 0.4248 (Avg: 0.4564)
Train Epoch: [38][26/138] Total Loss: 0.3618 (Avg: 0.4940) Dice: 0.7148 (Avg: 0.5825) IoU: 0.5721 (Avg: 0.4609)
Train Epoch: [38][27/138] Total Loss: 0.4291 (Avg: 0.4916) Dice: 0.6933 (Avg: 0.5866) IoU: 0.5350 (Avg: 0.4636)
Train Epoch: [38][28/138] Total Loss: 0.3836 (Avg: 0.4878) Dice: 0.6865 (Avg: 0.5902) IoU: 0.5519 (Avg: 0.4668)
Train Epoch: [38][29/138] Total Loss: 0.4519 (Avg: 0.4865) Dice: 0.5968 (Avg: 0.5904) IoU: 0.4427 (Avg: 0.4659)
Train Epoch: [38][30/138] Total Loss: 0.3182 (Avg: 0.4809) Dice: 0.7698 (Avg: 0.5964) IoU: 0.6345 (Avg: 0.4716)
Train Epoch: [38][31/138] Total Loss: 0.6240 (Avg: 0.4855) Dice: 0.4451 (Avg: 0.5915) IoU: 0.2996 (Avg: 0.4660)
Train Epoch: [38][32/138] Total Loss: 0.3135 (Avg: 0.4802) Dice: 0.7723 (Avg: 0.5971) IoU: 0.6482 (Avg: 0.4717)
Train Epoch: [38][33/138] Total Loss: 0.4349 (Avg: 0.4788) Dice: 0.6581 (Avg: 0.5990) IoU: 0.5040 (Avg: 0.4727)
Train Epoch: [38][34/138] Total Loss: 0.3548 (Avg: 0.4751) Dice: 0.7278 (Avg: 0.6028) IoU: 0.5829 (Avg: 0.4759)
Train Epoch: [38][35/138] Total Loss: 0.5135 (Avg: 0.4762) Dice: 0.5953 (Avg: 0.6026) IoU: 0.4559 (Avg: 0.4754)
Train Epoch: [38][36/138] Total Loss: 0.6939 (Avg: 0.4823) Dice: 0.3631 (Avg: 0.5959) IoU: 0.2784 (Avg: 0.4699)
Train Epoch: [38][37/138] Total Loss: 0.3479 (Avg: 0.4786) Dice: 0.7346 (Avg: 0.5997) IoU: 0.5897 (Avg: 0.4731)
Train Epoch: [38][38/138] Total Loss: 0.2949 (Avg: 0.4738) Dice: 0.7874 (Avg: 0.6046) IoU: 0.6590 (Avg: 0.4780)
Train Epoch: [38][39/138] Total Loss: 0.3879 (Avg: 0.4716) Dice: 0.6862 (Avg: 0.6067) IoU: 0.5522 (Avg: 0.4799)
Train Epoch: [38][40/138] Total Loss: 0.3223 (Avg: 0.4679) Dice: 0.7593 (Avg: 0.6105) IoU: 0.6187 (Avg: 0.4834)
Train Epoch: [38][41/138] Total Loss: 0.4568 (Avg: 0.4676) Dice: 0.6207 (Avg: 0.6107) IoU: 0.4658 (Avg: 0.4830)
Train Epoch: [38][42/138] Total Loss: 0.3663 (Avg: 0.4652) Dice: 0.7159 (Avg: 0.6133) IoU: 0.5721 (Avg: 0.4851)
Train Epoch: [38][43/138] Total Loss: 0.3862 (Avg: 0.4634) Dice: 0.6927 (Avg: 0.6151) IoU: 0.5305 (Avg: 0.4861)
Train Epoch: [38][44/138] Total Loss: 0.2758 (Avg: 0.4591) Dice: 0.8124 (Avg: 0.6196) IoU: 0.6944 (Avg: 0.4909)
Train Epoch: [38][45/138] Total Loss: 0.3776 (Avg: 0.4573) Dice: 0.7181 (Avg: 0.6218) IoU: 0.5711 (Avg: 0.4927)
Train Epoch: [38][46/138] Total Loss: 0.4895 (Avg: 0.4580) Dice: 0.5754 (Avg: 0.6208) IoU: 0.4219 (Avg: 0.4911)
Train Epoch: [38][47/138] Total Loss: 0.4418 (Avg: 0.4576) Dice: 0.6463 (Avg: 0.6213) IoU: 0.5045 (Avg: 0.4914)
Train Epoch: [38][48/138] Total Loss: 0.5298 (Avg: 0.4591) Dice: 0.8209 (Avg: 0.6255) IoU: 0.4780 (Avg: 0.4911)
Train Epoch: [38][49/138] Total Loss: 0.5046 (Avg: 0.4601) Dice: 0.5857 (Avg: 0.6247) IoU: 0.4627 (Avg: 0.4905)
Train Epoch: [38][50/138] Total Loss: 0.3647 (Avg: 0.4582) Dice: 0.7257 (Avg: 0.6267) IoU: 0.5804 (Avg: 0.4923)
Train Epoch: [38][51/138] Total Loss: 0.5530 (Avg: 0.4600) Dice: 0.5164 (Avg: 0.6245) IoU: 0.4001 (Avg: 0.4905)
Train Epoch: [38][52/138] Total Loss: 0.3312 (Avg: 0.4575) Dice: 0.7652 (Avg: 0.6272) IoU: 0.6239 (Avg: 0.4931)
Train Epoch: [38][53/138] Total Loss: 0.6240 (Avg: 0.4607) Dice: 0.4070 (Avg: 0.6231) IoU: 0.2953 (Avg: 0.4894)
Train Epoch: [38][54/138] Total Loss: 0.3900 (Avg: 0.4594) Dice: 0.6830 (Avg: 0.6242) IoU: 0.5377 (Avg: 0.4903)
Train Epoch: [38][55/138] Total Loss: 0.6348 (Avg: 0.4626) Dice: 0.4331 (Avg: 0.6207) IoU: 0.3221 (Avg: 0.4872)
Train Epoch: [38][56/138] Total Loss: 0.3185 (Avg: 0.4600) Dice: 0.7936 (Avg: 0.6238) IoU: 0.6586 (Avg: 0.4903)
Train Epoch: [38][57/138] Total Loss: 0.2595 (Avg: 0.4565) Dice: 0.8276 (Avg: 0.6274) IoU: 0.7146 (Avg: 0.4942)
Train Epoch: [38][58/138] Total Loss: 0.4213 (Avg: 0.4559) Dice: 0.6964 (Avg: 0.6286) IoU: 0.5660 (Avg: 0.4954)
Train Epoch: [38][59/138] Total Loss: 0.2907 (Avg: 0.4531) Dice: 0.7972 (Avg: 0.6314) IoU: 0.6702 (Avg: 0.4984)
Train Epoch: [38][60/138] Total Loss: 0.6094 (Avg: 0.4557) Dice: 0.5160 (Avg: 0.6295) IoU: 0.3554 (Avg: 0.4960)
Train Epoch: [38][61/138] Total Loss: 0.4955 (Avg: 0.4563) Dice: 0.6132 (Avg: 0.6292) IoU: 0.4816 (Avg: 0.4958)
Train Epoch: [38][62/138] Total Loss: 0.4110 (Avg: 0.4556) Dice: 0.6857 (Avg: 0.6301) IoU: 0.5333 (Avg: 0.4964)
Train Epoch: [38][63/138] Total Loss: 0.4619 (Avg: 0.4557) Dice: 0.6336 (Avg: 0.6302) IoU: 0.4879 (Avg: 0.4962)
Train Epoch: [38][64/138] Total Loss: 0.4689 (Avg: 0.4559) Dice: 0.6105 (Avg: 0.6299) IoU: 0.4630 (Avg: 0.4957)
Train Epoch: [38][65/138] Total Loss: 0.3106 (Avg: 0.4537) Dice: 0.7804 (Avg: 0.6322) IoU: 0.6521 (Avg: 0.4981)
Train Epoch: [38][66/138] Total Loss: 0.5654 (Avg: 0.4554) Dice: 0.4764 (Avg: 0.6298) IoU: 0.3169 (Avg: 0.4954)
Train Epoch: [38][67/138] Total Loss: 0.3805 (Avg: 0.4542) Dice: 0.7004 (Avg: 0.6309) IoU: 0.5497 (Avg: 0.4962)
Train Epoch: [38][68/138] Total Loss: 0.5106 (Avg: 0.4551) Dice: 0.5794 (Avg: 0.6301) IoU: 0.4733 (Avg: 0.4959)
Train Epoch: [38][69/138] Total Loss: 0.3089 (Avg: 0.4530) Dice: 0.7849 (Avg: 0.6324) IoU: 0.6562 (Avg: 0.4982)
Train Epoch: [38][70/138] Total Loss: 0.5299 (Avg: 0.4541) Dice: 0.5552 (Avg: 0.6313) IoU: 0.4421 (Avg: 0.4974)
Train Epoch: [38][71/138] Total Loss: 0.4574 (Avg: 0.4541) Dice: 0.5788 (Avg: 0.6305) IoU: 0.4623 (Avg: 0.4969)
Train Epoch: [38][72/138] Total Loss: 0.4454 (Avg: 0.4540) Dice: 0.6256 (Avg: 0.6305) IoU: 0.4753 (Avg: 0.4966)
Train Epoch: [38][73/138] Total Loss: 0.5352 (Avg: 0.4551) Dice: 0.5267 (Avg: 0.6290) IoU: 0.4152 (Avg: 0.4955)
Train Epoch: [38][74/138] Total Loss: 0.4903 (Avg: 0.4556) Dice: 0.5763 (Avg: 0.6283) IoU: 0.4341 (Avg: 0.4946)
Train Epoch: [38][75/138] Total Loss: 0.4118 (Avg: 0.4550) Dice: 0.6574 (Avg: 0.6287) IoU: 0.5246 (Avg: 0.4950)
Train Epoch: [38][76/138] Total Loss: 0.3510 (Avg: 0.4536) Dice: 0.7423 (Avg: 0.6302) IoU: 0.6013 (Avg: 0.4964)
Train Epoch: [38][77/138] Total Loss: 0.4531 (Avg: 0.4536) Dice: 0.6301 (Avg: 0.6302) IoU: 0.4977 (Avg: 0.4965)
Train Epoch: [38][78/138] Total Loss: 0.4103 (Avg: 0.4531) Dice: 0.6793 (Avg: 0.6308) IoU: 0.5476 (Avg: 0.4971)
Train Epoch: [38][79/138] Total Loss: 0.3425 (Avg: 0.4517) Dice: 0.7336 (Avg: 0.6321) IoU: 0.5998 (Avg: 0.4984)
Train Epoch: [38][80/138] Total Loss: 0.5253 (Avg: 0.4526) Dice: 0.5582 (Avg: 0.6312) IoU: 0.3961 (Avg: 0.4971)
Train Epoch: [38][81/138] Total Loss: 0.2371 (Avg: 0.4499) Dice: 0.8508 (Avg: 0.6339) IoU: 0.7413 (Avg: 0.5001)
Train Epoch: [38][82/138] Total Loss: 0.4923 (Avg: 0.4504) Dice: 0.5662 (Avg: 0.6331) IoU: 0.4000 (Avg: 0.4989)
Train Epoch: [38][83/138] Total Loss: 0.4375 (Avg: 0.4503) Dice: 0.6756 (Avg: 0.6336) IoU: 0.5199 (Avg: 0.4992)
Train Epoch: [38][84/138] Total Loss: 0.4424 (Avg: 0.4502) Dice: 0.6551 (Avg: 0.6339) IoU: 0.5732 (Avg: 0.5001)
Train Epoch: [38][85/138] Total Loss: 0.3102 (Avg: 0.4485) Dice: 0.7768 (Avg: 0.6355) IoU: 0.6419 (Avg: 0.5017)
Train Epoch: [38][86/138] Total Loss: 0.5594 (Avg: 0.4498) Dice: 0.5339 (Avg: 0.6344) IoU: 0.3976 (Avg: 0.5005)
Train Epoch: [38][87/138] Total Loss: 0.4220 (Avg: 0.4495) Dice: 0.6446 (Avg: 0.6345) IoU: 0.4863 (Avg: 0.5004)
Train Epoch: [38][88/138] Total Loss: 0.3921 (Avg: 0.4489) Dice: 0.6918 (Avg: 0.6351) IoU: 0.5314 (Avg: 0.5007)
Train Epoch: [38][89/138] Total Loss: 0.5175 (Avg: 0.4496) Dice: 0.5806 (Avg: 0.6345) IoU: 0.4763 (Avg: 0.5004)
Train Epoch: [38][90/138] Total Loss: 0.3620 (Avg: 0.4486) Dice: 0.6980 (Avg: 0.6352) IoU: 0.5476 (Avg: 0.5010)
Train Epoch: [38][91/138] Total Loss: 0.2692 (Avg: 0.4467) Dice: 0.8257 (Avg: 0.6373) IoU: 0.7199 (Avg: 0.5034)
Train Epoch: [38][92/138] Total Loss: 0.4218 (Avg: 0.4464) Dice: 0.6438 (Avg: 0.6374) IoU: 0.5026 (Avg: 0.5034)
Train Epoch: [38][93/138] Total Loss: 0.5366 (Avg: 0.4474) Dice: 0.5274 (Avg: 0.6362) IoU: 0.3779 (Avg: 0.5020)
Train Epoch: [38][94/138] Total Loss: 0.4993 (Avg: 0.4479) Dice: 0.5910 (Avg: 0.6357) IoU: 0.4706 (Avg: 0.5017)
Train Epoch: [38][95/138] Total Loss: 0.4497 (Avg: 0.4479) Dice: 0.6173 (Avg: 0.6355) IoU: 0.4502 (Avg: 0.5011)
Train Epoch: [38][96/138] Total Loss: 0.4636 (Avg: 0.4481) Dice: 0.5877 (Avg: 0.6350) IoU: 0.4478 (Avg: 0.5006)
Train Epoch: [38][97/138] Total Loss: 0.4951 (Avg: 0.4486) Dice: 0.5338 (Avg: 0.6340) IoU: 0.3678 (Avg: 0.4992)
Train Epoch: [38][98/138] Total Loss: 0.3663 (Avg: 0.4478) Dice: 0.7043 (Avg: 0.6347) IoU: 0.5835 (Avg: 0.5001)
Train Epoch: [38][99/138] Total Loss: 0.2940 (Avg: 0.4462) Dice: 0.8027 (Avg: 0.6364) IoU: 0.6820 (Avg: 0.5019)
Train Epoch: [38][100/138] Total Loss: 0.6859 (Avg: 0.4486) Dice: 0.4222 (Avg: 0.6343) IoU: 0.3105 (Avg: 0.5000)
Train Epoch: [38][101/138] Total Loss: 0.2948 (Avg: 0.4471) Dice: 0.7775 (Avg: 0.6357) IoU: 0.6395 (Avg: 0.5014)
Train Epoch: [38][102/138] Total Loss: 0.4930 (Avg: 0.4475) Dice: 0.5751 (Avg: 0.6351) IoU: 0.4435 (Avg: 0.5008)
Train Epoch: [38][103/138] Total Loss: 0.3991 (Avg: 0.4471) Dice: 0.6867 (Avg: 0.6356) IoU: 0.5660 (Avg: 0.5014)
Train Epoch: [38][104/138] Total Loss: 0.5828 (Avg: 0.4484) Dice: 0.4602 (Avg: 0.6339) IoU: 0.3485 (Avg: 0.5000)
Train Epoch: [38][105/138] Total Loss: 0.5282 (Avg: 0.4491) Dice: 0.5383 (Avg: 0.6330) IoU: 0.3699 (Avg: 0.4987)
Train Epoch: [38][106/138] Total Loss: 0.3196 (Avg: 0.4479) Dice: 0.7649 (Avg: 0.6342) IoU: 0.6280 (Avg: 0.4999)
Train Epoch: [38][107/138] Total Loss: 0.3927 (Avg: 0.4474) Dice: 0.7017 (Avg: 0.6349) IoU: 0.5563 (Avg: 0.5005)
Train Epoch: [38][108/138] Total Loss: 0.4341 (Avg: 0.4473) Dice: 0.6379 (Avg: 0.6349) IoU: 0.4762 (Avg: 0.5002)
Train Epoch: [38][109/138] Total Loss: 0.3212 (Avg: 0.4461) Dice: 0.7628 (Avg: 0.6361) IoU: 0.6233 (Avg: 0.5014)
Train Epoch: [38][110/138] Total Loss: 0.6635 (Avg: 0.4481) Dice: 0.3865 (Avg: 0.6338) IoU: 0.3083 (Avg: 0.4996)
Train Epoch: [38][111/138] Total Loss: 0.4017 (Avg: 0.4477) Dice: 0.6668 (Avg: 0.6341) IoU: 0.5132 (Avg: 0.4997)
Train Epoch: [38][112/138] Total Loss: 0.3726 (Avg: 0.4470) Dice: 0.6963 (Avg: 0.6347) IoU: 0.5430 (Avg: 0.5001)
Train Epoch: [38][113/138] Total Loss: 0.4297 (Avg: 0.4468) Dice: 0.6359 (Avg: 0.6347) IoU: 0.4770 (Avg: 0.4999)
Train Epoch: [38][114/138] Total Loss: 0.5457 (Avg: 0.4477) Dice: 0.5234 (Avg: 0.6337) IoU: 0.3769 (Avg: 0.4988)
Train Epoch: [38][115/138] Total Loss: 0.4480 (Avg: 0.4477) Dice: 0.6278 (Avg: 0.6336) IoU: 0.4751 (Avg: 0.4986)
Train Epoch: [38][116/138] Total Loss: 0.5353 (Avg: 0.4485) Dice: 0.5321 (Avg: 0.6328) IoU: 0.4186 (Avg: 0.4980)
Train Epoch: [38][117/138] Total Loss: 0.4555 (Avg: 0.4485) Dice: 0.5986 (Avg: 0.6325) IoU: 0.4485 (Avg: 0.4975)
Train Epoch: [38][118/138] Total Loss: 0.4584 (Avg: 0.4486) Dice: 0.6251 (Avg: 0.6324) IoU: 0.4736 (Avg: 0.4973)
Train Epoch: [38][119/138] Total Loss: 0.2607 (Avg: 0.4470) Dice: 0.8268 (Avg: 0.6340) IoU: 0.7115 (Avg: 0.4991)
Train Epoch: [38][120/138] Total Loss: 0.4535 (Avg: 0.4471) Dice: 0.6235 (Avg: 0.6340) IoU: 0.4850 (Avg: 0.4990)
Train Epoch: [38][121/138] Total Loss: 0.5482 (Avg: 0.4479) Dice: 0.5149 (Avg: 0.6330) IoU: 0.3541 (Avg: 0.4978)
Train Epoch: [38][122/138] Total Loss: 0.3467 (Avg: 0.4471) Dice: 0.7319 (Avg: 0.6338) IoU: 0.5946 (Avg: 0.4986)
Train Epoch: [38][123/138] Total Loss: 0.3918 (Avg: 0.4466) Dice: 0.7096 (Avg: 0.6344) IoU: 0.5816 (Avg: 0.4993)
Train Epoch: [38][124/138] Total Loss: 0.3359 (Avg: 0.4457) Dice: 0.7437 (Avg: 0.6353) IoU: 0.6022 (Avg: 0.5001)
Train Epoch: [38][125/138] Total Loss: 0.3558 (Avg: 0.4450) Dice: 0.7531 (Avg: 0.6362) IoU: 0.6091 (Avg: 0.5010)
Train Epoch: [38][126/138] Total Loss: 0.3942 (Avg: 0.4446) Dice: 0.6725 (Avg: 0.6365) IoU: 0.5247 (Avg: 0.5012)
Train Epoch: [38][127/138] Total Loss: 0.7752 (Avg: 0.4472) Dice: 0.2999 (Avg: 0.6339) IoU: 0.1889 (Avg: 0.4987)
Train Epoch: [38][128/138] Total Loss: 0.4587 (Avg: 0.4473) Dice: 0.6337 (Avg: 0.6339) IoU: 0.4901 (Avg: 0.4986)
Train Epoch: [38][129/138] Total Loss: 0.5484 (Avg: 0.4481) Dice: 0.5014 (Avg: 0.6328) IoU: 0.3694 (Avg: 0.4976)
Train Epoch: [38][130/138] Total Loss: 0.6294 (Avg: 0.4495) Dice: 0.4354 (Avg: 0.6313) IoU: 0.3072 (Avg: 0.4962)
Train Epoch: [38][131/138] Total Loss: 0.3928 (Avg: 0.4491) Dice: 0.6853 (Avg: 0.6317) IoU: 0.5336 (Avg: 0.4965)
Train Epoch: [38][132/138] Total Loss: 0.3458 (Avg: 0.4483) Dice: 0.7369 (Avg: 0.6325) IoU: 0.5873 (Avg: 0.4971)
Train Epoch: [38][133/138] Total Loss: 0.3319 (Avg: 0.4474) Dice: 0.7463 (Avg: 0.6334) IoU: 0.6058 (Avg: 0.4980)
Train Epoch: [38][134/138] Total Loss: 0.4188 (Avg: 0.4472) Dice: 0.6644 (Avg: 0.6336) IoU: 0.5077 (Avg: 0.4980)
Train Epoch: [38][135/138] Total Loss: 0.4608 (Avg: 0.4473) Dice: 0.6222 (Avg: 0.6335) IoU: 0.4784 (Avg: 0.4979)
Train Epoch: [38][136/138] Total Loss: 0.5362 (Avg: 0.4479) Dice: 0.5462 (Avg: 0.6329) IoU: 0.4397 (Avg: 0.4975)
Train Epoch: [38][137/138] Total Loss: 0.4886 (Avg: 0.4482) Dice: 0.5992 (Avg: 0.6326) IoU: 0.4437 (Avg: 0.4971)
Train Epoch: [38][138/138] Total Loss: 0.2628 (Avg: 0.4455) Dice: 0.6990 (Avg: 0.6293) IoU: 0.5372 (Avg: 0.4944)
Validation Epoch: [38] Avg Loss: 0.3673 Avg Dice: 0.5760 Avg IoU: 0.4481

========= Epoch [39/50] =========
Train Epoch: [39][1/138] Total Loss: 0.3883 (Avg: 0.3883) Dice: 0.7186 (Avg: 0.7186) IoU: 0.5643 (Avg: 0.5643)
Train Epoch: [39][2/138] Total Loss: 0.4093 (Avg: 0.3988) Dice: 0.6555 (Avg: 0.6871) IoU: 0.5406 (Avg: 0.5524)
Train Epoch: [39][3/138] Total Loss: 0.3910 (Avg: 0.3962) Dice: 0.6804 (Avg: 0.6849) IoU: 0.5289 (Avg: 0.5446)
Train Epoch: [39][4/138] Total Loss: 0.6391 (Avg: 0.4569) Dice: 0.3726 (Avg: 0.6068) IoU: 0.2633 (Avg: 0.4743)
Train Epoch: [39][5/138] Total Loss: 0.2764 (Avg: 0.4208) Dice: 0.8213 (Avg: 0.6497) IoU: 0.6977 (Avg: 0.5189)
Train Epoch: [39][6/138] Total Loss: 0.3596 (Avg: 0.4106) Dice: 0.7202 (Avg: 0.6614) IoU: 0.5727 (Avg: 0.5279)
Train Epoch: [39][7/138] Total Loss: 0.6313 (Avg: 0.4421) Dice: 0.4351 (Avg: 0.6291) IoU: 0.2885 (Avg: 0.4937)
Train Epoch: [39][8/138] Total Loss: 0.5320 (Avg: 0.4534) Dice: 0.5233 (Avg: 0.6159) IoU: 0.3958 (Avg: 0.4815)
Train Epoch: [39][9/138] Total Loss: 0.2649 (Avg: 0.4324) Dice: 0.8128 (Avg: 0.6378) IoU: 0.6975 (Avg: 0.5055)
Train Epoch: [39][10/138] Total Loss: 0.4442 (Avg: 0.4336) Dice: 0.6209 (Avg: 0.6361) IoU: 0.4905 (Avg: 0.5040)
Train Epoch: [39][11/138] Total Loss: 0.3105 (Avg: 0.4224) Dice: 0.7786 (Avg: 0.6490) IoU: 0.6458 (Avg: 0.5169)
Train Epoch: [39][12/138] Total Loss: 0.4795 (Avg: 0.4272) Dice: 0.6113 (Avg: 0.6459) IoU: 0.4634 (Avg: 0.5124)
Train Epoch: [39][13/138] Total Loss: 0.4927 (Avg: 0.4322) Dice: 0.5715 (Avg: 0.6402) IoU: 0.4089 (Avg: 0.5044)
Train Epoch: [39][14/138] Total Loss: 0.5418 (Avg: 0.4400) Dice: 0.5104 (Avg: 0.6309) IoU: 0.3681 (Avg: 0.4947)
Train Epoch: [39][15/138] Total Loss: 0.4074 (Avg: 0.4379) Dice: 0.6831 (Avg: 0.6344) IoU: 0.5761 (Avg: 0.5001)
Train Epoch: [39][16/138] Total Loss: 0.4498 (Avg: 0.4386) Dice: 0.6078 (Avg: 0.6327) IoU: 0.4610 (Avg: 0.4977)
Train Epoch: [39][17/138] Total Loss: 0.4538 (Avg: 0.4395) Dice: 0.6283 (Avg: 0.6325) IoU: 0.5043 (Avg: 0.4981)
Train Epoch: [39][18/138] Total Loss: 0.4149 (Avg: 0.4381) Dice: 0.6689 (Avg: 0.6345) IoU: 0.5189 (Avg: 0.4992)
Train Epoch: [39][19/138] Total Loss: 0.4007 (Avg: 0.4362) Dice: 0.6942 (Avg: 0.6376) IoU: 0.5530 (Avg: 0.5021)
Train Epoch: [39][20/138] Total Loss: 0.5640 (Avg: 0.4425) Dice: 0.5188 (Avg: 0.6317) IoU: 0.3870 (Avg: 0.4963)
Train Epoch: [39][21/138] Total Loss: 0.3704 (Avg: 0.4391) Dice: 0.7093 (Avg: 0.6354) IoU: 0.6075 (Avg: 0.5016)
Train Epoch: [39][22/138] Total Loss: 0.3535 (Avg: 0.4352) Dice: 0.7255 (Avg: 0.6395) IoU: 0.5916 (Avg: 0.5057)
Train Epoch: [39][23/138] Total Loss: 0.4023 (Avg: 0.4338) Dice: 0.6890 (Avg: 0.6416) IoU: 0.5558 (Avg: 0.5079)
Train Epoch: [39][24/138] Total Loss: 0.2779 (Avg: 0.4273) Dice: 0.8285 (Avg: 0.6494) IoU: 0.7084 (Avg: 0.5162)
Train Epoch: [39][25/138] Total Loss: 0.4255 (Avg: 0.4272) Dice: 0.6514 (Avg: 0.6495) IoU: 0.4890 (Avg: 0.5151)
Train Epoch: [39][26/138] Total Loss: 0.5546 (Avg: 0.4321) Dice: 0.5024 (Avg: 0.6438) IoU: 0.4001 (Avg: 0.5107)
Train Epoch: [39][27/138] Total Loss: 0.5431 (Avg: 0.4362) Dice: 0.5378 (Avg: 0.6399) IoU: 0.4331 (Avg: 0.5078)
Train Epoch: [39][28/138] Total Loss: 0.4467 (Avg: 0.4366) Dice: 0.6382 (Avg: 0.6398) IoU: 0.5166 (Avg: 0.5081)
Train Epoch: [39][29/138] Total Loss: 0.2981 (Avg: 0.4318) Dice: 0.7851 (Avg: 0.6449) IoU: 0.6615 (Avg: 0.5134)
Train Epoch: [39][30/138] Total Loss: 0.4860 (Avg: 0.4336) Dice: 0.5850 (Avg: 0.6429) IoU: 0.4193 (Avg: 0.5103)
Train Epoch: [39][31/138] Total Loss: 0.2537 (Avg: 0.4278) Dice: 0.8330 (Avg: 0.6490) IoU: 0.7183 (Avg: 0.5170)
Train Epoch: [39][32/138] Total Loss: 0.4526 (Avg: 0.4286) Dice: 0.6699 (Avg: 0.6496) IoU: 0.5444 (Avg: 0.5179)
Train Epoch: [39][33/138] Total Loss: 0.4305 (Avg: 0.4287) Dice: 0.6507 (Avg: 0.6497) IoU: 0.5052 (Avg: 0.5175)
Train Epoch: [39][34/138] Total Loss: 0.3794 (Avg: 0.4272) Dice: 0.6991 (Avg: 0.6511) IoU: 0.5756 (Avg: 0.5192)
Train Epoch: [39][35/138] Total Loss: 0.4655 (Avg: 0.4283) Dice: 0.5992 (Avg: 0.6496) IoU: 0.4531 (Avg: 0.5173)
Train Epoch: [39][36/138] Total Loss: 0.3895 (Avg: 0.4272) Dice: 0.6790 (Avg: 0.6505) IoU: 0.5469 (Avg: 0.5181)
Train Epoch: [39][37/138] Total Loss: 0.3474 (Avg: 0.4251) Dice: 0.7174 (Avg: 0.6523) IoU: 0.5630 (Avg: 0.5193)
Train Epoch: [39][38/138] Total Loss: 0.3526 (Avg: 0.4232) Dice: 0.7389 (Avg: 0.6546) IoU: 0.6185 (Avg: 0.5219)
Train Epoch: [39][39/138] Total Loss: 0.3448 (Avg: 0.4212) Dice: 0.7455 (Avg: 0.6569) IoU: 0.6129 (Avg: 0.5243)
Train Epoch: [39][40/138] Total Loss: 0.3723 (Avg: 0.4199) Dice: 0.7229 (Avg: 0.6585) IoU: 0.5769 (Avg: 0.5256)
Train Epoch: [39][41/138] Total Loss: 0.4077 (Avg: 0.4196) Dice: 0.7076 (Avg: 0.6597) IoU: 0.5495 (Avg: 0.5262)
Train Epoch: [39][42/138] Total Loss: 0.4671 (Avg: 0.4208) Dice: 0.6123 (Avg: 0.6586) IoU: 0.4427 (Avg: 0.5242)
Train Epoch: [39][43/138] Total Loss: 0.5045 (Avg: 0.4227) Dice: 0.5712 (Avg: 0.6566) IoU: 0.4301 (Avg: 0.5220)
Train Epoch: [39][44/138] Total Loss: 0.4491 (Avg: 0.4233) Dice: 0.6522 (Avg: 0.6565) IoU: 0.5342 (Avg: 0.5223)
Train Epoch: [39][45/138] Total Loss: 0.4574 (Avg: 0.4241) Dice: 0.6110 (Avg: 0.6555) IoU: 0.4568 (Avg: 0.5208)
Train Epoch: [39][46/138] Total Loss: 0.3642 (Avg: 0.4228) Dice: 0.7120 (Avg: 0.6567) IoU: 0.5580 (Avg: 0.5216)
Train Epoch: [39][47/138] Total Loss: 0.4410 (Avg: 0.4232) Dice: 0.6110 (Avg: 0.6557) IoU: 0.4411 (Avg: 0.5199)
Train Epoch: [39][48/138] Total Loss: 0.2855 (Avg: 0.4203) Dice: 0.8102 (Avg: 0.6589) IoU: 0.6950 (Avg: 0.5236)
Train Epoch: [39][49/138] Total Loss: 0.3603 (Avg: 0.4191) Dice: 0.7982 (Avg: 0.6618) IoU: 0.6932 (Avg: 0.5270)
Train Epoch: [39][50/138] Total Loss: 0.5591 (Avg: 0.4219) Dice: 0.5548 (Avg: 0.6596) IoU: 0.4483 (Avg: 0.5255)
Train Epoch: [39][51/138] Total Loss: 0.4220 (Avg: 0.4219) Dice: 0.6656 (Avg: 0.6598) IoU: 0.5013 (Avg: 0.5250)
Train Epoch: [39][52/138] Total Loss: 0.3232 (Avg: 0.4200) Dice: 0.7564 (Avg: 0.6616) IoU: 0.6228 (Avg: 0.5269)
Train Epoch: [39][53/138] Total Loss: 0.4022 (Avg: 0.4196) Dice: 0.6699 (Avg: 0.6618) IoU: 0.5316 (Avg: 0.5270)
Train Epoch: [39][54/138] Total Loss: 0.4119 (Avg: 0.4195) Dice: 0.6134 (Avg: 0.6609) IoU: 0.5024 (Avg: 0.5265)
Train Epoch: [39][55/138] Total Loss: 0.3993 (Avg: 0.4191) Dice: 0.6884 (Avg: 0.6614) IoU: 0.5467 (Avg: 0.5269)
Train Epoch: [39][56/138] Total Loss: 0.3427 (Avg: 0.4178) Dice: 0.7370 (Avg: 0.6627) IoU: 0.5911 (Avg: 0.5280)
Train Epoch: [39][57/138] Total Loss: 0.6409 (Avg: 0.4217) Dice: 0.4594 (Avg: 0.6592) IoU: 0.3474 (Avg: 0.5248)
Train Epoch: [39][58/138] Total Loss: 0.3599 (Avg: 0.4206) Dice: 0.7019 (Avg: 0.6599) IoU: 0.5485 (Avg: 0.5252)
Train Epoch: [39][59/138] Total Loss: 0.3090 (Avg: 0.4187) Dice: 0.7724 (Avg: 0.6618) IoU: 0.6328 (Avg: 0.5271)
Train Epoch: [39][60/138] Total Loss: 0.5388 (Avg: 0.4207) Dice: 0.5132 (Avg: 0.6593) IoU: 0.3904 (Avg: 0.5248)
Train Epoch: [39][61/138] Total Loss: 0.3668 (Avg: 0.4198) Dice: 0.7083 (Avg: 0.6601) IoU: 0.5511 (Avg: 0.5252)
Train Epoch: [39][62/138] Total Loss: 0.5028 (Avg: 0.4212) Dice: 0.5894 (Avg: 0.6590) IoU: 0.4660 (Avg: 0.5243)
Train Epoch: [39][63/138] Total Loss: 0.6479 (Avg: 0.4248) Dice: 0.4273 (Avg: 0.6553) IoU: 0.3045 (Avg: 0.5208)
Train Epoch: [39][64/138] Total Loss: 0.8076 (Avg: 0.4308) Dice: 0.2882 (Avg: 0.6496) IoU: 0.1930 (Avg: 0.5157)
Train Epoch: [39][65/138] Total Loss: 0.4710 (Avg: 0.4314) Dice: 0.6216 (Avg: 0.6491) IoU: 0.5095 (Avg: 0.5156)
Train Epoch: [39][66/138] Total Loss: 0.5150 (Avg: 0.4326) Dice: 0.5909 (Avg: 0.6483) IoU: 0.4925 (Avg: 0.5152)
Train Epoch: [39][67/138] Total Loss: 0.3122 (Avg: 0.4308) Dice: 0.7953 (Avg: 0.6505) IoU: 0.6691 (Avg: 0.5175)
Train Epoch: [39][68/138] Total Loss: 0.3704 (Avg: 0.4300) Dice: 0.6968 (Avg: 0.6511) IoU: 0.5423 (Avg: 0.5179)
Train Epoch: [39][69/138] Total Loss: 0.4353 (Avg: 0.4300) Dice: 0.6352 (Avg: 0.6509) IoU: 0.4856 (Avg: 0.5174)
Train Epoch: [39][70/138] Total Loss: 0.4943 (Avg: 0.4309) Dice: 0.5716 (Avg: 0.6498) IoU: 0.4221 (Avg: 0.5160)
Train Epoch: [39][71/138] Total Loss: 0.6079 (Avg: 0.4334) Dice: 0.4669 (Avg: 0.6472) IoU: 0.3730 (Avg: 0.5140)
Train Epoch: [39][72/138] Total Loss: 0.3004 (Avg: 0.4316) Dice: 0.7979 (Avg: 0.6493) IoU: 0.6666 (Avg: 0.5162)
Train Epoch: [39][73/138] Total Loss: 0.3513 (Avg: 0.4305) Dice: 0.7478 (Avg: 0.6506) IoU: 0.6037 (Avg: 0.5174)
Train Epoch: [39][74/138] Total Loss: 0.5031 (Avg: 0.4315) Dice: 0.5540 (Avg: 0.6493) IoU: 0.4044 (Avg: 0.5158)
Train Epoch: [39][75/138] Total Loss: 0.3502 (Avg: 0.4304) Dice: 0.7253 (Avg: 0.6503) IoU: 0.5758 (Avg: 0.5166)
Train Epoch: [39][76/138] Total Loss: 0.5601 (Avg: 0.4321) Dice: 0.5127 (Avg: 0.6485) IoU: 0.3713 (Avg: 0.5147)
Train Epoch: [39][77/138] Total Loss: 0.4067 (Avg: 0.4318) Dice: 0.6857 (Avg: 0.6490) IoU: 0.5264 (Avg: 0.5149)
Train Epoch: [39][78/138] Total Loss: 0.4764 (Avg: 0.4323) Dice: 0.6076 (Avg: 0.6485) IoU: 0.4538 (Avg: 0.5141)
Train Epoch: [39][79/138] Total Loss: 0.3604 (Avg: 0.4314) Dice: 0.7160 (Avg: 0.6493) IoU: 0.5735 (Avg: 0.5148)
Train Epoch: [39][80/138] Total Loss: 0.3377 (Avg: 0.4303) Dice: 0.7443 (Avg: 0.6505) IoU: 0.6071 (Avg: 0.5160)
Train Epoch: [39][81/138] Total Loss: 0.2361 (Avg: 0.4279) Dice: 0.8681 (Avg: 0.6532) IoU: 0.7715 (Avg: 0.5191)
Train Epoch: [39][82/138] Total Loss: 0.6294 (Avg: 0.4303) Dice: 0.4463 (Avg: 0.6507) IoU: 0.3197 (Avg: 0.5167)
Train Epoch: [39][83/138] Total Loss: 0.4711 (Avg: 0.4308) Dice: 0.6195 (Avg: 0.6503) IoU: 0.4933 (Avg: 0.5164)
Train Epoch: [39][84/138] Total Loss: 0.3601 (Avg: 0.4300) Dice: 0.7371 (Avg: 0.6513) IoU: 0.6139 (Avg: 0.5176)
Train Epoch: [39][85/138] Total Loss: 0.2938 (Avg: 0.4284) Dice: 0.7730 (Avg: 0.6528) IoU: 0.6518 (Avg: 0.5192)
Train Epoch: [39][86/138] Total Loss: 0.3009 (Avg: 0.4269) Dice: 0.7887 (Avg: 0.6544) IoU: 0.6678 (Avg: 0.5209)
Train Epoch: [39][87/138] Total Loss: 0.4129 (Avg: 0.4267) Dice: 0.6655 (Avg: 0.6545) IoU: 0.5128 (Avg: 0.5208)
Train Epoch: [39][88/138] Total Loss: 0.5248 (Avg: 0.4278) Dice: 0.5265 (Avg: 0.6530) IoU: 0.3720 (Avg: 0.5191)
Train Epoch: [39][89/138] Total Loss: 0.3986 (Avg: 0.4275) Dice: 0.6931 (Avg: 0.6535) IoU: 0.5400 (Avg: 0.5193)
Train Epoch: [39][90/138] Total Loss: 0.6417 (Avg: 0.4299) Dice: 0.4436 (Avg: 0.6512) IoU: 0.3383 (Avg: 0.5173)
Train Epoch: [39][91/138] Total Loss: 0.5717 (Avg: 0.4314) Dice: 0.5059 (Avg: 0.6496) IoU: 0.3475 (Avg: 0.5155)
Train Epoch: [39][92/138] Total Loss: 0.5644 (Avg: 0.4329) Dice: 0.4552 (Avg: 0.6474) IoU: 0.3599 (Avg: 0.5138)
Train Epoch: [39][93/138] Total Loss: 0.3322 (Avg: 0.4318) Dice: 0.7325 (Avg: 0.6484) IoU: 0.5904 (Avg: 0.5146)
Train Epoch: [39][94/138] Total Loss: 0.4511 (Avg: 0.4320) Dice: 0.6146 (Avg: 0.6480) IoU: 0.4550 (Avg: 0.5140)
Train Epoch: [39][95/138] Total Loss: 0.3399 (Avg: 0.4310) Dice: 0.7469 (Avg: 0.6490) IoU: 0.6198 (Avg: 0.5151)
Train Epoch: [39][96/138] Total Loss: 0.3168 (Avg: 0.4299) Dice: 0.7710 (Avg: 0.6503) IoU: 0.6332 (Avg: 0.5163)
Train Epoch: [39][97/138] Total Loss: 0.4021 (Avg: 0.4296) Dice: 0.6441 (Avg: 0.6502) IoU: 0.5107 (Avg: 0.5163)
Train Epoch: [39][98/138] Total Loss: 0.4399 (Avg: 0.4297) Dice: 0.6351 (Avg: 0.6501) IoU: 0.4661 (Avg: 0.5157)
Train Epoch: [39][99/138] Total Loss: 0.4950 (Avg: 0.4303) Dice: 0.6035 (Avg: 0.6496) IoU: 0.5067 (Avg: 0.5157)
Train Epoch: [39][100/138] Total Loss: 0.3329 (Avg: 0.4294) Dice: 0.7448 (Avg: 0.6506) IoU: 0.6046 (Avg: 0.5165)
Train Epoch: [39][101/138] Total Loss: 0.4639 (Avg: 0.4297) Dice: 0.6134 (Avg: 0.6502) IoU: 0.4457 (Avg: 0.5158)
Train Epoch: [39][102/138] Total Loss: 0.5379 (Avg: 0.4308) Dice: 0.5341 (Avg: 0.6491) IoU: 0.3680 (Avg: 0.5144)
Train Epoch: [39][103/138] Total Loss: 0.2803 (Avg: 0.4293) Dice: 0.8086 (Avg: 0.6506) IoU: 0.6818 (Avg: 0.5160)
Train Epoch: [39][104/138] Total Loss: 0.4498 (Avg: 0.4295) Dice: 0.6091 (Avg: 0.6502) IoU: 0.4606 (Avg: 0.5155)
Train Epoch: [39][105/138] Total Loss: 0.5884 (Avg: 0.4310) Dice: 0.5052 (Avg: 0.6488) IoU: 0.3698 (Avg: 0.5141)
Train Epoch: [39][106/138] Total Loss: 0.5427 (Avg: 0.4321) Dice: 0.5352 (Avg: 0.6478) IoU: 0.4410 (Avg: 0.5134)
Train Epoch: [39][107/138] Total Loss: 0.4060 (Avg: 0.4318) Dice: 0.6856 (Avg: 0.6481) IoU: 0.5308 (Avg: 0.5136)
Train Epoch: [39][108/138] Total Loss: 0.7026 (Avg: 0.4343) Dice: 0.3935 (Avg: 0.6458) IoU: 0.3261 (Avg: 0.5118)
Train Epoch: [39][109/138] Total Loss: 0.4105 (Avg: 0.4341) Dice: 0.6695 (Avg: 0.6460) IoU: 0.5060 (Avg: 0.5118)
Train Epoch: [39][110/138] Total Loss: 0.3587 (Avg: 0.4334) Dice: 0.7138 (Avg: 0.6466) IoU: 0.5761 (Avg: 0.5124)
Train Epoch: [39][111/138] Total Loss: 0.4042 (Avg: 0.4332) Dice: 0.6801 (Avg: 0.6469) IoU: 0.5586 (Avg: 0.5128)
Train Epoch: [39][112/138] Total Loss: 0.5757 (Avg: 0.4344) Dice: 0.4738 (Avg: 0.6454) IoU: 0.3565 (Avg: 0.5114)
Train Epoch: [39][113/138] Total Loss: 0.4656 (Avg: 0.4347) Dice: 0.6127 (Avg: 0.6451) IoU: 0.4457 (Avg: 0.5108)
Train Epoch: [39][114/138] Total Loss: 0.3802 (Avg: 0.4342) Dice: 0.6983 (Avg: 0.6455) IoU: 0.5443 (Avg: 0.5111)
Train Epoch: [39][115/138] Total Loss: 0.4587 (Avg: 0.4344) Dice: 0.6342 (Avg: 0.6454) IoU: 0.4893 (Avg: 0.5109)
Train Epoch: [39][116/138] Total Loss: 0.3341 (Avg: 0.4336) Dice: 0.7468 (Avg: 0.6463) IoU: 0.6066 (Avg: 0.5117)
Train Epoch: [39][117/138] Total Loss: 0.4478 (Avg: 0.4337) Dice: 0.6313 (Avg: 0.6462) IoU: 0.5043 (Avg: 0.5117)
Train Epoch: [39][118/138] Total Loss: 0.5250 (Avg: 0.4345) Dice: 0.5593 (Avg: 0.6454) IoU: 0.4127 (Avg: 0.5108)
Train Epoch: [39][119/138] Total Loss: 0.5442 (Avg: 0.4354) Dice: 0.5352 (Avg: 0.6445) IoU: 0.4281 (Avg: 0.5101)
Train Epoch: [39][120/138] Total Loss: 0.4173 (Avg: 0.4352) Dice: 0.6665 (Avg: 0.6447) IoU: 0.5137 (Avg: 0.5102)
Train Epoch: [39][121/138] Total Loss: 0.3736 (Avg: 0.4347) Dice: 0.6966 (Avg: 0.6451) IoU: 0.5613 (Avg: 0.5106)
Train Epoch: [39][122/138] Total Loss: 0.4254 (Avg: 0.4347) Dice: 0.6424 (Avg: 0.6451) IoU: 0.5077 (Avg: 0.5106)
Train Epoch: [39][123/138] Total Loss: 0.4799 (Avg: 0.4350) Dice: 0.5956 (Avg: 0.6447) IoU: 0.4344 (Avg: 0.5099)
Train Epoch: [39][124/138] Total Loss: 0.5888 (Avg: 0.4363) Dice: 0.4869 (Avg: 0.6434) IoU: 0.3693 (Avg: 0.5088)
Train Epoch: [39][125/138] Total Loss: 0.5055 (Avg: 0.4368) Dice: 0.5833 (Avg: 0.6429) IoU: 0.4774 (Avg: 0.5086)
Train Epoch: [39][126/138] Total Loss: 0.4294 (Avg: 0.4368) Dice: 0.6057 (Avg: 0.6427) IoU: 0.5138 (Avg: 0.5086)
Train Epoch: [39][127/138] Total Loss: 0.3536 (Avg: 0.4361) Dice: 0.7298 (Avg: 0.6433) IoU: 0.5812 (Avg: 0.5092)
Train Epoch: [39][128/138] Total Loss: 0.4100 (Avg: 0.4359) Dice: 0.6682 (Avg: 0.6435) IoU: 0.5232 (Avg: 0.5093)
Train Epoch: [39][129/138] Total Loss: 0.3432 (Avg: 0.4352) Dice: 0.7482 (Avg: 0.6443) IoU: 0.6019 (Avg: 0.5100)
Train Epoch: [39][130/138] Total Loss: 0.3056 (Avg: 0.4342) Dice: 0.8001 (Avg: 0.6455) IoU: 0.6741 (Avg: 0.5113)
Train Epoch: [39][131/138] Total Loss: 0.4265 (Avg: 0.4341) Dice: 0.6608 (Avg: 0.6457) IoU: 0.5071 (Avg: 0.5112)
Train Epoch: [39][132/138] Total Loss: 0.4221 (Avg: 0.4340) Dice: 0.6527 (Avg: 0.6457) IoU: 0.5111 (Avg: 0.5112)
Train Epoch: [39][133/138] Total Loss: 0.5469 (Avg: 0.4349) Dice: 0.5137 (Avg: 0.6447) IoU: 0.3547 (Avg: 0.5101)
Train Epoch: [39][134/138] Total Loss: 0.6677 (Avg: 0.4366) Dice: 0.4097 (Avg: 0.6430) IoU: 0.2639 (Avg: 0.5082)
Train Epoch: [39][135/138] Total Loss: 0.3684 (Avg: 0.4361) Dice: 0.7043 (Avg: 0.6434) IoU: 0.5842 (Avg: 0.5088)
Train Epoch: [39][136/138] Total Loss: 0.5177 (Avg: 0.4367) Dice: 0.5231 (Avg: 0.6425) IoU: 0.4007 (Avg: 0.5080)
Train Epoch: [39][137/138] Total Loss: 0.3289 (Avg: 0.4359) Dice: 0.7564 (Avg: 0.6434) IoU: 0.6148 (Avg: 0.5088)
Train Epoch: [39][138/138] Total Loss: 0.1185 (Avg: 0.4330) Dice: 0.8623 (Avg: 0.6403) IoU: 0.7580 (Avg: 0.5065)
Validation Epoch: [39] Avg Loss: 0.3913 Avg Dice: 0.5538 Avg IoU: 0.4267

========= Epoch [40/50] =========
Train Epoch: [40][1/138] Total Loss: 0.4133 (Avg: 0.4133) Dice: 0.6579 (Avg: 0.6579) IoU: 0.5098 (Avg: 0.5098)
Train Epoch: [40][2/138] Total Loss: 0.4526 (Avg: 0.4330) Dice: 0.6276 (Avg: 0.6427) IoU: 0.4597 (Avg: 0.4848)
Train Epoch: [40][3/138] Total Loss: 0.3902 (Avg: 0.4187) Dice: 0.6942 (Avg: 0.6599) IoU: 0.5362 (Avg: 0.5019)
Train Epoch: [40][4/138] Total Loss: 0.4343 (Avg: 0.4226) Dice: 0.6403 (Avg: 0.6550) IoU: 0.4824 (Avg: 0.4970)
Train Epoch: [40][5/138] Total Loss: 0.5290 (Avg: 0.4439) Dice: 0.5496 (Avg: 0.6339) IoU: 0.4460 (Avg: 0.4868)
Train Epoch: [40][6/138] Total Loss: 0.5441 (Avg: 0.4606) Dice: 0.5532 (Avg: 0.6205) IoU: 0.4463 (Avg: 0.4801)
Train Epoch: [40][7/138] Total Loss: 0.3942 (Avg: 0.4511) Dice: 0.6926 (Avg: 0.6308) IoU: 0.5517 (Avg: 0.4903)
Train Epoch: [40][8/138] Total Loss: 0.4867 (Avg: 0.4555) Dice: 0.5874 (Avg: 0.6253) IoU: 0.4446 (Avg: 0.4846)
Train Epoch: [40][9/138] Total Loss: 0.4321 (Avg: 0.4529) Dice: 0.6354 (Avg: 0.6265) IoU: 0.4879 (Avg: 0.4850)
Train Epoch: [40][10/138] Total Loss: 0.2641 (Avg: 0.4340) Dice: 0.8412 (Avg: 0.6479) IoU: 0.7271 (Avg: 0.5092)
Train Epoch: [40][11/138] Total Loss: 0.3002 (Avg: 0.4219) Dice: 0.7950 (Avg: 0.6613) IoU: 0.6626 (Avg: 0.5231)
Train Epoch: [40][12/138] Total Loss: 0.3812 (Avg: 0.4185) Dice: 0.6765 (Avg: 0.6626) IoU: 0.5266 (Avg: 0.5234)
Train Epoch: [40][13/138] Total Loss: 0.3398 (Avg: 0.4124) Dice: 0.7502 (Avg: 0.6693) IoU: 0.6446 (Avg: 0.5327)
Train Epoch: [40][14/138] Total Loss: 0.4799 (Avg: 0.4173) Dice: 0.6292 (Avg: 0.6664) IoU: 0.5434 (Avg: 0.5335)
Train Epoch: [40][15/138] Total Loss: 0.4559 (Avg: 0.4198) Dice: 0.6005 (Avg: 0.6620) IoU: 0.4547 (Avg: 0.5282)
Train Epoch: [40][16/138] Total Loss: 0.3744 (Avg: 0.4170) Dice: 0.7097 (Avg: 0.6650) IoU: 0.5650 (Avg: 0.5305)
Train Epoch: [40][17/138] Total Loss: 0.6932 (Avg: 0.4332) Dice: 0.3841 (Avg: 0.6485) IoU: 0.3134 (Avg: 0.5178)
Train Epoch: [40][18/138] Total Loss: 0.6870 (Avg: 0.4473) Dice: 0.4082 (Avg: 0.6352) IoU: 0.2931 (Avg: 0.5053)
Train Epoch: [40][19/138] Total Loss: 0.6040 (Avg: 0.4556) Dice: 0.4681 (Avg: 0.6264) IoU: 0.3199 (Avg: 0.4955)
Train Epoch: [40][20/138] Total Loss: 0.4204 (Avg: 0.4538) Dice: 0.6616 (Avg: 0.6281) IoU: 0.5096 (Avg: 0.4962)
Train Epoch: [40][21/138] Total Loss: 0.3988 (Avg: 0.4512) Dice: 0.6335 (Avg: 0.6284) IoU: 0.5431 (Avg: 0.4985)
Train Epoch: [40][22/138] Total Loss: 0.2794 (Avg: 0.4434) Dice: 0.8128 (Avg: 0.6368) IoU: 0.6922 (Avg: 0.5073)
Train Epoch: [40][23/138] Total Loss: 0.2743 (Avg: 0.4360) Dice: 0.8112 (Avg: 0.6443) IoU: 0.6833 (Avg: 0.5149)
Train Epoch: [40][24/138] Total Loss: 0.3483 (Avg: 0.4324) Dice: 0.7405 (Avg: 0.6484) IoU: 0.6051 (Avg: 0.5187)
Train Epoch: [40][25/138] Total Loss: 0.3266 (Avg: 0.4282) Dice: 0.7565 (Avg: 0.6527) IoU: 0.6329 (Avg: 0.5232)
Train Epoch: [40][26/138] Total Loss: 0.5688 (Avg: 0.4336) Dice: 0.5172 (Avg: 0.6475) IoU: 0.3554 (Avg: 0.5168)
Train Epoch: [40][27/138] Total Loss: 0.3353 (Avg: 0.4299) Dice: 0.7523 (Avg: 0.6514) IoU: 0.6091 (Avg: 0.5202)
Train Epoch: [40][28/138] Total Loss: 0.2687 (Avg: 0.4242) Dice: 0.8268 (Avg: 0.6576) IoU: 0.7115 (Avg: 0.5270)
Train Epoch: [40][29/138] Total Loss: 0.3553 (Avg: 0.4218) Dice: 0.7092 (Avg: 0.6594) IoU: 0.5587 (Avg: 0.5281)
Train Epoch: [40][30/138] Total Loss: 0.3063 (Avg: 0.4179) Dice: 0.7823 (Avg: 0.6635) IoU: 0.6428 (Avg: 0.5320)
Train Epoch: [40][31/138] Total Loss: 0.3296 (Avg: 0.4151) Dice: 0.7978 (Avg: 0.6678) IoU: 0.6754 (Avg: 0.5366)
Train Epoch: [40][32/138] Total Loss: 0.3565 (Avg: 0.4133) Dice: 0.7249 (Avg: 0.6696) IoU: 0.5769 (Avg: 0.5378)
Train Epoch: [40][33/138] Total Loss: 0.6863 (Avg: 0.4215) Dice: 0.3483 (Avg: 0.6599) IoU: 0.2593 (Avg: 0.5294)
Train Epoch: [40][34/138] Total Loss: 0.3892 (Avg: 0.4206) Dice: 0.7125 (Avg: 0.6614) IoU: 0.5742 (Avg: 0.5307)
Train Epoch: [40][35/138] Total Loss: 0.4426 (Avg: 0.4212) Dice: 0.6111 (Avg: 0.6600) IoU: 0.4434 (Avg: 0.5282)
Train Epoch: [40][36/138] Total Loss: 0.3067 (Avg: 0.4180) Dice: 0.7781 (Avg: 0.6633) IoU: 0.6474 (Avg: 0.5315)
Train Epoch: [40][37/138] Total Loss: 0.4253 (Avg: 0.4182) Dice: 0.6438 (Avg: 0.6627) IoU: 0.5078 (Avg: 0.5309)
Train Epoch: [40][38/138] Total Loss: 0.5037 (Avg: 0.4205) Dice: 0.5478 (Avg: 0.6597) IoU: 0.4138 (Avg: 0.5278)
Train Epoch: [40][39/138] Total Loss: 0.5657 (Avg: 0.4242) Dice: 0.5118 (Avg: 0.6559) IoU: 0.3668 (Avg: 0.5237)
Train Epoch: [40][40/138] Total Loss: 0.6769 (Avg: 0.4305) Dice: 0.3401 (Avg: 0.6480) IoU: 0.2468 (Avg: 0.5168)
Train Epoch: [40][41/138] Total Loss: 0.3202 (Avg: 0.4278) Dice: 0.7590 (Avg: 0.6507) IoU: 0.6228 (Avg: 0.5193)
Train Epoch: [40][42/138] Total Loss: 0.5540 (Avg: 0.4308) Dice: 0.5351 (Avg: 0.6480) IoU: 0.4203 (Avg: 0.5170)
Train Epoch: [40][43/138] Total Loss: 0.4371 (Avg: 0.4310) Dice: 0.6486 (Avg: 0.6480) IoU: 0.4934 (Avg: 0.5164)
Train Epoch: [40][44/138] Total Loss: 0.3912 (Avg: 0.4301) Dice: 0.6844 (Avg: 0.6488) IoU: 0.5384 (Avg: 0.5169)
Train Epoch: [40][45/138] Total Loss: 0.5943 (Avg: 0.4337) Dice: 0.4958 (Avg: 0.6454) IoU: 0.3785 (Avg: 0.5139)
Train Epoch: [40][46/138] Total Loss: 0.2589 (Avg: 0.4299) Dice: 0.8437 (Avg: 0.6497) IoU: 0.7364 (Avg: 0.5187)
Train Epoch: [40][47/138] Total Loss: 0.3137 (Avg: 0.4275) Dice: 0.7847 (Avg: 0.6526) IoU: 0.6702 (Avg: 0.5219)
Train Epoch: [40][48/138] Total Loss: 0.4671 (Avg: 0.4283) Dice: 0.5979 (Avg: 0.6515) IoU: 0.4355 (Avg: 0.5201)
Train Epoch: [40][49/138] Total Loss: 0.4995 (Avg: 0.4297) Dice: 0.5736 (Avg: 0.6499) IoU: 0.4492 (Avg: 0.5187)
Train Epoch: [40][50/138] Total Loss: 0.6401 (Avg: 0.4339) Dice: 0.4270 (Avg: 0.6454) IoU: 0.2889 (Avg: 0.5141)
Train Epoch: [40][51/138] Total Loss: 0.5936 (Avg: 0.4371) Dice: 0.4854 (Avg: 0.6423) IoU: 0.3781 (Avg: 0.5114)
Train Epoch: [40][52/138] Total Loss: 0.3305 (Avg: 0.4350) Dice: 0.7665 (Avg: 0.6447) IoU: 0.6265 (Avg: 0.5136)
Train Epoch: [40][53/138] Total Loss: 0.3657 (Avg: 0.4337) Dice: 0.7153 (Avg: 0.6460) IoU: 0.5668 (Avg: 0.5146)
Train Epoch: [40][54/138] Total Loss: 0.3519 (Avg: 0.4322) Dice: 0.7465 (Avg: 0.6479) IoU: 0.6269 (Avg: 0.5167)
Train Epoch: [40][55/138] Total Loss: 0.3128 (Avg: 0.4300) Dice: 0.7616 (Avg: 0.6499) IoU: 0.6275 (Avg: 0.5187)
Train Epoch: [40][56/138] Total Loss: 0.4407 (Avg: 0.4302) Dice: 0.6254 (Avg: 0.6495) IoU: 0.4732 (Avg: 0.5179)
Train Epoch: [40][57/138] Total Loss: 0.6227 (Avg: 0.4336) Dice: 0.4085 (Avg: 0.6453) IoU: 0.3454 (Avg: 0.5149)
Train Epoch: [40][58/138] Total Loss: 0.4307 (Avg: 0.4335) Dice: 0.6410 (Avg: 0.6452) IoU: 0.5020 (Avg: 0.5147)
Train Epoch: [40][59/138] Total Loss: 0.2692 (Avg: 0.4308) Dice: 0.8226 (Avg: 0.6482) IoU: 0.7092 (Avg: 0.5180)
Train Epoch: [40][60/138] Total Loss: 0.3695 (Avg: 0.4297) Dice: 0.7104 (Avg: 0.6492) IoU: 0.5558 (Avg: 0.5186)
Train Epoch: [40][61/138] Total Loss: 0.4199 (Avg: 0.4296) Dice: 0.6612 (Avg: 0.6494) IoU: 0.5093 (Avg: 0.5184)
Train Epoch: [40][62/138] Total Loss: 0.4445 (Avg: 0.4298) Dice: 0.6181 (Avg: 0.6489) IoU: 0.4531 (Avg: 0.5174)
Train Epoch: [40][63/138] Total Loss: 0.5060 (Avg: 0.4310) Dice: 0.5703 (Avg: 0.6477) IoU: 0.4107 (Avg: 0.5157)
Train Epoch: [40][64/138] Total Loss: 0.4144 (Avg: 0.4308) Dice: 0.6489 (Avg: 0.6477) IoU: 0.5214 (Avg: 0.5158)
Train Epoch: [40][65/138] Total Loss: 0.5044 (Avg: 0.4319) Dice: 0.5659 (Avg: 0.6464) IoU: 0.4585 (Avg: 0.5149)
Train Epoch: [40][66/138] Total Loss: 0.3734 (Avg: 0.4310) Dice: 0.6923 (Avg: 0.6471) IoU: 0.5489 (Avg: 0.5154)
Train Epoch: [40][67/138] Total Loss: 0.4127 (Avg: 0.4307) Dice: 0.6356 (Avg: 0.6470) IoU: 0.4945 (Avg: 0.5151)
Train Epoch: [40][68/138] Total Loss: 0.4424 (Avg: 0.4309) Dice: 0.6206 (Avg: 0.6466) IoU: 0.4628 (Avg: 0.5143)
Train Epoch: [40][69/138] Total Loss: 0.3169 (Avg: 0.4293) Dice: 0.7650 (Avg: 0.6483) IoU: 0.6212 (Avg: 0.5159)
Train Epoch: [40][70/138] Total Loss: 0.3001 (Avg: 0.4274) Dice: 0.7968 (Avg: 0.6504) IoU: 0.6872 (Avg: 0.5183)
Train Epoch: [40][71/138] Total Loss: 0.3292 (Avg: 0.4260) Dice: 0.7567 (Avg: 0.6519) IoU: 0.6133 (Avg: 0.5197)
Train Epoch: [40][72/138] Total Loss: 0.5079 (Avg: 0.4272) Dice: 0.5577 (Avg: 0.6506) IoU: 0.4146 (Avg: 0.5182)
Train Epoch: [40][73/138] Total Loss: 0.6109 (Avg: 0.4297) Dice: 0.4540 (Avg: 0.6479) IoU: 0.3177 (Avg: 0.5155)
Train Epoch: [40][74/138] Total Loss: 0.6932 (Avg: 0.4332) Dice: 0.3947 (Avg: 0.6445) IoU: 0.3285 (Avg: 0.5129)
Train Epoch: [40][75/138] Total Loss: 0.4409 (Avg: 0.4333) Dice: 0.6713 (Avg: 0.6448) IoU: 0.5224 (Avg: 0.5131)
Train Epoch: [40][76/138] Total Loss: 0.5596 (Avg: 0.4350) Dice: 0.4926 (Avg: 0.6428) IoU: 0.3340 (Avg: 0.5107)
Train Epoch: [40][77/138] Total Loss: 0.6303 (Avg: 0.4375) Dice: 0.4532 (Avg: 0.6404) IoU: 0.3471 (Avg: 0.5086)
Train Epoch: [40][78/138] Total Loss: 0.3048 (Avg: 0.4358) Dice: 0.7782 (Avg: 0.6421) IoU: 0.6410 (Avg: 0.5103)
Train Epoch: [40][79/138] Total Loss: 0.4089 (Avg: 0.4355) Dice: 0.6897 (Avg: 0.6427) IoU: 0.5321 (Avg: 0.5106)
Train Epoch: [40][80/138] Total Loss: 0.5424 (Avg: 0.4368) Dice: 0.5122 (Avg: 0.6411) IoU: 0.3521 (Avg: 0.5086)
Train Epoch: [40][81/138] Total Loss: 0.3940 (Avg: 0.4363) Dice: 0.6814 (Avg: 0.6416) IoU: 0.5398 (Avg: 0.5090)
Train Epoch: [40][82/138] Total Loss: 0.4637 (Avg: 0.4366) Dice: 0.5882 (Avg: 0.6410) IoU: 0.4464 (Avg: 0.5082)
Train Epoch: [40][83/138] Total Loss: 0.3585 (Avg: 0.4357) Dice: 0.7155 (Avg: 0.6419) IoU: 0.5605 (Avg: 0.5088)
Train Epoch: [40][84/138] Total Loss: 0.4921 (Avg: 0.4364) Dice: 0.5712 (Avg: 0.6410) IoU: 0.4127 (Avg: 0.5077)
Train Epoch: [40][85/138] Total Loss: 0.4247 (Avg: 0.4362) Dice: 0.6975 (Avg: 0.6417) IoU: 0.5726 (Avg: 0.5084)
Train Epoch: [40][86/138] Total Loss: 0.4086 (Avg: 0.4359) Dice: 0.6743 (Avg: 0.6421) IoU: 0.5470 (Avg: 0.5089)
Train Epoch: [40][87/138] Total Loss: 0.3603 (Avg: 0.4350) Dice: 0.7375 (Avg: 0.6432) IoU: 0.5957 (Avg: 0.5099)
Train Epoch: [40][88/138] Total Loss: 0.4583 (Avg: 0.4353) Dice: 0.6321 (Avg: 0.6430) IoU: 0.4884 (Avg: 0.5096)
Train Epoch: [40][89/138] Total Loss: 0.4421 (Avg: 0.4354) Dice: 0.6248 (Avg: 0.6428) IoU: 0.4855 (Avg: 0.5094)
Train Epoch: [40][90/138] Total Loss: 0.3065 (Avg: 0.4340) Dice: 0.7794 (Avg: 0.6443) IoU: 0.6440 (Avg: 0.5109)
Train Epoch: [40][91/138] Total Loss: 0.4631 (Avg: 0.4343) Dice: 0.6019 (Avg: 0.6439) IoU: 0.4659 (Avg: 0.5104)
Train Epoch: [40][92/138] Total Loss: 0.5205 (Avg: 0.4352) Dice: 0.5658 (Avg: 0.6430) IoU: 0.4018 (Avg: 0.5092)
Train Epoch: [40][93/138] Total Loss: 0.4114 (Avg: 0.4350) Dice: 0.6522 (Avg: 0.6431) IoU: 0.5019 (Avg: 0.5091)
Train Epoch: [40][94/138] Total Loss: 0.3934 (Avg: 0.4345) Dice: 0.6951 (Avg: 0.6437) IoU: 0.5574 (Avg: 0.5096)
Train Epoch: [40][95/138] Total Loss: 0.6280 (Avg: 0.4365) Dice: 0.4057 (Avg: 0.6412) IoU: 0.2883 (Avg: 0.5073)
Train Epoch: [40][96/138] Total Loss: 0.3595 (Avg: 0.4357) Dice: 0.7300 (Avg: 0.6421) IoU: 0.5865 (Avg: 0.5081)
Train Epoch: [40][97/138] Total Loss: 0.5417 (Avg: 0.4368) Dice: 0.5791 (Avg: 0.6414) IoU: 0.4675 (Avg: 0.5077)
Train Epoch: [40][98/138] Total Loss: 0.4660 (Avg: 0.4371) Dice: 0.6128 (Avg: 0.6412) IoU: 0.4513 (Avg: 0.5071)
Train Epoch: [40][99/138] Total Loss: 0.3492 (Avg: 0.4362) Dice: 0.6933 (Avg: 0.6417) IoU: 0.5569 (Avg: 0.5076)
Train Epoch: [40][100/138] Total Loss: 0.3579 (Avg: 0.4355) Dice: 0.7446 (Avg: 0.6427) IoU: 0.6315 (Avg: 0.5089)
Train Epoch: [40][101/138] Total Loss: 0.3247 (Avg: 0.4344) Dice: 0.7671 (Avg: 0.6439) IoU: 0.6309 (Avg: 0.5101)
Train Epoch: [40][102/138] Total Loss: 0.5101 (Avg: 0.4351) Dice: 0.5347 (Avg: 0.6429) IoU: 0.3891 (Avg: 0.5089)
Train Epoch: [40][103/138] Total Loss: 0.4566 (Avg: 0.4353) Dice: 0.6073 (Avg: 0.6425) IoU: 0.4598 (Avg: 0.5084)
Train Epoch: [40][104/138] Total Loss: 0.4780 (Avg: 0.4357) Dice: 0.5845 (Avg: 0.6420) IoU: 0.4181 (Avg: 0.5076)
Train Epoch: [40][105/138] Total Loss: 0.6012 (Avg: 0.4373) Dice: 0.4786 (Avg: 0.6404) IoU: 0.3348 (Avg: 0.5059)
Train Epoch: [40][106/138] Total Loss: 0.4104 (Avg: 0.4371) Dice: 0.6950 (Avg: 0.6409) IoU: 0.5464 (Avg: 0.5063)
Train Epoch: [40][107/138] Total Loss: 0.5242 (Avg: 0.4379) Dice: 0.5600 (Avg: 0.6402) IoU: 0.4221 (Avg: 0.5055)
Train Epoch: [40][108/138] Total Loss: 0.3493 (Avg: 0.4370) Dice: 0.7486 (Avg: 0.6412) IoU: 0.6403 (Avg: 0.5067)
Train Epoch: [40][109/138] Total Loss: 0.3625 (Avg: 0.4364) Dice: 0.7191 (Avg: 0.6419) IoU: 0.5684 (Avg: 0.5073)
Train Epoch: [40][110/138] Total Loss: 0.3404 (Avg: 0.4355) Dice: 0.7568 (Avg: 0.6429) IoU: 0.6158 (Avg: 0.5083)
Train Epoch: [40][111/138] Total Loss: 0.4055 (Avg: 0.4352) Dice: 0.6848 (Avg: 0.6433) IoU: 0.5278 (Avg: 0.5085)
Train Epoch: [40][112/138] Total Loss: 0.4344 (Avg: 0.4352) Dice: 0.6573 (Avg: 0.6434) IoU: 0.5050 (Avg: 0.5084)
Train Epoch: [40][113/138] Total Loss: 0.5488 (Avg: 0.4362) Dice: 0.5256 (Avg: 0.6424) IoU: 0.4210 (Avg: 0.5077)
Train Epoch: [40][114/138] Total Loss: 0.6514 (Avg: 0.4381) Dice: 0.6660 (Avg: 0.6426) IoU: 0.3564 (Avg: 0.5063)
Train Epoch: [40][115/138] Total Loss: 0.5046 (Avg: 0.4387) Dice: 0.5555 (Avg: 0.6418) IoU: 0.3932 (Avg: 0.5054)
Train Epoch: [40][116/138] Total Loss: 0.5314 (Avg: 0.4395) Dice: 0.5251 (Avg: 0.6408) IoU: 0.4245 (Avg: 0.5047)
Train Epoch: [40][117/138] Total Loss: 0.3730 (Avg: 0.4389) Dice: 0.7086 (Avg: 0.6414) IoU: 0.5586 (Avg: 0.5051)
Train Epoch: [40][118/138] Total Loss: 0.6418 (Avg: 0.4406) Dice: 0.4284 (Avg: 0.6396) IoU: 0.3012 (Avg: 0.5034)
Train Epoch: [40][119/138] Total Loss: 0.3321 (Avg: 0.4397) Dice: 0.7466 (Avg: 0.6405) IoU: 0.6130 (Avg: 0.5043)
Train Epoch: [40][120/138] Total Loss: 0.4304 (Avg: 0.4396) Dice: 0.6435 (Avg: 0.6405) IoU: 0.4932 (Avg: 0.5042)
Train Epoch: [40][121/138] Total Loss: 0.3286 (Avg: 0.4387) Dice: 0.7338 (Avg: 0.6413) IoU: 0.5902 (Avg: 0.5049)
Train Epoch: [40][122/138] Total Loss: 0.6482 (Avg: 0.4404) Dice: 0.3806 (Avg: 0.6392) IoU: 0.2812 (Avg: 0.5031)
Train Epoch: [40][123/138] Total Loss: 0.4994 (Avg: 0.4409) Dice: 0.5862 (Avg: 0.6387) IoU: 0.4821 (Avg: 0.5029)
Train Epoch: [40][124/138] Total Loss: 0.4524 (Avg: 0.4410) Dice: 0.6135 (Avg: 0.6385) IoU: 0.4984 (Avg: 0.5029)
Train Epoch: [40][125/138] Total Loss: 0.3263 (Avg: 0.4401) Dice: 0.7721 (Avg: 0.6396) IoU: 0.6456 (Avg: 0.5040)
Train Epoch: [40][126/138] Total Loss: 0.4445 (Avg: 0.4401) Dice: 0.5660 (Avg: 0.6390) IoU: 0.4604 (Avg: 0.5037)
Train Epoch: [40][127/138] Total Loss: 0.4043 (Avg: 0.4399) Dice: 0.6846 (Avg: 0.6394) IoU: 0.5294 (Avg: 0.5039)
Train Epoch: [40][128/138] Total Loss: 0.6831 (Avg: 0.4418) Dice: 0.3919 (Avg: 0.6374) IoU: 0.2566 (Avg: 0.5020)
Train Epoch: [40][129/138] Total Loss: 0.4151 (Avg: 0.4415) Dice: 0.6806 (Avg: 0.6378) IoU: 0.5259 (Avg: 0.5021)
Train Epoch: [40][130/138] Total Loss: 0.3615 (Avg: 0.4409) Dice: 0.7379 (Avg: 0.6385) IoU: 0.5857 (Avg: 0.5028)
Train Epoch: [40][131/138] Total Loss: 0.5578 (Avg: 0.4418) Dice: 0.5274 (Avg: 0.6377) IoU: 0.3740 (Avg: 0.5018)
Train Epoch: [40][132/138] Total Loss: 0.3521 (Avg: 0.4411) Dice: 0.7397 (Avg: 0.6385) IoU: 0.5930 (Avg: 0.5025)
Train Epoch: [40][133/138] Total Loss: 0.6235 (Avg: 0.4425) Dice: 0.4418 (Avg: 0.6370) IoU: 0.3308 (Avg: 0.5012)
Train Epoch: [40][134/138] Total Loss: 0.5176 (Avg: 0.4431) Dice: 0.5327 (Avg: 0.6362) IoU: 0.3840 (Avg: 0.5003)
Train Epoch: [40][135/138] Total Loss: 0.3350 (Avg: 0.4423) Dice: 0.7599 (Avg: 0.6371) IoU: 0.6143 (Avg: 0.5012)
Train Epoch: [40][136/138] Total Loss: 0.5418 (Avg: 0.4430) Dice: 0.5213 (Avg: 0.6363) IoU: 0.3917 (Avg: 0.5004)
Train Epoch: [40][137/138] Total Loss: 0.5970 (Avg: 0.4441) Dice: 0.4872 (Avg: 0.6352) IoU: 0.4112 (Avg: 0.4997)
Train Epoch: [40][138/138] Total Loss: 0.3780 (Avg: 0.4416) Dice: 0.5477 (Avg: 0.6316) IoU: 0.3771 (Avg: 0.4968)
Validation Epoch: [40] Avg Loss: 0.4323 Avg Dice: 0.5085 Avg IoU: 0.3842

========= Epoch [41/50] =========
Train Epoch: [41][1/138] Total Loss: 0.4580 (Avg: 0.4580) Dice: 0.6169 (Avg: 0.6169) IoU: 0.5273 (Avg: 0.5273)
Train Epoch: [41][2/138] Total Loss: 0.4175 (Avg: 0.4377) Dice: 0.6568 (Avg: 0.6369) IoU: 0.4974 (Avg: 0.5123)
Train Epoch: [41][3/138] Total Loss: 0.4134 (Avg: 0.4296) Dice: 0.6357 (Avg: 0.6365) IoU: 0.4697 (Avg: 0.4981)
Train Epoch: [41][4/138] Total Loss: 0.4392 (Avg: 0.4320) Dice: 0.6383 (Avg: 0.6369) IoU: 0.4892 (Avg: 0.4959)
Train Epoch: [41][5/138] Total Loss: 0.3933 (Avg: 0.4243) Dice: 0.6782 (Avg: 0.6452) IoU: 0.5426 (Avg: 0.5052)
Train Epoch: [41][6/138] Total Loss: 0.5073 (Avg: 0.4381) Dice: 0.5252 (Avg: 0.6252) IoU: 0.4015 (Avg: 0.4879)
Train Epoch: [41][7/138] Total Loss: 0.5476 (Avg: 0.4538) Dice: 0.5374 (Avg: 0.6127) IoU: 0.4190 (Avg: 0.4781)
Train Epoch: [41][8/138] Total Loss: 0.3824 (Avg: 0.4448) Dice: 0.6944 (Avg: 0.6229) IoU: 0.5551 (Avg: 0.4877)
Train Epoch: [41][9/138] Total Loss: 0.4212 (Avg: 0.4422) Dice: 0.6646 (Avg: 0.6275) IoU: 0.5075 (Avg: 0.4899)
Train Epoch: [41][10/138] Total Loss: 0.3803 (Avg: 0.4360) Dice: 0.6942 (Avg: 0.6342) IoU: 0.5449 (Avg: 0.4954)
Train Epoch: [41][11/138] Total Loss: 0.3549 (Avg: 0.4286) Dice: 0.7080 (Avg: 0.6409) IoU: 0.5752 (Avg: 0.5027)
Train Epoch: [41][12/138] Total Loss: 0.3708 (Avg: 0.4238) Dice: 0.7229 (Avg: 0.6477) IoU: 0.5764 (Avg: 0.5088)
Train Epoch: [41][13/138] Total Loss: 0.2977 (Avg: 0.4141) Dice: 0.8115 (Avg: 0.6603) IoU: 0.6842 (Avg: 0.5223)
Train Epoch: [41][14/138] Total Loss: 0.3693 (Avg: 0.4109) Dice: 0.7147 (Avg: 0.6642) IoU: 0.5662 (Avg: 0.5254)
Train Epoch: [41][15/138] Total Loss: 0.6336 (Avg: 0.4258) Dice: 0.4582 (Avg: 0.6505) IoU: 0.3515 (Avg: 0.5138)
Train Epoch: [41][16/138] Total Loss: 0.3533 (Avg: 0.4212) Dice: 0.7282 (Avg: 0.6553) IoU: 0.5900 (Avg: 0.5186)
Train Epoch: [41][17/138] Total Loss: 0.3435 (Avg: 0.4167) Dice: 0.7371 (Avg: 0.6601) IoU: 0.5874 (Avg: 0.5227)
Train Epoch: [41][18/138] Total Loss: 0.3073 (Avg: 0.4106) Dice: 0.8062 (Avg: 0.6683) IoU: 0.6848 (Avg: 0.5317)
Train Epoch: [41][19/138] Total Loss: 0.4226 (Avg: 0.4112) Dice: 0.6563 (Avg: 0.6676) IoU: 0.5023 (Avg: 0.5301)
Train Epoch: [41][20/138] Total Loss: 0.4587 (Avg: 0.4136) Dice: 0.6014 (Avg: 0.6643) IoU: 0.4812 (Avg: 0.5277)
Train Epoch: [41][21/138] Total Loss: 0.3966 (Avg: 0.4128) Dice: 0.6870 (Avg: 0.6654) IoU: 0.5277 (Avg: 0.5277)
Train Epoch: [41][22/138] Total Loss: 0.3738 (Avg: 0.4110) Dice: 0.7177 (Avg: 0.6678) IoU: 0.5839 (Avg: 0.5302)
Train Epoch: [41][23/138] Total Loss: 0.3602 (Avg: 0.4088) Dice: 0.7201 (Avg: 0.6700) IoU: 0.5791 (Avg: 0.5323)
Train Epoch: [41][24/138] Total Loss: 0.3054 (Avg: 0.4045) Dice: 0.7826 (Avg: 0.6747) IoU: 0.6450 (Avg: 0.5370)
Train Epoch: [41][25/138] Total Loss: 0.6241 (Avg: 0.4133) Dice: 0.4594 (Avg: 0.6661) IoU: 0.3368 (Avg: 0.5290)
Train Epoch: [41][26/138] Total Loss: 0.4921 (Avg: 0.4163) Dice: 0.6007 (Avg: 0.6636) IoU: 0.4659 (Avg: 0.5266)
Train Epoch: [41][27/138] Total Loss: 0.7189 (Avg: 0.4275) Dice: 0.3481 (Avg: 0.6519) IoU: 0.2877 (Avg: 0.5178)
Train Epoch: [41][28/138] Total Loss: 0.4249 (Avg: 0.4274) Dice: 0.6842 (Avg: 0.6531) IoU: 0.5863 (Avg: 0.5202)
Train Epoch: [41][29/138] Total Loss: 0.4317 (Avg: 0.4276) Dice: 0.6337 (Avg: 0.6524) IoU: 0.5184 (Avg: 0.5201)
Train Epoch: [41][30/138] Total Loss: 0.4282 (Avg: 0.4276) Dice: 0.6130 (Avg: 0.6511) IoU: 0.4721 (Avg: 0.5185)
Train Epoch: [41][31/138] Total Loss: 0.3022 (Avg: 0.4235) Dice: 0.7895 (Avg: 0.6556) IoU: 0.6656 (Avg: 0.5233)
Train Epoch: [41][32/138] Total Loss: 0.4451 (Avg: 0.4242) Dice: 0.6509 (Avg: 0.6554) IoU: 0.4903 (Avg: 0.5223)
Train Epoch: [41][33/138] Total Loss: 0.6630 (Avg: 0.4315) Dice: 0.4153 (Avg: 0.6481) IoU: 0.2990 (Avg: 0.5155)
Train Epoch: [41][34/138] Total Loss: 0.3194 (Avg: 0.4282) Dice: 0.7706 (Avg: 0.6517) IoU: 0.6338 (Avg: 0.5190)
Train Epoch: [41][35/138] Total Loss: 0.4955 (Avg: 0.4301) Dice: 0.5816 (Avg: 0.6497) IoU: 0.4528 (Avg: 0.5171)
Train Epoch: [41][36/138] Total Loss: 0.7036 (Avg: 0.4377) Dice: 0.3769 (Avg: 0.6422) IoU: 0.2609 (Avg: 0.5100)
Train Epoch: [41][37/138] Total Loss: 0.4814 (Avg: 0.4389) Dice: 0.6266 (Avg: 0.6417) IoU: 0.5401 (Avg: 0.5108)
Train Epoch: [41][38/138] Total Loss: 0.3949 (Avg: 0.4377) Dice: 0.6565 (Avg: 0.6421) IoU: 0.4945 (Avg: 0.5103)
Train Epoch: [41][39/138] Total Loss: 0.2482 (Avg: 0.4328) Dice: 0.8508 (Avg: 0.6475) IoU: 0.7424 (Avg: 0.5163)
Train Epoch: [41][40/138] Total Loss: 0.5048 (Avg: 0.4346) Dice: 0.5877 (Avg: 0.6460) IoU: 0.4638 (Avg: 0.5150)
Train Epoch: [41][41/138] Total Loss: 0.2791 (Avg: 0.4309) Dice: 0.8120 (Avg: 0.6500) IoU: 0.6857 (Avg: 0.5191)
Train Epoch: [41][42/138] Total Loss: 0.4091 (Avg: 0.4303) Dice: 0.6737 (Avg: 0.6506) IoU: 0.5242 (Avg: 0.5193)
Train Epoch: [41][43/138] Total Loss: 0.3770 (Avg: 0.4291) Dice: 0.6791 (Avg: 0.6513) IoU: 0.5396 (Avg: 0.5197)
Train Epoch: [41][44/138] Total Loss: 0.4499 (Avg: 0.4296) Dice: 0.6324 (Avg: 0.6508) IoU: 0.4777 (Avg: 0.5188)
Train Epoch: [41][45/138] Total Loss: 0.3080 (Avg: 0.4269) Dice: 0.7936 (Avg: 0.6540) IoU: 0.6650 (Avg: 0.5220)
Train Epoch: [41][46/138] Total Loss: 0.4075 (Avg: 0.4264) Dice: 0.6668 (Avg: 0.6543) IoU: 0.5106 (Avg: 0.5218)
Train Epoch: [41][47/138] Total Loss: 0.6649 (Avg: 0.4315) Dice: 0.3957 (Avg: 0.6488) IoU: 0.2527 (Avg: 0.5161)
Train Epoch: [41][48/138] Total Loss: 0.5248 (Avg: 0.4335) Dice: 0.5238 (Avg: 0.6462) IoU: 0.3681 (Avg: 0.5130)
Train Epoch: [41][49/138] Total Loss: 0.4499 (Avg: 0.4338) Dice: 0.6331 (Avg: 0.6459) IoU: 0.4885 (Avg: 0.5125)
Train Epoch: [41][50/138] Total Loss: 0.3619 (Avg: 0.4324) Dice: 0.7241 (Avg: 0.6475) IoU: 0.5762 (Avg: 0.5138)
Train Epoch: [41][51/138] Total Loss: 0.4521 (Avg: 0.4327) Dice: 0.6433 (Avg: 0.6474) IoU: 0.4937 (Avg: 0.5134)
Train Epoch: [41][52/138] Total Loss: 0.4828 (Avg: 0.4337) Dice: 0.5240 (Avg: 0.6450) IoU: 0.3936 (Avg: 0.5111)
Train Epoch: [41][53/138] Total Loss: 0.3861 (Avg: 0.4328) Dice: 0.7025 (Avg: 0.6461) IoU: 0.5542 (Avg: 0.5119)
Train Epoch: [41][54/138] Total Loss: 0.3394 (Avg: 0.4311) Dice: 0.7419 (Avg: 0.6479) IoU: 0.6033 (Avg: 0.5136)
Train Epoch: [41][55/138] Total Loss: 0.3534 (Avg: 0.4297) Dice: 0.7273 (Avg: 0.6493) IoU: 0.5904 (Avg: 0.5150)
Train Epoch: [41][56/138] Total Loss: 0.2897 (Avg: 0.4272) Dice: 0.7898 (Avg: 0.6518) IoU: 0.6547 (Avg: 0.5175)
Train Epoch: [41][57/138] Total Loss: 0.2836 (Avg: 0.4246) Dice: 0.7926 (Avg: 0.6543) IoU: 0.6593 (Avg: 0.5199)
Train Epoch: [41][58/138] Total Loss: 0.5272 (Avg: 0.4264) Dice: 0.5650 (Avg: 0.6528) IoU: 0.4255 (Avg: 0.5183)
Train Epoch: [41][59/138] Total Loss: 0.4959 (Avg: 0.4276) Dice: 0.5661 (Avg: 0.6513) IoU: 0.4312 (Avg: 0.5168)
Train Epoch: [41][60/138] Total Loss: 0.3302 (Avg: 0.4260) Dice: 0.7404 (Avg: 0.6528) IoU: 0.5942 (Avg: 0.5181)
Train Epoch: [41][61/138] Total Loss: 0.3076 (Avg: 0.4240) Dice: 0.7929 (Avg: 0.6551) IoU: 0.6744 (Avg: 0.5207)
Train Epoch: [41][62/138] Total Loss: 0.3634 (Avg: 0.4231) Dice: 0.7090 (Avg: 0.6559) IoU: 0.5636 (Avg: 0.5214)
Train Epoch: [41][63/138] Total Loss: 0.4154 (Avg: 0.4229) Dice: 0.6293 (Avg: 0.6555) IoU: 0.4601 (Avg: 0.5204)
Train Epoch: [41][64/138] Total Loss: 0.3264 (Avg: 0.4214) Dice: 0.7604 (Avg: 0.6572) IoU: 0.6340 (Avg: 0.5222)
Train Epoch: [41][65/138] Total Loss: 0.3300 (Avg: 0.4200) Dice: 0.7417 (Avg: 0.6585) IoU: 0.6039 (Avg: 0.5234)
Train Epoch: [41][66/138] Total Loss: 0.4278 (Avg: 0.4201) Dice: 0.6548 (Avg: 0.6584) IoU: 0.5330 (Avg: 0.5236)
Train Epoch: [41][67/138] Total Loss: 0.4513 (Avg: 0.4206) Dice: 0.6486 (Avg: 0.6583) IoU: 0.5724 (Avg: 0.5243)
Train Epoch: [41][68/138] Total Loss: 0.3392 (Avg: 0.4194) Dice: 0.7384 (Avg: 0.6594) IoU: 0.5923 (Avg: 0.5253)
Train Epoch: [41][69/138] Total Loss: 0.3900 (Avg: 0.4190) Dice: 0.6999 (Avg: 0.6600) IoU: 0.5430 (Avg: 0.5256)
Train Epoch: [41][70/138] Total Loss: 0.4091 (Avg: 0.4188) Dice: 0.6617 (Avg: 0.6600) IoU: 0.5089 (Avg: 0.5253)
Train Epoch: [41][71/138] Total Loss: 0.3929 (Avg: 0.4185) Dice: 0.6811 (Avg: 0.6603) IoU: 0.5320 (Avg: 0.5254)
Train Epoch: [41][72/138] Total Loss: 0.3168 (Avg: 0.4171) Dice: 0.7688 (Avg: 0.6618) IoU: 0.6338 (Avg: 0.5269)
Train Epoch: [41][73/138] Total Loss: 0.3893 (Avg: 0.4167) Dice: 0.6844 (Avg: 0.6622) IoU: 0.5417 (Avg: 0.5271)
Train Epoch: [41][74/138] Total Loss: 0.3589 (Avg: 0.4159) Dice: 0.7383 (Avg: 0.6632) IoU: 0.6202 (Avg: 0.5284)
Train Epoch: [41][75/138] Total Loss: 0.3776 (Avg: 0.4154) Dice: 0.7122 (Avg: 0.6638) IoU: 0.5622 (Avg: 0.5288)
Train Epoch: [41][76/138] Total Loss: 0.3465 (Avg: 0.4145) Dice: 0.7331 (Avg: 0.6648) IoU: 0.5903 (Avg: 0.5297)
Train Epoch: [41][77/138] Total Loss: 0.3713 (Avg: 0.4139) Dice: 0.7078 (Avg: 0.6653) IoU: 0.5560 (Avg: 0.5300)
Train Epoch: [41][78/138] Total Loss: 0.3381 (Avg: 0.4129) Dice: 0.7453 (Avg: 0.6663) IoU: 0.6087 (Avg: 0.5310)
Train Epoch: [41][79/138] Total Loss: 0.6592 (Avg: 0.4161) Dice: 0.4120 (Avg: 0.6631) IoU: 0.3169 (Avg: 0.5283)
Train Epoch: [41][80/138] Total Loss: 0.4239 (Avg: 0.4162) Dice: 0.6499 (Avg: 0.6630) IoU: 0.4925 (Avg: 0.5278)
Train Epoch: [41][81/138] Total Loss: 0.4154 (Avg: 0.4162) Dice: 0.6713 (Avg: 0.6631) IoU: 0.5296 (Avg: 0.5279)
Train Epoch: [41][82/138] Total Loss: 0.4406 (Avg: 0.4165) Dice: 0.6233 (Avg: 0.6626) IoU: 0.4631 (Avg: 0.5271)
Train Epoch: [41][83/138] Total Loss: 0.4051 (Avg: 0.4163) Dice: 0.6855 (Avg: 0.6628) IoU: 0.5483 (Avg: 0.5273)
Train Epoch: [41][84/138] Total Loss: 0.6429 (Avg: 0.4190) Dice: 0.4032 (Avg: 0.6598) IoU: 0.3061 (Avg: 0.5247)
Train Epoch: [41][85/138] Total Loss: 0.5818 (Avg: 0.4209) Dice: 0.4810 (Avg: 0.6577) IoU: 0.3583 (Avg: 0.5227)
Train Epoch: [41][86/138] Total Loss: 0.3160 (Avg: 0.4197) Dice: 0.7500 (Avg: 0.6587) IoU: 0.6084 (Avg: 0.5237)
Train Epoch: [41][87/138] Total Loss: 0.3595 (Avg: 0.4190) Dice: 0.6973 (Avg: 0.6592) IoU: 0.5589 (Avg: 0.5241)
Train Epoch: [41][88/138] Total Loss: 0.3646 (Avg: 0.4184) Dice: 0.7264 (Avg: 0.6599) IoU: 0.5756 (Avg: 0.5247)
Train Epoch: [41][89/138] Total Loss: 0.2989 (Avg: 0.4171) Dice: 0.7894 (Avg: 0.6614) IoU: 0.6610 (Avg: 0.5263)
Train Epoch: [41][90/138] Total Loss: 0.4753 (Avg: 0.4177) Dice: 0.6090 (Avg: 0.6608) IoU: 0.4780 (Avg: 0.5257)
Train Epoch: [41][91/138] Total Loss: 0.2738 (Avg: 0.4161) Dice: 0.8091 (Avg: 0.6624) IoU: 0.6864 (Avg: 0.5275)
Train Epoch: [41][92/138] Total Loss: 0.4313 (Avg: 0.4163) Dice: 0.6151 (Avg: 0.6619) IoU: 0.4726 (Avg: 0.5269)
Train Epoch: [41][93/138] Total Loss: 0.4085 (Avg: 0.4162) Dice: 0.6632 (Avg: 0.6619) IoU: 0.5003 (Avg: 0.5266)
Train Epoch: [41][94/138] Total Loss: 0.4541 (Avg: 0.4166) Dice: 0.6498 (Avg: 0.6618) IoU: 0.4895 (Avg: 0.5262)
Train Epoch: [41][95/138] Total Loss: 0.3917 (Avg: 0.4163) Dice: 0.6717 (Avg: 0.6619) IoU: 0.5393 (Avg: 0.5264)
Train Epoch: [41][96/138] Total Loss: 0.3945 (Avg: 0.4161) Dice: 0.6935 (Avg: 0.6622) IoU: 0.5478 (Avg: 0.5266)
Train Epoch: [41][97/138] Total Loss: 0.3737 (Avg: 0.4157) Dice: 0.7032 (Avg: 0.6627) IoU: 0.5497 (Avg: 0.5268)
Train Epoch: [41][98/138] Total Loss: 0.3514 (Avg: 0.4150) Dice: 0.7410 (Avg: 0.6635) IoU: 0.5927 (Avg: 0.5275)
Train Epoch: [41][99/138] Total Loss: 0.3433 (Avg: 0.4143) Dice: 0.7275 (Avg: 0.6641) IoU: 0.5833 (Avg: 0.5280)
Train Epoch: [41][100/138] Total Loss: 0.5358 (Avg: 0.4155) Dice: 0.5328 (Avg: 0.6628) IoU: 0.4378 (Avg: 0.5271)
Train Epoch: [41][101/138] Total Loss: 0.2763 (Avg: 0.4141) Dice: 0.7976 (Avg: 0.6641) IoU: 0.6717 (Avg: 0.5286)
Train Epoch: [41][102/138] Total Loss: 0.4233 (Avg: 0.4142) Dice: 0.6477 (Avg: 0.6640) IoU: 0.4957 (Avg: 0.5283)
Train Epoch: [41][103/138] Total Loss: 0.3681 (Avg: 0.4138) Dice: 0.7034 (Avg: 0.6644) IoU: 0.5705 (Avg: 0.5287)
Train Epoch: [41][104/138] Total Loss: 0.5354 (Avg: 0.4149) Dice: 0.5684 (Avg: 0.6634) IoU: 0.4671 (Avg: 0.5281)
Train Epoch: [41][105/138] Total Loss: 0.4920 (Avg: 0.4157) Dice: 0.5787 (Avg: 0.6626) IoU: 0.4360 (Avg: 0.5272)
Train Epoch: [41][106/138] Total Loss: 0.2985 (Avg: 0.4146) Dice: 0.7879 (Avg: 0.6638) IoU: 0.6507 (Avg: 0.5284)
Train Epoch: [41][107/138] Total Loss: 0.3993 (Avg: 0.4144) Dice: 0.6971 (Avg: 0.6641) IoU: 0.5767 (Avg: 0.5288)
Train Epoch: [41][108/138] Total Loss: 0.4131 (Avg: 0.4144) Dice: 0.6304 (Avg: 0.6638) IoU: 0.4850 (Avg: 0.5284)
Train Epoch: [41][109/138] Total Loss: 0.3974 (Avg: 0.4143) Dice: 0.6843 (Avg: 0.6640) IoU: 0.5286 (Avg: 0.5284)
Train Epoch: [41][110/138] Total Loss: 0.3915 (Avg: 0.4141) Dice: 0.6799 (Avg: 0.6641) IoU: 0.5299 (Avg: 0.5284)
Train Epoch: [41][111/138] Total Loss: 0.5886 (Avg: 0.4156) Dice: 0.4920 (Avg: 0.6626) IoU: 0.3569 (Avg: 0.5269)
Train Epoch: [41][112/138] Total Loss: 0.3307 (Avg: 0.4149) Dice: 0.7686 (Avg: 0.6635) IoU: 0.6386 (Avg: 0.5279)
Train Epoch: [41][113/138] Total Loss: 0.3931 (Avg: 0.4147) Dice: 0.6968 (Avg: 0.6638) IoU: 0.5536 (Avg: 0.5281)
Train Epoch: [41][114/138] Total Loss: 0.2452 (Avg: 0.4132) Dice: 0.8843 (Avg: 0.6658) IoU: 0.7944 (Avg: 0.5304)
Train Epoch: [41][115/138] Total Loss: 0.5696 (Avg: 0.4145) Dice: 0.4886 (Avg: 0.6642) IoU: 0.3627 (Avg: 0.5290)
Train Epoch: [41][116/138] Total Loss: 0.3499 (Avg: 0.4140) Dice: 0.7267 (Avg: 0.6648) IoU: 0.5762 (Avg: 0.5294)
Train Epoch: [41][117/138] Total Loss: 0.6612 (Avg: 0.4161) Dice: 0.4075 (Avg: 0.6626) IoU: 0.2829 (Avg: 0.5273)
Train Epoch: [41][118/138] Total Loss: 0.3734 (Avg: 0.4157) Dice: 0.6933 (Avg: 0.6628) IoU: 0.5339 (Avg: 0.5273)
Train Epoch: [41][119/138] Total Loss: 0.4303 (Avg: 0.4159) Dice: 0.6515 (Avg: 0.6627) IoU: 0.5062 (Avg: 0.5272)
Train Epoch: [41][120/138] Total Loss: 0.3741 (Avg: 0.4155) Dice: 0.6716 (Avg: 0.6628) IoU: 0.5244 (Avg: 0.5271)
Train Epoch: [41][121/138] Total Loss: 0.4801 (Avg: 0.4161) Dice: 0.5651 (Avg: 0.6620) IoU: 0.4335 (Avg: 0.5264)
Train Epoch: [41][122/138] Total Loss: 0.3767 (Avg: 0.4157) Dice: 0.6850 (Avg: 0.6622) IoU: 0.5441 (Avg: 0.5265)
Train Epoch: [41][123/138] Total Loss: 0.4241 (Avg: 0.4158) Dice: 0.6317 (Avg: 0.6619) IoU: 0.4771 (Avg: 0.5261)
Train Epoch: [41][124/138] Total Loss: 0.2957 (Avg: 0.4148) Dice: 0.7979 (Avg: 0.6630) IoU: 0.6689 (Avg: 0.5273)
Train Epoch: [41][125/138] Total Loss: 0.5828 (Avg: 0.4162) Dice: 0.5334 (Avg: 0.6620) IoU: 0.4149 (Avg: 0.5264)
Train Epoch: [41][126/138] Total Loss: 0.3732 (Avg: 0.4158) Dice: 0.7011 (Avg: 0.6623) IoU: 0.5531 (Avg: 0.5266)
Train Epoch: [41][127/138] Total Loss: 0.4877 (Avg: 0.4164) Dice: 0.5627 (Avg: 0.6615) IoU: 0.3995 (Avg: 0.5256)
Train Epoch: [41][128/138] Total Loss: 0.3667 (Avg: 0.4160) Dice: 0.7044 (Avg: 0.6619) IoU: 0.5568 (Avg: 0.5258)
Train Epoch: [41][129/138] Total Loss: 0.4136 (Avg: 0.4160) Dice: 0.6443 (Avg: 0.6617) IoU: 0.5062 (Avg: 0.5257)
Train Epoch: [41][130/138] Total Loss: 0.4559 (Avg: 0.4163) Dice: 0.6013 (Avg: 0.6613) IoU: 0.4418 (Avg: 0.5250)
Train Epoch: [41][131/138] Total Loss: 0.3661 (Avg: 0.4159) Dice: 0.7124 (Avg: 0.6616) IoU: 0.5606 (Avg: 0.5253)
Train Epoch: [41][132/138] Total Loss: 0.4907 (Avg: 0.4165) Dice: 0.5744 (Avg: 0.6610) IoU: 0.4648 (Avg: 0.5248)
Train Epoch: [41][133/138] Total Loss: 0.4190 (Avg: 0.4165) Dice: 0.6476 (Avg: 0.6609) IoU: 0.4918 (Avg: 0.5246)
Train Epoch: [41][134/138] Total Loss: 0.4053 (Avg: 0.4164) Dice: 0.6520 (Avg: 0.6608) IoU: 0.4976 (Avg: 0.5244)
Train Epoch: [41][135/138] Total Loss: 0.2845 (Avg: 0.4154) Dice: 0.8017 (Avg: 0.6619) IoU: 0.7047 (Avg: 0.5257)
Train Epoch: [41][136/138] Total Loss: 0.3833 (Avg: 0.4152) Dice: 0.6803 (Avg: 0.6620) IoU: 0.5260 (Avg: 0.5257)
Train Epoch: [41][137/138] Total Loss: 0.4640 (Avg: 0.4156) Dice: 0.6009 (Avg: 0.6615) IoU: 0.4391 (Avg: 0.5251)
Train Epoch: [41][138/138] Total Loss: 0.6075 (Avg: 0.4136) Dice: 0.3433 (Avg: 0.6574) IoU: 0.2072 (Avg: 0.5217)
Validation Epoch: [41] Avg Loss: 0.3486 Avg Dice: 0.5945 Avg IoU: 0.4684

========= Epoch [42/50] =========
Train Epoch: [42][1/138] Total Loss: 0.2772 (Avg: 0.2772) Dice: 0.8214 (Avg: 0.8214) IoU: 0.7052 (Avg: 0.7052)
Train Epoch: [42][2/138] Total Loss: 0.3798 (Avg: 0.3285) Dice: 0.7396 (Avg: 0.7805) IoU: 0.6100 (Avg: 0.6576)
Train Epoch: [42][3/138] Total Loss: 0.3575 (Avg: 0.3382) Dice: 0.7409 (Avg: 0.7673) IoU: 0.6140 (Avg: 0.6431)
Train Epoch: [42][4/138] Total Loss: 0.3144 (Avg: 0.3322) Dice: 0.8103 (Avg: 0.7780) IoU: 0.6929 (Avg: 0.6555)
Train Epoch: [42][5/138] Total Loss: 0.4819 (Avg: 0.3622) Dice: 0.5523 (Avg: 0.7329) IoU: 0.4406 (Avg: 0.6125)
Train Epoch: [42][6/138] Total Loss: 0.3039 (Avg: 0.3525) Dice: 0.7913 (Avg: 0.7426) IoU: 0.6665 (Avg: 0.6215)
Train Epoch: [42][7/138] Total Loss: 0.3939 (Avg: 0.3584) Dice: 0.6765 (Avg: 0.7332) IoU: 0.5250 (Avg: 0.6077)
Train Epoch: [42][8/138] Total Loss: 0.4971 (Avg: 0.3757) Dice: 0.5507 (Avg: 0.7104) IoU: 0.3985 (Avg: 0.5816)
Train Epoch: [42][9/138] Total Loss: 0.2918 (Avg: 0.3664) Dice: 0.8042 (Avg: 0.7208) IoU: 0.6767 (Avg: 0.5922)
Train Epoch: [42][10/138] Total Loss: 0.3584 (Avg: 0.3656) Dice: 0.7774 (Avg: 0.7265) IoU: 0.6834 (Avg: 0.6013)
Train Epoch: [42][11/138] Total Loss: 0.3487 (Avg: 0.3641) Dice: 0.7336 (Avg: 0.7271) IoU: 0.5992 (Avg: 0.6011)
Train Epoch: [42][12/138] Total Loss: 0.3412 (Avg: 0.3622) Dice: 0.7231 (Avg: 0.7268) IoU: 0.5692 (Avg: 0.5984)
Train Epoch: [42][13/138] Total Loss: 0.4344 (Avg: 0.3677) Dice: 0.6170 (Avg: 0.7183) IoU: 0.4504 (Avg: 0.5870)
Train Epoch: [42][14/138] Total Loss: 0.3342 (Avg: 0.3653) Dice: 0.7509 (Avg: 0.7207) IoU: 0.6021 (Avg: 0.5881)
Train Epoch: [42][15/138] Total Loss: 0.3514 (Avg: 0.3644) Dice: 0.7554 (Avg: 0.7230) IoU: 0.6349 (Avg: 0.5912)
Train Epoch: [42][16/138] Total Loss: 0.3594 (Avg: 0.3641) Dice: 0.7206 (Avg: 0.7228) IoU: 0.5817 (Avg: 0.5906)
Train Epoch: [42][17/138] Total Loss: 0.4788 (Avg: 0.3708) Dice: 0.5648 (Avg: 0.7135) IoU: 0.3954 (Avg: 0.5792)
Train Epoch: [42][18/138] Total Loss: 0.3901 (Avg: 0.3719) Dice: 0.6858 (Avg: 0.7120) IoU: 0.5344 (Avg: 0.5767)
Train Epoch: [42][19/138] Total Loss: 0.3811 (Avg: 0.3724) Dice: 0.6912 (Avg: 0.7109) IoU: 0.5528 (Avg: 0.5754)
Train Epoch: [42][20/138] Total Loss: 0.5082 (Avg: 0.3792) Dice: 0.5663 (Avg: 0.7037) IoU: 0.4126 (Avg: 0.5673)
Train Epoch: [42][21/138] Total Loss: 0.3290 (Avg: 0.3768) Dice: 0.7475 (Avg: 0.7058) IoU: 0.5995 (Avg: 0.5688)
Train Epoch: [42][22/138] Total Loss: 0.3698 (Avg: 0.3765) Dice: 0.6975 (Avg: 0.7054) IoU: 0.5642 (Avg: 0.5686)
Train Epoch: [42][23/138] Total Loss: 0.3286 (Avg: 0.3744) Dice: 0.7508 (Avg: 0.7074) IoU: 0.6033 (Avg: 0.5701)
Train Epoch: [42][24/138] Total Loss: 0.4528 (Avg: 0.3777) Dice: 0.6274 (Avg: 0.7040) IoU: 0.4891 (Avg: 0.5667)
Train Epoch: [42][25/138] Total Loss: 0.4886 (Avg: 0.3821) Dice: 0.5792 (Avg: 0.6990) IoU: 0.4143 (Avg: 0.5606)
Train Epoch: [42][26/138] Total Loss: 0.5444 (Avg: 0.3883) Dice: 0.5141 (Avg: 0.6919) IoU: 0.3957 (Avg: 0.5543)
Train Epoch: [42][27/138] Total Loss: 0.3931 (Avg: 0.3885) Dice: 0.6777 (Avg: 0.6914) IoU: 0.5534 (Avg: 0.5543)
Train Epoch: [42][28/138] Total Loss: 0.3783 (Avg: 0.3881) Dice: 0.6864 (Avg: 0.6912) IoU: 0.5407 (Avg: 0.5538)
Train Epoch: [42][29/138] Total Loss: 0.2952 (Avg: 0.3849) Dice: 0.7936 (Avg: 0.6947) IoU: 0.6648 (Avg: 0.5576)
Train Epoch: [42][30/138] Total Loss: 0.4110 (Avg: 0.3858) Dice: 0.6842 (Avg: 0.6944) IoU: 0.5261 (Avg: 0.5566)
Train Epoch: [42][31/138] Total Loss: 0.4910 (Avg: 0.3892) Dice: 0.5776 (Avg: 0.6906) IoU: 0.4348 (Avg: 0.5526)
Train Epoch: [42][32/138] Total Loss: 0.4070 (Avg: 0.3898) Dice: 0.6745 (Avg: 0.6901) IoU: 0.5608 (Avg: 0.5529)
Train Epoch: [42][33/138] Total Loss: 0.6691 (Avg: 0.3982) Dice: 0.3970 (Avg: 0.6812) IoU: 0.2787 (Avg: 0.5446)
Train Epoch: [42][34/138] Total Loss: 0.5554 (Avg: 0.4029) Dice: 0.5091 (Avg: 0.6762) IoU: 0.3904 (Avg: 0.5400)
Train Epoch: [42][35/138] Total Loss: 0.2865 (Avg: 0.3995) Dice: 0.8072 (Avg: 0.6799) IoU: 0.6813 (Avg: 0.5441)
Train Epoch: [42][36/138] Total Loss: 0.4111 (Avg: 0.3998) Dice: 0.6513 (Avg: 0.6791) IoU: 0.4838 (Avg: 0.5424)
Train Epoch: [42][37/138] Total Loss: 0.3376 (Avg: 0.3982) Dice: 0.7417 (Avg: 0.6808) IoU: 0.6076 (Avg: 0.5442)
Train Epoch: [42][38/138] Total Loss: 0.5363 (Avg: 0.4018) Dice: 0.5565 (Avg: 0.6775) IoU: 0.4503 (Avg: 0.5417)
Train Epoch: [42][39/138] Total Loss: 0.2770 (Avg: 0.3986) Dice: 0.8130 (Avg: 0.6810) IoU: 0.6968 (Avg: 0.5457)
Train Epoch: [42][40/138] Total Loss: 0.7011 (Avg: 0.4062) Dice: 0.3710 (Avg: 0.6733) IoU: 0.2693 (Avg: 0.5388)
Train Epoch: [42][41/138] Total Loss: 0.2842 (Avg: 0.4032) Dice: 0.8062 (Avg: 0.6765) IoU: 0.6761 (Avg: 0.5421)
Train Epoch: [42][42/138] Total Loss: 0.3835 (Avg: 0.4027) Dice: 0.6892 (Avg: 0.6768) IoU: 0.5315 (Avg: 0.5419)
Train Epoch: [42][43/138] Total Loss: 0.4289 (Avg: 0.4033) Dice: 0.6558 (Avg: 0.6763) IoU: 0.4892 (Avg: 0.5406)
Train Epoch: [42][44/138] Total Loss: 0.5859 (Avg: 0.4075) Dice: 0.4866 (Avg: 0.6720) IoU: 0.3429 (Avg: 0.5361)
Train Epoch: [42][45/138] Total Loss: 0.6741 (Avg: 0.4134) Dice: 0.4267 (Avg: 0.6666) IoU: 0.3055 (Avg: 0.5310)
Train Epoch: [42][46/138] Total Loss: 0.4562 (Avg: 0.4143) Dice: 0.6225 (Avg: 0.6656) IoU: 0.4851 (Avg: 0.5300)
Train Epoch: [42][47/138] Total Loss: 0.5286 (Avg: 0.4168) Dice: 0.5530 (Avg: 0.6632) IoU: 0.4414 (Avg: 0.5281)
Train Epoch: [42][48/138] Total Loss: 0.3986 (Avg: 0.4164) Dice: 0.6448 (Avg: 0.6628) IoU: 0.5135 (Avg: 0.5278)
Train Epoch: [42][49/138] Total Loss: 0.5042 (Avg: 0.4182) Dice: 0.5888 (Avg: 0.6613) IoU: 0.4325 (Avg: 0.5259)
Train Epoch: [42][50/138] Total Loss: 0.3243 (Avg: 0.4163) Dice: 0.7562 (Avg: 0.6632) IoU: 0.6135 (Avg: 0.5276)
Train Epoch: [42][51/138] Total Loss: 0.3625 (Avg: 0.4152) Dice: 0.7117 (Avg: 0.6642) IoU: 0.5784 (Avg: 0.5286)
Train Epoch: [42][52/138] Total Loss: 0.3825 (Avg: 0.4146) Dice: 0.6828 (Avg: 0.6645) IoU: 0.5217 (Avg: 0.5285)
Train Epoch: [42][53/138] Total Loss: 0.7411 (Avg: 0.4208) Dice: 0.3377 (Avg: 0.6584) IoU: 0.2557 (Avg: 0.5233)
Train Epoch: [42][54/138] Total Loss: 0.3076 (Avg: 0.4187) Dice: 0.7880 (Avg: 0.6608) IoU: 0.6547 (Avg: 0.5258)
Train Epoch: [42][55/138] Total Loss: 0.4365 (Avg: 0.4190) Dice: 0.6416 (Avg: 0.6604) IoU: 0.4882 (Avg: 0.5251)
Train Epoch: [42][56/138] Total Loss: 0.4036 (Avg: 0.4187) Dice: 0.6651 (Avg: 0.6605) IoU: 0.5161 (Avg: 0.5249)
Train Epoch: [42][57/138] Total Loss: 0.4385 (Avg: 0.4191) Dice: 0.6302 (Avg: 0.6600) IoU: 0.4863 (Avg: 0.5243)
Train Epoch: [42][58/138] Total Loss: 0.3328 (Avg: 0.4176) Dice: 0.7463 (Avg: 0.6614) IoU: 0.6142 (Avg: 0.5258)
Train Epoch: [42][59/138] Total Loss: 0.4328 (Avg: 0.4178) Dice: 0.6457 (Avg: 0.6612) IoU: 0.4975 (Avg: 0.5253)
Train Epoch: [42][60/138] Total Loss: 0.4703 (Avg: 0.4187) Dice: 0.5886 (Avg: 0.6600) IoU: 0.4193 (Avg: 0.5236)
Train Epoch: [42][61/138] Total Loss: 0.4938 (Avg: 0.4199) Dice: 0.5603 (Avg: 0.6583) IoU: 0.4206 (Avg: 0.5219)
Train Epoch: [42][62/138] Total Loss: 0.3684 (Avg: 0.4191) Dice: 0.6920 (Avg: 0.6589) IoU: 0.5328 (Avg: 0.5220)
Train Epoch: [42][63/138] Total Loss: 0.3576 (Avg: 0.4181) Dice: 0.7152 (Avg: 0.6598) IoU: 0.5687 (Avg: 0.5228)
Train Epoch: [42][64/138] Total Loss: 0.3185 (Avg: 0.4166) Dice: 0.7623 (Avg: 0.6614) IoU: 0.6289 (Avg: 0.5244)
Train Epoch: [42][65/138] Total Loss: 0.3551 (Avg: 0.4156) Dice: 0.7461 (Avg: 0.6627) IoU: 0.6170 (Avg: 0.5259)
Train Epoch: [42][66/138] Total Loss: 0.6119 (Avg: 0.4186) Dice: 0.4502 (Avg: 0.6595) IoU: 0.3297 (Avg: 0.5229)
Train Epoch: [42][67/138] Total Loss: 0.4063 (Avg: 0.4184) Dice: 0.6702 (Avg: 0.6596) IoU: 0.5261 (Avg: 0.5229)
Train Epoch: [42][68/138] Total Loss: 0.4816 (Avg: 0.4194) Dice: 0.5917 (Avg: 0.6586) IoU: 0.4636 (Avg: 0.5221)
Train Epoch: [42][69/138] Total Loss: 0.4169 (Avg: 0.4193) Dice: 0.6748 (Avg: 0.6589) IoU: 0.5628 (Avg: 0.5227)
Train Epoch: [42][70/138] Total Loss: 0.2857 (Avg: 0.4174) Dice: 0.7989 (Avg: 0.6609) IoU: 0.6855 (Avg: 0.5250)
Train Epoch: [42][71/138] Total Loss: 0.3202 (Avg: 0.4160) Dice: 0.7611 (Avg: 0.6623) IoU: 0.6219 (Avg: 0.5264)
Train Epoch: [42][72/138] Total Loss: 0.3105 (Avg: 0.4146) Dice: 0.7718 (Avg: 0.6638) IoU: 0.6490 (Avg: 0.5281)
Train Epoch: [42][73/138] Total Loss: 0.5339 (Avg: 0.4162) Dice: 0.5394 (Avg: 0.6621) IoU: 0.3909 (Avg: 0.5262)
Train Epoch: [42][74/138] Total Loss: 0.2943 (Avg: 0.4146) Dice: 0.7814 (Avg: 0.6637) IoU: 0.6450 (Avg: 0.5278)
Train Epoch: [42][75/138] Total Loss: 0.2644 (Avg: 0.4126) Dice: 0.8212 (Avg: 0.6658) IoU: 0.6995 (Avg: 0.5301)
Train Epoch: [42][76/138] Total Loss: 0.3452 (Avg: 0.4117) Dice: 0.7009 (Avg: 0.6663) IoU: 0.5732 (Avg: 0.5306)
Train Epoch: [42][77/138] Total Loss: 0.5415 (Avg: 0.4134) Dice: 0.5213 (Avg: 0.6644) IoU: 0.3942 (Avg: 0.5289)
Train Epoch: [42][78/138] Total Loss: 0.2593 (Avg: 0.4114) Dice: 0.8543 (Avg: 0.6668) IoU: 0.7471 (Avg: 0.5317)
Train Epoch: [42][79/138] Total Loss: 0.4436 (Avg: 0.4118) Dice: 0.6413 (Avg: 0.6665) IoU: 0.5056 (Avg: 0.5313)
Train Epoch: [42][80/138] Total Loss: 0.3563 (Avg: 0.4111) Dice: 0.7184 (Avg: 0.6671) IoU: 0.6013 (Avg: 0.5322)
Train Epoch: [42][81/138] Total Loss: 0.3139 (Avg: 0.4099) Dice: 0.7733 (Avg: 0.6684) IoU: 0.6329 (Avg: 0.5335)
Train Epoch: [42][82/138] Total Loss: 0.4699 (Avg: 0.4106) Dice: 0.5973 (Avg: 0.6676) IoU: 0.4345 (Avg: 0.5323)
Train Epoch: [42][83/138] Total Loss: 0.3247 (Avg: 0.4096) Dice: 0.7679 (Avg: 0.6688) IoU: 0.6301 (Avg: 0.5334)
Train Epoch: [42][84/138] Total Loss: 0.3685 (Avg: 0.4091) Dice: 0.7164 (Avg: 0.6694) IoU: 0.5635 (Avg: 0.5338)
Train Epoch: [42][85/138] Total Loss: 0.5834 (Avg: 0.4112) Dice: 0.4515 (Avg: 0.6668) IoU: 0.3172 (Avg: 0.5312)
Train Epoch: [42][86/138] Total Loss: 0.3918 (Avg: 0.4109) Dice: 0.7315 (Avg: 0.6675) IoU: 0.5937 (Avg: 0.5320)
Train Epoch: [42][87/138] Total Loss: 0.3415 (Avg: 0.4101) Dice: 0.7334 (Avg: 0.6683) IoU: 0.6043 (Avg: 0.5328)
Train Epoch: [42][88/138] Total Loss: 0.5234 (Avg: 0.4114) Dice: 0.5788 (Avg: 0.6673) IoU: 0.4786 (Avg: 0.5322)
Train Epoch: [42][89/138] Total Loss: 0.3114 (Avg: 0.4103) Dice: 0.7716 (Avg: 0.6685) IoU: 0.6294 (Avg: 0.5333)
Train Epoch: [42][90/138] Total Loss: 0.4235 (Avg: 0.4104) Dice: 0.6758 (Avg: 0.6685) IoU: 0.5302 (Avg: 0.5332)
Train Epoch: [42][91/138] Total Loss: 0.3312 (Avg: 0.4096) Dice: 0.7456 (Avg: 0.6694) IoU: 0.6080 (Avg: 0.5341)
Train Epoch: [42][92/138] Total Loss: 0.3906 (Avg: 0.4094) Dice: 0.6904 (Avg: 0.6696) IoU: 0.5396 (Avg: 0.5341)
Train Epoch: [42][93/138] Total Loss: 0.4011 (Avg: 0.4093) Dice: 0.6893 (Avg: 0.6698) IoU: 0.5737 (Avg: 0.5345)
Train Epoch: [42][94/138] Total Loss: 0.4442 (Avg: 0.4096) Dice: 0.5945 (Avg: 0.6690) IoU: 0.4444 (Avg: 0.5336)
Train Epoch: [42][95/138] Total Loss: 0.5896 (Avg: 0.4115) Dice: 0.4344 (Avg: 0.6666) IoU: 0.3138 (Avg: 0.5313)
Train Epoch: [42][96/138] Total Loss: 0.5162 (Avg: 0.4126) Dice: 0.5582 (Avg: 0.6654) IoU: 0.4515 (Avg: 0.5304)
Train Epoch: [42][97/138] Total Loss: 0.2750 (Avg: 0.4112) Dice: 0.8295 (Avg: 0.6671) IoU: 0.7208 (Avg: 0.5324)
Train Epoch: [42][98/138] Total Loss: 0.5648 (Avg: 0.4128) Dice: 0.5091 (Avg: 0.6655) IoU: 0.4020 (Avg: 0.5311)
Train Epoch: [42][99/138] Total Loss: 0.3169 (Avg: 0.4118) Dice: 0.7728 (Avg: 0.6666) IoU: 0.6391 (Avg: 0.5322)
Train Epoch: [42][100/138] Total Loss: 0.5475 (Avg: 0.4132) Dice: 0.5163 (Avg: 0.6651) IoU: 0.4267 (Avg: 0.5311)
Train Epoch: [42][101/138] Total Loss: 0.3676 (Avg: 0.4127) Dice: 0.6500 (Avg: 0.6649) IoU: 0.5756 (Avg: 0.5315)
Train Epoch: [42][102/138] Total Loss: 0.3277 (Avg: 0.4119) Dice: 0.7535 (Avg: 0.6658) IoU: 0.6112 (Avg: 0.5323)
Train Epoch: [42][103/138] Total Loss: 0.4612 (Avg: 0.4124) Dice: 0.6332 (Avg: 0.6655) IoU: 0.4931 (Avg: 0.5319)
Train Epoch: [42][104/138] Total Loss: 0.3551 (Avg: 0.4118) Dice: 0.7311 (Avg: 0.6661) IoU: 0.5958 (Avg: 0.5326)
Train Epoch: [42][105/138] Total Loss: 0.4057 (Avg: 0.4118) Dice: 0.6816 (Avg: 0.6663) IoU: 0.5685 (Avg: 0.5329)
Train Epoch: [42][106/138] Total Loss: 0.3852 (Avg: 0.4115) Dice: 0.6912 (Avg: 0.6665) IoU: 0.5356 (Avg: 0.5329)
Train Epoch: [42][107/138] Total Loss: 0.3455 (Avg: 0.4109) Dice: 0.7421 (Avg: 0.6672) IoU: 0.6092 (Avg: 0.5336)
Train Epoch: [42][108/138] Total Loss: 0.3161 (Avg: 0.4100) Dice: 0.7612 (Avg: 0.6681) IoU: 0.6149 (Avg: 0.5344)
Train Epoch: [42][109/138] Total Loss: 0.3121 (Avg: 0.4091) Dice: 0.7592 (Avg: 0.6689) IoU: 0.6212 (Avg: 0.5352)
Train Epoch: [42][110/138] Total Loss: 0.5197 (Avg: 0.4101) Dice: 0.5473 (Avg: 0.6678) IoU: 0.4344 (Avg: 0.5343)
Train Epoch: [42][111/138] Total Loss: 0.4286 (Avg: 0.4103) Dice: 0.6524 (Avg: 0.6677) IoU: 0.4944 (Avg: 0.5339)
Train Epoch: [42][112/138] Total Loss: 0.2801 (Avg: 0.4091) Dice: 0.8188 (Avg: 0.6690) IoU: 0.6977 (Avg: 0.5354)
Train Epoch: [42][113/138] Total Loss: 0.2763 (Avg: 0.4079) Dice: 0.8123 (Avg: 0.6703) IoU: 0.6924 (Avg: 0.5368)
Train Epoch: [42][114/138] Total Loss: 0.5335 (Avg: 0.4090) Dice: 0.5532 (Avg: 0.6693) IoU: 0.3986 (Avg: 0.5356)
Train Epoch: [42][115/138] Total Loss: 0.2632 (Avg: 0.4078) Dice: 0.8281 (Avg: 0.6706) IoU: 0.7085 (Avg: 0.5371)
Train Epoch: [42][116/138] Total Loss: 0.5899 (Avg: 0.4094) Dice: 0.4843 (Avg: 0.6690) IoU: 0.3634 (Avg: 0.5356)
Train Epoch: [42][117/138] Total Loss: 0.3913 (Avg: 0.4092) Dice: 0.6899 (Avg: 0.6692) IoU: 0.5296 (Avg: 0.5355)
Train Epoch: [42][118/138] Total Loss: 0.3655 (Avg: 0.4088) Dice: 0.7157 (Avg: 0.6696) IoU: 0.5691 (Avg: 0.5358)
Train Epoch: [42][119/138] Total Loss: 0.4867 (Avg: 0.4095) Dice: 0.6243 (Avg: 0.6692) IoU: 0.5052 (Avg: 0.5355)
Train Epoch: [42][120/138] Total Loss: 0.2589 (Avg: 0.4082) Dice: 0.8278 (Avg: 0.6705) IoU: 0.7108 (Avg: 0.5370)
Train Epoch: [42][121/138] Total Loss: 0.3824 (Avg: 0.4080) Dice: 0.7041 (Avg: 0.6708) IoU: 0.5538 (Avg: 0.5371)
Train Epoch: [42][122/138] Total Loss: 0.4087 (Avg: 0.4080) Dice: 0.6537 (Avg: 0.6707) IoU: 0.5064 (Avg: 0.5369)
Train Epoch: [42][123/138] Total Loss: 0.3443 (Avg: 0.4075) Dice: 0.7447 (Avg: 0.6713) IoU: 0.6062 (Avg: 0.5375)
Train Epoch: [42][124/138] Total Loss: 0.3204 (Avg: 0.4068) Dice: 0.7451 (Avg: 0.6719) IoU: 0.5951 (Avg: 0.5379)
Train Epoch: [42][125/138] Total Loss: 0.3797 (Avg: 0.4066) Dice: 0.6726 (Avg: 0.6719) IoU: 0.5199 (Avg: 0.5378)
Train Epoch: [42][126/138] Total Loss: 0.4223 (Avg: 0.4067) Dice: 0.6552 (Avg: 0.6718) IoU: 0.5005 (Avg: 0.5375)
Train Epoch: [42][127/138] Total Loss: 0.3022 (Avg: 0.4059) Dice: 0.7870 (Avg: 0.6727) IoU: 0.6591 (Avg: 0.5384)
Train Epoch: [42][128/138] Total Loss: 0.3814 (Avg: 0.4057) Dice: 0.6998 (Avg: 0.6729) IoU: 0.5432 (Avg: 0.5385)
Train Epoch: [42][129/138] Total Loss: 0.3406 (Avg: 0.4052) Dice: 0.7504 (Avg: 0.6735) IoU: 0.6062 (Avg: 0.5390)
Train Epoch: [42][130/138] Total Loss: 0.3904 (Avg: 0.4051) Dice: 0.7200 (Avg: 0.6738) IoU: 0.5734 (Avg: 0.5393)
Train Epoch: [42][131/138] Total Loss: 0.4771 (Avg: 0.4056) Dice: 0.5955 (Avg: 0.6732) IoU: 0.4858 (Avg: 0.5389)
Train Epoch: [42][132/138] Total Loss: 0.7061 (Avg: 0.4079) Dice: 0.6346 (Avg: 0.6729) IoU: 0.2938 (Avg: 0.5370)
Train Epoch: [42][133/138] Total Loss: 0.3006 (Avg: 0.4071) Dice: 0.7903 (Avg: 0.6738) IoU: 0.6622 (Avg: 0.5379)
Train Epoch: [42][134/138] Total Loss: 0.3392 (Avg: 0.4066) Dice: 0.7471 (Avg: 0.6744) IoU: 0.6164 (Avg: 0.5385)
Train Epoch: [42][135/138] Total Loss: 0.3578 (Avg: 0.4062) Dice: 0.7026 (Avg: 0.6746) IoU: 0.5739 (Avg: 0.5388)
Train Epoch: [42][136/138] Total Loss: 0.5474 (Avg: 0.4073) Dice: 0.4941 (Avg: 0.6733) IoU: 0.3404 (Avg: 0.5373)
Train Epoch: [42][137/138] Total Loss: 0.4331 (Avg: 0.4075) Dice: 0.6403 (Avg: 0.6730) IoU: 0.4822 (Avg: 0.5369)
Train Epoch: [42][138/138] Total Loss: 0.3166 (Avg: 0.4051) Dice: 0.6348 (Avg: 0.6693) IoU: 0.4650 (Avg: 0.5339)
Validation Epoch: [42] Avg Loss: 0.3457 Avg Dice: 0.6010 Avg IoU: 0.4768

========= Epoch [43/50] =========
Train Epoch: [43][1/138] Total Loss: 0.4506 (Avg: 0.4506) Dice: 0.6207 (Avg: 0.6207) IoU: 0.4530 (Avg: 0.4530)
Train Epoch: [43][2/138] Total Loss: 0.3511 (Avg: 0.4009) Dice: 0.7365 (Avg: 0.6786) IoU: 0.5909 (Avg: 0.5219)
Train Epoch: [43][3/138] Total Loss: 0.4392 (Avg: 0.4136) Dice: 0.5978 (Avg: 0.6517) IoU: 0.4450 (Avg: 0.4963)
Train Epoch: [43][4/138] Total Loss: 0.4960 (Avg: 0.4342) Dice: 0.5913 (Avg: 0.6366) IoU: 0.4665 (Avg: 0.4888)
Train Epoch: [43][5/138] Total Loss: 0.3886 (Avg: 0.4251) Dice: 0.6798 (Avg: 0.6452) IoU: 0.5212 (Avg: 0.4953)
Train Epoch: [43][6/138] Total Loss: 0.6000 (Avg: 0.4543) Dice: 0.4617 (Avg: 0.6146) IoU: 0.3211 (Avg: 0.4663)
Train Epoch: [43][7/138] Total Loss: 0.3135 (Avg: 0.4341) Dice: 0.7829 (Avg: 0.6387) IoU: 0.6569 (Avg: 0.4935)
Train Epoch: [43][8/138] Total Loss: 0.3339 (Avg: 0.4216) Dice: 0.7572 (Avg: 0.6535) IoU: 0.6134 (Avg: 0.5085)
Train Epoch: [43][9/138] Total Loss: 0.3976 (Avg: 0.4189) Dice: 0.6846 (Avg: 0.6569) IoU: 0.5297 (Avg: 0.5109)
Train Epoch: [43][10/138] Total Loss: 0.2907 (Avg: 0.4061) Dice: 0.8051 (Avg: 0.6718) IoU: 0.7035 (Avg: 0.5301)
Train Epoch: [43][11/138] Total Loss: 0.5625 (Avg: 0.4203) Dice: 0.5063 (Avg: 0.6567) IoU: 0.3902 (Avg: 0.5174)
Train Epoch: [43][12/138] Total Loss: 0.3052 (Avg: 0.4107) Dice: 0.7970 (Avg: 0.6684) IoU: 0.6668 (Avg: 0.5298)
Train Epoch: [43][13/138] Total Loss: 0.4699 (Avg: 0.4153) Dice: 0.5977 (Avg: 0.6630) IoU: 0.4304 (Avg: 0.5222)
Train Epoch: [43][14/138] Total Loss: 0.3480 (Avg: 0.4105) Dice: 0.7298 (Avg: 0.6677) IoU: 0.5953 (Avg: 0.5274)
Train Epoch: [43][15/138] Total Loss: 0.4894 (Avg: 0.4157) Dice: 0.5990 (Avg: 0.6632) IoU: 0.4885 (Avg: 0.5248)
Train Epoch: [43][16/138] Total Loss: 0.3506 (Avg: 0.4117) Dice: 0.7355 (Avg: 0.6677) IoU: 0.5952 (Avg: 0.5292)
Train Epoch: [43][17/138] Total Loss: 0.2793 (Avg: 0.4039) Dice: 0.8064 (Avg: 0.6758) IoU: 0.6834 (Avg: 0.5383)
Train Epoch: [43][18/138] Total Loss: 0.3271 (Avg: 0.3996) Dice: 0.7607 (Avg: 0.6806) IoU: 0.6143 (Avg: 0.5425)
Train Epoch: [43][19/138] Total Loss: 0.2880 (Avg: 0.3937) Dice: 0.7987 (Avg: 0.6868) IoU: 0.6721 (Avg: 0.5493)
Train Epoch: [43][20/138] Total Loss: 0.6117 (Avg: 0.4046) Dice: 0.4784 (Avg: 0.6764) IoU: 0.3630 (Avg: 0.5400)
Train Epoch: [43][21/138] Total Loss: 0.3214 (Avg: 0.4007) Dice: 0.7627 (Avg: 0.6805) IoU: 0.6293 (Avg: 0.5443)
Train Epoch: [43][22/138] Total Loss: 0.3315 (Avg: 0.3975) Dice: 0.7369 (Avg: 0.6830) IoU: 0.5912 (Avg: 0.5464)
Train Epoch: [43][23/138] Total Loss: 0.4345 (Avg: 0.3991) Dice: 0.6639 (Avg: 0.6822) IoU: 0.5164 (Avg: 0.5451)
Train Epoch: [43][24/138] Total Loss: 0.3673 (Avg: 0.3978) Dice: 0.7033 (Avg: 0.6831) IoU: 0.5575 (Avg: 0.5456)
Train Epoch: [43][25/138] Total Loss: 0.3390 (Avg: 0.3955) Dice: 0.7458 (Avg: 0.6856) IoU: 0.6120 (Avg: 0.5483)
Train Epoch: [43][26/138] Total Loss: 0.4735 (Avg: 0.3985) Dice: 0.5791 (Avg: 0.6815) IoU: 0.4398 (Avg: 0.5441)
Train Epoch: [43][27/138] Total Loss: 0.4143 (Avg: 0.3991) Dice: 0.6583 (Avg: 0.6806) IoU: 0.5061 (Avg: 0.5427)
Train Epoch: [43][28/138] Total Loss: 0.4170 (Avg: 0.3997) Dice: 0.6469 (Avg: 0.6794) IoU: 0.4843 (Avg: 0.5406)
Train Epoch: [43][29/138] Total Loss: 0.2989 (Avg: 0.3962) Dice: 0.7877 (Avg: 0.6832) IoU: 0.6559 (Avg: 0.5446)
Train Epoch: [43][30/138] Total Loss: 0.2350 (Avg: 0.3908) Dice: 0.8649 (Avg: 0.6892) IoU: 0.7633 (Avg: 0.5519)
Train Epoch: [43][31/138] Total Loss: 0.5610 (Avg: 0.3963) Dice: 0.4871 (Avg: 0.6827) IoU: 0.3527 (Avg: 0.5454)
Train Epoch: [43][32/138] Total Loss: 0.4155 (Avg: 0.3969) Dice: 0.6612 (Avg: 0.6820) IoU: 0.5058 (Avg: 0.5442)
Train Epoch: [43][33/138] Total Loss: 0.5208 (Avg: 0.4007) Dice: 0.5317 (Avg: 0.6775) IoU: 0.3808 (Avg: 0.5393)
Train Epoch: [43][34/138] Total Loss: 0.3209 (Avg: 0.3983) Dice: 0.7634 (Avg: 0.6800) IoU: 0.6253 (Avg: 0.5418)
Train Epoch: [43][35/138] Total Loss: 0.4793 (Avg: 0.4007) Dice: 0.5978 (Avg: 0.6777) IoU: 0.4737 (Avg: 0.5398)
Train Epoch: [43][36/138] Total Loss: 0.4761 (Avg: 0.4027) Dice: 0.6008 (Avg: 0.6755) IoU: 0.4477 (Avg: 0.5373)
Train Epoch: [43][37/138] Total Loss: 0.5583 (Avg: 0.4070) Dice: 0.5030 (Avg: 0.6709) IoU: 0.3518 (Avg: 0.5323)
Train Epoch: [43][38/138] Total Loss: 0.4176 (Avg: 0.4072) Dice: 0.6418 (Avg: 0.6701) IoU: 0.4866 (Avg: 0.5311)
Train Epoch: [43][39/138] Total Loss: 0.5051 (Avg: 0.4097) Dice: 0.5526 (Avg: 0.6671) IoU: 0.4682 (Avg: 0.5295)
Train Epoch: [43][40/138] Total Loss: 0.3232 (Avg: 0.4076) Dice: 0.7665 (Avg: 0.6696) IoU: 0.6286 (Avg: 0.5319)
Train Epoch: [43][41/138] Total Loss: 0.4100 (Avg: 0.4076) Dice: 0.6586 (Avg: 0.6693) IoU: 0.5187 (Avg: 0.5316)
Train Epoch: [43][42/138] Total Loss: 0.4908 (Avg: 0.4096) Dice: 0.5905 (Avg: 0.6674) IoU: 0.4344 (Avg: 0.5293)
Train Epoch: [43][43/138] Total Loss: 0.3767 (Avg: 0.4089) Dice: 0.7100 (Avg: 0.6684) IoU: 0.5662 (Avg: 0.5302)
Train Epoch: [43][44/138] Total Loss: 0.3011 (Avg: 0.4064) Dice: 0.8032 (Avg: 0.6715) IoU: 0.6953 (Avg: 0.5339)
Train Epoch: [43][45/138] Total Loss: 0.2949 (Avg: 0.4039) Dice: 0.7913 (Avg: 0.6741) IoU: 0.6696 (Avg: 0.5369)
Train Epoch: [43][46/138] Total Loss: 0.3292 (Avg: 0.4023) Dice: 0.7480 (Avg: 0.6757) IoU: 0.5984 (Avg: 0.5383)
Train Epoch: [43][47/138] Total Loss: 0.3405 (Avg: 0.4010) Dice: 0.7279 (Avg: 0.6769) IoU: 0.5801 (Avg: 0.5391)
Train Epoch: [43][48/138] Total Loss: 0.2973 (Avg: 0.3988) Dice: 0.7582 (Avg: 0.6786) IoU: 0.6329 (Avg: 0.5411)
Train Epoch: [43][49/138] Total Loss: 0.2512 (Avg: 0.3958) Dice: 0.8534 (Avg: 0.6821) IoU: 0.7486 (Avg: 0.5453)
Train Epoch: [43][50/138] Total Loss: 0.6079 (Avg: 0.4001) Dice: 0.4752 (Avg: 0.6780) IoU: 0.3487 (Avg: 0.5414)
Train Epoch: [43][51/138] Total Loss: 0.4099 (Avg: 0.4003) Dice: 0.6720 (Avg: 0.6779) IoU: 0.5186 (Avg: 0.5410)
Train Epoch: [43][52/138] Total Loss: 0.3194 (Avg: 0.3987) Dice: 0.7604 (Avg: 0.6795) IoU: 0.6227 (Avg: 0.5425)
Train Epoch: [43][53/138] Total Loss: 0.5703 (Avg: 0.4019) Dice: 0.4818 (Avg: 0.6757) IoU: 0.3690 (Avg: 0.5393)
Train Epoch: [43][54/138] Total Loss: 0.4604 (Avg: 0.4030) Dice: 0.6037 (Avg: 0.6744) IoU: 0.4623 (Avg: 0.5378)
Train Epoch: [43][55/138] Total Loss: 0.3444 (Avg: 0.4019) Dice: 0.7304 (Avg: 0.6754) IoU: 0.5871 (Avg: 0.5387)
Train Epoch: [43][56/138] Total Loss: 0.3426 (Avg: 0.4009) Dice: 0.7124 (Avg: 0.6761) IoU: 0.5675 (Avg: 0.5392)
Train Epoch: [43][57/138] Total Loss: 0.5088 (Avg: 0.4028) Dice: 0.5694 (Avg: 0.6742) IoU: 0.4228 (Avg: 0.5372)
Train Epoch: [43][58/138] Total Loss: 0.2769 (Avg: 0.4006) Dice: 0.8184 (Avg: 0.6767) IoU: 0.6996 (Avg: 0.5400)
Train Epoch: [43][59/138] Total Loss: 0.2868 (Avg: 0.3987) Dice: 0.7987 (Avg: 0.6787) IoU: 0.6725 (Avg: 0.5422)
Train Epoch: [43][60/138] Total Loss: 0.3661 (Avg: 0.3981) Dice: 0.6844 (Avg: 0.6788) IoU: 0.5255 (Avg: 0.5420)
Train Epoch: [43][61/138] Total Loss: 0.3731 (Avg: 0.3977) Dice: 0.7057 (Avg: 0.6793) IoU: 0.5497 (Avg: 0.5421)
Train Epoch: [43][62/138] Total Loss: 0.4666 (Avg: 0.3988) Dice: 0.5974 (Avg: 0.6780) IoU: 0.4606 (Avg: 0.5408)
Train Epoch: [43][63/138] Total Loss: 0.4029 (Avg: 0.3989) Dice: 0.6747 (Avg: 0.6779) IoU: 0.5173 (Avg: 0.5404)
Train Epoch: [43][64/138] Total Loss: 0.3666 (Avg: 0.3984) Dice: 0.7224 (Avg: 0.6786) IoU: 0.5738 (Avg: 0.5409)
Train Epoch: [43][65/138] Total Loss: 0.4259 (Avg: 0.3988) Dice: 0.6479 (Avg: 0.6781) IoU: 0.4813 (Avg: 0.5400)
Train Epoch: [43][66/138] Total Loss: 0.3272 (Avg: 0.3977) Dice: 0.7677 (Avg: 0.6795) IoU: 0.6305 (Avg: 0.5414)
Train Epoch: [43][67/138] Total Loss: 0.3468 (Avg: 0.3970) Dice: 0.7363 (Avg: 0.6803) IoU: 0.5993 (Avg: 0.5422)
Train Epoch: [43][68/138] Total Loss: 0.4902 (Avg: 0.3984) Dice: 0.5900 (Avg: 0.6790) IoU: 0.4490 (Avg: 0.5409)
Train Epoch: [43][69/138] Total Loss: 0.4709 (Avg: 0.3994) Dice: 0.5839 (Avg: 0.6776) IoU: 0.4921 (Avg: 0.5402)
Train Epoch: [43][70/138] Total Loss: 0.4254 (Avg: 0.3998) Dice: 0.6184 (Avg: 0.6768) IoU: 0.4536 (Avg: 0.5389)
Train Epoch: [43][71/138] Total Loss: 0.3740 (Avg: 0.3994) Dice: 0.7263 (Avg: 0.6775) IoU: 0.5976 (Avg: 0.5398)
Train Epoch: [43][72/138] Total Loss: 0.2533 (Avg: 0.3974) Dice: 0.8607 (Avg: 0.6800) IoU: 0.7594 (Avg: 0.5428)
Train Epoch: [43][73/138] Total Loss: 0.4645 (Avg: 0.3983) Dice: 0.6156 (Avg: 0.6791) IoU: 0.4622 (Avg: 0.5417)
Train Epoch: [43][74/138] Total Loss: 0.2973 (Avg: 0.3969) Dice: 0.8216 (Avg: 0.6811) IoU: 0.7066 (Avg: 0.5439)
Train Epoch: [43][75/138] Total Loss: 0.3075 (Avg: 0.3957) Dice: 0.7745 (Avg: 0.6823) IoU: 0.6417 (Avg: 0.5452)
Train Epoch: [43][76/138] Total Loss: 0.3226 (Avg: 0.3948) Dice: 0.7152 (Avg: 0.6827) IoU: 0.5846 (Avg: 0.5458)
Train Epoch: [43][77/138] Total Loss: 0.3260 (Avg: 0.3939) Dice: 0.7549 (Avg: 0.6837) IoU: 0.6197 (Avg: 0.5467)
Train Epoch: [43][78/138] Total Loss: 0.6258 (Avg: 0.3969) Dice: 0.4452 (Avg: 0.6806) IoU: 0.3134 (Avg: 0.5437)
Train Epoch: [43][79/138] Total Loss: 0.2492 (Avg: 0.3950) Dice: 0.8375 (Avg: 0.6826) IoU: 0.7212 (Avg: 0.5460)
Train Epoch: [43][80/138] Total Loss: 0.5433 (Avg: 0.3968) Dice: 0.4674 (Avg: 0.6799) IoU: 0.3676 (Avg: 0.5437)
Train Epoch: [43][81/138] Total Loss: 0.3612 (Avg: 0.3964) Dice: 0.7146 (Avg: 0.6804) IoU: 0.5885 (Avg: 0.5443)
Train Epoch: [43][82/138] Total Loss: 0.5848 (Avg: 0.3987) Dice: 0.5050 (Avg: 0.6782) IoU: 0.3813 (Avg: 0.5423)
Train Epoch: [43][83/138] Total Loss: 0.6061 (Avg: 0.4012) Dice: 0.4517 (Avg: 0.6755) IoU: 0.3193 (Avg: 0.5396)
Train Epoch: [43][84/138] Total Loss: 0.3396 (Avg: 0.4005) Dice: 0.7392 (Avg: 0.6762) IoU: 0.5914 (Avg: 0.5402)
Train Epoch: [43][85/138] Total Loss: 0.4273 (Avg: 0.4008) Dice: 0.6500 (Avg: 0.6759) IoU: 0.4926 (Avg: 0.5397)
Train Epoch: [43][86/138] Total Loss: 0.2519 (Avg: 0.3991) Dice: 0.8406 (Avg: 0.6778) IoU: 0.7271 (Avg: 0.5418)
Train Epoch: [43][87/138] Total Loss: 0.6250 (Avg: 0.4017) Dice: 0.5104 (Avg: 0.6759) IoU: 0.3973 (Avg: 0.5402)
Train Epoch: [43][88/138] Total Loss: 0.2449 (Avg: 0.3999) Dice: 0.8374 (Avg: 0.6778) IoU: 0.7263 (Avg: 0.5423)
Train Epoch: [43][89/138] Total Loss: 0.3226 (Avg: 0.3990) Dice: 0.7426 (Avg: 0.6785) IoU: 0.5983 (Avg: 0.5429)
Train Epoch: [43][90/138] Total Loss: 0.3866 (Avg: 0.3989) Dice: 0.6893 (Avg: 0.6786) IoU: 0.5539 (Avg: 0.5431)
Train Epoch: [43][91/138] Total Loss: 0.4139 (Avg: 0.3990) Dice: 0.6515 (Avg: 0.6783) IoU: 0.4983 (Avg: 0.5426)
Train Epoch: [43][92/138] Total Loss: 0.3530 (Avg: 0.3985) Dice: 0.7489 (Avg: 0.6791) IoU: 0.6082 (Avg: 0.5433)
Train Epoch: [43][93/138] Total Loss: 0.3044 (Avg: 0.3975) Dice: 0.7735 (Avg: 0.6801) IoU: 0.6409 (Avg: 0.5443)
Train Epoch: [43][94/138] Total Loss: 0.2941 (Avg: 0.3964) Dice: 0.7844 (Avg: 0.6812) IoU: 0.6584 (Avg: 0.5455)
Train Epoch: [43][95/138] Total Loss: 0.3642 (Avg: 0.3961) Dice: 0.7140 (Avg: 0.6815) IoU: 0.5699 (Avg: 0.5458)
Train Epoch: [43][96/138] Total Loss: 0.2551 (Avg: 0.3946) Dice: 0.8399 (Avg: 0.6832) IoU: 0.7278 (Avg: 0.5477)
Train Epoch: [43][97/138] Total Loss: 0.3435 (Avg: 0.3941) Dice: 0.7487 (Avg: 0.6839) IoU: 0.6014 (Avg: 0.5482)
Train Epoch: [43][98/138] Total Loss: 0.3928 (Avg: 0.3941) Dice: 0.6930 (Avg: 0.6840) IoU: 0.5498 (Avg: 0.5483)
Train Epoch: [43][99/138] Total Loss: 0.5501 (Avg: 0.3956) Dice: 0.5328 (Avg: 0.6824) IoU: 0.3927 (Avg: 0.5467)
Train Epoch: [43][100/138] Total Loss: 0.3869 (Avg: 0.3956) Dice: 0.7106 (Avg: 0.6827) IoU: 0.5715 (Avg: 0.5469)
Train Epoch: [43][101/138] Total Loss: 0.6134 (Avg: 0.3977) Dice: 0.4582 (Avg: 0.6805) IoU: 0.3226 (Avg: 0.5447)
Train Epoch: [43][102/138] Total Loss: 0.4909 (Avg: 0.3986) Dice: 0.5809 (Avg: 0.6795) IoU: 0.4568 (Avg: 0.5439)
Train Epoch: [43][103/138] Total Loss: 0.4953 (Avg: 0.3996) Dice: 0.6029 (Avg: 0.6788) IoU: 0.5096 (Avg: 0.5435)
Train Epoch: [43][104/138] Total Loss: 0.4408 (Avg: 0.4000) Dice: 0.6396 (Avg: 0.6784) IoU: 0.4982 (Avg: 0.5431)
Train Epoch: [43][105/138] Total Loss: 0.4108 (Avg: 0.4001) Dice: 0.6693 (Avg: 0.6783) IoU: 0.5245 (Avg: 0.5429)
Train Epoch: [43][106/138] Total Loss: 0.3384 (Avg: 0.3995) Dice: 0.7536 (Avg: 0.6790) IoU: 0.6116 (Avg: 0.5436)
Train Epoch: [43][107/138] Total Loss: 0.5386 (Avg: 0.4008) Dice: 0.5243 (Avg: 0.6776) IoU: 0.4010 (Avg: 0.5422)
Train Epoch: [43][108/138] Total Loss: 0.4595 (Avg: 0.4013) Dice: 0.6042 (Avg: 0.6769) IoU: 0.4542 (Avg: 0.5414)
Train Epoch: [43][109/138] Total Loss: 0.2657 (Avg: 0.4001) Dice: 0.8272 (Avg: 0.6783) IoU: 0.7102 (Avg: 0.5430)
Train Epoch: [43][110/138] Total Loss: 0.5845 (Avg: 0.4018) Dice: 0.4931 (Avg: 0.6766) IoU: 0.3768 (Avg: 0.5414)
Train Epoch: [43][111/138] Total Loss: 0.5299 (Avg: 0.4029) Dice: 0.5388 (Avg: 0.6754) IoU: 0.3759 (Avg: 0.5400)
Train Epoch: [43][112/138] Total Loss: 0.3239 (Avg: 0.4022) Dice: 0.7520 (Avg: 0.6760) IoU: 0.6079 (Avg: 0.5406)
Train Epoch: [43][113/138] Total Loss: 0.4785 (Avg: 0.4029) Dice: 0.5959 (Avg: 0.6753) IoU: 0.4469 (Avg: 0.5397)
Train Epoch: [43][114/138] Total Loss: 0.4995 (Avg: 0.4037) Dice: 0.6256 (Avg: 0.6749) IoU: 0.4682 (Avg: 0.5391)
Train Epoch: [43][115/138] Total Loss: 0.3013 (Avg: 0.4028) Dice: 0.7828 (Avg: 0.6758) IoU: 0.6621 (Avg: 0.5402)
Train Epoch: [43][116/138] Total Loss: 0.5569 (Avg: 0.4042) Dice: 0.5323 (Avg: 0.6746) IoU: 0.4306 (Avg: 0.5392)
Train Epoch: [43][117/138] Total Loss: 0.5019 (Avg: 0.4050) Dice: 0.5746 (Avg: 0.6737) IoU: 0.4535 (Avg: 0.5385)
Train Epoch: [43][118/138] Total Loss: 0.4927 (Avg: 0.4057) Dice: 0.5797 (Avg: 0.6729) IoU: 0.4410 (Avg: 0.5377)
Train Epoch: [43][119/138] Total Loss: 0.3672 (Avg: 0.4054) Dice: 0.7258 (Avg: 0.6734) IoU: 0.6028 (Avg: 0.5382)
Train Epoch: [43][120/138] Total Loss: 0.3530 (Avg: 0.4050) Dice: 0.7001 (Avg: 0.6736) IoU: 0.5441 (Avg: 0.5383)
Train Epoch: [43][121/138] Total Loss: 0.2502 (Avg: 0.4037) Dice: 0.8485 (Avg: 0.6751) IoU: 0.7374 (Avg: 0.5399)
Train Epoch: [43][122/138] Total Loss: 0.3750 (Avg: 0.4035) Dice: 0.7099 (Avg: 0.6753) IoU: 0.5550 (Avg: 0.5400)
Train Epoch: [43][123/138] Total Loss: 0.6728 (Avg: 0.4057) Dice: 0.4098 (Avg: 0.6732) IoU: 0.2995 (Avg: 0.5381)
Train Epoch: [43][124/138] Total Loss: 0.4318 (Avg: 0.4059) Dice: 0.6360 (Avg: 0.6729) IoU: 0.4797 (Avg: 0.5376)
Train Epoch: [43][125/138] Total Loss: 0.3402 (Avg: 0.4053) Dice: 0.7330 (Avg: 0.6734) IoU: 0.5846 (Avg: 0.5380)
Train Epoch: [43][126/138] Total Loss: 0.4553 (Avg: 0.4057) Dice: 0.6178 (Avg: 0.6729) IoU: 0.4482 (Avg: 0.5373)
Train Epoch: [43][127/138] Total Loss: 0.4374 (Avg: 0.4060) Dice: 0.6581 (Avg: 0.6728) IoU: 0.5393 (Avg: 0.5373)
Train Epoch: [43][128/138] Total Loss: 0.3125 (Avg: 0.4053) Dice: 0.7790 (Avg: 0.6736) IoU: 0.6560 (Avg: 0.5382)
Train Epoch: [43][129/138] Total Loss: 0.3468 (Avg: 0.4048) Dice: 0.7333 (Avg: 0.6741) IoU: 0.5821 (Avg: 0.5386)
Train Epoch: [43][130/138] Total Loss: 0.5309 (Avg: 0.4058) Dice: 0.5428 (Avg: 0.6731) IoU: 0.3841 (Avg: 0.5374)
Train Epoch: [43][131/138] Total Loss: 0.3621 (Avg: 0.4054) Dice: 0.7378 (Avg: 0.6736) IoU: 0.5953 (Avg: 0.5378)
Train Epoch: [43][132/138] Total Loss: 0.3855 (Avg: 0.4053) Dice: 0.6945 (Avg: 0.6737) IoU: 0.5416 (Avg: 0.5378)
Train Epoch: [43][133/138] Total Loss: 0.3062 (Avg: 0.4046) Dice: 0.7729 (Avg: 0.6745) IoU: 0.6387 (Avg: 0.5386)
Train Epoch: [43][134/138] Total Loss: 0.4240 (Avg: 0.4047) Dice: 0.6534 (Avg: 0.6743) IoU: 0.5527 (Avg: 0.5387)
Train Epoch: [43][135/138] Total Loss: 0.5874 (Avg: 0.4060) Dice: 0.4744 (Avg: 0.6728) IoU: 0.3291 (Avg: 0.5372)
Train Epoch: [43][136/138] Total Loss: 0.2706 (Avg: 0.4051) Dice: 0.8262 (Avg: 0.6740) IoU: 0.7067 (Avg: 0.5384)
Train Epoch: [43][137/138] Total Loss: 0.4222 (Avg: 0.4052) Dice: 0.6527 (Avg: 0.6738) IoU: 0.4957 (Avg: 0.5381)
Train Epoch: [43][138/138] Total Loss: 0.8326 (Avg: 0.4038) Dice: 0.1343 (Avg: 0.6692) IoU: 0.0720 (Avg: 0.5343)
Validation Epoch: [43] Avg Loss: 0.3525 Avg Dice: 0.5938 Avg IoU: 0.4652

========= Epoch [44/50] =========
Train Epoch: [44][1/138] Total Loss: 0.3490 (Avg: 0.3490) Dice: 0.7336 (Avg: 0.7336) IoU: 0.5904 (Avg: 0.5904)
Train Epoch: [44][2/138] Total Loss: 0.3208 (Avg: 0.3349) Dice: 0.7826 (Avg: 0.7581) IoU: 0.6533 (Avg: 0.6219)
Train Epoch: [44][3/138] Total Loss: 0.3962 (Avg: 0.3553) Dice: 0.6802 (Avg: 0.7321) IoU: 0.5480 (Avg: 0.5973)
Train Epoch: [44][4/138] Total Loss: 0.5142 (Avg: 0.3951) Dice: 0.5882 (Avg: 0.6961) IoU: 0.4855 (Avg: 0.5693)
Train Epoch: [44][5/138] Total Loss: 0.6422 (Avg: 0.4445) Dice: 0.4314 (Avg: 0.6432) IoU: 0.3123 (Avg: 0.5179)
Train Epoch: [44][6/138] Total Loss: 0.3250 (Avg: 0.4246) Dice: 0.7354 (Avg: 0.6585) IoU: 0.5993 (Avg: 0.5315)
Train Epoch: [44][7/138] Total Loss: 0.3821 (Avg: 0.4185) Dice: 0.6870 (Avg: 0.6626) IoU: 0.5564 (Avg: 0.5350)
Train Epoch: [44][8/138] Total Loss: 0.3183 (Avg: 0.4060) Dice: 0.7713 (Avg: 0.6762) IoU: 0.6418 (Avg: 0.5484)
Train Epoch: [44][9/138] Total Loss: 0.2577 (Avg: 0.3895) Dice: 0.8187 (Avg: 0.6920) IoU: 0.6978 (Avg: 0.5650)
Train Epoch: [44][10/138] Total Loss: 0.6490 (Avg: 0.4154) Dice: 0.3666 (Avg: 0.6595) IoU: 0.2904 (Avg: 0.5375)
Train Epoch: [44][11/138] Total Loss: 0.4296 (Avg: 0.4167) Dice: 0.6501 (Avg: 0.6586) IoU: 0.4856 (Avg: 0.5328)
Train Epoch: [44][12/138] Total Loss: 0.6731 (Avg: 0.4381) Dice: 0.3366 (Avg: 0.6318) IoU: 0.2702 (Avg: 0.5109)
Train Epoch: [44][13/138] Total Loss: 0.3575 (Avg: 0.4319) Dice: 0.7824 (Avg: 0.6434) IoU: 0.6478 (Avg: 0.5214)
Train Epoch: [44][14/138] Total Loss: 0.4748 (Avg: 0.4350) Dice: 0.6049 (Avg: 0.6406) IoU: 0.4745 (Avg: 0.5181)
Train Epoch: [44][15/138] Total Loss: 0.3356 (Avg: 0.4283) Dice: 0.7469 (Avg: 0.6477) IoU: 0.6074 (Avg: 0.5240)
Train Epoch: [44][16/138] Total Loss: 0.4203 (Avg: 0.4278) Dice: 0.7005 (Avg: 0.6510) IoU: 0.5443 (Avg: 0.5253)
Train Epoch: [44][17/138] Total Loss: 0.2575 (Avg: 0.4178) Dice: 0.8366 (Avg: 0.6619) IoU: 0.7234 (Avg: 0.5370)
Train Epoch: [44][18/138] Total Loss: 0.4789 (Avg: 0.4212) Dice: 0.5979 (Avg: 0.6584) IoU: 0.4554 (Avg: 0.5324)
Train Epoch: [44][19/138] Total Loss: 0.4291 (Avg: 0.4216) Dice: 0.6199 (Avg: 0.6563) IoU: 0.4647 (Avg: 0.5289)
Train Epoch: [44][20/138] Total Loss: 0.4243 (Avg: 0.4218) Dice: 0.7012 (Avg: 0.6586) IoU: 0.5594 (Avg: 0.5304)
Train Epoch: [44][21/138] Total Loss: 0.5227 (Avg: 0.4266) Dice: 0.5155 (Avg: 0.6518) IoU: 0.3621 (Avg: 0.5224)
Train Epoch: [44][22/138] Total Loss: 0.4069 (Avg: 0.4257) Dice: 0.6723 (Avg: 0.6527) IoU: 0.5286 (Avg: 0.5227)
Train Epoch: [44][23/138] Total Loss: 0.5066 (Avg: 0.4292) Dice: 0.5746 (Avg: 0.6493) IoU: 0.4787 (Avg: 0.5208)
Train Epoch: [44][24/138] Total Loss: 0.5479 (Avg: 0.4341) Dice: 0.5200 (Avg: 0.6439) IoU: 0.4078 (Avg: 0.5161)
Train Epoch: [44][25/138] Total Loss: 0.4913 (Avg: 0.4364) Dice: 0.5529 (Avg: 0.6403) IoU: 0.3935 (Avg: 0.5112)
Train Epoch: [44][26/138] Total Loss: 0.6039 (Avg: 0.4429) Dice: 0.4773 (Avg: 0.6340) IoU: 0.3749 (Avg: 0.5059)
Train Epoch: [44][27/138] Total Loss: 0.4676 (Avg: 0.4438) Dice: 0.5928 (Avg: 0.6325) IoU: 0.4614 (Avg: 0.5043)
Train Epoch: [44][28/138] Total Loss: 0.3762 (Avg: 0.4414) Dice: 0.6915 (Avg: 0.6346) IoU: 0.5341 (Avg: 0.5053)
Train Epoch: [44][29/138] Total Loss: 0.3456 (Avg: 0.4381) Dice: 0.7113 (Avg: 0.6372) IoU: 0.5728 (Avg: 0.5077)
Train Epoch: [44][30/138] Total Loss: 0.5041 (Avg: 0.4403) Dice: 0.5785 (Avg: 0.6353) IoU: 0.4819 (Avg: 0.5068)
Train Epoch: [44][31/138] Total Loss: 0.4613 (Avg: 0.4409) Dice: 0.6009 (Avg: 0.6342) IoU: 0.4669 (Avg: 0.5055)
Train Epoch: [44][32/138] Total Loss: 0.3938 (Avg: 0.4395) Dice: 0.6795 (Avg: 0.6356) IoU: 0.5285 (Avg: 0.5062)
Train Epoch: [44][33/138] Total Loss: 0.4629 (Avg: 0.4402) Dice: 0.6309 (Avg: 0.6354) IoU: 0.5144 (Avg: 0.5065)
Train Epoch: [44][34/138] Total Loss: 0.4205 (Avg: 0.4396) Dice: 0.6465 (Avg: 0.6358) IoU: 0.4959 (Avg: 0.5062)
Train Epoch: [44][35/138] Total Loss: 0.3009 (Avg: 0.4356) Dice: 0.7846 (Avg: 0.6400) IoU: 0.6497 (Avg: 0.5103)
Train Epoch: [44][36/138] Total Loss: 0.3179 (Avg: 0.4324) Dice: 0.7995 (Avg: 0.6445) IoU: 0.6690 (Avg: 0.5147)
Train Epoch: [44][37/138] Total Loss: 0.3590 (Avg: 0.4304) Dice: 0.7233 (Avg: 0.6466) IoU: 0.5900 (Avg: 0.5167)
Train Epoch: [44][38/138] Total Loss: 0.3604 (Avg: 0.4285) Dice: 0.7318 (Avg: 0.6488) IoU: 0.5917 (Avg: 0.5187)
Train Epoch: [44][39/138] Total Loss: 0.3519 (Avg: 0.4266) Dice: 0.7146 (Avg: 0.6505) IoU: 0.5794 (Avg: 0.5202)
Train Epoch: [44][40/138] Total Loss: 0.3906 (Avg: 0.4257) Dice: 0.6501 (Avg: 0.6505) IoU: 0.5775 (Avg: 0.5217)
Train Epoch: [44][41/138] Total Loss: 0.4004 (Avg: 0.4251) Dice: 0.6774 (Avg: 0.6512) IoU: 0.5362 (Avg: 0.5220)
Train Epoch: [44][42/138] Total Loss: 0.2604 (Avg: 0.4211) Dice: 0.8305 (Avg: 0.6554) IoU: 0.7137 (Avg: 0.5266)
Train Epoch: [44][43/138] Total Loss: 0.4241 (Avg: 0.4212) Dice: 0.6571 (Avg: 0.6555) IoU: 0.5069 (Avg: 0.5261)
Train Epoch: [44][44/138] Total Loss: 0.2946 (Avg: 0.4183) Dice: 0.7826 (Avg: 0.6584) IoU: 0.6499 (Avg: 0.5289)
Train Epoch: [44][45/138] Total Loss: 0.3346 (Avg: 0.4165) Dice: 0.7378 (Avg: 0.6601) IoU: 0.6006 (Avg: 0.5305)
Train Epoch: [44][46/138] Total Loss: 0.3688 (Avg: 0.4154) Dice: 0.7115 (Avg: 0.6612) IoU: 0.5683 (Avg: 0.5314)
Train Epoch: [44][47/138] Total Loss: 0.2881 (Avg: 0.4127) Dice: 0.7983 (Avg: 0.6642) IoU: 0.6681 (Avg: 0.5343)
Train Epoch: [44][48/138] Total Loss: 0.5908 (Avg: 0.4164) Dice: 0.4678 (Avg: 0.6601) IoU: 0.3363 (Avg: 0.5301)
Train Epoch: [44][49/138] Total Loss: 0.4591 (Avg: 0.4173) Dice: 0.6319 (Avg: 0.6595) IoU: 0.4867 (Avg: 0.5293)
Train Epoch: [44][50/138] Total Loss: 0.2707 (Avg: 0.4144) Dice: 0.8287 (Avg: 0.6629) IoU: 0.7134 (Avg: 0.5329)
Train Epoch: [44][51/138] Total Loss: 0.4508 (Avg: 0.4151) Dice: 0.6194 (Avg: 0.6620) IoU: 0.4642 (Avg: 0.5316)
Train Epoch: [44][52/138] Total Loss: 0.2727 (Avg: 0.4123) Dice: 0.8248 (Avg: 0.6651) IoU: 0.7081 (Avg: 0.5350)
Train Epoch: [44][53/138] Total Loss: 0.3301 (Avg: 0.4108) Dice: 0.7575 (Avg: 0.6669) IoU: 0.6276 (Avg: 0.5367)
Train Epoch: [44][54/138] Total Loss: 0.3585 (Avg: 0.4098) Dice: 0.7168 (Avg: 0.6678) IoU: 0.5675 (Avg: 0.5373)
Train Epoch: [44][55/138] Total Loss: 0.3985 (Avg: 0.4096) Dice: 0.6826 (Avg: 0.6681) IoU: 0.5441 (Avg: 0.5374)
Train Epoch: [44][56/138] Total Loss: 0.3947 (Avg: 0.4094) Dice: 0.6772 (Avg: 0.6682) IoU: 0.5258 (Avg: 0.5372)
Train Epoch: [44][57/138] Total Loss: 0.2859 (Avg: 0.4072) Dice: 0.8109 (Avg: 0.6707) IoU: 0.6911 (Avg: 0.5399)
Train Epoch: [44][58/138] Total Loss: 0.2715 (Avg: 0.4048) Dice: 0.8068 (Avg: 0.6731) IoU: 0.6781 (Avg: 0.5423)
Train Epoch: [44][59/138] Total Loss: 0.5814 (Avg: 0.4078) Dice: 0.4866 (Avg: 0.6699) IoU: 0.3579 (Avg: 0.5392)
Train Epoch: [44][60/138] Total Loss: 0.5229 (Avg: 0.4098) Dice: 0.5589 (Avg: 0.6681) IoU: 0.4353 (Avg: 0.5374)
Train Epoch: [44][61/138] Total Loss: 0.4771 (Avg: 0.4109) Dice: 0.6229 (Avg: 0.6673) IoU: 0.5119 (Avg: 0.5370)
Train Epoch: [44][62/138] Total Loss: 0.3308 (Avg: 0.4096) Dice: 0.7478 (Avg: 0.6686) IoU: 0.6151 (Avg: 0.5383)
Train Epoch: [44][63/138] Total Loss: 0.3779 (Avg: 0.4091) Dice: 0.6917 (Avg: 0.6690) IoU: 0.5334 (Avg: 0.5382)
Train Epoch: [44][64/138] Total Loss: 0.4008 (Avg: 0.4089) Dice: 0.6922 (Avg: 0.6694) IoU: 0.5363 (Avg: 0.5382)
Train Epoch: [44][65/138] Total Loss: 0.6318 (Avg: 0.4124) Dice: 0.4456 (Avg: 0.6659) IoU: 0.2969 (Avg: 0.5345)
Train Epoch: [44][66/138] Total Loss: 0.4282 (Avg: 0.4126) Dice: 0.6648 (Avg: 0.6659) IoU: 0.5212 (Avg: 0.5343)
Train Epoch: [44][67/138] Total Loss: 0.3638 (Avg: 0.4119) Dice: 0.7125 (Avg: 0.6666) IoU: 0.5646 (Avg: 0.5347)
Train Epoch: [44][68/138] Total Loss: 0.4910 (Avg: 0.4130) Dice: 0.5725 (Avg: 0.6652) IoU: 0.4413 (Avg: 0.5333)
Train Epoch: [44][69/138] Total Loss: 0.3856 (Avg: 0.4126) Dice: 0.6947 (Avg: 0.6656) IoU: 0.5740 (Avg: 0.5339)
Train Epoch: [44][70/138] Total Loss: 0.3141 (Avg: 0.4112) Dice: 0.7664 (Avg: 0.6671) IoU: 0.6332 (Avg: 0.5354)
Train Epoch: [44][71/138] Total Loss: 0.3827 (Avg: 0.4108) Dice: 0.7004 (Avg: 0.6676) IoU: 0.5424 (Avg: 0.5355)
Train Epoch: [44][72/138] Total Loss: 0.3199 (Avg: 0.4096) Dice: 0.7717 (Avg: 0.6690) IoU: 0.6358 (Avg: 0.5368)
Train Epoch: [44][73/138] Total Loss: 0.4931 (Avg: 0.4107) Dice: 0.5449 (Avg: 0.6673) IoU: 0.3880 (Avg: 0.5348)
Train Epoch: [44][74/138] Total Loss: 0.3475 (Avg: 0.4099) Dice: 0.7370 (Avg: 0.6682) IoU: 0.5916 (Avg: 0.5356)
Train Epoch: [44][75/138] Total Loss: 0.2504 (Avg: 0.4077) Dice: 0.8451 (Avg: 0.6706) IoU: 0.7349 (Avg: 0.5382)
Train Epoch: [44][76/138] Total Loss: 0.3938 (Avg: 0.4076) Dice: 0.6737 (Avg: 0.6706) IoU: 0.5219 (Avg: 0.5380)
Train Epoch: [44][77/138] Total Loss: 0.5713 (Avg: 0.4097) Dice: 0.4780 (Avg: 0.6681) IoU: 0.3702 (Avg: 0.5358)
Train Epoch: [44][78/138] Total Loss: 0.6014 (Avg: 0.4121) Dice: 0.4676 (Avg: 0.6656) IoU: 0.3439 (Avg: 0.5334)
Train Epoch: [44][79/138] Total Loss: 0.3179 (Avg: 0.4109) Dice: 0.7735 (Avg: 0.6669) IoU: 0.6338 (Avg: 0.5346)
Train Epoch: [44][80/138] Total Loss: 0.3051 (Avg: 0.4096) Dice: 0.7669 (Avg: 0.6682) IoU: 0.6316 (Avg: 0.5359)
Train Epoch: [44][81/138] Total Loss: 0.4232 (Avg: 0.4098) Dice: 0.6603 (Avg: 0.6681) IoU: 0.5299 (Avg: 0.5358)
Train Epoch: [44][82/138] Total Loss: 0.2665 (Avg: 0.4080) Dice: 0.8309 (Avg: 0.6701) IoU: 0.7128 (Avg: 0.5379)
Train Epoch: [44][83/138] Total Loss: 0.4056 (Avg: 0.4080) Dice: 0.6872 (Avg: 0.6703) IoU: 0.5292 (Avg: 0.5378)
Train Epoch: [44][84/138] Total Loss: 0.4998 (Avg: 0.4091) Dice: 0.5714 (Avg: 0.6691) IoU: 0.4322 (Avg: 0.5366)
Train Epoch: [44][85/138] Total Loss: 0.3341 (Avg: 0.4082) Dice: 0.7749 (Avg: 0.6703) IoU: 0.6348 (Avg: 0.5377)
Train Epoch: [44][86/138] Total Loss: 0.4111 (Avg: 0.4083) Dice: 0.6640 (Avg: 0.6703) IoU: 0.5118 (Avg: 0.5374)
Train Epoch: [44][87/138] Total Loss: 0.2804 (Avg: 0.4068) Dice: 0.8218 (Avg: 0.6720) IoU: 0.7034 (Avg: 0.5393)
Train Epoch: [44][88/138] Total Loss: 0.3691 (Avg: 0.4064) Dice: 0.7232 (Avg: 0.6726) IoU: 0.5823 (Avg: 0.5398)
Train Epoch: [44][89/138] Total Loss: 0.3569 (Avg: 0.4058) Dice: 0.7292 (Avg: 0.6732) IoU: 0.5868 (Avg: 0.5404)
Train Epoch: [44][90/138] Total Loss: 0.3106 (Avg: 0.4047) Dice: 0.7680 (Avg: 0.6743) IoU: 0.6295 (Avg: 0.5413)
Train Epoch: [44][91/138] Total Loss: 0.3010 (Avg: 0.4036) Dice: 0.7962 (Avg: 0.6756) IoU: 0.6739 (Avg: 0.5428)
Train Epoch: [44][92/138] Total Loss: 0.4089 (Avg: 0.4037) Dice: 0.6666 (Avg: 0.6755) IoU: 0.5304 (Avg: 0.5427)
Train Epoch: [44][93/138] Total Loss: 0.4800 (Avg: 0.4045) Dice: 0.5779 (Avg: 0.6745) IoU: 0.4164 (Avg: 0.5413)
Train Epoch: [44][94/138] Total Loss: 0.3223 (Avg: 0.4036) Dice: 0.7864 (Avg: 0.6757) IoU: 0.6529 (Avg: 0.5425)
Train Epoch: [44][95/138] Total Loss: 0.4048 (Avg: 0.4036) Dice: 0.6654 (Avg: 0.6756) IoU: 0.5161 (Avg: 0.5422)
Train Epoch: [44][96/138] Total Loss: 0.3656 (Avg: 0.4032) Dice: 0.7220 (Avg: 0.6760) IoU: 0.5726 (Avg: 0.5425)
Train Epoch: [44][97/138] Total Loss: 0.4155 (Avg: 0.4033) Dice: 0.6502 (Avg: 0.6758) IoU: 0.5215 (Avg: 0.5423)
Train Epoch: [44][98/138] Total Loss: 0.4543 (Avg: 0.4039) Dice: 0.6151 (Avg: 0.6752) IoU: 0.4834 (Avg: 0.5417)
Train Epoch: [44][99/138] Total Loss: 0.3937 (Avg: 0.4038) Dice: 0.7222 (Avg: 0.6756) IoU: 0.5904 (Avg: 0.5422)
Train Epoch: [44][100/138] Total Loss: 0.4338 (Avg: 0.4041) Dice: 0.6327 (Avg: 0.6752) IoU: 0.4862 (Avg: 0.5417)
Train Epoch: [44][101/138] Total Loss: 0.3549 (Avg: 0.4036) Dice: 0.7349 (Avg: 0.6758) IoU: 0.6009 (Avg: 0.5422)
Train Epoch: [44][102/138] Total Loss: 0.3515 (Avg: 0.4031) Dice: 0.7142 (Avg: 0.6762) IoU: 0.5640 (Avg: 0.5425)
Train Epoch: [44][103/138] Total Loss: 0.2870 (Avg: 0.4019) Dice: 0.7970 (Avg: 0.6773) IoU: 0.6756 (Avg: 0.5437)
Train Epoch: [44][104/138] Total Loss: 0.4949 (Avg: 0.4028) Dice: 0.5969 (Avg: 0.6766) IoU: 0.4976 (Avg: 0.5433)
Train Epoch: [44][105/138] Total Loss: 0.3504 (Avg: 0.4023) Dice: 0.7407 (Avg: 0.6772) IoU: 0.5899 (Avg: 0.5437)
Train Epoch: [44][106/138] Total Loss: 0.3379 (Avg: 0.4017) Dice: 0.7550 (Avg: 0.6779) IoU: 0.6173 (Avg: 0.5444)
Train Epoch: [44][107/138] Total Loss: 0.3571 (Avg: 0.4013) Dice: 0.7061 (Avg: 0.6782) IoU: 0.5596 (Avg: 0.5446)
Train Epoch: [44][108/138] Total Loss: 0.4245 (Avg: 0.4015) Dice: 0.6536 (Avg: 0.6780) IoU: 0.5126 (Avg: 0.5443)
Train Epoch: [44][109/138] Total Loss: 0.3840 (Avg: 0.4014) Dice: 0.7004 (Avg: 0.6782) IoU: 0.5685 (Avg: 0.5445)
Train Epoch: [44][110/138] Total Loss: 0.3826 (Avg: 0.4012) Dice: 0.6863 (Avg: 0.6782) IoU: 0.5286 (Avg: 0.5444)
Train Epoch: [44][111/138] Total Loss: 0.4119 (Avg: 0.4013) Dice: 0.6475 (Avg: 0.6780) IoU: 0.4891 (Avg: 0.5439)
Train Epoch: [44][112/138] Total Loss: 0.4153 (Avg: 0.4014) Dice: 0.6313 (Avg: 0.6775) IoU: 0.4974 (Avg: 0.5435)
Train Epoch: [44][113/138] Total Loss: 0.3441 (Avg: 0.4009) Dice: 0.7436 (Avg: 0.6781) IoU: 0.6255 (Avg: 0.5442)
Train Epoch: [44][114/138] Total Loss: 0.3746 (Avg: 0.4007) Dice: 0.6989 (Avg: 0.6783) IoU: 0.5538 (Avg: 0.5443)
Train Epoch: [44][115/138] Total Loss: 0.8505 (Avg: 0.4046) Dice: 0.2330 (Avg: 0.6744) IoU: 0.1381 (Avg: 0.5407)
Train Epoch: [44][116/138] Total Loss: 0.4771 (Avg: 0.4052) Dice: 0.6474 (Avg: 0.6742) IoU: 0.5015 (Avg: 0.5404)
Train Epoch: [44][117/138] Total Loss: 0.3681 (Avg: 0.4049) Dice: 0.7183 (Avg: 0.6746) IoU: 0.5777 (Avg: 0.5407)
Train Epoch: [44][118/138] Total Loss: 0.3636 (Avg: 0.4045) Dice: 0.7202 (Avg: 0.6750) IoU: 0.5782 (Avg: 0.5410)
Train Epoch: [44][119/138] Total Loss: 0.3618 (Avg: 0.4042) Dice: 0.7317 (Avg: 0.6754) IoU: 0.6365 (Avg: 0.5418)
Train Epoch: [44][120/138] Total Loss: 0.3977 (Avg: 0.4041) Dice: 0.6894 (Avg: 0.6756) IoU: 0.5522 (Avg: 0.5419)
Train Epoch: [44][121/138] Total Loss: 0.3322 (Avg: 0.4035) Dice: 0.7488 (Avg: 0.6762) IoU: 0.6025 (Avg: 0.5424)
Train Epoch: [44][122/138] Total Loss: 0.2998 (Avg: 0.4027) Dice: 0.7836 (Avg: 0.6770) IoU: 0.6648 (Avg: 0.5434)
Train Epoch: [44][123/138] Total Loss: 0.4001 (Avg: 0.4027) Dice: 0.6652 (Avg: 0.6769) IoU: 0.5518 (Avg: 0.5435)
Train Epoch: [44][124/138] Total Loss: 0.2656 (Avg: 0.4016) Dice: 0.8147 (Avg: 0.6781) IoU: 0.6954 (Avg: 0.5447)
Train Epoch: [44][125/138] Total Loss: 0.4863 (Avg: 0.4022) Dice: 0.5744 (Avg: 0.6772) IoU: 0.4526 (Avg: 0.5440)
Train Epoch: [44][126/138] Total Loss: 0.6035 (Avg: 0.4038) Dice: 0.4802 (Avg: 0.6757) IoU: 0.3677 (Avg: 0.5426)
Train Epoch: [44][127/138] Total Loss: 0.4756 (Avg: 0.4044) Dice: 0.6432 (Avg: 0.6754) IoU: 0.5680 (Avg: 0.5428)
Train Epoch: [44][128/138] Total Loss: 0.3504 (Avg: 0.4040) Dice: 0.7245 (Avg: 0.6758) IoU: 0.5737 (Avg: 0.5430)
Train Epoch: [44][129/138] Total Loss: 0.3792 (Avg: 0.4038) Dice: 0.6811 (Avg: 0.6758) IoU: 0.5222 (Avg: 0.5429)
Train Epoch: [44][130/138] Total Loss: 0.3680 (Avg: 0.4035) Dice: 0.7114 (Avg: 0.6761) IoU: 0.5572 (Avg: 0.5430)
Train Epoch: [44][131/138] Total Loss: 0.3529 (Avg: 0.4031) Dice: 0.7386 (Avg: 0.6766) IoU: 0.5977 (Avg: 0.5434)
Train Epoch: [44][132/138] Total Loss: 0.3339 (Avg: 0.4026) Dice: 0.7557 (Avg: 0.6772) IoU: 0.6165 (Avg: 0.5439)
Train Epoch: [44][133/138] Total Loss: 0.4380 (Avg: 0.4029) Dice: 0.6315 (Avg: 0.6768) IoU: 0.4856 (Avg: 0.5435)
Train Epoch: [44][134/138] Total Loss: 0.4791 (Avg: 0.4034) Dice: 0.6110 (Avg: 0.6763) IoU: 0.5156 (Avg: 0.5433)
Train Epoch: [44][135/138] Total Loss: 0.2926 (Avg: 0.4026) Dice: 0.7905 (Avg: 0.6772) IoU: 0.6747 (Avg: 0.5443)
Train Epoch: [44][136/138] Total Loss: 0.6105 (Avg: 0.4041) Dice: 0.4812 (Avg: 0.6758) IoU: 0.3754 (Avg: 0.5430)
Train Epoch: [44][137/138] Total Loss: 0.3557 (Avg: 0.4038) Dice: 0.7138 (Avg: 0.6760) IoU: 0.5633 (Avg: 0.5432)
Train Epoch: [44][138/138] Total Loss: 0.0843 (Avg: 0.4010) Dice: 0.8986 (Avg: 0.6728) IoU: 0.8160 (Avg: 0.5407)
Validation Epoch: [44] Avg Loss: 0.3595 Avg Dice: 0.5872 Avg IoU: 0.4612

========= Epoch [45/50] =========
Train Epoch: [45][1/138] Total Loss: 0.3173 (Avg: 0.3173) Dice: 0.7572 (Avg: 0.7572) IoU: 0.6364 (Avg: 0.6364)
Train Epoch: [45][2/138] Total Loss: 0.2798 (Avg: 0.2985) Dice: 0.8121 (Avg: 0.7846) IoU: 0.6840 (Avg: 0.6602)
Train Epoch: [45][3/138] Total Loss: 0.2761 (Avg: 0.2910) Dice: 0.8395 (Avg: 0.8029) IoU: 0.7346 (Avg: 0.6850)
Train Epoch: [45][4/138] Total Loss: 0.3976 (Avg: 0.3177) Dice: 0.6599 (Avg: 0.7672) IoU: 0.4975 (Avg: 0.6381)
Train Epoch: [45][5/138] Total Loss: 0.3889 (Avg: 0.3319) Dice: 0.6845 (Avg: 0.7506) IoU: 0.5539 (Avg: 0.6213)
Train Epoch: [45][6/138] Total Loss: 0.3135 (Avg: 0.3289) Dice: 0.7844 (Avg: 0.7563) IoU: 0.6645 (Avg: 0.6285)
Train Epoch: [45][7/138] Total Loss: 0.3012 (Avg: 0.3249) Dice: 0.7974 (Avg: 0.7621) IoU: 0.6723 (Avg: 0.6347)
Train Epoch: [45][8/138] Total Loss: 0.3248 (Avg: 0.3249) Dice: 0.7641 (Avg: 0.7624) IoU: 0.6289 (Avg: 0.6340)
Train Epoch: [45][9/138] Total Loss: 0.4355 (Avg: 0.3372) Dice: 0.6185 (Avg: 0.7464) IoU: 0.4687 (Avg: 0.6156)
Train Epoch: [45][10/138] Total Loss: 0.4530 (Avg: 0.3488) Dice: 0.5971 (Avg: 0.7315) IoU: 0.5003 (Avg: 0.6041)
Train Epoch: [45][11/138] Total Loss: 0.4034 (Avg: 0.3537) Dice: 0.6604 (Avg: 0.7250) IoU: 0.4976 (Avg: 0.5944)
Train Epoch: [45][12/138] Total Loss: 0.3336 (Avg: 0.3520) Dice: 0.7422 (Avg: 0.7264) IoU: 0.5987 (Avg: 0.5948)
Train Epoch: [45][13/138] Total Loss: 0.3914 (Avg: 0.3551) Dice: 0.7094 (Avg: 0.7251) IoU: 0.5614 (Avg: 0.5922)
Train Epoch: [45][14/138] Total Loss: 0.4228 (Avg: 0.3599) Dice: 0.6758 (Avg: 0.7216) IoU: 0.5436 (Avg: 0.5887)
Train Epoch: [45][15/138] Total Loss: 0.4368 (Avg: 0.3650) Dice: 0.6326 (Avg: 0.7157) IoU: 0.4712 (Avg: 0.5809)
Train Epoch: [45][16/138] Total Loss: 0.3206 (Avg: 0.3623) Dice: 0.7490 (Avg: 0.7178) IoU: 0.6115 (Avg: 0.5828)
Train Epoch: [45][17/138] Total Loss: 0.3304 (Avg: 0.3604) Dice: 0.7503 (Avg: 0.7197) IoU: 0.6120 (Avg: 0.5845)
Train Epoch: [45][18/138] Total Loss: 0.4309 (Avg: 0.3643) Dice: 0.6448 (Avg: 0.7155) IoU: 0.4892 (Avg: 0.5792)
Train Epoch: [45][19/138] Total Loss: 0.3366 (Avg: 0.3628) Dice: 0.7497 (Avg: 0.7173) IoU: 0.6135 (Avg: 0.5810)
Train Epoch: [45][20/138] Total Loss: 0.3209 (Avg: 0.3607) Dice: 0.7574 (Avg: 0.7193) IoU: 0.6118 (Avg: 0.5826)
Train Epoch: [45][21/138] Total Loss: 0.5065 (Avg: 0.3677) Dice: 0.5605 (Avg: 0.7117) IoU: 0.4533 (Avg: 0.5764)
Train Epoch: [45][22/138] Total Loss: 0.3803 (Avg: 0.3683) Dice: 0.7050 (Avg: 0.7114) IoU: 0.5571 (Avg: 0.5755)
Train Epoch: [45][23/138] Total Loss: 0.4030 (Avg: 0.3698) Dice: 0.6776 (Avg: 0.7100) IoU: 0.5193 (Avg: 0.5731)
Train Epoch: [45][24/138] Total Loss: 0.4237 (Avg: 0.3720) Dice: 0.6512 (Avg: 0.7075) IoU: 0.5014 (Avg: 0.5701)
Train Epoch: [45][25/138] Total Loss: 0.3621 (Avg: 0.3716) Dice: 0.7064 (Avg: 0.7075) IoU: 0.5636 (Avg: 0.5698)
Train Epoch: [45][26/138] Total Loss: 0.4264 (Avg: 0.3737) Dice: 0.6486 (Avg: 0.7052) IoU: 0.4927 (Avg: 0.5669)
Train Epoch: [45][27/138] Total Loss: 0.4347 (Avg: 0.3760) Dice: 0.6431 (Avg: 0.7029) IoU: 0.5386 (Avg: 0.5658)
Train Epoch: [45][28/138] Total Loss: 0.4043 (Avg: 0.3770) Dice: 0.6664 (Avg: 0.7016) IoU: 0.5055 (Avg: 0.5637)
Train Epoch: [45][29/138] Total Loss: 0.3703 (Avg: 0.3768) Dice: 0.6884 (Avg: 0.7011) IoU: 0.5476 (Avg: 0.5631)
Train Epoch: [45][30/138] Total Loss: 0.3509 (Avg: 0.3759) Dice: 0.7446 (Avg: 0.7026) IoU: 0.6030 (Avg: 0.5645)
Train Epoch: [45][31/138] Total Loss: 0.3201 (Avg: 0.3741) Dice: 0.7602 (Avg: 0.7045) IoU: 0.6194 (Avg: 0.5662)
Train Epoch: [45][32/138] Total Loss: 0.3392 (Avg: 0.3730) Dice: 0.7392 (Avg: 0.7055) IoU: 0.6007 (Avg: 0.5673)
Train Epoch: [45][33/138] Total Loss: 0.2938 (Avg: 0.3706) Dice: 0.7870 (Avg: 0.7080) IoU: 0.6557 (Avg: 0.5700)
Train Epoch: [45][34/138] Total Loss: 0.5027 (Avg: 0.3745) Dice: 0.5086 (Avg: 0.7021) IoU: 0.3988 (Avg: 0.5649)
Train Epoch: [45][35/138] Total Loss: 0.3241 (Avg: 0.3731) Dice: 0.7623 (Avg: 0.7039) IoU: 0.6419 (Avg: 0.5671)
Train Epoch: [45][36/138] Total Loss: 0.4515 (Avg: 0.3752) Dice: 0.6238 (Avg: 0.7016) IoU: 0.4699 (Avg: 0.5644)
Train Epoch: [45][37/138] Total Loss: 0.4133 (Avg: 0.3763) Dice: 0.6805 (Avg: 0.7011) IoU: 0.5781 (Avg: 0.5648)
Train Epoch: [45][38/138] Total Loss: 0.6467 (Avg: 0.3834) Dice: 0.4485 (Avg: 0.6944) IoU: 0.3390 (Avg: 0.5589)
Train Epoch: [45][39/138] Total Loss: 0.4510 (Avg: 0.3851) Dice: 0.6224 (Avg: 0.6926) IoU: 0.4854 (Avg: 0.5570)
Train Epoch: [45][40/138] Total Loss: 0.3455 (Avg: 0.3841) Dice: 0.7261 (Avg: 0.6934) IoU: 0.5754 (Avg: 0.5574)
Train Epoch: [45][41/138] Total Loss: 0.5015 (Avg: 0.3870) Dice: 0.5698 (Avg: 0.6904) IoU: 0.4628 (Avg: 0.5551)
Train Epoch: [45][42/138] Total Loss: 0.3533 (Avg: 0.3862) Dice: 0.7135 (Avg: 0.6909) IoU: 0.5725 (Avg: 0.5556)
Train Epoch: [45][43/138] Total Loss: 0.3497 (Avg: 0.3853) Dice: 0.7249 (Avg: 0.6917) IoU: 0.5870 (Avg: 0.5563)
Train Epoch: [45][44/138] Total Loss: 0.3705 (Avg: 0.3850) Dice: 0.7060 (Avg: 0.6921) IoU: 0.5569 (Avg: 0.5563)
Train Epoch: [45][45/138] Total Loss: 0.4644 (Avg: 0.3868) Dice: 0.6352 (Avg: 0.6908) IoU: 0.5105 (Avg: 0.5553)
Train Epoch: [45][46/138] Total Loss: 0.4106 (Avg: 0.3873) Dice: 0.6744 (Avg: 0.6904) IoU: 0.5298 (Avg: 0.5547)
Train Epoch: [45][47/138] Total Loss: 0.5011 (Avg: 0.3897) Dice: 0.5732 (Avg: 0.6879) IoU: 0.4460 (Avg: 0.5524)
Train Epoch: [45][48/138] Total Loss: 0.3222 (Avg: 0.3883) Dice: 0.7848 (Avg: 0.6900) IoU: 0.6551 (Avg: 0.5546)
Train Epoch: [45][49/138] Total Loss: 0.3271 (Avg: 0.3871) Dice: 0.7596 (Avg: 0.6914) IoU: 0.6197 (Avg: 0.5559)
Train Epoch: [45][50/138] Total Loss: 0.5547 (Avg: 0.3904) Dice: 0.5065 (Avg: 0.6877) IoU: 0.4027 (Avg: 0.5528)
Train Epoch: [45][51/138] Total Loss: 0.3875 (Avg: 0.3903) Dice: 0.7118 (Avg: 0.6882) IoU: 0.6257 (Avg: 0.5542)
Train Epoch: [45][52/138] Total Loss: 0.2786 (Avg: 0.3882) Dice: 0.8128 (Avg: 0.6906) IoU: 0.6885 (Avg: 0.5568)
Train Epoch: [45][53/138] Total Loss: 0.3049 (Avg: 0.3866) Dice: 0.7696 (Avg: 0.6920) IoU: 0.6349 (Avg: 0.5583)
Train Epoch: [45][54/138] Total Loss: 0.6178 (Avg: 0.3909) Dice: 0.4820 (Avg: 0.6882) IoU: 0.3858 (Avg: 0.5551)
Train Epoch: [45][55/138] Total Loss: 0.5272 (Avg: 0.3934) Dice: 0.5299 (Avg: 0.6853) IoU: 0.3890 (Avg: 0.5521)
Train Epoch: [45][56/138] Total Loss: 0.3528 (Avg: 0.3927) Dice: 0.7204 (Avg: 0.6859) IoU: 0.5689 (Avg: 0.5524)
Train Epoch: [45][57/138] Total Loss: 0.4957 (Avg: 0.3945) Dice: 0.5860 (Avg: 0.6842) IoU: 0.4520 (Avg: 0.5506)
Train Epoch: [45][58/138] Total Loss: 0.4625 (Avg: 0.3956) Dice: 0.6190 (Avg: 0.6830) IoU: 0.4855 (Avg: 0.5495)
Train Epoch: [45][59/138] Total Loss: 0.4200 (Avg: 0.3961) Dice: 0.6768 (Avg: 0.6829) IoU: 0.5370 (Avg: 0.5493)
Train Epoch: [45][60/138] Total Loss: 0.4022 (Avg: 0.3962) Dice: 0.6793 (Avg: 0.6829) IoU: 0.5421 (Avg: 0.5492)
Train Epoch: [45][61/138] Total Loss: 0.3764 (Avg: 0.3958) Dice: 0.6924 (Avg: 0.6830) IoU: 0.5498 (Avg: 0.5492)
Train Epoch: [45][62/138] Total Loss: 0.4399 (Avg: 0.3965) Dice: 0.6260 (Avg: 0.6821) IoU: 0.4667 (Avg: 0.5479)
Train Epoch: [45][63/138] Total Loss: 0.4440 (Avg: 0.3973) Dice: 0.5909 (Avg: 0.6807) IoU: 0.4417 (Avg: 0.5462)
Train Epoch: [45][64/138] Total Loss: 0.4297 (Avg: 0.3978) Dice: 0.6761 (Avg: 0.6806) IoU: 0.5748 (Avg: 0.5466)
Train Epoch: [45][65/138] Total Loss: 0.2594 (Avg: 0.3957) Dice: 0.8315 (Avg: 0.6829) IoU: 0.7151 (Avg: 0.5492)
Train Epoch: [45][66/138] Total Loss: 0.2789 (Avg: 0.3939) Dice: 0.8238 (Avg: 0.6850) IoU: 0.7052 (Avg: 0.5516)
Train Epoch: [45][67/138] Total Loss: 0.3329 (Avg: 0.3930) Dice: 0.7586 (Avg: 0.6861) IoU: 0.6115 (Avg: 0.5525)
Train Epoch: [45][68/138] Total Loss: 0.3207 (Avg: 0.3919) Dice: 0.7575 (Avg: 0.6872) IoU: 0.6265 (Avg: 0.5536)
Train Epoch: [45][69/138] Total Loss: 0.3403 (Avg: 0.3912) Dice: 0.7382 (Avg: 0.6879) IoU: 0.5911 (Avg: 0.5541)
Train Epoch: [45][70/138] Total Loss: 0.3630 (Avg: 0.3908) Dice: 0.7312 (Avg: 0.6885) IoU: 0.5941 (Avg: 0.5547)
Train Epoch: [45][71/138] Total Loss: 0.3026 (Avg: 0.3895) Dice: 0.7837 (Avg: 0.6899) IoU: 0.6451 (Avg: 0.5559)
Train Epoch: [45][72/138] Total Loss: 0.2441 (Avg: 0.3875) Dice: 0.8618 (Avg: 0.6923) IoU: 0.7599 (Avg: 0.5588)
Train Epoch: [45][73/138] Total Loss: 0.3959 (Avg: 0.3876) Dice: 0.6887 (Avg: 0.6922) IoU: 0.5342 (Avg: 0.5584)
Train Epoch: [45][74/138] Total Loss: 0.3183 (Avg: 0.3867) Dice: 0.7552 (Avg: 0.6931) IoU: 0.6159 (Avg: 0.5592)
Train Epoch: [45][75/138] Total Loss: 0.3503 (Avg: 0.3862) Dice: 0.7315 (Avg: 0.6936) IoU: 0.5853 (Avg: 0.5596)
Train Epoch: [45][76/138] Total Loss: 0.3914 (Avg: 0.3863) Dice: 0.6899 (Avg: 0.6935) IoU: 0.5376 (Avg: 0.5593)
Train Epoch: [45][77/138] Total Loss: 0.3918 (Avg: 0.3864) Dice: 0.6743 (Avg: 0.6933) IoU: 0.5264 (Avg: 0.5588)
Train Epoch: [45][78/138] Total Loss: 0.5115 (Avg: 0.3880) Dice: 0.5667 (Avg: 0.6917) IoU: 0.3981 (Avg: 0.5568)
Train Epoch: [45][79/138] Total Loss: 0.4650 (Avg: 0.3889) Dice: 0.6195 (Avg: 0.6908) IoU: 0.5292 (Avg: 0.5564)
Train Epoch: [45][80/138] Total Loss: 0.3653 (Avg: 0.3886) Dice: 0.7127 (Avg: 0.6910) IoU: 0.5756 (Avg: 0.5567)
Train Epoch: [45][81/138] Total Loss: 0.3929 (Avg: 0.3887) Dice: 0.6730 (Avg: 0.6908) IoU: 0.5233 (Avg: 0.5563)
Train Epoch: [45][82/138] Total Loss: 0.3896 (Avg: 0.3887) Dice: 0.6306 (Avg: 0.6901) IoU: 0.5447 (Avg: 0.5561)
Train Epoch: [45][83/138] Total Loss: 0.6747 (Avg: 0.3921) Dice: 0.3889 (Avg: 0.6864) IoU: 0.2730 (Avg: 0.5527)
Train Epoch: [45][84/138] Total Loss: 0.3837 (Avg: 0.3920) Dice: 0.7484 (Avg: 0.6872) IoU: 0.6352 (Avg: 0.5537)
Train Epoch: [45][85/138] Total Loss: 0.5566 (Avg: 0.3940) Dice: 0.5185 (Avg: 0.6852) IoU: 0.3992 (Avg: 0.5519)
Train Epoch: [45][86/138] Total Loss: 0.4707 (Avg: 0.3949) Dice: 0.6167 (Avg: 0.6844) IoU: 0.4859 (Avg: 0.5511)
Train Epoch: [45][87/138] Total Loss: 0.5721 (Avg: 0.3969) Dice: 0.5059 (Avg: 0.6823) IoU: 0.3947 (Avg: 0.5493)
Train Epoch: [45][88/138] Total Loss: 0.3300 (Avg: 0.3961) Dice: 0.7498 (Avg: 0.6831) IoU: 0.6175 (Avg: 0.5501)
Train Epoch: [45][89/138] Total Loss: 0.3668 (Avg: 0.3958) Dice: 0.7133 (Avg: 0.6835) IoU: 0.5915 (Avg: 0.5506)
Train Epoch: [45][90/138] Total Loss: 0.2122 (Avg: 0.3938) Dice: 0.8881 (Avg: 0.6857) IoU: 0.7998 (Avg: 0.5533)
Train Epoch: [45][91/138] Total Loss: 0.3063 (Avg: 0.3928) Dice: 0.7900 (Avg: 0.6869) IoU: 0.6587 (Avg: 0.5545)
Train Epoch: [45][92/138] Total Loss: 0.3892 (Avg: 0.3928) Dice: 0.6824 (Avg: 0.6868) IoU: 0.5430 (Avg: 0.5544)
Train Epoch: [45][93/138] Total Loss: 0.4164 (Avg: 0.3930) Dice: 0.6561 (Avg: 0.6865) IoU: 0.5122 (Avg: 0.5539)
Train Epoch: [45][94/138] Total Loss: 0.3793 (Avg: 0.3929) Dice: 0.7150 (Avg: 0.6868) IoU: 0.5649 (Avg: 0.5540)
Train Epoch: [45][95/138] Total Loss: 0.6970 (Avg: 0.3961) Dice: 0.3790 (Avg: 0.6836) IoU: 0.2480 (Avg: 0.5508)
Train Epoch: [45][96/138] Total Loss: 0.2959 (Avg: 0.3950) Dice: 0.7853 (Avg: 0.6846) IoU: 0.6493 (Avg: 0.5518)
Train Epoch: [45][97/138] Total Loss: 0.7283 (Avg: 0.3985) Dice: 0.3496 (Avg: 0.6812) IoU: 0.2335 (Avg: 0.5485)
Train Epoch: [45][98/138] Total Loss: 0.3763 (Avg: 0.3983) Dice: 0.7118 (Avg: 0.6815) IoU: 0.5622 (Avg: 0.5487)
Train Epoch: [45][99/138] Total Loss: 0.4281 (Avg: 0.3986) Dice: 0.6739 (Avg: 0.6814) IoU: 0.5398 (Avg: 0.5486)
Train Epoch: [45][100/138] Total Loss: 0.4228 (Avg: 0.3988) Dice: 0.6619 (Avg: 0.6812) IoU: 0.5158 (Avg: 0.5483)
Train Epoch: [45][101/138] Total Loss: 0.3219 (Avg: 0.3980) Dice: 0.7757 (Avg: 0.6821) IoU: 0.6365 (Avg: 0.5491)
Train Epoch: [45][102/138] Total Loss: 0.3448 (Avg: 0.3975) Dice: 0.7537 (Avg: 0.6828) IoU: 0.6093 (Avg: 0.5497)
Train Epoch: [45][103/138] Total Loss: 0.4122 (Avg: 0.3977) Dice: 0.6547 (Avg: 0.6826) IoU: 0.4968 (Avg: 0.5492)
Train Epoch: [45][104/138] Total Loss: 0.3563 (Avg: 0.3973) Dice: 0.7225 (Avg: 0.6830) IoU: 0.5767 (Avg: 0.5495)
Train Epoch: [45][105/138] Total Loss: 0.3517 (Avg: 0.3968) Dice: 0.7255 (Avg: 0.6834) IoU: 0.5745 (Avg: 0.5497)
Train Epoch: [45][106/138] Total Loss: 0.4250 (Avg: 0.3971) Dice: 0.6464 (Avg: 0.6830) IoU: 0.4933 (Avg: 0.5492)
Train Epoch: [45][107/138] Total Loss: 0.3732 (Avg: 0.3969) Dice: 0.6943 (Avg: 0.6831) IoU: 0.5706 (Avg: 0.5494)
Train Epoch: [45][108/138] Total Loss: 0.4368 (Avg: 0.3972) Dice: 0.6661 (Avg: 0.6830) IoU: 0.5139 (Avg: 0.5491)
Train Epoch: [45][109/138] Total Loss: 0.3067 (Avg: 0.3964) Dice: 0.7888 (Avg: 0.6839) IoU: 0.6611 (Avg: 0.5501)
Train Epoch: [45][110/138] Total Loss: 0.3495 (Avg: 0.3960) Dice: 0.7366 (Avg: 0.6844) IoU: 0.6108 (Avg: 0.5506)
Train Epoch: [45][111/138] Total Loss: 0.3276 (Avg: 0.3954) Dice: 0.7698 (Avg: 0.6852) IoU: 0.6448 (Avg: 0.5515)
Train Epoch: [45][112/138] Total Loss: 0.2440 (Avg: 0.3940) Dice: 0.8529 (Avg: 0.6867) IoU: 0.7489 (Avg: 0.5532)
Train Epoch: [45][113/138] Total Loss: 0.3350 (Avg: 0.3935) Dice: 0.7279 (Avg: 0.6870) IoU: 0.6053 (Avg: 0.5537)
Train Epoch: [45][114/138] Total Loss: 0.3240 (Avg: 0.3929) Dice: 0.7634 (Avg: 0.6877) IoU: 0.6235 (Avg: 0.5543)
Train Epoch: [45][115/138] Total Loss: 0.2874 (Avg: 0.3920) Dice: 0.7901 (Avg: 0.6886) IoU: 0.6640 (Avg: 0.5553)
Train Epoch: [45][116/138] Total Loss: 0.2995 (Avg: 0.3912) Dice: 0.7858 (Avg: 0.6894) IoU: 0.6570 (Avg: 0.5561)
Train Epoch: [45][117/138] Total Loss: 0.7228 (Avg: 0.3940) Dice: 0.3311 (Avg: 0.6864) IoU: 0.2489 (Avg: 0.5535)
Train Epoch: [45][118/138] Total Loss: 0.4192 (Avg: 0.3942) Dice: 0.6441 (Avg: 0.6860) IoU: 0.4929 (Avg: 0.5530)
Train Epoch: [45][119/138] Total Loss: 0.3365 (Avg: 0.3937) Dice: 0.7395 (Avg: 0.6865) IoU: 0.5952 (Avg: 0.5534)
Train Epoch: [45][120/138] Total Loss: 0.4703 (Avg: 0.3944) Dice: 0.6074 (Avg: 0.6858) IoU: 0.5108 (Avg: 0.5530)
Train Epoch: [45][121/138] Total Loss: 0.4067 (Avg: 0.3945) Dice: 0.6364 (Avg: 0.6854) IoU: 0.4757 (Avg: 0.5524)
Train Epoch: [45][122/138] Total Loss: 0.3590 (Avg: 0.3942) Dice: 0.7079 (Avg: 0.6856) IoU: 0.5635 (Avg: 0.5525)
Train Epoch: [45][123/138] Total Loss: 0.2510 (Avg: 0.3930) Dice: 0.8531 (Avg: 0.6869) IoU: 0.7491 (Avg: 0.5541)
Train Epoch: [45][124/138] Total Loss: 0.4649 (Avg: 0.3936) Dice: 0.6313 (Avg: 0.6865) IoU: 0.5445 (Avg: 0.5540)
Train Epoch: [45][125/138] Total Loss: 0.4006 (Avg: 0.3936) Dice: 0.6672 (Avg: 0.6863) IoU: 0.5345 (Avg: 0.5538)
Train Epoch: [45][126/138] Total Loss: 0.4794 (Avg: 0.3943) Dice: 0.5883 (Avg: 0.6856) IoU: 0.4584 (Avg: 0.5531)
Train Epoch: [45][127/138] Total Loss: 0.5973 (Avg: 0.3959) Dice: 0.4836 (Avg: 0.6840) IoU: 0.3259 (Avg: 0.5513)
Train Epoch: [45][128/138] Total Loss: 0.5429 (Avg: 0.3971) Dice: 0.5390 (Avg: 0.6828) IoU: 0.4019 (Avg: 0.5501)
Train Epoch: [45][129/138] Total Loss: 0.4415 (Avg: 0.3974) Dice: 0.6255 (Avg: 0.6824) IoU: 0.4681 (Avg: 0.5495)
Train Epoch: [45][130/138] Total Loss: 0.4001 (Avg: 0.3974) Dice: 0.6963 (Avg: 0.6825) IoU: 0.5567 (Avg: 0.5495)
Train Epoch: [45][131/138] Total Loss: 0.4919 (Avg: 0.3982) Dice: 0.6072 (Avg: 0.6819) IoU: 0.5172 (Avg: 0.5493)
Train Epoch: [45][132/138] Total Loss: 0.4238 (Avg: 0.3984) Dice: 0.6412 (Avg: 0.6816) IoU: 0.4868 (Avg: 0.5488)
Train Epoch: [45][133/138] Total Loss: 0.4936 (Avg: 0.3991) Dice: 0.5763 (Avg: 0.6808) IoU: 0.4259 (Avg: 0.5479)
Train Epoch: [45][134/138] Total Loss: 0.4827 (Avg: 0.3997) Dice: 0.5853 (Avg: 0.6801) IoU: 0.4828 (Avg: 0.5474)
Train Epoch: [45][135/138] Total Loss: 0.3229 (Avg: 0.3991) Dice: 0.7690 (Avg: 0.6808) IoU: 0.6565 (Avg: 0.5482)
Train Epoch: [45][136/138] Total Loss: 0.4435 (Avg: 0.3995) Dice: 0.6231 (Avg: 0.6803) IoU: 0.4692 (Avg: 0.5476)
Train Epoch: [45][137/138] Total Loss: 0.3076 (Avg: 0.3988) Dice: 0.7750 (Avg: 0.6810) IoU: 0.6389 (Avg: 0.5483)
Train Epoch: [45][138/138] Total Loss: 0.1398 (Avg: 0.3961) Dice: 0.8190 (Avg: 0.6776) IoU: 0.6935 (Avg: 0.5456)
Validation Epoch: [45] Avg Loss: 0.3849 Avg Dice: 0.5570 Avg IoU: 0.4297

========= Epoch [46/50] =========
Train Epoch: [46][1/138] Total Loss: 0.3313 (Avg: 0.3313) Dice: 0.7465 (Avg: 0.7465) IoU: 0.6046 (Avg: 0.6046)
Train Epoch: [46][2/138] Total Loss: 0.4706 (Avg: 0.4010) Dice: 0.5850 (Avg: 0.6658) IoU: 0.4244 (Avg: 0.5145)
Train Epoch: [46][3/138] Total Loss: 0.3695 (Avg: 0.3905) Dice: 0.7009 (Avg: 0.6775) IoU: 0.5677 (Avg: 0.5323)
Train Epoch: [46][4/138] Total Loss: 0.4709 (Avg: 0.4106) Dice: 0.6227 (Avg: 0.6638) IoU: 0.5055 (Avg: 0.5256)
Train Epoch: [46][5/138] Total Loss: 0.4045 (Avg: 0.4094) Dice: 0.6791 (Avg: 0.6669) IoU: 0.5504 (Avg: 0.5305)
Train Epoch: [46][6/138] Total Loss: 0.3860 (Avg: 0.4055) Dice: 0.6875 (Avg: 0.6703) IoU: 0.5339 (Avg: 0.5311)
Train Epoch: [46][7/138] Total Loss: 0.4037 (Avg: 0.4052) Dice: 0.6700 (Avg: 0.6703) IoU: 0.5168 (Avg: 0.5290)
Train Epoch: [46][8/138] Total Loss: 0.3801 (Avg: 0.4021) Dice: 0.7064 (Avg: 0.6748) IoU: 0.5508 (Avg: 0.5318)
Train Epoch: [46][9/138] Total Loss: 0.3006 (Avg: 0.3908) Dice: 0.7970 (Avg: 0.6884) IoU: 0.6649 (Avg: 0.5466)
Train Epoch: [46][10/138] Total Loss: 0.2682 (Avg: 0.3785) Dice: 0.8221 (Avg: 0.7017) IoU: 0.7030 (Avg: 0.5622)
Train Epoch: [46][11/138] Total Loss: 0.3658 (Avg: 0.3774) Dice: 0.7779 (Avg: 0.7086) IoU: 0.6461 (Avg: 0.5698)
Train Epoch: [46][12/138] Total Loss: 0.4792 (Avg: 0.3859) Dice: 0.6103 (Avg: 0.7005) IoU: 0.4941 (Avg: 0.5635)
Train Epoch: [46][13/138] Total Loss: 0.4886 (Avg: 0.3938) Dice: 0.5875 (Avg: 0.6918) IoU: 0.4221 (Avg: 0.5526)
Train Epoch: [46][14/138] Total Loss: 0.5050 (Avg: 0.4017) Dice: 0.5797 (Avg: 0.6838) IoU: 0.4472 (Avg: 0.5451)
Train Epoch: [46][15/138] Total Loss: 0.4313 (Avg: 0.4037) Dice: 0.6402 (Avg: 0.6809) IoU: 0.4754 (Avg: 0.5405)
Train Epoch: [46][16/138] Total Loss: 0.4181 (Avg: 0.4046) Dice: 0.6549 (Avg: 0.6792) IoU: 0.5056 (Avg: 0.5383)
Train Epoch: [46][17/138] Total Loss: 0.4820 (Avg: 0.4091) Dice: 0.5994 (Avg: 0.6745) IoU: 0.5090 (Avg: 0.5366)
Train Epoch: [46][18/138] Total Loss: 0.3704 (Avg: 0.4070) Dice: 0.6809 (Avg: 0.6749) IoU: 0.5266 (Avg: 0.5360)
Train Epoch: [46][19/138] Total Loss: 0.4288 (Avg: 0.4081) Dice: 0.6422 (Avg: 0.6732) IoU: 0.5025 (Avg: 0.5342)
Train Epoch: [46][20/138] Total Loss: 0.4131 (Avg: 0.4084) Dice: 0.6586 (Avg: 0.6724) IoU: 0.5194 (Avg: 0.5335)
Train Epoch: [46][21/138] Total Loss: 0.3433 (Avg: 0.4053) Dice: 0.7545 (Avg: 0.6764) IoU: 0.6280 (Avg: 0.5380)
Train Epoch: [46][22/138] Total Loss: 0.3505 (Avg: 0.4028) Dice: 0.7354 (Avg: 0.6790) IoU: 0.5951 (Avg: 0.5406)
Train Epoch: [46][23/138] Total Loss: 0.3392 (Avg: 0.4000) Dice: 0.7430 (Avg: 0.6818) IoU: 0.5938 (Avg: 0.5429)
Train Epoch: [46][24/138] Total Loss: 0.4181 (Avg: 0.4008) Dice: 0.6562 (Avg: 0.6807) IoU: 0.5075 (Avg: 0.5414)
Train Epoch: [46][25/138] Total Loss: 0.5116 (Avg: 0.4052) Dice: 0.5422 (Avg: 0.6752) IoU: 0.3919 (Avg: 0.5355)
Train Epoch: [46][26/138] Total Loss: 0.3881 (Avg: 0.4046) Dice: 0.7123 (Avg: 0.6766) IoU: 0.6080 (Avg: 0.5382)
Train Epoch: [46][27/138] Total Loss: 0.3946 (Avg: 0.4042) Dice: 0.6773 (Avg: 0.6767) IoU: 0.5346 (Avg: 0.5381)
Train Epoch: [46][28/138] Total Loss: 0.3059 (Avg: 0.4007) Dice: 0.7828 (Avg: 0.6804) IoU: 0.6530 (Avg: 0.5422)
Train Epoch: [46][29/138] Total Loss: 0.3787 (Avg: 0.3999) Dice: 0.7239 (Avg: 0.6819) IoU: 0.6127 (Avg: 0.5446)
Train Epoch: [46][30/138] Total Loss: 0.3834 (Avg: 0.3994) Dice: 0.6990 (Avg: 0.6825) IoU: 0.5493 (Avg: 0.5448)
Train Epoch: [46][31/138] Total Loss: 0.4756 (Avg: 0.4018) Dice: 0.5985 (Avg: 0.6798) IoU: 0.5104 (Avg: 0.5437)
Train Epoch: [46][32/138] Total Loss: 0.3259 (Avg: 0.3995) Dice: 0.7716 (Avg: 0.6827) IoU: 0.6496 (Avg: 0.5470)
Train Epoch: [46][33/138] Total Loss: 0.7035 (Avg: 0.4087) Dice: 0.3926 (Avg: 0.6739) IoU: 0.2751 (Avg: 0.5388)
Train Epoch: [46][34/138] Total Loss: 0.3882 (Avg: 0.4081) Dice: 0.6900 (Avg: 0.6744) IoU: 0.5572 (Avg: 0.5393)
Train Epoch: [46][35/138] Total Loss: 0.4605 (Avg: 0.4096) Dice: 0.6098 (Avg: 0.6725) IoU: 0.4688 (Avg: 0.5373)
Train Epoch: [46][36/138] Total Loss: 0.3115 (Avg: 0.4068) Dice: 0.7647 (Avg: 0.6751) IoU: 0.6258 (Avg: 0.5397)
Train Epoch: [46][37/138] Total Loss: 0.3992 (Avg: 0.4066) Dice: 0.7014 (Avg: 0.6758) IoU: 0.5433 (Avg: 0.5398)
Train Epoch: [46][38/138] Total Loss: 0.4429 (Avg: 0.4076) Dice: 0.6457 (Avg: 0.6750) IoU: 0.4965 (Avg: 0.5387)
Train Epoch: [46][39/138] Total Loss: 0.4480 (Avg: 0.4086) Dice: 0.6007 (Avg: 0.6731) IoU: 0.4579 (Avg: 0.5366)
Train Epoch: [46][40/138] Total Loss: 0.6316 (Avg: 0.4142) Dice: 0.4194 (Avg: 0.6668) IoU: 0.3442 (Avg: 0.5318)
Train Epoch: [46][41/138] Total Loss: 0.4543 (Avg: 0.4152) Dice: 0.5967 (Avg: 0.6650) IoU: 0.4346 (Avg: 0.5294)
Train Epoch: [46][42/138] Total Loss: 0.3908 (Avg: 0.4146) Dice: 0.6775 (Avg: 0.6653) IoU: 0.5443 (Avg: 0.5298)
Train Epoch: [46][43/138] Total Loss: 0.3048 (Avg: 0.4120) Dice: 0.8048 (Avg: 0.6686) IoU: 0.6817 (Avg: 0.5333)
Train Epoch: [46][44/138] Total Loss: 0.3352 (Avg: 0.4103) Dice: 0.7553 (Avg: 0.6706) IoU: 0.6231 (Avg: 0.5354)
Train Epoch: [46][45/138] Total Loss: 0.5679 (Avg: 0.4138) Dice: 0.5144 (Avg: 0.6671) IoU: 0.4269 (Avg: 0.5330)
Train Epoch: [46][46/138] Total Loss: 0.3623 (Avg: 0.4127) Dice: 0.7310 (Avg: 0.6685) IoU: 0.5930 (Avg: 0.5343)
Train Epoch: [46][47/138] Total Loss: 0.3016 (Avg: 0.4103) Dice: 0.7559 (Avg: 0.6703) IoU: 0.6251 (Avg: 0.5362)
Train Epoch: [46][48/138] Total Loss: 0.3963 (Avg: 0.4100) Dice: 0.6823 (Avg: 0.6706) IoU: 0.5809 (Avg: 0.5371)
Train Epoch: [46][49/138] Total Loss: 0.5700 (Avg: 0.4133) Dice: 0.4911 (Avg: 0.6669) IoU: 0.3590 (Avg: 0.5335)
Train Epoch: [46][50/138] Total Loss: 0.7578 (Avg: 0.4202) Dice: 0.3106 (Avg: 0.6598) IoU: 0.2366 (Avg: 0.5276)
Train Epoch: [46][51/138] Total Loss: 0.3007 (Avg: 0.4178) Dice: 0.7828 (Avg: 0.6622) IoU: 0.6582 (Avg: 0.5301)
Train Epoch: [46][52/138] Total Loss: 0.3426 (Avg: 0.4164) Dice: 0.7237 (Avg: 0.6634) IoU: 0.5880 (Avg: 0.5312)
Train Epoch: [46][53/138] Total Loss: 0.3211 (Avg: 0.4146) Dice: 0.7471 (Avg: 0.6650) IoU: 0.5995 (Avg: 0.5325)
Train Epoch: [46][54/138] Total Loss: 0.4184 (Avg: 0.4147) Dice: 0.6441 (Avg: 0.6646) IoU: 0.5005 (Avg: 0.5319)
Train Epoch: [46][55/138] Total Loss: 0.3068 (Avg: 0.4127) Dice: 0.7806 (Avg: 0.6667) IoU: 0.6510 (Avg: 0.5341)
Train Epoch: [46][56/138] Total Loss: 0.3523 (Avg: 0.4116) Dice: 0.7097 (Avg: 0.6675) IoU: 0.5641 (Avg: 0.5346)
Train Epoch: [46][57/138] Total Loss: 0.4837 (Avg: 0.4129) Dice: 0.5864 (Avg: 0.6660) IoU: 0.4451 (Avg: 0.5331)
Train Epoch: [46][58/138] Total Loss: 0.5301 (Avg: 0.4149) Dice: 0.5598 (Avg: 0.6642) IoU: 0.4248 (Avg: 0.5312)
Train Epoch: [46][59/138] Total Loss: 0.4719 (Avg: 0.4159) Dice: 0.6011 (Avg: 0.6631) IoU: 0.4593 (Avg: 0.5300)
Train Epoch: [46][60/138] Total Loss: 0.3687 (Avg: 0.4151) Dice: 0.7204 (Avg: 0.6641) IoU: 0.5850 (Avg: 0.5309)
Train Epoch: [46][61/138] Total Loss: 0.3843 (Avg: 0.4146) Dice: 0.6824 (Avg: 0.6644) IoU: 0.5284 (Avg: 0.5308)
Train Epoch: [46][62/138] Total Loss: 0.2438 (Avg: 0.4118) Dice: 0.8550 (Avg: 0.6675) IoU: 0.7534 (Avg: 0.5344)
Train Epoch: [46][63/138] Total Loss: 0.6004 (Avg: 0.4148) Dice: 0.4933 (Avg: 0.6647) IoU: 0.3963 (Avg: 0.5322)
Train Epoch: [46][64/138] Total Loss: 0.3121 (Avg: 0.4132) Dice: 0.7796 (Avg: 0.6665) IoU: 0.6633 (Avg: 0.5343)
Train Epoch: [46][65/138] Total Loss: 0.3738 (Avg: 0.4126) Dice: 0.6983 (Avg: 0.6670) IoU: 0.5444 (Avg: 0.5344)
Train Epoch: [46][66/138] Total Loss: 0.4312 (Avg: 0.4129) Dice: 0.5820 (Avg: 0.6657) IoU: 0.4853 (Avg: 0.5337)
Train Epoch: [46][67/138] Total Loss: 0.5110 (Avg: 0.4144) Dice: 0.5855 (Avg: 0.6645) IoU: 0.4824 (Avg: 0.5329)
Train Epoch: [46][68/138] Total Loss: 0.6630 (Avg: 0.4180) Dice: 0.4107 (Avg: 0.6608) IoU: 0.2986 (Avg: 0.5295)
Train Epoch: [46][69/138] Total Loss: 0.5364 (Avg: 0.4197) Dice: 0.5521 (Avg: 0.6592) IoU: 0.4335 (Avg: 0.5281)
Train Epoch: [46][70/138] Total Loss: 0.3683 (Avg: 0.4190) Dice: 0.7166 (Avg: 0.6600) IoU: 0.5948 (Avg: 0.5291)
Train Epoch: [46][71/138] Total Loss: 0.3133 (Avg: 0.4175) Dice: 0.7617 (Avg: 0.6614) IoU: 0.6294 (Avg: 0.5305)
Train Epoch: [46][72/138] Total Loss: 0.3217 (Avg: 0.4162) Dice: 0.7698 (Avg: 0.6629) IoU: 0.6348 (Avg: 0.5319)
Train Epoch: [46][73/138] Total Loss: 0.3307 (Avg: 0.4150) Dice: 0.7561 (Avg: 0.6642) IoU: 0.6233 (Avg: 0.5332)
Train Epoch: [46][74/138] Total Loss: 0.4223 (Avg: 0.4151) Dice: 0.6399 (Avg: 0.6639) IoU: 0.4914 (Avg: 0.5326)
Train Epoch: [46][75/138] Total Loss: 0.5423 (Avg: 0.4168) Dice: 0.5542 (Avg: 0.6624) IoU: 0.4436 (Avg: 0.5314)
Train Epoch: [46][76/138] Total Loss: 0.3780 (Avg: 0.4163) Dice: 0.7043 (Avg: 0.6630) IoU: 0.5518 (Avg: 0.5317)
Train Epoch: [46][77/138] Total Loss: 0.6216 (Avg: 0.4190) Dice: 0.3546 (Avg: 0.6590) IoU: 0.2240 (Avg: 0.5277)
Train Epoch: [46][78/138] Total Loss: 0.3445 (Avg: 0.4180) Dice: 0.7426 (Avg: 0.6601) IoU: 0.6024 (Avg: 0.5286)
Train Epoch: [46][79/138] Total Loss: 0.4290 (Avg: 0.4181) Dice: 0.6422 (Avg: 0.6598) IoU: 0.5088 (Avg: 0.5284)
Train Epoch: [46][80/138] Total Loss: 0.3661 (Avg: 0.4175) Dice: 0.7131 (Avg: 0.6605) IoU: 0.5652 (Avg: 0.5289)
Train Epoch: [46][81/138] Total Loss: 0.3058 (Avg: 0.4161) Dice: 0.7704 (Avg: 0.6618) IoU: 0.6342 (Avg: 0.5302)
Train Epoch: [46][82/138] Total Loss: 0.5556 (Avg: 0.4178) Dice: 0.5282 (Avg: 0.6602) IoU: 0.4134 (Avg: 0.5287)
Train Epoch: [46][83/138] Total Loss: 0.4360 (Avg: 0.4180) Dice: 0.6651 (Avg: 0.6603) IoU: 0.5183 (Avg: 0.5286)
Train Epoch: [46][84/138] Total Loss: 0.5095 (Avg: 0.4191) Dice: 0.5941 (Avg: 0.6595) IoU: 0.4949 (Avg: 0.5282)
Train Epoch: [46][85/138] Total Loss: 0.3999 (Avg: 0.4189) Dice: 0.6737 (Avg: 0.6597) IoU: 0.5249 (Avg: 0.5282)
Train Epoch: [46][86/138] Total Loss: 0.2998 (Avg: 0.4175) Dice: 0.7897 (Avg: 0.6612) IoU: 0.6661 (Avg: 0.5298)
Train Epoch: [46][87/138] Total Loss: 0.4444 (Avg: 0.4178) Dice: 0.6061 (Avg: 0.6605) IoU: 0.4485 (Avg: 0.5288)
Train Epoch: [46][88/138] Total Loss: 0.2900 (Avg: 0.4164) Dice: 0.8022 (Avg: 0.6621) IoU: 0.6722 (Avg: 0.5305)
Train Epoch: [46][89/138] Total Loss: 0.4094 (Avg: 0.4163) Dice: 0.6661 (Avg: 0.6622) IoU: 0.5419 (Avg: 0.5306)
Train Epoch: [46][90/138] Total Loss: 0.4379 (Avg: 0.4165) Dice: 0.6450 (Avg: 0.6620) IoU: 0.5010 (Avg: 0.5303)
Train Epoch: [46][91/138] Total Loss: 0.2720 (Avg: 0.4149) Dice: 0.8196 (Avg: 0.6637) IoU: 0.7090 (Avg: 0.5322)
Train Epoch: [46][92/138] Total Loss: 0.4044 (Avg: 0.4148) Dice: 0.6891 (Avg: 0.6640) IoU: 0.5294 (Avg: 0.5322)
Train Epoch: [46][93/138] Total Loss: 0.4612 (Avg: 0.4153) Dice: 0.5667 (Avg: 0.6630) IoU: 0.4585 (Avg: 0.5314)
Train Epoch: [46][94/138] Total Loss: 0.2682 (Avg: 0.4138) Dice: 0.8233 (Avg: 0.6647) IoU: 0.7074 (Avg: 0.5333)
Train Epoch: [46][95/138] Total Loss: 0.3008 (Avg: 0.4126) Dice: 0.7857 (Avg: 0.6659) IoU: 0.6559 (Avg: 0.5346)
Train Epoch: [46][96/138] Total Loss: 0.3354 (Avg: 0.4118) Dice: 0.7429 (Avg: 0.6667) IoU: 0.6102 (Avg: 0.5354)
Train Epoch: [46][97/138] Total Loss: 0.3088 (Avg: 0.4107) Dice: 0.7807 (Avg: 0.6679) IoU: 0.6541 (Avg: 0.5366)
Train Epoch: [46][98/138] Total Loss: 0.2876 (Avg: 0.4094) Dice: 0.7997 (Avg: 0.6693) IoU: 0.6704 (Avg: 0.5379)
Train Epoch: [46][99/138] Total Loss: 0.2671 (Avg: 0.4080) Dice: 0.8323 (Avg: 0.6709) IoU: 0.7195 (Avg: 0.5398)
Train Epoch: [46][100/138] Total Loss: 0.5070 (Avg: 0.4090) Dice: 0.5412 (Avg: 0.6696) IoU: 0.3900 (Avg: 0.5383)
Train Epoch: [46][101/138] Total Loss: 0.4097 (Avg: 0.4090) Dice: 0.6642 (Avg: 0.6696) IoU: 0.5030 (Avg: 0.5379)
Train Epoch: [46][102/138] Total Loss: 0.3630 (Avg: 0.4086) Dice: 0.7191 (Avg: 0.6700) IoU: 0.5822 (Avg: 0.5384)
Train Epoch: [46][103/138] Total Loss: 0.4177 (Avg: 0.4086) Dice: 0.6588 (Avg: 0.6699) IoU: 0.5035 (Avg: 0.5380)
Train Epoch: [46][104/138] Total Loss: 0.5099 (Avg: 0.4096) Dice: 0.5641 (Avg: 0.6689) IoU: 0.4227 (Avg: 0.5369)
Train Epoch: [46][105/138] Total Loss: 0.4557 (Avg: 0.4101) Dice: 0.6145 (Avg: 0.6684) IoU: 0.4666 (Avg: 0.5362)
Train Epoch: [46][106/138] Total Loss: 0.4154 (Avg: 0.4101) Dice: 0.6624 (Avg: 0.6683) IoU: 0.5090 (Avg: 0.5360)
Train Epoch: [46][107/138] Total Loss: 0.3535 (Avg: 0.4096) Dice: 0.7202 (Avg: 0.6688) IoU: 0.6084 (Avg: 0.5367)
Train Epoch: [46][108/138] Total Loss: 0.4174 (Avg: 0.4097) Dice: 0.6622 (Avg: 0.6688) IoU: 0.5144 (Avg: 0.5365)
Train Epoch: [46][109/138] Total Loss: 0.3558 (Avg: 0.4092) Dice: 0.7305 (Avg: 0.6693) IoU: 0.5855 (Avg: 0.5369)
Train Epoch: [46][110/138] Total Loss: 0.3622 (Avg: 0.4087) Dice: 0.7232 (Avg: 0.6698) IoU: 0.5933 (Avg: 0.5374)
Train Epoch: [46][111/138] Total Loss: 0.4093 (Avg: 0.4087) Dice: 0.6736 (Avg: 0.6699) IoU: 0.5321 (Avg: 0.5374)
Train Epoch: [46][112/138] Total Loss: 0.4344 (Avg: 0.4090) Dice: 0.6282 (Avg: 0.6695) IoU: 0.4625 (Avg: 0.5367)
Train Epoch: [46][113/138] Total Loss: 0.4535 (Avg: 0.4094) Dice: 0.6271 (Avg: 0.6691) IoU: 0.4690 (Avg: 0.5361)
Train Epoch: [46][114/138] Total Loss: 0.3953 (Avg: 0.4092) Dice: 0.6873 (Avg: 0.6693) IoU: 0.5251 (Avg: 0.5360)
Train Epoch: [46][115/138] Total Loss: 0.4000 (Avg: 0.4092) Dice: 0.6804 (Avg: 0.6694) IoU: 0.5251 (Avg: 0.5359)
Train Epoch: [46][116/138] Total Loss: 0.2894 (Avg: 0.4081) Dice: 0.8085 (Avg: 0.6706) IoU: 0.6855 (Avg: 0.5372)
Train Epoch: [46][117/138] Total Loss: 0.4416 (Avg: 0.4084) Dice: 0.6394 (Avg: 0.6703) IoU: 0.4743 (Avg: 0.5367)
Train Epoch: [46][118/138] Total Loss: 0.3324 (Avg: 0.4078) Dice: 0.7483 (Avg: 0.6710) IoU: 0.6151 (Avg: 0.5373)
Train Epoch: [46][119/138] Total Loss: 0.4015 (Avg: 0.4077) Dice: 0.6702 (Avg: 0.6710) IoU: 0.5190 (Avg: 0.5372)
Train Epoch: [46][120/138] Total Loss: 0.4674 (Avg: 0.4082) Dice: 0.6129 (Avg: 0.6705) IoU: 0.5001 (Avg: 0.5369)
Train Epoch: [46][121/138] Total Loss: 0.4506 (Avg: 0.4086) Dice: 0.6249 (Avg: 0.6701) IoU: 0.4632 (Avg: 0.5363)
Train Epoch: [46][122/138] Total Loss: 0.4142 (Avg: 0.4086) Dice: 0.6581 (Avg: 0.6700) IoU: 0.5113 (Avg: 0.5361)
Train Epoch: [46][123/138] Total Loss: 0.3231 (Avg: 0.4079) Dice: 0.7570 (Avg: 0.6707) IoU: 0.6141 (Avg: 0.5367)
Train Epoch: [46][124/138] Total Loss: 0.5458 (Avg: 0.4090) Dice: 0.5167 (Avg: 0.6695) IoU: 0.3948 (Avg: 0.5355)
Train Epoch: [46][125/138] Total Loss: 0.3534 (Avg: 0.4086) Dice: 0.7475 (Avg: 0.6701) IoU: 0.6051 (Avg: 0.5361)
Train Epoch: [46][126/138] Total Loss: 0.5251 (Avg: 0.4095) Dice: 0.5367 (Avg: 0.6690) IoU: 0.4316 (Avg: 0.5353)
Train Epoch: [46][127/138] Total Loss: 0.5576 (Avg: 0.4107) Dice: 0.5211 (Avg: 0.6679) IoU: 0.4103 (Avg: 0.5343)
Train Epoch: [46][128/138] Total Loss: 0.5350 (Avg: 0.4116) Dice: 0.5451 (Avg: 0.6669) IoU: 0.3945 (Avg: 0.5332)
Train Epoch: [46][129/138] Total Loss: 0.5829 (Avg: 0.4130) Dice: 0.4761 (Avg: 0.6654) IoU: 0.3611 (Avg: 0.5319)
Train Epoch: [46][130/138] Total Loss: 0.3104 (Avg: 0.4122) Dice: 0.7547 (Avg: 0.6661) IoU: 0.6074 (Avg: 0.5324)
Train Epoch: [46][131/138] Total Loss: 0.3645 (Avg: 0.4118) Dice: 0.7381 (Avg: 0.6667) IoU: 0.5980 (Avg: 0.5329)
Train Epoch: [46][132/138] Total Loss: 0.3919 (Avg: 0.4117) Dice: 0.6753 (Avg: 0.6667) IoU: 0.5257 (Avg: 0.5329)
Train Epoch: [46][133/138] Total Loss: 0.5348 (Avg: 0.4126) Dice: 0.5454 (Avg: 0.6658) IoU: 0.4000 (Avg: 0.5319)
Train Epoch: [46][134/138] Total Loss: 0.4692 (Avg: 0.4130) Dice: 0.6533 (Avg: 0.6657) IoU: 0.4941 (Avg: 0.5316)
Train Epoch: [46][135/138] Total Loss: 0.3897 (Avg: 0.4128) Dice: 0.6763 (Avg: 0.6658) IoU: 0.5212 (Avg: 0.5315)
Train Epoch: [46][136/138] Total Loss: 0.4636 (Avg: 0.4132) Dice: 0.6081 (Avg: 0.6654) IoU: 0.4607 (Avg: 0.5310)
Train Epoch: [46][137/138] Total Loss: 0.3298 (Avg: 0.4126) Dice: 0.7420 (Avg: 0.6659) IoU: 0.5969 (Avg: 0.5315)
Train Epoch: [46][138/138] Total Loss: 0.2095 (Avg: 0.4100) Dice: 0.7626 (Avg: 0.6625) IoU: 0.6163 (Avg: 0.5288)
Validation Epoch: [46] Avg Loss: 0.3515 Avg Dice: 0.5881 Avg IoU: 0.4590

========= Epoch [47/50] =========
Train Epoch: [47][1/138] Total Loss: 0.3340 (Avg: 0.3340) Dice: 0.7461 (Avg: 0.7461) IoU: 0.6020 (Avg: 0.6020)
Train Epoch: [47][2/138] Total Loss: 0.2995 (Avg: 0.3167) Dice: 0.7841 (Avg: 0.7651) IoU: 0.6529 (Avg: 0.6274)
Train Epoch: [47][3/138] Total Loss: 0.3250 (Avg: 0.3195) Dice: 0.7517 (Avg: 0.7606) IoU: 0.6203 (Avg: 0.6250)
Train Epoch: [47][4/138] Total Loss: 0.3155 (Avg: 0.3185) Dice: 0.7719 (Avg: 0.7635) IoU: 0.6421 (Avg: 0.6293)
Train Epoch: [47][5/138] Total Loss: 0.2773 (Avg: 0.3102) Dice: 0.8082 (Avg: 0.7724) IoU: 0.6786 (Avg: 0.6392)
Train Epoch: [47][6/138] Total Loss: 0.5819 (Avg: 0.3555) Dice: 0.4627 (Avg: 0.7208) IoU: 0.3420 (Avg: 0.5896)
Train Epoch: [47][7/138] Total Loss: 0.3641 (Avg: 0.3568) Dice: 0.7297 (Avg: 0.7221) IoU: 0.5987 (Avg: 0.5909)
Train Epoch: [47][8/138] Total Loss: 0.5404 (Avg: 0.3797) Dice: 0.5261 (Avg: 0.6976) IoU: 0.3978 (Avg: 0.5668)
Train Epoch: [47][9/138] Total Loss: 0.4372 (Avg: 0.3861) Dice: 0.6475 (Avg: 0.6920) IoU: 0.4915 (Avg: 0.5584)
Train Epoch: [47][10/138] Total Loss: 0.3956 (Avg: 0.3870) Dice: 0.6761 (Avg: 0.6904) IoU: 0.5751 (Avg: 0.5601)
Train Epoch: [47][11/138] Total Loss: 0.3974 (Avg: 0.3880) Dice: 0.6393 (Avg: 0.6858) IoU: 0.4828 (Avg: 0.5531)
Train Epoch: [47][12/138] Total Loss: 0.3318 (Avg: 0.3833) Dice: 0.7336 (Avg: 0.6898) IoU: 0.6128 (Avg: 0.5580)
Train Epoch: [47][13/138] Total Loss: 0.3110 (Avg: 0.3777) Dice: 0.7696 (Avg: 0.6959) IoU: 0.6303 (Avg: 0.5636)
Train Epoch: [47][14/138] Total Loss: 0.5772 (Avg: 0.3920) Dice: 0.4988 (Avg: 0.6818) IoU: 0.4054 (Avg: 0.5523)
Train Epoch: [47][15/138] Total Loss: 0.6616 (Avg: 0.4100) Dice: 0.4229 (Avg: 0.6646) IoU: 0.2850 (Avg: 0.5345)
Train Epoch: [47][16/138] Total Loss: 0.4503 (Avg: 0.4125) Dice: 0.6054 (Avg: 0.6609) IoU: 0.4545 (Avg: 0.5295)
Train Epoch: [47][17/138] Total Loss: 0.4321 (Avg: 0.4136) Dice: 0.6473 (Avg: 0.6601) IoU: 0.4843 (Avg: 0.5268)
Train Epoch: [47][18/138] Total Loss: 0.3795 (Avg: 0.4117) Dice: 0.6993 (Avg: 0.6622) IoU: 0.5503 (Avg: 0.5281)
Train Epoch: [47][19/138] Total Loss: 0.5338 (Avg: 0.4182) Dice: 0.5516 (Avg: 0.6564) IoU: 0.4141 (Avg: 0.5221)
Train Epoch: [47][20/138] Total Loss: 0.3525 (Avg: 0.4149) Dice: 0.7246 (Avg: 0.6598) IoU: 0.5710 (Avg: 0.5246)
Train Epoch: [47][21/138] Total Loss: 0.4857 (Avg: 0.4183) Dice: 0.5835 (Avg: 0.6562) IoU: 0.4398 (Avg: 0.5205)
Train Epoch: [47][22/138] Total Loss: 0.3836 (Avg: 0.4167) Dice: 0.7118 (Avg: 0.6587) IoU: 0.5813 (Avg: 0.5233)
Train Epoch: [47][23/138] Total Loss: 0.4147 (Avg: 0.4166) Dice: 0.6746 (Avg: 0.6594) IoU: 0.5350 (Avg: 0.5238)
Train Epoch: [47][24/138] Total Loss: 0.3159 (Avg: 0.4124) Dice: 0.7698 (Avg: 0.6640) IoU: 0.6451 (Avg: 0.5289)
Train Epoch: [47][25/138] Total Loss: 0.3532 (Avg: 0.4100) Dice: 0.7027 (Avg: 0.6656) IoU: 0.5743 (Avg: 0.5307)
Train Epoch: [47][26/138] Total Loss: 0.4203 (Avg: 0.4104) Dice: 0.6547 (Avg: 0.6651) IoU: 0.5189 (Avg: 0.5302)
Train Epoch: [47][27/138] Total Loss: 0.4913 (Avg: 0.4134) Dice: 0.5658 (Avg: 0.6615) IoU: 0.4590 (Avg: 0.5276)
Train Epoch: [47][28/138] Total Loss: 0.3505 (Avg: 0.4112) Dice: 0.7107 (Avg: 0.6632) IoU: 0.5693 (Avg: 0.5291)
Train Epoch: [47][29/138] Total Loss: 0.3839 (Avg: 0.4102) Dice: 0.7021 (Avg: 0.6646) IoU: 0.5420 (Avg: 0.5295)
Train Epoch: [47][30/138] Total Loss: 0.3355 (Avg: 0.4077) Dice: 0.7671 (Avg: 0.6680) IoU: 0.6371 (Avg: 0.5331)
Train Epoch: [47][31/138] Total Loss: 0.3665 (Avg: 0.4064) Dice: 0.7109 (Avg: 0.6694) IoU: 0.5796 (Avg: 0.5346)
Train Epoch: [47][32/138] Total Loss: 0.2450 (Avg: 0.4014) Dice: 0.8507 (Avg: 0.6750) IoU: 0.7427 (Avg: 0.5411)
Train Epoch: [47][33/138] Total Loss: 0.5765 (Avg: 0.4067) Dice: 0.5004 (Avg: 0.6697) IoU: 0.3875 (Avg: 0.5365)
Train Epoch: [47][34/138] Total Loss: 0.3025 (Avg: 0.4036) Dice: 0.7803 (Avg: 0.6730) IoU: 0.6502 (Avg: 0.5398)
Train Epoch: [47][35/138] Total Loss: 0.4990 (Avg: 0.4063) Dice: 0.5583 (Avg: 0.6697) IoU: 0.4046 (Avg: 0.5359)
Train Epoch: [47][36/138] Total Loss: 0.4723 (Avg: 0.4082) Dice: 0.6044 (Avg: 0.6679) IoU: 0.4370 (Avg: 0.5332)
Train Epoch: [47][37/138] Total Loss: 0.3068 (Avg: 0.4054) Dice: 0.7799 (Avg: 0.6709) IoU: 0.6422 (Avg: 0.5361)
Train Epoch: [47][38/138] Total Loss: 0.5302 (Avg: 0.4087) Dice: 0.5400 (Avg: 0.6675) IoU: 0.3760 (Avg: 0.5319)
Train Epoch: [47][39/138] Total Loss: 0.2809 (Avg: 0.4054) Dice: 0.8113 (Avg: 0.6712) IoU: 0.6896 (Avg: 0.5360)
Train Epoch: [47][40/138] Total Loss: 0.3053 (Avg: 0.4029) Dice: 0.7805 (Avg: 0.6739) IoU: 0.6530 (Avg: 0.5389)
Train Epoch: [47][41/138] Total Loss: 0.5320 (Avg: 0.4061) Dice: 0.5411 (Avg: 0.6707) IoU: 0.4130 (Avg: 0.5358)
Train Epoch: [47][42/138] Total Loss: 0.4559 (Avg: 0.4073) Dice: 0.6320 (Avg: 0.6697) IoU: 0.5526 (Avg: 0.5362)
Train Epoch: [47][43/138] Total Loss: 0.4118 (Avg: 0.4074) Dice: 0.6693 (Avg: 0.6697) IoU: 0.5143 (Avg: 0.5357)
Train Epoch: [47][44/138] Total Loss: 0.5758 (Avg: 0.4112) Dice: 0.5206 (Avg: 0.6663) IoU: 0.4061 (Avg: 0.5328)
Train Epoch: [47][45/138] Total Loss: 0.4008 (Avg: 0.4110) Dice: 0.6707 (Avg: 0.6664) IoU: 0.5436 (Avg: 0.5330)
Train Epoch: [47][46/138] Total Loss: 0.6100 (Avg: 0.4153) Dice: 0.4615 (Avg: 0.6620) IoU: 0.3343 (Avg: 0.5287)
Train Epoch: [47][47/138] Total Loss: 0.4908 (Avg: 0.4169) Dice: 0.5235 (Avg: 0.6590) IoU: 0.4094 (Avg: 0.5261)
Train Epoch: [47][48/138] Total Loss: 0.4393 (Avg: 0.4174) Dice: 0.6232 (Avg: 0.6583) IoU: 0.4882 (Avg: 0.5254)
Train Epoch: [47][49/138] Total Loss: 0.2950 (Avg: 0.4149) Dice: 0.7883 (Avg: 0.6609) IoU: 0.6619 (Avg: 0.5281)
Train Epoch: [47][50/138] Total Loss: 0.4779 (Avg: 0.4161) Dice: 0.5831 (Avg: 0.6594) IoU: 0.4475 (Avg: 0.5265)
Train Epoch: [47][51/138] Total Loss: 0.4256 (Avg: 0.4163) Dice: 0.6417 (Avg: 0.6590) IoU: 0.4903 (Avg: 0.5258)
Train Epoch: [47][52/138] Total Loss: 0.4304 (Avg: 0.4166) Dice: 0.6461 (Avg: 0.6588) IoU: 0.5020 (Avg: 0.5254)
Train Epoch: [47][53/138] Total Loss: 0.3845 (Avg: 0.4160) Dice: 0.7037 (Avg: 0.6596) IoU: 0.5462 (Avg: 0.5258)
Train Epoch: [47][54/138] Total Loss: 0.4069 (Avg: 0.4158) Dice: 0.6672 (Avg: 0.6598) IoU: 0.5073 (Avg: 0.5254)
Train Epoch: [47][55/138] Total Loss: 0.8379 (Avg: 0.4235) Dice: 0.2254 (Avg: 0.6519) IoU: 0.1443 (Avg: 0.5185)
Train Epoch: [47][56/138] Total Loss: 0.5133 (Avg: 0.4251) Dice: 0.5141 (Avg: 0.6494) IoU: 0.3938 (Avg: 0.5163)
Train Epoch: [47][57/138] Total Loss: 0.5390 (Avg: 0.4271) Dice: 0.5127 (Avg: 0.6470) IoU: 0.3926 (Avg: 0.5141)
Train Epoch: [47][58/138] Total Loss: 0.3894 (Avg: 0.4264) Dice: 0.6926 (Avg: 0.6478) IoU: 0.5579 (Avg: 0.5148)
Train Epoch: [47][59/138] Total Loss: 0.3072 (Avg: 0.4244) Dice: 0.7923 (Avg: 0.6503) IoU: 0.6675 (Avg: 0.5174)
Train Epoch: [47][60/138] Total Loss: 0.4228 (Avg: 0.4244) Dice: 0.6597 (Avg: 0.6504) IoU: 0.5124 (Avg: 0.5173)
Train Epoch: [47][61/138] Total Loss: 0.4091 (Avg: 0.4241) Dice: 0.6690 (Avg: 0.6507) IoU: 0.5184 (Avg: 0.5174)
Train Epoch: [47][62/138] Total Loss: 0.4356 (Avg: 0.4243) Dice: 0.6318 (Avg: 0.6504) IoU: 0.4691 (Avg: 0.5166)
Train Epoch: [47][63/138] Total Loss: 0.4950 (Avg: 0.4255) Dice: 0.6000 (Avg: 0.6496) IoU: 0.4462 (Avg: 0.5155)
Train Epoch: [47][64/138] Total Loss: 0.4222 (Avg: 0.4254) Dice: 0.6868 (Avg: 0.6502) IoU: 0.5522 (Avg: 0.5160)
Train Epoch: [47][65/138] Total Loss: 0.4875 (Avg: 0.4264) Dice: 0.5827 (Avg: 0.6492) IoU: 0.4452 (Avg: 0.5150)
Train Epoch: [47][66/138] Total Loss: 0.4713 (Avg: 0.4270) Dice: 0.6513 (Avg: 0.6492) IoU: 0.5345 (Avg: 0.5152)
Train Epoch: [47][67/138] Total Loss: 0.3706 (Avg: 0.4262) Dice: 0.7042 (Avg: 0.6500) IoU: 0.5537 (Avg: 0.5158)
Train Epoch: [47][68/138] Total Loss: 0.3280 (Avg: 0.4247) Dice: 0.7723 (Avg: 0.6518) IoU: 0.6295 (Avg: 0.5175)
Train Epoch: [47][69/138] Total Loss: 0.3954 (Avg: 0.4243) Dice: 0.6759 (Avg: 0.6522) IoU: 0.5292 (Avg: 0.5177)
Train Epoch: [47][70/138] Total Loss: 0.6169 (Avg: 0.4271) Dice: 0.4717 (Avg: 0.6496) IoU: 0.3642 (Avg: 0.5155)
Train Epoch: [47][71/138] Total Loss: 0.2369 (Avg: 0.4244) Dice: 0.8617 (Avg: 0.6526) IoU: 0.7590 (Avg: 0.5189)
Train Epoch: [47][72/138] Total Loss: 0.3453 (Avg: 0.4233) Dice: 0.7512 (Avg: 0.6539) IoU: 0.6191 (Avg: 0.5203)
Train Epoch: [47][73/138] Total Loss: 0.4971 (Avg: 0.4243) Dice: 0.5570 (Avg: 0.6526) IoU: 0.3897 (Avg: 0.5185)
Train Epoch: [47][74/138] Total Loss: 0.5049 (Avg: 0.4254) Dice: 0.5410 (Avg: 0.6511) IoU: 0.4132 (Avg: 0.5171)
Train Epoch: [47][75/138] Total Loss: 0.6687 (Avg: 0.4286) Dice: 0.4254 (Avg: 0.6481) IoU: 0.3529 (Avg: 0.5149)
Train Epoch: [47][76/138] Total Loss: 0.4948 (Avg: 0.4295) Dice: 0.6077 (Avg: 0.6476) IoU: 0.5135 (Avg: 0.5149)
Train Epoch: [47][77/138] Total Loss: 0.4132 (Avg: 0.4293) Dice: 0.6686 (Avg: 0.6478) IoU: 0.5302 (Avg: 0.5151)
Train Epoch: [47][78/138] Total Loss: 0.4242 (Avg: 0.4292) Dice: 0.6661 (Avg: 0.6481) IoU: 0.5150 (Avg: 0.5151)
Train Epoch: [47][79/138] Total Loss: 0.4987 (Avg: 0.4301) Dice: 0.5522 (Avg: 0.6469) IoU: 0.4037 (Avg: 0.5137)
Train Epoch: [47][80/138] Total Loss: 0.2960 (Avg: 0.4284) Dice: 0.7957 (Avg: 0.6487) IoU: 0.6787 (Avg: 0.5157)
Train Epoch: [47][81/138] Total Loss: 0.3138 (Avg: 0.4270) Dice: 0.7798 (Avg: 0.6503) IoU: 0.6778 (Avg: 0.5177)
Train Epoch: [47][82/138] Total Loss: 0.4878 (Avg: 0.4278) Dice: 0.5111 (Avg: 0.6486) IoU: 0.3913 (Avg: 0.5162)
Train Epoch: [47][83/138] Total Loss: 0.4909 (Avg: 0.4285) Dice: 0.6009 (Avg: 0.6481) IoU: 0.4521 (Avg: 0.5154)
Train Epoch: [47][84/138] Total Loss: 0.4725 (Avg: 0.4290) Dice: 0.6088 (Avg: 0.6476) IoU: 0.4511 (Avg: 0.5146)
Train Epoch: [47][85/138] Total Loss: 0.5718 (Avg: 0.4307) Dice: 0.5008 (Avg: 0.6459) IoU: 0.3720 (Avg: 0.5130)
Train Epoch: [47][86/138] Total Loss: 0.3272 (Avg: 0.4295) Dice: 0.7738 (Avg: 0.6474) IoU: 0.6477 (Avg: 0.5145)
Train Epoch: [47][87/138] Total Loss: 0.5108 (Avg: 0.4305) Dice: 0.5378 (Avg: 0.6461) IoU: 0.4134 (Avg: 0.5134)
Train Epoch: [47][88/138] Total Loss: 0.6344 (Avg: 0.4328) Dice: 0.4436 (Avg: 0.6438) IoU: 0.3223 (Avg: 0.5112)
Train Epoch: [47][89/138] Total Loss: 0.4685 (Avg: 0.4332) Dice: 0.6109 (Avg: 0.6434) IoU: 0.4554 (Avg: 0.5106)
Train Epoch: [47][90/138] Total Loss: 0.4051 (Avg: 0.4329) Dice: 0.6722 (Avg: 0.6437) IoU: 0.5336 (Avg: 0.5108)
Train Epoch: [47][91/138] Total Loss: 0.3723 (Avg: 0.4322) Dice: 0.6766 (Avg: 0.6441) IoU: 0.5652 (Avg: 0.5114)
Train Epoch: [47][92/138] Total Loss: 0.3263 (Avg: 0.4310) Dice: 0.7555 (Avg: 0.6453) IoU: 0.6177 (Avg: 0.5126)
Train Epoch: [47][93/138] Total Loss: 0.3559 (Avg: 0.4302) Dice: 0.7814 (Avg: 0.6468) IoU: 0.6466 (Avg: 0.5140)
Train Epoch: [47][94/138] Total Loss: 0.3838 (Avg: 0.4297) Dice: 0.6814 (Avg: 0.6472) IoU: 0.5279 (Avg: 0.5142)
Train Epoch: [47][95/138] Total Loss: 0.4651 (Avg: 0.4301) Dice: 0.6121 (Avg: 0.6468) IoU: 0.5215 (Avg: 0.5142)
Train Epoch: [47][96/138] Total Loss: 0.2944 (Avg: 0.4287) Dice: 0.7916 (Avg: 0.6483) IoU: 0.6740 (Avg: 0.5159)
Train Epoch: [47][97/138] Total Loss: 0.3195 (Avg: 0.4276) Dice: 0.7798 (Avg: 0.6496) IoU: 0.6482 (Avg: 0.5173)
Train Epoch: [47][98/138] Total Loss: 0.3240 (Avg: 0.4265) Dice: 0.7622 (Avg: 0.6508) IoU: 0.6281 (Avg: 0.5184)
Train Epoch: [47][99/138] Total Loss: 0.4186 (Avg: 0.4264) Dice: 0.6705 (Avg: 0.6510) IoU: 0.5127 (Avg: 0.5183)
Train Epoch: [47][100/138] Total Loss: 0.3347 (Avg: 0.4255) Dice: 0.7436 (Avg: 0.6519) IoU: 0.6090 (Avg: 0.5193)
Train Epoch: [47][101/138] Total Loss: 0.3250 (Avg: 0.4245) Dice: 0.7628 (Avg: 0.6530) IoU: 0.6220 (Avg: 0.5203)
Train Epoch: [47][102/138] Total Loss: 0.4861 (Avg: 0.4251) Dice: 0.6224 (Avg: 0.6527) IoU: 0.5338 (Avg: 0.5204)
Train Epoch: [47][103/138] Total Loss: 0.4548 (Avg: 0.4254) Dice: 0.6084 (Avg: 0.6523) IoU: 0.4506 (Avg: 0.5197)
Train Epoch: [47][104/138] Total Loss: 0.4058 (Avg: 0.4252) Dice: 0.6851 (Avg: 0.6526) IoU: 0.5504 (Avg: 0.5200)
Train Epoch: [47][105/138] Total Loss: 0.6447 (Avg: 0.4273) Dice: 0.4843 (Avg: 0.6510) IoU: 0.3292 (Avg: 0.5182)
Train Epoch: [47][106/138] Total Loss: 0.2322 (Avg: 0.4255) Dice: 0.8595 (Avg: 0.6530) IoU: 0.7576 (Avg: 0.5205)
Train Epoch: [47][107/138] Total Loss: 0.5194 (Avg: 0.4264) Dice: 0.5191 (Avg: 0.6517) IoU: 0.3786 (Avg: 0.5191)
Train Epoch: [47][108/138] Total Loss: 0.5102 (Avg: 0.4271) Dice: 0.5647 (Avg: 0.6509) IoU: 0.4138 (Avg: 0.5182)
Train Epoch: [47][109/138] Total Loss: 0.5093 (Avg: 0.4279) Dice: 0.5529 (Avg: 0.6500) IoU: 0.4316 (Avg: 0.5174)
Train Epoch: [47][110/138] Total Loss: 0.3770 (Avg: 0.4274) Dice: 0.6874 (Avg: 0.6504) IoU: 0.5257 (Avg: 0.5174)
Train Epoch: [47][111/138] Total Loss: 0.3693 (Avg: 0.4269) Dice: 0.6969 (Avg: 0.6508) IoU: 0.5485 (Avg: 0.5177)
Train Epoch: [47][112/138] Total Loss: 0.4075 (Avg: 0.4267) Dice: 0.6612 (Avg: 0.6509) IoU: 0.5107 (Avg: 0.5177)
Train Epoch: [47][113/138] Total Loss: 0.3582 (Avg: 0.4261) Dice: 0.7281 (Avg: 0.6515) IoU: 0.5778 (Avg: 0.5182)
Train Epoch: [47][114/138] Total Loss: 0.3578 (Avg: 0.4255) Dice: 0.7188 (Avg: 0.6521) IoU: 0.5833 (Avg: 0.5188)
Train Epoch: [47][115/138] Total Loss: 0.3394 (Avg: 0.4248) Dice: 0.7449 (Avg: 0.6529) IoU: 0.6006 (Avg: 0.5195)
Train Epoch: [47][116/138] Total Loss: 0.6771 (Avg: 0.4269) Dice: 0.4113 (Avg: 0.6509) IoU: 0.3304 (Avg: 0.5178)
Train Epoch: [47][117/138] Total Loss: 0.4896 (Avg: 0.4275) Dice: 0.5678 (Avg: 0.6502) IoU: 0.4224 (Avg: 0.5170)
Train Epoch: [47][118/138] Total Loss: 0.3373 (Avg: 0.4267) Dice: 0.7595 (Avg: 0.6511) IoU: 0.6152 (Avg: 0.5179)
Train Epoch: [47][119/138] Total Loss: 0.4233 (Avg: 0.4267) Dice: 0.6516 (Avg: 0.6511) IoU: 0.4946 (Avg: 0.5177)
Train Epoch: [47][120/138] Total Loss: 0.5125 (Avg: 0.4274) Dice: 0.5245 (Avg: 0.6500) IoU: 0.3749 (Avg: 0.5165)
Train Epoch: [47][121/138] Total Loss: 0.3746 (Avg: 0.4270) Dice: 0.6855 (Avg: 0.6503) IoU: 0.5322 (Avg: 0.5166)
Train Epoch: [47][122/138] Total Loss: 0.4172 (Avg: 0.4269) Dice: 0.6584 (Avg: 0.6504) IoU: 0.5240 (Avg: 0.5167)
Train Epoch: [47][123/138] Total Loss: 0.3165 (Avg: 0.4260) Dice: 0.7929 (Avg: 0.6515) IoU: 0.6649 (Avg: 0.5179)
Train Epoch: [47][124/138] Total Loss: 0.3903 (Avg: 0.4257) Dice: 0.7211 (Avg: 0.6521) IoU: 0.6011 (Avg: 0.5185)
Train Epoch: [47][125/138] Total Loss: 0.3603 (Avg: 0.4252) Dice: 0.7148 (Avg: 0.6526) IoU: 0.6133 (Avg: 0.5193)
Train Epoch: [47][126/138] Total Loss: 0.3834 (Avg: 0.4249) Dice: 0.7033 (Avg: 0.6530) IoU: 0.5610 (Avg: 0.5196)
Train Epoch: [47][127/138] Total Loss: 0.4052 (Avg: 0.4247) Dice: 0.6707 (Avg: 0.6531) IoU: 0.5151 (Avg: 0.5196)
Train Epoch: [47][128/138] Total Loss: 0.5915 (Avg: 0.4260) Dice: 0.4746 (Avg: 0.6518) IoU: 0.3361 (Avg: 0.5182)
Train Epoch: [47][129/138] Total Loss: 0.5810 (Avg: 0.4272) Dice: 0.4729 (Avg: 0.6504) IoU: 0.3298 (Avg: 0.5167)
Train Epoch: [47][130/138] Total Loss: 0.3301 (Avg: 0.4265) Dice: 0.7296 (Avg: 0.6510) IoU: 0.5928 (Avg: 0.5173)
Train Epoch: [47][131/138] Total Loss: 0.4447 (Avg: 0.4266) Dice: 0.6350 (Avg: 0.6509) IoU: 0.4986 (Avg: 0.5171)
Train Epoch: [47][132/138] Total Loss: 0.3413 (Avg: 0.4259) Dice: 0.7299 (Avg: 0.6515) IoU: 0.5827 (Avg: 0.5176)
Train Epoch: [47][133/138] Total Loss: 0.3829 (Avg: 0.4256) Dice: 0.7310 (Avg: 0.6521) IoU: 0.5910 (Avg: 0.5182)
Train Epoch: [47][134/138] Total Loss: 0.4148 (Avg: 0.4255) Dice: 0.6796 (Avg: 0.6523) IoU: 0.5665 (Avg: 0.5186)
Train Epoch: [47][135/138] Total Loss: 0.4204 (Avg: 0.4255) Dice: 0.6455 (Avg: 0.6522) IoU: 0.5038 (Avg: 0.5184)
Train Epoch: [47][136/138] Total Loss: 0.3432 (Avg: 0.4249) Dice: 0.7401 (Avg: 0.6529) IoU: 0.5983 (Avg: 0.5190)
Train Epoch: [47][137/138] Total Loss: 0.3215 (Avg: 0.4241) Dice: 0.7628 (Avg: 0.6537) IoU: 0.6483 (Avg: 0.5200)
Train Epoch: [47][138/138] Total Loss: 0.1518 (Avg: 0.4213) Dice: 0.8245 (Avg: 0.6504) IoU: 0.7014 (Avg: 0.5175)
Validation Epoch: [47] Avg Loss: 0.3587 Avg Dice: 0.5909 Avg IoU: 0.4609

========= Epoch [48/50] =========
Train Epoch: [48][1/138] Total Loss: 0.5297 (Avg: 0.5297) Dice: 0.5606 (Avg: 0.5606) IoU: 0.4240 (Avg: 0.4240)
Train Epoch: [48][2/138] Total Loss: 0.3547 (Avg: 0.4422) Dice: 0.7300 (Avg: 0.6453) IoU: 0.5800 (Avg: 0.5020)
Train Epoch: [48][3/138] Total Loss: 0.5351 (Avg: 0.4732) Dice: 0.5528 (Avg: 0.6145) IoU: 0.4480 (Avg: 0.4840)
Train Epoch: [48][4/138] Total Loss: 0.3453 (Avg: 0.4412) Dice: 0.7478 (Avg: 0.6478) IoU: 0.6234 (Avg: 0.5189)
Train Epoch: [48][5/138] Total Loss: 0.4136 (Avg: 0.4357) Dice: 0.6289 (Avg: 0.6440) IoU: 0.4893 (Avg: 0.5129)
Train Epoch: [48][6/138] Total Loss: 0.2674 (Avg: 0.4076) Dice: 0.8445 (Avg: 0.6774) IoU: 0.7345 (Avg: 0.5499)
Train Epoch: [48][7/138] Total Loss: 0.4144 (Avg: 0.4086) Dice: 0.6580 (Avg: 0.6747) IoU: 0.5078 (Avg: 0.5439)
Train Epoch: [48][8/138] Total Loss: 0.2957 (Avg: 0.3945) Dice: 0.7895 (Avg: 0.6890) IoU: 0.6616 (Avg: 0.5586)
Train Epoch: [48][9/138] Total Loss: 0.4113 (Avg: 0.3964) Dice: 0.6659 (Avg: 0.6865) IoU: 0.5172 (Avg: 0.5540)
Train Epoch: [48][10/138] Total Loss: 0.5359 (Avg: 0.4103) Dice: 0.4740 (Avg: 0.6652) IoU: 0.3318 (Avg: 0.5318)
Train Epoch: [48][11/138] Total Loss: 0.3966 (Avg: 0.4091) Dice: 0.6867 (Avg: 0.6672) IoU: 0.5427 (Avg: 0.5328)
Train Epoch: [48][12/138] Total Loss: 0.3050 (Avg: 0.4004) Dice: 0.7855 (Avg: 0.6770) IoU: 0.6541 (Avg: 0.5429)
Train Epoch: [48][13/138] Total Loss: 0.3704 (Avg: 0.3981) Dice: 0.6914 (Avg: 0.6781) IoU: 0.5408 (Avg: 0.5427)
Train Epoch: [48][14/138] Total Loss: 0.5681 (Avg: 0.4102) Dice: 0.4670 (Avg: 0.6630) IoU: 0.3341 (Avg: 0.5278)
Train Epoch: [48][15/138] Total Loss: 0.5225 (Avg: 0.4177) Dice: 0.5544 (Avg: 0.6558) IoU: 0.4036 (Avg: 0.5195)
Train Epoch: [48][16/138] Total Loss: 0.4677 (Avg: 0.4208) Dice: 0.5971 (Avg: 0.6521) IoU: 0.4448 (Avg: 0.5149)
Train Epoch: [48][17/138] Total Loss: 0.5720 (Avg: 0.4297) Dice: 0.5203 (Avg: 0.6444) IoU: 0.4129 (Avg: 0.5089)
Train Epoch: [48][18/138] Total Loss: 0.4871 (Avg: 0.4329) Dice: 0.5467 (Avg: 0.6389) IoU: 0.4335 (Avg: 0.5047)
Train Epoch: [48][19/138] Total Loss: 0.3400 (Avg: 0.4280) Dice: 0.7310 (Avg: 0.6438) IoU: 0.5989 (Avg: 0.5096)
Train Epoch: [48][20/138] Total Loss: 0.4660 (Avg: 0.4299) Dice: 0.6147 (Avg: 0.6423) IoU: 0.4765 (Avg: 0.5080)
Train Epoch: [48][21/138] Total Loss: 0.4194 (Avg: 0.4294) Dice: 0.6458 (Avg: 0.6425) IoU: 0.4836 (Avg: 0.5068)
Train Epoch: [48][22/138] Total Loss: 0.4879 (Avg: 0.4321) Dice: 0.5583 (Avg: 0.6387) IoU: 0.4358 (Avg: 0.5036)
Train Epoch: [48][23/138] Total Loss: 0.4691 (Avg: 0.4337) Dice: 0.6036 (Avg: 0.6371) IoU: 0.4515 (Avg: 0.5013)
Train Epoch: [48][24/138] Total Loss: 0.5241 (Avg: 0.4375) Dice: 0.5671 (Avg: 0.6342) IoU: 0.4372 (Avg: 0.4986)
Train Epoch: [48][25/138] Total Loss: 0.6889 (Avg: 0.4475) Dice: 0.4109 (Avg: 0.6253) IoU: 0.2999 (Avg: 0.4907)
Train Epoch: [48][26/138] Total Loss: 0.5183 (Avg: 0.4502) Dice: 0.5245 (Avg: 0.6214) IoU: 0.4050 (Avg: 0.4874)
Train Epoch: [48][27/138] Total Loss: 0.5177 (Avg: 0.4527) Dice: 0.5454 (Avg: 0.6186) IoU: 0.3864 (Avg: 0.4837)
Train Epoch: [48][28/138] Total Loss: 0.2872 (Avg: 0.4468) Dice: 0.8109 (Avg: 0.6255) IoU: 0.6834 (Avg: 0.4908)
Train Epoch: [48][29/138] Total Loss: 0.4032 (Avg: 0.4453) Dice: 0.6434 (Avg: 0.6261) IoU: 0.4932 (Avg: 0.4909)
Train Epoch: [48][30/138] Total Loss: 0.5140 (Avg: 0.4476) Dice: 0.5743 (Avg: 0.6244) IoU: 0.4320 (Avg: 0.4889)
Train Epoch: [48][31/138] Total Loss: 0.2952 (Avg: 0.4427) Dice: 0.7883 (Avg: 0.6296) IoU: 0.6530 (Avg: 0.4942)
Train Epoch: [48][32/138] Total Loss: 0.4056 (Avg: 0.4415) Dice: 0.6816 (Avg: 0.6313) IoU: 0.5327 (Avg: 0.4954)
Train Epoch: [48][33/138] Total Loss: 0.4976 (Avg: 0.4432) Dice: 0.5666 (Avg: 0.6293) IoU: 0.4106 (Avg: 0.4928)
Train Epoch: [48][34/138] Total Loss: 0.2926 (Avg: 0.4388) Dice: 0.7965 (Avg: 0.6342) IoU: 0.6724 (Avg: 0.4981)
Train Epoch: [48][35/138] Total Loss: 0.3986 (Avg: 0.4377) Dice: 0.7008 (Avg: 0.6361) IoU: 0.5654 (Avg: 0.5000)
Train Epoch: [48][36/138] Total Loss: 0.5289 (Avg: 0.4402) Dice: 0.5331 (Avg: 0.6333) IoU: 0.4135 (Avg: 0.4976)
Train Epoch: [48][37/138] Total Loss: 0.3257 (Avg: 0.4371) Dice: 0.7543 (Avg: 0.6365) IoU: 0.6307 (Avg: 0.5012)
Train Epoch: [48][38/138] Total Loss: 0.3307 (Avg: 0.4343) Dice: 0.7618 (Avg: 0.6398) IoU: 0.6223 (Avg: 0.5044)
Train Epoch: [48][39/138] Total Loss: 0.3275 (Avg: 0.4316) Dice: 0.7493 (Avg: 0.6426) IoU: 0.5999 (Avg: 0.5069)
Train Epoch: [48][40/138] Total Loss: 0.4556 (Avg: 0.4322) Dice: 0.5531 (Avg: 0.6404) IoU: 0.4498 (Avg: 0.5054)
Train Epoch: [48][41/138] Total Loss: 0.3635 (Avg: 0.4305) Dice: 0.6856 (Avg: 0.6415) IoU: 0.5609 (Avg: 0.5068)
Train Epoch: [48][42/138] Total Loss: 0.3591 (Avg: 0.4288) Dice: 0.7059 (Avg: 0.6430) IoU: 0.5531 (Avg: 0.5079)
Train Epoch: [48][43/138] Total Loss: 0.4569 (Avg: 0.4294) Dice: 0.6138 (Avg: 0.6424) IoU: 0.4654 (Avg: 0.5069)
Train Epoch: [48][44/138] Total Loss: 0.4057 (Avg: 0.4289) Dice: 0.6780 (Avg: 0.6432) IoU: 0.5236 (Avg: 0.5073)
Train Epoch: [48][45/138] Total Loss: 0.3606 (Avg: 0.4274) Dice: 0.7250 (Avg: 0.6450) IoU: 0.6112 (Avg: 0.5096)
Train Epoch: [48][46/138] Total Loss: 0.4676 (Avg: 0.4283) Dice: 0.6205 (Avg: 0.6445) IoU: 0.4960 (Avg: 0.5093)
Train Epoch: [48][47/138] Total Loss: 0.5144 (Avg: 0.4301) Dice: 0.5585 (Avg: 0.6426) IoU: 0.4089 (Avg: 0.5072)
Train Epoch: [48][48/138] Total Loss: 0.3345 (Avg: 0.4281) Dice: 0.7517 (Avg: 0.6449) IoU: 0.6278 (Avg: 0.5097)
Train Epoch: [48][49/138] Total Loss: 0.4505 (Avg: 0.4286) Dice: 0.5463 (Avg: 0.6429) IoU: 0.4395 (Avg: 0.5083)
Train Epoch: [48][50/138] Total Loss: 0.3560 (Avg: 0.4271) Dice: 0.7202 (Avg: 0.6444) IoU: 0.5873 (Avg: 0.5098)
Train Epoch: [48][51/138] Total Loss: 0.4209 (Avg: 0.4270) Dice: 0.6570 (Avg: 0.6447) IoU: 0.5103 (Avg: 0.5098)
Train Epoch: [48][52/138] Total Loss: 0.5086 (Avg: 0.4285) Dice: 0.5774 (Avg: 0.6434) IoU: 0.4099 (Avg: 0.5079)
Train Epoch: [48][53/138] Total Loss: 0.4631 (Avg: 0.4292) Dice: 0.6283 (Avg: 0.6431) IoU: 0.4999 (Avg: 0.5078)
Train Epoch: [48][54/138] Total Loss: 0.3896 (Avg: 0.4285) Dice: 0.7062 (Avg: 0.6443) IoU: 0.5960 (Avg: 0.5094)
Train Epoch: [48][55/138] Total Loss: 0.3337 (Avg: 0.4267) Dice: 0.7486 (Avg: 0.6462) IoU: 0.6017 (Avg: 0.5111)
Train Epoch: [48][56/138] Total Loss: 0.2637 (Avg: 0.4238) Dice: 0.8514 (Avg: 0.6498) IoU: 0.7444 (Avg: 0.5153)
Train Epoch: [48][57/138] Total Loss: 0.4941 (Avg: 0.4251) Dice: 0.5914 (Avg: 0.6488) IoU: 0.4472 (Avg: 0.5141)
Train Epoch: [48][58/138] Total Loss: 0.4972 (Avg: 0.4263) Dice: 0.5639 (Avg: 0.6473) IoU: 0.4084 (Avg: 0.5122)
Train Epoch: [48][59/138] Total Loss: 0.2895 (Avg: 0.4240) Dice: 0.8051 (Avg: 0.6500) IoU: 0.6777 (Avg: 0.5150)
Train Epoch: [48][60/138] Total Loss: 0.4205 (Avg: 0.4239) Dice: 0.6384 (Avg: 0.6498) IoU: 0.4870 (Avg: 0.5146)
Train Epoch: [48][61/138] Total Loss: 0.4238 (Avg: 0.4239) Dice: 0.6701 (Avg: 0.6502) IoU: 0.5080 (Avg: 0.5145)
Train Epoch: [48][62/138] Total Loss: 0.4547 (Avg: 0.4244) Dice: 0.6119 (Avg: 0.6495) IoU: 0.4904 (Avg: 0.5141)
Train Epoch: [48][63/138] Total Loss: 0.3341 (Avg: 0.4230) Dice: 0.7441 (Avg: 0.6510) IoU: 0.5956 (Avg: 0.5154)
Train Epoch: [48][64/138] Total Loss: 0.4728 (Avg: 0.4238) Dice: 0.6050 (Avg: 0.6503) IoU: 0.4680 (Avg: 0.5146)
Train Epoch: [48][65/138] Total Loss: 0.3491 (Avg: 0.4226) Dice: 0.7261 (Avg: 0.6515) IoU: 0.5917 (Avg: 0.5158)
Train Epoch: [48][66/138] Total Loss: 0.4052 (Avg: 0.4224) Dice: 0.6609 (Avg: 0.6516) IoU: 0.5012 (Avg: 0.5156)
Train Epoch: [48][67/138] Total Loss: 0.3941 (Avg: 0.4219) Dice: 0.6842 (Avg: 0.6521) IoU: 0.5271 (Avg: 0.5158)
Train Epoch: [48][68/138] Total Loss: 0.3249 (Avg: 0.4205) Dice: 0.7563 (Avg: 0.6536) IoU: 0.6283 (Avg: 0.5174)
Train Epoch: [48][69/138] Total Loss: 0.3945 (Avg: 0.4201) Dice: 0.6835 (Avg: 0.6541) IoU: 0.5357 (Avg: 0.5177)
Train Epoch: [48][70/138] Total Loss: 0.2832 (Avg: 0.4182) Dice: 0.8069 (Avg: 0.6563) IoU: 0.6771 (Avg: 0.5200)
Train Epoch: [48][71/138] Total Loss: 0.3839 (Avg: 0.4177) Dice: 0.6887 (Avg: 0.6567) IoU: 0.5363 (Avg: 0.5202)
Train Epoch: [48][72/138] Total Loss: 0.5111 (Avg: 0.4190) Dice: 0.5410 (Avg: 0.6551) IoU: 0.4373 (Avg: 0.5190)
Train Epoch: [48][73/138] Total Loss: 0.4858 (Avg: 0.4199) Dice: 0.6165 (Avg: 0.6546) IoU: 0.5257 (Avg: 0.5191)
Train Epoch: [48][74/138] Total Loss: 0.6522 (Avg: 0.4230) Dice: 0.4348 (Avg: 0.6516) IoU: 0.3232 (Avg: 0.5165)
Train Epoch: [48][75/138] Total Loss: 0.3799 (Avg: 0.4225) Dice: 0.7211 (Avg: 0.6525) IoU: 0.5779 (Avg: 0.5173)
Train Epoch: [48][76/138] Total Loss: 0.5684 (Avg: 0.4244) Dice: 0.5108 (Avg: 0.6507) IoU: 0.3768 (Avg: 0.5155)
Train Epoch: [48][77/138] Total Loss: 0.4371 (Avg: 0.4246) Dice: 0.6308 (Avg: 0.6504) IoU: 0.5216 (Avg: 0.5155)
Train Epoch: [48][78/138] Total Loss: 0.5072 (Avg: 0.4256) Dice: 0.5919 (Avg: 0.6497) IoU: 0.4892 (Avg: 0.5152)
Train Epoch: [48][79/138] Total Loss: 0.6090 (Avg: 0.4279) Dice: 0.4231 (Avg: 0.6468) IoU: 0.3433 (Avg: 0.5130)
Train Epoch: [48][80/138] Total Loss: 0.3464 (Avg: 0.4269) Dice: 0.7416 (Avg: 0.6480) IoU: 0.6126 (Avg: 0.5143)
Train Epoch: [48][81/138] Total Loss: 0.5328 (Avg: 0.4282) Dice: 0.5357 (Avg: 0.6466) IoU: 0.3957 (Avg: 0.5128)
Train Epoch: [48][82/138] Total Loss: 0.5114 (Avg: 0.4292) Dice: 0.5896 (Avg: 0.6459) IoU: 0.4742 (Avg: 0.5123)
Train Epoch: [48][83/138] Total Loss: 0.4261 (Avg: 0.4292) Dice: 0.6611 (Avg: 0.6461) IoU: 0.5147 (Avg: 0.5124)
Train Epoch: [48][84/138] Total Loss: 0.4633 (Avg: 0.4296) Dice: 0.6246 (Avg: 0.6458) IoU: 0.5093 (Avg: 0.5123)
Train Epoch: [48][85/138] Total Loss: 0.6856 (Avg: 0.4326) Dice: 0.3861 (Avg: 0.6428) IoU: 0.2763 (Avg: 0.5095)
Train Epoch: [48][86/138] Total Loss: 0.4039 (Avg: 0.4323) Dice: 0.6756 (Avg: 0.6432) IoU: 0.5448 (Avg: 0.5100)
Train Epoch: [48][87/138] Total Loss: 0.3702 (Avg: 0.4316) Dice: 0.6976 (Avg: 0.6438) IoU: 0.5437 (Avg: 0.5103)
Train Epoch: [48][88/138] Total Loss: 0.3480 (Avg: 0.4306) Dice: 0.7438 (Avg: 0.6449) IoU: 0.6001 (Avg: 0.5114)
Train Epoch: [48][89/138] Total Loss: 0.4727 (Avg: 0.4311) Dice: 0.5961 (Avg: 0.6444) IoU: 0.4301 (Avg: 0.5105)
Train Epoch: [48][90/138] Total Loss: 0.4126 (Avg: 0.4309) Dice: 0.6456 (Avg: 0.6444) IoU: 0.4882 (Avg: 0.5102)
Train Epoch: [48][91/138] Total Loss: 0.4452 (Avg: 0.4310) Dice: 0.6195 (Avg: 0.6441) IoU: 0.4652 (Avg: 0.5097)
Train Epoch: [48][92/138] Total Loss: 0.3695 (Avg: 0.4304) Dice: 0.7210 (Avg: 0.6449) IoU: 0.5745 (Avg: 0.5104)
Train Epoch: [48][93/138] Total Loss: 0.4064 (Avg: 0.4301) Dice: 0.6682 (Avg: 0.6452) IoU: 0.5232 (Avg: 0.5106)
Train Epoch: [48][94/138] Total Loss: 0.4487 (Avg: 0.4303) Dice: 0.6464 (Avg: 0.6452) IoU: 0.4965 (Avg: 0.5104)
Train Epoch: [48][95/138] Total Loss: 0.4293 (Avg: 0.4303) Dice: 0.6352 (Avg: 0.6451) IoU: 0.4885 (Avg: 0.5102)
Train Epoch: [48][96/138] Total Loss: 0.5054 (Avg: 0.4311) Dice: 0.5414 (Avg: 0.6440) IoU: 0.3984 (Avg: 0.5090)
Train Epoch: [48][97/138] Total Loss: 0.5040 (Avg: 0.4318) Dice: 0.5974 (Avg: 0.6435) IoU: 0.5006 (Avg: 0.5089)
Train Epoch: [48][98/138] Total Loss: 0.5844 (Avg: 0.4334) Dice: 0.4976 (Avg: 0.6421) IoU: 0.3801 (Avg: 0.5076)
Train Epoch: [48][99/138] Total Loss: 0.5491 (Avg: 0.4346) Dice: 0.5048 (Avg: 0.6407) IoU: 0.3689 (Avg: 0.5062)
Train Epoch: [48][100/138] Total Loss: 0.4989 (Avg: 0.4352) Dice: 0.5925 (Avg: 0.6402) IoU: 0.4945 (Avg: 0.5061)
Train Epoch: [48][101/138] Total Loss: 0.3258 (Avg: 0.4341) Dice: 0.7409 (Avg: 0.6412) IoU: 0.5887 (Avg: 0.5069)
Train Epoch: [48][102/138] Total Loss: 0.4034 (Avg: 0.4338) Dice: 0.6658 (Avg: 0.6414) IoU: 0.5318 (Avg: 0.5072)
Train Epoch: [48][103/138] Total Loss: 0.4054 (Avg: 0.4335) Dice: 0.6830 (Avg: 0.6418) IoU: 0.5369 (Avg: 0.5074)
Train Epoch: [48][104/138] Total Loss: 0.4625 (Avg: 0.4338) Dice: 0.6158 (Avg: 0.6416) IoU: 0.4681 (Avg: 0.5071)
Train Epoch: [48][105/138] Total Loss: 0.3191 (Avg: 0.4327) Dice: 0.7588 (Avg: 0.6427) IoU: 0.6243 (Avg: 0.5082)
Train Epoch: [48][106/138] Total Loss: 0.4593 (Avg: 0.4330) Dice: 0.6130 (Avg: 0.6424) IoU: 0.4809 (Avg: 0.5079)
Train Epoch: [48][107/138] Total Loss: 0.4754 (Avg: 0.4334) Dice: 0.5968 (Avg: 0.6420) IoU: 0.4323 (Avg: 0.5072)
Train Epoch: [48][108/138] Total Loss: 0.3037 (Avg: 0.4322) Dice: 0.7925 (Avg: 0.6434) IoU: 0.6643 (Avg: 0.5087)
Train Epoch: [48][109/138] Total Loss: 0.3571 (Avg: 0.4315) Dice: 0.7243 (Avg: 0.6441) IoU: 0.5918 (Avg: 0.5094)
Train Epoch: [48][110/138] Total Loss: 0.4373 (Avg: 0.4315) Dice: 0.6473 (Avg: 0.6442) IoU: 0.5307 (Avg: 0.5096)
Train Epoch: [48][111/138] Total Loss: 0.4905 (Avg: 0.4321) Dice: 0.5934 (Avg: 0.6437) IoU: 0.4998 (Avg: 0.5095)
Train Epoch: [48][112/138] Total Loss: 0.3711 (Avg: 0.4315) Dice: 0.7111 (Avg: 0.6443) IoU: 0.5781 (Avg: 0.5101)
Train Epoch: [48][113/138] Total Loss: 0.7087 (Avg: 0.4340) Dice: 0.3640 (Avg: 0.6418) IoU: 0.2464 (Avg: 0.5078)
Train Epoch: [48][114/138] Total Loss: 0.3550 (Avg: 0.4333) Dice: 0.7230 (Avg: 0.6425) IoU: 0.5765 (Avg: 0.5084)
Train Epoch: [48][115/138] Total Loss: 0.5376 (Avg: 0.4342) Dice: 0.4826 (Avg: 0.6411) IoU: 0.3395 (Avg: 0.5069)
Train Epoch: [48][116/138] Total Loss: 0.3073 (Avg: 0.4331) Dice: 0.7773 (Avg: 0.6423) IoU: 0.6445 (Avg: 0.5081)
Train Epoch: [48][117/138] Total Loss: 0.3216 (Avg: 0.4322) Dice: 0.7631 (Avg: 0.6433) IoU: 0.6336 (Avg: 0.5092)
Train Epoch: [48][118/138] Total Loss: 0.6383 (Avg: 0.4339) Dice: 0.4570 (Avg: 0.6418) IoU: 0.3191 (Avg: 0.5076)
Train Epoch: [48][119/138] Total Loss: 0.4189 (Avg: 0.4338) Dice: 0.5913 (Avg: 0.6413) IoU: 0.4643 (Avg: 0.5072)
Train Epoch: [48][120/138] Total Loss: 0.5315 (Avg: 0.4346) Dice: 0.5180 (Avg: 0.6403) IoU: 0.4182 (Avg: 0.5065)
Train Epoch: [48][121/138] Total Loss: 0.3050 (Avg: 0.4335) Dice: 0.7643 (Avg: 0.6413) IoU: 0.6295 (Avg: 0.5075)
Train Epoch: [48][122/138] Total Loss: 0.3110 (Avg: 0.4325) Dice: 0.7741 (Avg: 0.6424) IoU: 0.6400 (Avg: 0.5086)
Train Epoch: [48][123/138] Total Loss: 0.5381 (Avg: 0.4334) Dice: 0.5189 (Avg: 0.6414) IoU: 0.4024 (Avg: 0.5077)
Train Epoch: [48][124/138] Total Loss: 0.2914 (Avg: 0.4322) Dice: 0.7905 (Avg: 0.6426) IoU: 0.6680 (Avg: 0.5090)
Train Epoch: [48][125/138] Total Loss: 0.6189 (Avg: 0.4337) Dice: 0.4434 (Avg: 0.6410) IoU: 0.3071 (Avg: 0.5074)
Train Epoch: [48][126/138] Total Loss: 0.5870 (Avg: 0.4349) Dice: 0.4901 (Avg: 0.6398) IoU: 0.3554 (Avg: 0.5062)
Train Epoch: [48][127/138] Total Loss: 0.4079 (Avg: 0.4347) Dice: 0.6649 (Avg: 0.6400) IoU: 0.5123 (Avg: 0.5062)
Train Epoch: [48][128/138] Total Loss: 0.3013 (Avg: 0.4337) Dice: 0.7830 (Avg: 0.6411) IoU: 0.6604 (Avg: 0.5075)
Train Epoch: [48][129/138] Total Loss: 0.4806 (Avg: 0.4340) Dice: 0.5884 (Avg: 0.6407) IoU: 0.4546 (Avg: 0.5070)
Train Epoch: [48][130/138] Total Loss: 0.4005 (Avg: 0.4338) Dice: 0.6915 (Avg: 0.6411) IoU: 0.5378 (Avg: 0.5073)
Train Epoch: [48][131/138] Total Loss: 0.2875 (Avg: 0.4327) Dice: 0.7899 (Avg: 0.6423) IoU: 0.6597 (Avg: 0.5084)
Train Epoch: [48][132/138] Total Loss: 0.3199 (Avg: 0.4318) Dice: 0.7458 (Avg: 0.6430) IoU: 0.6043 (Avg: 0.5092)
Train Epoch: [48][133/138] Total Loss: 0.3498 (Avg: 0.4312) Dice: 0.7224 (Avg: 0.6436) IoU: 0.5758 (Avg: 0.5097)
Train Epoch: [48][134/138] Total Loss: 0.5328 (Avg: 0.4320) Dice: 0.5165 (Avg: 0.6427) IoU: 0.3698 (Avg: 0.5086)
Train Epoch: [48][135/138] Total Loss: 0.3485 (Avg: 0.4313) Dice: 0.7222 (Avg: 0.6433) IoU: 0.5679 (Avg: 0.5091)
Train Epoch: [48][136/138] Total Loss: 0.3651 (Avg: 0.4309) Dice: 0.7019 (Avg: 0.6437) IoU: 0.5444 (Avg: 0.5093)
Train Epoch: [48][137/138] Total Loss: 0.5295 (Avg: 0.4316) Dice: 0.5309 (Avg: 0.6429) IoU: 0.3759 (Avg: 0.5083)
Train Epoch: [48][138/138] Total Loss: 0.1982 (Avg: 0.4288) Dice: 0.7507 (Avg: 0.6396) IoU: 0.6009 (Avg: 0.5058)
Validation Epoch: [48] Avg Loss: 0.3546 Avg Dice: 0.5966 Avg IoU: 0.4661

========= Epoch [49/50] =========
Train Epoch: [49][1/138] Total Loss: 0.3066 (Avg: 0.3066) Dice: 0.7895 (Avg: 0.7895) IoU: 0.6666 (Avg: 0.6666)
Train Epoch: [49][2/138] Total Loss: 0.3292 (Avg: 0.3179) Dice: 0.7520 (Avg: 0.7708) IoU: 0.6207 (Avg: 0.6437)
Train Epoch: [49][3/138] Total Loss: 0.3119 (Avg: 0.3159) Dice: 0.7815 (Avg: 0.7743) IoU: 0.6618 (Avg: 0.6497)
Train Epoch: [49][4/138] Total Loss: 0.2426 (Avg: 0.2976) Dice: 0.8906 (Avg: 0.8034) IoU: 0.8052 (Avg: 0.6886)
Train Epoch: [49][5/138] Total Loss: 0.4725 (Avg: 0.3326) Dice: 0.6051 (Avg: 0.7638) IoU: 0.4946 (Avg: 0.6498)
Train Epoch: [49][6/138] Total Loss: 0.2818 (Avg: 0.3241) Dice: 0.8178 (Avg: 0.7728) IoU: 0.7036 (Avg: 0.6588)
Train Epoch: [49][7/138] Total Loss: 0.6432 (Avg: 0.3697) Dice: 0.4310 (Avg: 0.7239) IoU: 0.3305 (Avg: 0.6119)
Train Epoch: [49][8/138] Total Loss: 0.4863 (Avg: 0.3843) Dice: 0.5675 (Avg: 0.7044) IoU: 0.4242 (Avg: 0.5884)
Train Epoch: [49][9/138] Total Loss: 0.3905 (Avg: 0.3850) Dice: 0.6954 (Avg: 0.7034) IoU: 0.5892 (Avg: 0.5885)
Train Epoch: [49][10/138] Total Loss: 0.3960 (Avg: 0.3861) Dice: 0.6862 (Avg: 0.7017) IoU: 0.5357 (Avg: 0.5832)
Train Epoch: [49][11/138] Total Loss: 0.3891 (Avg: 0.3863) Dice: 0.6925 (Avg: 0.7008) IoU: 0.5467 (Avg: 0.5799)
Train Epoch: [49][12/138] Total Loss: 0.6441 (Avg: 0.4078) Dice: 0.4263 (Avg: 0.6780) IoU: 0.2968 (Avg: 0.5563)
Train Epoch: [49][13/138] Total Loss: 0.5060 (Avg: 0.4154) Dice: 0.5298 (Avg: 0.6666) IoU: 0.3902 (Avg: 0.5435)
Train Epoch: [49][14/138] Total Loss: 0.3516 (Avg: 0.4108) Dice: 0.7218 (Avg: 0.6705) IoU: 0.5802 (Avg: 0.5461)
Train Epoch: [49][15/138] Total Loss: 0.3945 (Avg: 0.4097) Dice: 0.7051 (Avg: 0.6728) IoU: 0.6191 (Avg: 0.5510)
Train Epoch: [49][16/138] Total Loss: 0.3378 (Avg: 0.4052) Dice: 0.7377 (Avg: 0.6769) IoU: 0.5890 (Avg: 0.5534)
Train Epoch: [49][17/138] Total Loss: 0.4059 (Avg: 0.4053) Dice: 0.6880 (Avg: 0.6775) IoU: 0.5305 (Avg: 0.5520)
Train Epoch: [49][18/138] Total Loss: 0.4607 (Avg: 0.4084) Dice: 0.5908 (Avg: 0.6727) IoU: 0.4696 (Avg: 0.5475)
Train Epoch: [49][19/138] Total Loss: 0.3478 (Avg: 0.4052) Dice: 0.7197 (Avg: 0.6752) IoU: 0.5720 (Avg: 0.5487)
Train Epoch: [49][20/138] Total Loss: 0.6423 (Avg: 0.4170) Dice: 0.4001 (Avg: 0.6614) IoU: 0.3336 (Avg: 0.5380)
Train Epoch: [49][21/138] Total Loss: 0.2557 (Avg: 0.4093) Dice: 0.8368 (Avg: 0.6698) IoU: 0.7229 (Avg: 0.5468)
Train Epoch: [49][22/138] Total Loss: 0.3779 (Avg: 0.4079) Dice: 0.7047 (Avg: 0.6714) IoU: 0.5580 (Avg: 0.5473)
Train Epoch: [49][23/138] Total Loss: 0.4547 (Avg: 0.4099) Dice: 0.6030 (Avg: 0.6684) IoU: 0.4457 (Avg: 0.5429)
Train Epoch: [49][24/138] Total Loss: 0.2596 (Avg: 0.4037) Dice: 0.8270 (Avg: 0.6750) IoU: 0.7115 (Avg: 0.5499)
Train Epoch: [49][25/138] Total Loss: 0.4867 (Avg: 0.4070) Dice: 0.5931 (Avg: 0.6717) IoU: 0.4851 (Avg: 0.5473)
Train Epoch: [49][26/138] Total Loss: 0.5014 (Avg: 0.4106) Dice: 0.5709 (Avg: 0.6678) IoU: 0.4324 (Avg: 0.5429)
Train Epoch: [49][27/138] Total Loss: 0.3328 (Avg: 0.4078) Dice: 0.7472 (Avg: 0.6708) IoU: 0.6172 (Avg: 0.5456)
Train Epoch: [49][28/138] Total Loss: 0.4845 (Avg: 0.4105) Dice: 0.6140 (Avg: 0.6688) IoU: 0.4852 (Avg: 0.5435)
Train Epoch: [49][29/138] Total Loss: 0.3874 (Avg: 0.4097) Dice: 0.6976 (Avg: 0.6697) IoU: 0.5612 (Avg: 0.5441)
Train Epoch: [49][30/138] Total Loss: 0.4033 (Avg: 0.4095) Dice: 0.6736 (Avg: 0.6699) IoU: 0.5108 (Avg: 0.5430)
Train Epoch: [49][31/138] Total Loss: 0.3871 (Avg: 0.4088) Dice: 0.6850 (Avg: 0.6704) IoU: 0.5223 (Avg: 0.5423)
Train Epoch: [49][32/138] Total Loss: 0.2733 (Avg: 0.4045) Dice: 0.8247 (Avg: 0.6752) IoU: 0.7043 (Avg: 0.5474)
Train Epoch: [49][33/138] Total Loss: 0.4650 (Avg: 0.4064) Dice: 0.6062 (Avg: 0.6731) IoU: 0.4876 (Avg: 0.5456)
Train Epoch: [49][34/138] Total Loss: 0.6447 (Avg: 0.4134) Dice: 0.4265 (Avg: 0.6658) IoU: 0.3267 (Avg: 0.5391)
Train Epoch: [49][35/138] Total Loss: 0.3797 (Avg: 0.4124) Dice: 0.6803 (Avg: 0.6663) IoU: 0.5308 (Avg: 0.5389)
Train Epoch: [49][36/138] Total Loss: 0.5071 (Avg: 0.4150) Dice: 0.5759 (Avg: 0.6637) IoU: 0.4498 (Avg: 0.5364)
Train Epoch: [49][37/138] Total Loss: 0.4277 (Avg: 0.4154) Dice: 0.6444 (Avg: 0.6632) IoU: 0.4826 (Avg: 0.5350)
Train Epoch: [49][38/138] Total Loss: 0.4325 (Avg: 0.4158) Dice: 0.5872 (Avg: 0.6612) IoU: 0.4397 (Avg: 0.5325)
Train Epoch: [49][39/138] Total Loss: 0.3230 (Avg: 0.4134) Dice: 0.7739 (Avg: 0.6641) IoU: 0.6351 (Avg: 0.5351)
Train Epoch: [49][40/138] Total Loss: 0.6404 (Avg: 0.4191) Dice: 0.4366 (Avg: 0.6584) IoU: 0.3127 (Avg: 0.5295)
Train Epoch: [49][41/138] Total Loss: 0.4288 (Avg: 0.4194) Dice: 0.6267 (Avg: 0.6577) IoU: 0.4565 (Avg: 0.5278)
Train Epoch: [49][42/138] Total Loss: 0.3103 (Avg: 0.4168) Dice: 0.7849 (Avg: 0.6607) IoU: 0.6562 (Avg: 0.5308)
Train Epoch: [49][43/138] Total Loss: 0.4569 (Avg: 0.4177) Dice: 0.6465 (Avg: 0.6604) IoU: 0.4808 (Avg: 0.5297)
Train Epoch: [49][44/138] Total Loss: 0.6962 (Avg: 0.4240) Dice: 0.3885 (Avg: 0.6542) IoU: 0.2490 (Avg: 0.5233)
Train Epoch: [49][45/138] Total Loss: 0.3177 (Avg: 0.4217) Dice: 0.7605 (Avg: 0.6565) IoU: 0.6381 (Avg: 0.5258)
Train Epoch: [49][46/138] Total Loss: 0.7490 (Avg: 0.4288) Dice: 0.3399 (Avg: 0.6497) IoU: 0.2543 (Avg: 0.5199)
Train Epoch: [49][47/138] Total Loss: 0.4850 (Avg: 0.4300) Dice: 0.5672 (Avg: 0.6479) IoU: 0.4226 (Avg: 0.5179)
Train Epoch: [49][48/138] Total Loss: 0.5123 (Avg: 0.4317) Dice: 0.5660 (Avg: 0.6462) IoU: 0.4060 (Avg: 0.5155)
Train Epoch: [49][49/138] Total Loss: 0.4810 (Avg: 0.4327) Dice: 0.5925 (Avg: 0.6451) IoU: 0.4580 (Avg: 0.5144)
Train Epoch: [49][50/138] Total Loss: 0.4038 (Avg: 0.4321) Dice: 0.6592 (Avg: 0.6454) IoU: 0.5118 (Avg: 0.5143)
Train Epoch: [49][51/138] Total Loss: 0.5208 (Avg: 0.4339) Dice: 0.5127 (Avg: 0.6428) IoU: 0.3904 (Avg: 0.5119)
Train Epoch: [49][52/138] Total Loss: 0.4968 (Avg: 0.4351) Dice: 0.5905 (Avg: 0.6418) IoU: 0.4467 (Avg: 0.5106)
Train Epoch: [49][53/138] Total Loss: 0.4713 (Avg: 0.4357) Dice: 0.6052 (Avg: 0.6411) IoU: 0.4759 (Avg: 0.5100)
Train Epoch: [49][54/138] Total Loss: 0.4456 (Avg: 0.4359) Dice: 0.6654 (Avg: 0.6415) IoU: 0.5173 (Avg: 0.5101)
Train Epoch: [49][55/138] Total Loss: 0.3646 (Avg: 0.4346) Dice: 0.7089 (Avg: 0.6428) IoU: 0.5519 (Avg: 0.5109)
Train Epoch: [49][56/138] Total Loss: 0.3286 (Avg: 0.4327) Dice: 0.7574 (Avg: 0.6448) IoU: 0.6112 (Avg: 0.5127)
Train Epoch: [49][57/138] Total Loss: 0.4031 (Avg: 0.4322) Dice: 0.6870 (Avg: 0.6455) IoU: 0.5428 (Avg: 0.5132)
Train Epoch: [49][58/138] Total Loss: 0.4178 (Avg: 0.4320) Dice: 0.6344 (Avg: 0.6454) IoU: 0.5093 (Avg: 0.5131)
Train Epoch: [49][59/138] Total Loss: 0.5222 (Avg: 0.4335) Dice: 0.5445 (Avg: 0.6436) IoU: 0.3877 (Avg: 0.5110)
Train Epoch: [49][60/138] Total Loss: 0.4113 (Avg: 0.4331) Dice: 0.6676 (Avg: 0.6440) IoU: 0.5042 (Avg: 0.5109)
Train Epoch: [49][61/138] Total Loss: 0.2946 (Avg: 0.4309) Dice: 0.7909 (Avg: 0.6464) IoU: 0.6603 (Avg: 0.5133)
Train Epoch: [49][62/138] Total Loss: 0.2881 (Avg: 0.4286) Dice: 0.7949 (Avg: 0.6488) IoU: 0.6682 (Avg: 0.5158)
Train Epoch: [49][63/138] Total Loss: 0.5482 (Avg: 0.4305) Dice: 0.5156 (Avg: 0.6467) IoU: 0.4019 (Avg: 0.5140)
Train Epoch: [49][64/138] Total Loss: 0.4571 (Avg: 0.4309) Dice: 0.6419 (Avg: 0.6467) IoU: 0.5631 (Avg: 0.5148)
Train Epoch: [49][65/138] Total Loss: 0.4195 (Avg: 0.4307) Dice: 0.6135 (Avg: 0.6461) IoU: 0.4604 (Avg: 0.5139)
Train Epoch: [49][66/138] Total Loss: 0.3774 (Avg: 0.4299) Dice: 0.6768 (Avg: 0.6466) IoU: 0.5162 (Avg: 0.5140)
Train Epoch: [49][67/138] Total Loss: 0.4714 (Avg: 0.4305) Dice: 0.6141 (Avg: 0.6461) IoU: 0.4662 (Avg: 0.5133)
Train Epoch: [49][68/138] Total Loss: 0.3979 (Avg: 0.4300) Dice: 0.6709 (Avg: 0.6465) IoU: 0.5093 (Avg: 0.5132)
Train Epoch: [49][69/138] Total Loss: 0.4470 (Avg: 0.4303) Dice: 0.6008 (Avg: 0.6458) IoU: 0.4347 (Avg: 0.5121)
Train Epoch: [49][70/138] Total Loss: 0.3627 (Avg: 0.4293) Dice: 0.7141 (Avg: 0.6468) IoU: 0.5941 (Avg: 0.5132)
Train Epoch: [49][71/138] Total Loss: 0.3845 (Avg: 0.4287) Dice: 0.6980 (Avg: 0.6475) IoU: 0.5615 (Avg: 0.5139)
Train Epoch: [49][72/138] Total Loss: 0.3024 (Avg: 0.4269) Dice: 0.7890 (Avg: 0.6495) IoU: 0.6595 (Avg: 0.5159)
Train Epoch: [49][73/138] Total Loss: 0.3296 (Avg: 0.4256) Dice: 0.7399 (Avg: 0.6507) IoU: 0.6158 (Avg: 0.5173)
Train Epoch: [49][74/138] Total Loss: 0.4327 (Avg: 0.4257) Dice: 0.6390 (Avg: 0.6506) IoU: 0.5408 (Avg: 0.5176)
Train Epoch: [49][75/138] Total Loss: 0.6717 (Avg: 0.4290) Dice: 0.3905 (Avg: 0.6471) IoU: 0.2778 (Avg: 0.5144)
Train Epoch: [49][76/138] Total Loss: 0.3914 (Avg: 0.4285) Dice: 0.6730 (Avg: 0.6474) IoU: 0.5254 (Avg: 0.5146)
Train Epoch: [49][77/138] Total Loss: 0.4459 (Avg: 0.4287) Dice: 0.6217 (Avg: 0.6471) IoU: 0.4584 (Avg: 0.5138)
Train Epoch: [49][78/138] Total Loss: 0.5623 (Avg: 0.4304) Dice: 0.5226 (Avg: 0.6455) IoU: 0.3645 (Avg: 0.5119)
Train Epoch: [49][79/138] Total Loss: 0.3319 (Avg: 0.4292) Dice: 0.7609 (Avg: 0.6470) IoU: 0.6168 (Avg: 0.5133)
Train Epoch: [49][80/138] Total Loss: 0.7298 (Avg: 0.4329) Dice: 0.3663 (Avg: 0.6435) IoU: 0.2979 (Avg: 0.5106)
Train Epoch: [49][81/138] Total Loss: 0.4216 (Avg: 0.4328) Dice: 0.6279 (Avg: 0.6433) IoU: 0.4944 (Avg: 0.5104)
Train Epoch: [49][82/138] Total Loss: 0.3742 (Avg: 0.4321) Dice: 0.6973 (Avg: 0.6439) IoU: 0.5471 (Avg: 0.5108)
Train Epoch: [49][83/138] Total Loss: 0.2774 (Avg: 0.4302) Dice: 0.7909 (Avg: 0.6457) IoU: 0.6678 (Avg: 0.5127)
Train Epoch: [49][84/138] Total Loss: 0.2600 (Avg: 0.4282) Dice: 0.8348 (Avg: 0.6479) IoU: 0.7167 (Avg: 0.5151)
Train Epoch: [49][85/138] Total Loss: 0.3467 (Avg: 0.4272) Dice: 0.7168 (Avg: 0.6488) IoU: 0.5762 (Avg: 0.5159)
Train Epoch: [49][86/138] Total Loss: 0.3448 (Avg: 0.4263) Dice: 0.7312 (Avg: 0.6497) IoU: 0.5769 (Avg: 0.5166)
Train Epoch: [49][87/138] Total Loss: 0.2853 (Avg: 0.4246) Dice: 0.7975 (Avg: 0.6514) IoU: 0.6643 (Avg: 0.5183)
Train Epoch: [49][88/138] Total Loss: 0.3632 (Avg: 0.4239) Dice: 0.7238 (Avg: 0.6522) IoU: 0.5733 (Avg: 0.5189)
Train Epoch: [49][89/138] Total Loss: 0.4761 (Avg: 0.4245) Dice: 0.6210 (Avg: 0.6519) IoU: 0.5383 (Avg: 0.5191)
Train Epoch: [49][90/138] Total Loss: 0.5210 (Avg: 0.4256) Dice: 0.5634 (Avg: 0.6509) IoU: 0.4545 (Avg: 0.5184)
Train Epoch: [49][91/138] Total Loss: 0.3014 (Avg: 0.4242) Dice: 0.7875 (Avg: 0.6524) IoU: 0.6534 (Avg: 0.5199)
Train Epoch: [49][92/138] Total Loss: 0.4094 (Avg: 0.4241) Dice: 0.6665 (Avg: 0.6526) IoU: 0.5060 (Avg: 0.5197)
Train Epoch: [49][93/138] Total Loss: 0.2673 (Avg: 0.4224) Dice: 0.8210 (Avg: 0.6544) IoU: 0.6989 (Avg: 0.5216)
Train Epoch: [49][94/138] Total Loss: 0.4612 (Avg: 0.4228) Dice: 0.6271 (Avg: 0.6541) IoU: 0.4871 (Avg: 0.5213)
Train Epoch: [49][95/138] Total Loss: 0.4859 (Avg: 0.4235) Dice: 0.5275 (Avg: 0.6527) IoU: 0.4227 (Avg: 0.5202)
Train Epoch: [49][96/138] Total Loss: 0.6781 (Avg: 0.4261) Dice: 0.6431 (Avg: 0.6526) IoU: 0.2725 (Avg: 0.5177)
Train Epoch: [49][97/138] Total Loss: 0.3475 (Avg: 0.4253) Dice: 0.7439 (Avg: 0.6536) IoU: 0.6002 (Avg: 0.5185)
Train Epoch: [49][98/138] Total Loss: 0.2744 (Avg: 0.4238) Dice: 0.8298 (Avg: 0.6554) IoU: 0.7119 (Avg: 0.5205)
Train Epoch: [49][99/138] Total Loss: 0.3471 (Avg: 0.4230) Dice: 0.7463 (Avg: 0.6563) IoU: 0.6064 (Avg: 0.5214)
Train Epoch: [49][100/138] Total Loss: 0.5073 (Avg: 0.4238) Dice: 0.6015 (Avg: 0.6558) IoU: 0.4643 (Avg: 0.5208)
Train Epoch: [49][101/138] Total Loss: 0.3662 (Avg: 0.4233) Dice: 0.7110 (Avg: 0.6563) IoU: 0.5573 (Avg: 0.5211)
Train Epoch: [49][102/138] Total Loss: 0.3542 (Avg: 0.4226) Dice: 0.7293 (Avg: 0.6570) IoU: 0.6030 (Avg: 0.5219)
Train Epoch: [49][103/138] Total Loss: 0.5658 (Avg: 0.4240) Dice: 0.5041 (Avg: 0.6555) IoU: 0.3456 (Avg: 0.5202)
Train Epoch: [49][104/138] Total Loss: 0.6466 (Avg: 0.4261) Dice: 0.4393 (Avg: 0.6535) IoU: 0.3182 (Avg: 0.5183)
Train Epoch: [49][105/138] Total Loss: 0.4236 (Avg: 0.4261) Dice: 0.6480 (Avg: 0.6534) IoU: 0.4941 (Avg: 0.5181)
Train Epoch: [49][106/138] Total Loss: 0.5727 (Avg: 0.4275) Dice: 0.4842 (Avg: 0.6518) IoU: 0.3439 (Avg: 0.5164)
Train Epoch: [49][107/138] Total Loss: 0.4489 (Avg: 0.4277) Dice: 0.6127 (Avg: 0.6514) IoU: 0.4669 (Avg: 0.5160)
Train Epoch: [49][108/138] Total Loss: 0.4160 (Avg: 0.4276) Dice: 0.6588 (Avg: 0.6515) IoU: 0.5371 (Avg: 0.5162)
Train Epoch: [49][109/138] Total Loss: 0.4595 (Avg: 0.4279) Dice: 0.6264 (Avg: 0.6513) IoU: 0.5216 (Avg: 0.5162)
Train Epoch: [49][110/138] Total Loss: 0.3342 (Avg: 0.4270) Dice: 0.7376 (Avg: 0.6521) IoU: 0.6061 (Avg: 0.5170)
Train Epoch: [49][111/138] Total Loss: 0.3116 (Avg: 0.4260) Dice: 0.8113 (Avg: 0.6535) IoU: 0.6879 (Avg: 0.5186)
Train Epoch: [49][112/138] Total Loss: 0.3606 (Avg: 0.4254) Dice: 0.7143 (Avg: 0.6540) IoU: 0.5618 (Avg: 0.5189)
Train Epoch: [49][113/138] Total Loss: 0.3689 (Avg: 0.4249) Dice: 0.7317 (Avg: 0.6547) IoU: 0.5910 (Avg: 0.5196)
Train Epoch: [49][114/138] Total Loss: 0.6335 (Avg: 0.4267) Dice: 0.4013 (Avg: 0.6525) IoU: 0.2912 (Avg: 0.5176)
Train Epoch: [49][115/138] Total Loss: 0.6396 (Avg: 0.4286) Dice: 0.4363 (Avg: 0.6506) IoU: 0.2989 (Avg: 0.5157)
Train Epoch: [49][116/138] Total Loss: 0.2868 (Avg: 0.4273) Dice: 0.8010 (Avg: 0.6519) IoU: 0.6697 (Avg: 0.5170)
Train Epoch: [49][117/138] Total Loss: 0.3623 (Avg: 0.4268) Dice: 0.7332 (Avg: 0.6526) IoU: 0.5811 (Avg: 0.5176)
Train Epoch: [49][118/138] Total Loss: 0.3716 (Avg: 0.4263) Dice: 0.6890 (Avg: 0.6529) IoU: 0.5690 (Avg: 0.5180)
Train Epoch: [49][119/138] Total Loss: 0.3287 (Avg: 0.4255) Dice: 0.7683 (Avg: 0.6539) IoU: 0.6307 (Avg: 0.5189)
Train Epoch: [49][120/138] Total Loss: 0.3174 (Avg: 0.4246) Dice: 0.7746 (Avg: 0.6549) IoU: 0.6421 (Avg: 0.5200)
Train Epoch: [49][121/138] Total Loss: 0.6573 (Avg: 0.4265) Dice: 0.4549 (Avg: 0.6532) IoU: 0.4020 (Avg: 0.5190)
Train Epoch: [49][122/138] Total Loss: 0.4040 (Avg: 0.4263) Dice: 0.6704 (Avg: 0.6534) IoU: 0.5079 (Avg: 0.5189)
Train Epoch: [49][123/138] Total Loss: 0.4419 (Avg: 0.4265) Dice: 0.6714 (Avg: 0.6535) IoU: 0.5295 (Avg: 0.5190)
Train Epoch: [49][124/138] Total Loss: 0.3508 (Avg: 0.4259) Dice: 0.7226 (Avg: 0.6541) IoU: 0.5821 (Avg: 0.5195)
Train Epoch: [49][125/138] Total Loss: 0.3525 (Avg: 0.4253) Dice: 0.7015 (Avg: 0.6545) IoU: 0.5624 (Avg: 0.5198)
Train Epoch: [49][126/138] Total Loss: 0.4090 (Avg: 0.4251) Dice: 0.6518 (Avg: 0.6545) IoU: 0.5222 (Avg: 0.5199)
Train Epoch: [49][127/138] Total Loss: 0.4948 (Avg: 0.4257) Dice: 0.5757 (Avg: 0.6538) IoU: 0.4207 (Avg: 0.5191)
Train Epoch: [49][128/138] Total Loss: 0.3404 (Avg: 0.4250) Dice: 0.7511 (Avg: 0.6546) IoU: 0.6262 (Avg: 0.5199)
Train Epoch: [49][129/138] Total Loss: 0.4994 (Avg: 0.4256) Dice: 0.5728 (Avg: 0.6540) IoU: 0.4122 (Avg: 0.5191)
Train Epoch: [49][130/138] Total Loss: 0.2719 (Avg: 0.4244) Dice: 0.8060 (Avg: 0.6551) IoU: 0.6760 (Avg: 0.5203)
Train Epoch: [49][131/138] Total Loss: 0.3780 (Avg: 0.4241) Dice: 0.7022 (Avg: 0.6555) IoU: 0.5545 (Avg: 0.5205)
Train Epoch: [49][132/138] Total Loss: 0.3510 (Avg: 0.4235) Dice: 0.7312 (Avg: 0.6561) IoU: 0.5898 (Avg: 0.5211)
Train Epoch: [49][133/138] Total Loss: 0.3797 (Avg: 0.4232) Dice: 0.6867 (Avg: 0.6563) IoU: 0.5723 (Avg: 0.5215)
Train Epoch: [49][134/138] Total Loss: 0.4006 (Avg: 0.4230) Dice: 0.6689 (Avg: 0.6564) IoU: 0.5141 (Avg: 0.5214)
Train Epoch: [49][135/138] Total Loss: 0.4253 (Avg: 0.4230) Dice: 0.6609 (Avg: 0.6564) IoU: 0.5375 (Avg: 0.5215)
Train Epoch: [49][136/138] Total Loss: 0.4378 (Avg: 0.4231) Dice: 0.6212 (Avg: 0.6562) IoU: 0.4750 (Avg: 0.5212)
Train Epoch: [49][137/138] Total Loss: 0.4087 (Avg: 0.4230) Dice: 0.6636 (Avg: 0.6562) IoU: 0.4994 (Avg: 0.5210)
Train Epoch: [49][138/138] Total Loss: 0.4244 (Avg: 0.4207) Dice: 0.5269 (Avg: 0.6524) IoU: 0.3577 (Avg: 0.5179)
Validation Epoch: [49] Avg Loss: 0.3592 Avg Dice: 0.5885 Avg IoU: 0.4622

========= Epoch [50/50] =========
Train Epoch: [50][1/138] Total Loss: 0.3765 (Avg: 0.3765) Dice: 0.7003 (Avg: 0.7003) IoU: 0.5506 (Avg: 0.5506)
Train Epoch: [50][2/138] Total Loss: 0.3688 (Avg: 0.3727) Dice: 0.7066 (Avg: 0.7035) IoU: 0.5493 (Avg: 0.5500)
Train Epoch: [50][3/138] Total Loss: 0.3398 (Avg: 0.3617) Dice: 0.7420 (Avg: 0.7163) IoU: 0.5986 (Avg: 0.5662)
Train Epoch: [50][4/138] Total Loss: 0.4641 (Avg: 0.3873) Dice: 0.6214 (Avg: 0.6926) IoU: 0.5071 (Avg: 0.5514)
Train Epoch: [50][5/138] Total Loss: 0.5950 (Avg: 0.4288) Dice: 0.4838 (Avg: 0.6508) IoU: 0.3591 (Avg: 0.5130)
Train Epoch: [50][6/138] Total Loss: 0.5557 (Avg: 0.4500) Dice: 0.5202 (Avg: 0.6291) IoU: 0.3856 (Avg: 0.4917)
Train Epoch: [50][7/138] Total Loss: 0.5009 (Avg: 0.4573) Dice: 0.4944 (Avg: 0.6098) IoU: 0.3983 (Avg: 0.4784)
Train Epoch: [50][8/138] Total Loss: 0.4239 (Avg: 0.4531) Dice: 0.6665 (Avg: 0.6169) IoU: 0.5245 (Avg: 0.4841)
Train Epoch: [50][9/138] Total Loss: 0.5307 (Avg: 0.4617) Dice: 0.5239 (Avg: 0.6066) IoU: 0.3606 (Avg: 0.4704)
Train Epoch: [50][10/138] Total Loss: 0.2693 (Avg: 0.4425) Dice: 0.8198 (Avg: 0.6279) IoU: 0.7006 (Avg: 0.4934)
Train Epoch: [50][11/138] Total Loss: 0.3904 (Avg: 0.4377) Dice: 0.6908 (Avg: 0.6336) IoU: 0.5362 (Avg: 0.4973)
Train Epoch: [50][12/138] Total Loss: 0.5324 (Avg: 0.4456) Dice: 0.5260 (Avg: 0.6246) IoU: 0.3753 (Avg: 0.4872)
Train Epoch: [50][13/138] Total Loss: 0.3607 (Avg: 0.4391) Dice: 0.7190 (Avg: 0.6319) IoU: 0.5854 (Avg: 0.4947)
Train Epoch: [50][14/138] Total Loss: 0.4165 (Avg: 0.4375) Dice: 0.6556 (Avg: 0.6336) IoU: 0.5168 (Avg: 0.4963)
Train Epoch: [50][15/138] Total Loss: 0.5281 (Avg: 0.4435) Dice: 0.5318 (Avg: 0.6268) IoU: 0.3643 (Avg: 0.4875)
Train Epoch: [50][16/138] Total Loss: 0.5879 (Avg: 0.4526) Dice: 0.4531 (Avg: 0.6159) IoU: 0.2970 (Avg: 0.4756)
Train Epoch: [50][17/138] Total Loss: 0.3865 (Avg: 0.4487) Dice: 0.6806 (Avg: 0.6198) IoU: 0.5299 (Avg: 0.4788)
Train Epoch: [50][18/138] Total Loss: 0.3752 (Avg: 0.4446) Dice: 0.7035 (Avg: 0.6244) IoU: 0.5511 (Avg: 0.4828)
Train Epoch: [50][19/138] Total Loss: 0.5406 (Avg: 0.4496) Dice: 0.5446 (Avg: 0.6202) IoU: 0.4325 (Avg: 0.4802)
Train Epoch: [50][20/138] Total Loss: 0.5413 (Avg: 0.4542) Dice: 0.5391 (Avg: 0.6161) IoU: 0.4140 (Avg: 0.4768)
Train Epoch: [50][21/138] Total Loss: 0.3797 (Avg: 0.4507) Dice: 0.7107 (Avg: 0.6207) IoU: 0.5667 (Avg: 0.4811)
Train Epoch: [50][22/138] Total Loss: 0.4205 (Avg: 0.4493) Dice: 0.6845 (Avg: 0.6236) IoU: 0.5257 (Avg: 0.4831)
Train Epoch: [50][23/138] Total Loss: 0.3624 (Avg: 0.4455) Dice: 0.7441 (Avg: 0.6288) IoU: 0.6065 (Avg: 0.4885)
Train Epoch: [50][24/138] Total Loss: 0.3512 (Avg: 0.4416) Dice: 0.7262 (Avg: 0.6329) IoU: 0.5879 (Avg: 0.4927)
Train Epoch: [50][25/138] Total Loss: 0.3376 (Avg: 0.4374) Dice: 0.7529 (Avg: 0.6377) IoU: 0.6083 (Avg: 0.4973)
Train Epoch: [50][26/138] Total Loss: 0.4534 (Avg: 0.4381) Dice: 0.6229 (Avg: 0.6371) IoU: 0.4602 (Avg: 0.4959)
Train Epoch: [50][27/138] Total Loss: 0.4040 (Avg: 0.4368) Dice: 0.6682 (Avg: 0.6382) IoU: 0.5318 (Avg: 0.4972)
Train Epoch: [50][28/138] Total Loss: 0.3119 (Avg: 0.4323) Dice: 0.7777 (Avg: 0.6432) IoU: 0.6408 (Avg: 0.5023)
Train Epoch: [50][29/138] Total Loss: 0.3792 (Avg: 0.4305) Dice: 0.6982 (Avg: 0.6451) IoU: 0.5649 (Avg: 0.5045)
Train Epoch: [50][30/138] Total Loss: 0.2953 (Avg: 0.4260) Dice: 0.7784 (Avg: 0.6496) IoU: 0.6482 (Avg: 0.5093)
Train Epoch: [50][31/138] Total Loss: 0.2969 (Avg: 0.4218) Dice: 0.8055 (Avg: 0.6546) IoU: 0.6819 (Avg: 0.5148)
Train Epoch: [50][32/138] Total Loss: 0.3900 (Avg: 0.4208) Dice: 0.6517 (Avg: 0.6545) IoU: 0.5241 (Avg: 0.5151)
Train Epoch: [50][33/138] Total Loss: 0.5211 (Avg: 0.4239) Dice: 0.5624 (Avg: 0.6517) IoU: 0.4015 (Avg: 0.5117)
Train Epoch: [50][34/138] Total Loss: 0.4777 (Avg: 0.4255) Dice: 0.6312 (Avg: 0.6511) IoU: 0.5474 (Avg: 0.5127)
Train Epoch: [50][35/138] Total Loss: 0.5339 (Avg: 0.4286) Dice: 0.5238 (Avg: 0.6475) IoU: 0.3909 (Avg: 0.5092)
Train Epoch: [50][36/138] Total Loss: 0.3916 (Avg: 0.4275) Dice: 0.6848 (Avg: 0.6485) IoU: 0.5426 (Avg: 0.5102)
Train Epoch: [50][37/138] Total Loss: 0.4765 (Avg: 0.4289) Dice: 0.5814 (Avg: 0.6467) IoU: 0.4431 (Avg: 0.5084)
Train Epoch: [50][38/138] Total Loss: 0.2985 (Avg: 0.4254) Dice: 0.7863 (Avg: 0.6504) IoU: 0.6515 (Avg: 0.5121)
Train Epoch: [50][39/138] Total Loss: 0.4850 (Avg: 0.4269) Dice: 0.5851 (Avg: 0.6487) IoU: 0.4369 (Avg: 0.5102)
Train Epoch: [50][40/138] Total Loss: 0.4896 (Avg: 0.4285) Dice: 0.5754 (Avg: 0.6469) IoU: 0.4356 (Avg: 0.5083)
Train Epoch: [50][41/138] Total Loss: 0.3280 (Avg: 0.4261) Dice: 0.7674 (Avg: 0.6498) IoU: 0.6314 (Avg: 0.5113)
Train Epoch: [50][42/138] Total Loss: 0.4649 (Avg: 0.4270) Dice: 0.6033 (Avg: 0.6487) IoU: 0.4604 (Avg: 0.5101)
Train Epoch: [50][43/138] Total Loss: 0.5362 (Avg: 0.4295) Dice: 0.5228 (Avg: 0.6458) IoU: 0.3582 (Avg: 0.5066)
Train Epoch: [50][44/138] Total Loss: 0.6565 (Avg: 0.4347) Dice: 0.4373 (Avg: 0.6410) IoU: 0.3429 (Avg: 0.5029)
Train Epoch: [50][45/138] Total Loss: 0.3832 (Avg: 0.4335) Dice: 0.6755 (Avg: 0.6418) IoU: 0.5370 (Avg: 0.5036)
Train Epoch: [50][46/138] Total Loss: 0.2774 (Avg: 0.4301) Dice: 0.8105 (Avg: 0.6455) IoU: 0.6966 (Avg: 0.5078)
Train Epoch: [50][47/138] Total Loss: 0.6108 (Avg: 0.4340) Dice: 0.4314 (Avg: 0.6409) IoU: 0.3040 (Avg: 0.5035)
Train Epoch: [50][48/138] Total Loss: 0.3334 (Avg: 0.4319) Dice: 0.7519 (Avg: 0.6432) IoU: 0.6118 (Avg: 0.5057)
Train Epoch: [50][49/138] Total Loss: 0.4384 (Avg: 0.4320) Dice: 0.6291 (Avg: 0.6429) IoU: 0.4764 (Avg: 0.5051)
Train Epoch: [50][50/138] Total Loss: 0.4201 (Avg: 0.4318) Dice: 0.6562 (Avg: 0.6432) IoU: 0.5017 (Avg: 0.5051)
Train Epoch: [50][51/138] Total Loss: 0.3185 (Avg: 0.4296) Dice: 0.7775 (Avg: 0.6458) IoU: 0.6529 (Avg: 0.5080)
Train Epoch: [50][52/138] Total Loss: 0.5122 (Avg: 0.4312) Dice: 0.5610 (Avg: 0.6442) IoU: 0.4080 (Avg: 0.5060)
Train Epoch: [50][53/138] Total Loss: 0.2829 (Avg: 0.4284) Dice: 0.8020 (Avg: 0.6472) IoU: 0.6758 (Avg: 0.5093)
Train Epoch: [50][54/138] Total Loss: 0.4079 (Avg: 0.4280) Dice: 0.6897 (Avg: 0.6480) IoU: 0.5550 (Avg: 0.5101)
Train Epoch: [50][55/138] Total Loss: 0.5434 (Avg: 0.4301) Dice: 0.5308 (Avg: 0.6458) IoU: 0.3909 (Avg: 0.5079)
Train Epoch: [50][56/138] Total Loss: 0.4944 (Avg: 0.4312) Dice: 0.5855 (Avg: 0.6448) IoU: 0.4842 (Avg: 0.5075)
Train Epoch: [50][57/138] Total Loss: 0.4737 (Avg: 0.4320) Dice: 0.5884 (Avg: 0.6438) IoU: 0.4378 (Avg: 0.5063)
Train Epoch: [50][58/138] Total Loss: 0.3415 (Avg: 0.4304) Dice: 0.7297 (Avg: 0.6452) IoU: 0.5771 (Avg: 0.5075)
Train Epoch: [50][59/138] Total Loss: 0.3000 (Avg: 0.4282) Dice: 0.7836 (Avg: 0.6476) IoU: 0.6491 (Avg: 0.5099)
Train Epoch: [50][60/138] Total Loss: 0.3612 (Avg: 0.4271) Dice: 0.7411 (Avg: 0.6491) IoU: 0.5903 (Avg: 0.5112)
Train Epoch: [50][61/138] Total Loss: 0.5612 (Avg: 0.4293) Dice: 0.5372 (Avg: 0.6473) IoU: 0.4230 (Avg: 0.5098)
Train Epoch: [50][62/138] Total Loss: 0.6028 (Avg: 0.4321) Dice: 0.4758 (Avg: 0.6445) IoU: 0.3223 (Avg: 0.5068)
Train Epoch: [50][63/138] Total Loss: 0.6261 (Avg: 0.4352) Dice: 0.4252 (Avg: 0.6411) IoU: 0.3004 (Avg: 0.5035)
Train Epoch: [50][64/138] Total Loss: 0.3963 (Avg: 0.4346) Dice: 0.6790 (Avg: 0.6417) IoU: 0.5451 (Avg: 0.5041)
Train Epoch: [50][65/138] Total Loss: 0.4135 (Avg: 0.4342) Dice: 0.6672 (Avg: 0.6421) IoU: 0.5501 (Avg: 0.5049)
Train Epoch: [50][66/138] Total Loss: 0.6455 (Avg: 0.4374) Dice: 0.4399 (Avg: 0.6390) IoU: 0.3379 (Avg: 0.5023)
Train Epoch: [50][67/138] Total Loss: 0.3739 (Avg: 0.4365) Dice: 0.6789 (Avg: 0.6396) IoU: 0.5148 (Avg: 0.5025)
Train Epoch: [50][68/138] Total Loss: 0.5003 (Avg: 0.4374) Dice: 0.5872 (Avg: 0.6388) IoU: 0.4828 (Avg: 0.5022)
Train Epoch: [50][69/138] Total Loss: 0.3163 (Avg: 0.4357) Dice: 0.7720 (Avg: 0.6407) IoU: 0.6457 (Avg: 0.5043)
Train Epoch: [50][70/138] Total Loss: 0.4531 (Avg: 0.4359) Dice: 0.6173 (Avg: 0.6404) IoU: 0.4617 (Avg: 0.5037)
Train Epoch: [50][71/138] Total Loss: 0.4339 (Avg: 0.4359) Dice: 0.6488 (Avg: 0.6405) IoU: 0.5100 (Avg: 0.5038)
Train Epoch: [50][72/138] Total Loss: 0.4079 (Avg: 0.4355) Dice: 0.6768 (Avg: 0.6410) IoU: 0.5228 (Avg: 0.5040)
Train Epoch: [50][73/138] Total Loss: 0.4777 (Avg: 0.4361) Dice: 0.6001 (Avg: 0.6405) IoU: 0.4962 (Avg: 0.5039)
Train Epoch: [50][74/138] Total Loss: 0.4872 (Avg: 0.4368) Dice: 0.5922 (Avg: 0.6398) IoU: 0.4450 (Avg: 0.5031)
Train Epoch: [50][75/138] Total Loss: 0.3903 (Avg: 0.4361) Dice: 0.6904 (Avg: 0.6405) IoU: 0.5358 (Avg: 0.5036)
Train Epoch: [50][76/138] Total Loss: 0.4267 (Avg: 0.4360) Dice: 0.6557 (Avg: 0.6407) IoU: 0.5156 (Avg: 0.5037)
Train Epoch: [50][77/138] Total Loss: 0.4701 (Avg: 0.4365) Dice: 0.5883 (Avg: 0.6400) IoU: 0.4445 (Avg: 0.5030)
Train Epoch: [50][78/138] Total Loss: 0.4249 (Avg: 0.4363) Dice: 0.6452 (Avg: 0.6401) IoU: 0.4873 (Avg: 0.5028)
Train Epoch: [50][79/138] Total Loss: 0.4185 (Avg: 0.4361) Dice: 0.6763 (Avg: 0.6405) IoU: 0.5439 (Avg: 0.5033)
Train Epoch: [50][80/138] Total Loss: 0.3451 (Avg: 0.4350) Dice: 0.7042 (Avg: 0.6413) IoU: 0.5471 (Avg: 0.5038)
Train Epoch: [50][81/138] Total Loss: 0.2983 (Avg: 0.4333) Dice: 0.7912 (Avg: 0.6432) IoU: 0.6690 (Avg: 0.5059)
Train Epoch: [50][82/138] Total Loss: 0.5616 (Avg: 0.4348) Dice: 0.4842 (Avg: 0.6412) IoU: 0.4247 (Avg: 0.5049)
Train Epoch: [50][83/138] Total Loss: 0.5578 (Avg: 0.4363) Dice: 0.5097 (Avg: 0.6397) IoU: 0.3683 (Avg: 0.5032)
Train Epoch: [50][84/138] Total Loss: 0.3716 (Avg: 0.4355) Dice: 0.7209 (Avg: 0.6406) IoU: 0.5772 (Avg: 0.5041)
Train Epoch: [50][85/138] Total Loss: 0.3843 (Avg: 0.4349) Dice: 0.6674 (Avg: 0.6409) IoU: 0.5267 (Avg: 0.5044)
Train Epoch: [50][86/138] Total Loss: 0.2890 (Avg: 0.4332) Dice: 0.7950 (Avg: 0.6427) IoU: 0.6633 (Avg: 0.5062)
Train Epoch: [50][87/138] Total Loss: 0.3574 (Avg: 0.4324) Dice: 0.7351 (Avg: 0.6438) IoU: 0.5885 (Avg: 0.5072)
Train Epoch: [50][88/138] Total Loss: 0.6473 (Avg: 0.4348) Dice: 0.4581 (Avg: 0.6417) IoU: 0.3419 (Avg: 0.5053)
Train Epoch: [50][89/138] Total Loss: 0.3158 (Avg: 0.4335) Dice: 0.7720 (Avg: 0.6431) IoU: 0.6387 (Avg: 0.5068)
Train Epoch: [50][90/138] Total Loss: 0.4279 (Avg: 0.4334) Dice: 0.6506 (Avg: 0.6432) IoU: 0.4866 (Avg: 0.5066)
Train Epoch: [50][91/138] Total Loss: 0.3214 (Avg: 0.4322) Dice: 0.7606 (Avg: 0.6445) IoU: 0.6156 (Avg: 0.5078)
Train Epoch: [50][92/138] Total Loss: 0.4020 (Avg: 0.4319) Dice: 0.6793 (Avg: 0.6449) IoU: 0.5300 (Avg: 0.5080)
Train Epoch: [50][93/138] Total Loss: 0.2935 (Avg: 0.4304) Dice: 0.7887 (Avg: 0.6464) IoU: 0.6630 (Avg: 0.5097)
Train Epoch: [50][94/138] Total Loss: 0.3610 (Avg: 0.4296) Dice: 0.7131 (Avg: 0.6472) IoU: 0.5588 (Avg: 0.5102)
Train Epoch: [50][95/138] Total Loss: 0.5586 (Avg: 0.4310) Dice: 0.5226 (Avg: 0.6458) IoU: 0.3889 (Avg: 0.5089)
Train Epoch: [50][96/138] Total Loss: 0.2894 (Avg: 0.4295) Dice: 0.7710 (Avg: 0.6471) IoU: 0.6506 (Avg: 0.5104)
Train Epoch: [50][97/138] Total Loss: 0.2438 (Avg: 0.4276) Dice: 0.8482 (Avg: 0.6492) IoU: 0.7373 (Avg: 0.5127)
Train Epoch: [50][98/138] Total Loss: 0.2548 (Avg: 0.4258) Dice: 0.8396 (Avg: 0.6512) IoU: 0.7246 (Avg: 0.5149)
Train Epoch: [50][99/138] Total Loss: 0.4266 (Avg: 0.4258) Dice: 0.6672 (Avg: 0.6513) IoU: 0.5449 (Avg: 0.5152)
Train Epoch: [50][100/138] Total Loss: 0.2736 (Avg: 0.4243) Dice: 0.8242 (Avg: 0.6531) IoU: 0.7028 (Avg: 0.5171)
Train Epoch: [50][101/138] Total Loss: 0.5196 (Avg: 0.4253) Dice: 0.5569 (Avg: 0.6521) IoU: 0.4458 (Avg: 0.5164)
Train Epoch: [50][102/138] Total Loss: 0.4122 (Avg: 0.4251) Dice: 0.6522 (Avg: 0.6521) IoU: 0.5112 (Avg: 0.5163)
Train Epoch: [50][103/138] Total Loss: 0.6872 (Avg: 0.4277) Dice: 0.3325 (Avg: 0.6490) IoU: 0.2218 (Avg: 0.5135)
Train Epoch: [50][104/138] Total Loss: 0.4854 (Avg: 0.4282) Dice: 0.5850 (Avg: 0.6484) IoU: 0.4162 (Avg: 0.5125)
Train Epoch: [50][105/138] Total Loss: 0.2933 (Avg: 0.4269) Dice: 0.7903 (Avg: 0.6497) IoU: 0.6554 (Avg: 0.5139)
Train Epoch: [50][106/138] Total Loss: 0.3993 (Avg: 0.4267) Dice: 0.7076 (Avg: 0.6503) IoU: 0.5701 (Avg: 0.5144)
Train Epoch: [50][107/138] Total Loss: 0.5437 (Avg: 0.4278) Dice: 0.5445 (Avg: 0.6493) IoU: 0.4076 (Avg: 0.5134)
Train Epoch: [50][108/138] Total Loss: 0.4137 (Avg: 0.4277) Dice: 0.6848 (Avg: 0.6496) IoU: 0.5426 (Avg: 0.5137)
Train Epoch: [50][109/138] Total Loss: 0.4792 (Avg: 0.4281) Dice: 0.5843 (Avg: 0.6490) IoU: 0.4250 (Avg: 0.5129)
Train Epoch: [50][110/138] Total Loss: 0.2490 (Avg: 0.4265) Dice: 0.8469 (Avg: 0.6508) IoU: 0.7407 (Avg: 0.5150)
Train Epoch: [50][111/138] Total Loss: 0.4328 (Avg: 0.4266) Dice: 0.6359 (Avg: 0.6507) IoU: 0.5244 (Avg: 0.5150)
Train Epoch: [50][112/138] Total Loss: 0.5912 (Avg: 0.4280) Dice: 0.5037 (Avg: 0.6494) IoU: 0.4163 (Avg: 0.5142)
Train Epoch: [50][113/138] Total Loss: 0.4191 (Avg: 0.4279) Dice: 0.6590 (Avg: 0.6495) IoU: 0.5266 (Avg: 0.5143)
Train Epoch: [50][114/138] Total Loss: 0.3761 (Avg: 0.4275) Dice: 0.7001 (Avg: 0.6499) IoU: 0.5620 (Avg: 0.5147)
Train Epoch: [50][115/138] Total Loss: 0.6345 (Avg: 0.4293) Dice: 0.4769 (Avg: 0.6484) IoU: 0.3509 (Avg: 0.5133)
Train Epoch: [50][116/138] Total Loss: 0.3974 (Avg: 0.4290) Dice: 0.6669 (Avg: 0.6486) IoU: 0.5249 (Avg: 0.5134)
Train Epoch: [50][117/138] Total Loss: 0.3413 (Avg: 0.4283) Dice: 0.7402 (Avg: 0.6493) IoU: 0.5883 (Avg: 0.5140)
Train Epoch: [50][118/138] Total Loss: 0.3269 (Avg: 0.4274) Dice: 0.7560 (Avg: 0.6502) IoU: 0.6094 (Avg: 0.5148)
Train Epoch: [50][119/138] Total Loss: 0.3821 (Avg: 0.4270) Dice: 0.6628 (Avg: 0.6504) IoU: 0.5088 (Avg: 0.5148)
Train Epoch: [50][120/138] Total Loss: 0.6497 (Avg: 0.4289) Dice: 0.4027 (Avg: 0.6483) IoU: 0.2881 (Avg: 0.5129)
Train Epoch: [50][121/138] Total Loss: 0.4513 (Avg: 0.4291) Dice: 0.6526 (Avg: 0.6483) IoU: 0.5592 (Avg: 0.5133)
Train Epoch: [50][122/138] Total Loss: 0.3010 (Avg: 0.4280) Dice: 0.7877 (Avg: 0.6495) IoU: 0.6596 (Avg: 0.5145)
Train Epoch: [50][123/138] Total Loss: 0.4411 (Avg: 0.4281) Dice: 0.6345 (Avg: 0.6493) IoU: 0.5004 (Avg: 0.5143)
Train Epoch: [50][124/138] Total Loss: 0.2989 (Avg: 0.4271) Dice: 0.7767 (Avg: 0.6504) IoU: 0.6402 (Avg: 0.5154)
Train Epoch: [50][125/138] Total Loss: 0.4559 (Avg: 0.4273) Dice: 0.6044 (Avg: 0.6500) IoU: 0.5088 (Avg: 0.5153)
Train Epoch: [50][126/138] Total Loss: 0.4743 (Avg: 0.4277) Dice: 0.6215 (Avg: 0.6498) IoU: 0.4845 (Avg: 0.5151)
Train Epoch: [50][127/138] Total Loss: 0.2989 (Avg: 0.4267) Dice: 0.7869 (Avg: 0.6509) IoU: 0.6620 (Avg: 0.5162)
Train Epoch: [50][128/138] Total Loss: 0.3926 (Avg: 0.4264) Dice: 0.6725 (Avg: 0.6510) IoU: 0.5263 (Avg: 0.5163)
Train Epoch: [50][129/138] Total Loss: 0.6202 (Avg: 0.4279) Dice: 0.4219 (Avg: 0.6492) IoU: 0.2779 (Avg: 0.5144)
Train Epoch: [50][130/138] Total Loss: 0.3798 (Avg: 0.4275) Dice: 0.7002 (Avg: 0.6496) IoU: 0.5583 (Avg: 0.5148)
Train Epoch: [50][131/138] Total Loss: 0.4127 (Avg: 0.4274) Dice: 0.6298 (Avg: 0.6495) IoU: 0.4835 (Avg: 0.5145)
Train Epoch: [50][132/138] Total Loss: 0.3276 (Avg: 0.4267) Dice: 0.7559 (Avg: 0.6503) IoU: 0.6182 (Avg: 0.5153)
Train Epoch: [50][133/138] Total Loss: 0.3073 (Avg: 0.4258) Dice: 0.7842 (Avg: 0.6513) IoU: 0.6577 (Avg: 0.5164)
Train Epoch: [50][134/138] Total Loss: 0.5364 (Avg: 0.4266) Dice: 0.5287 (Avg: 0.6504) IoU: 0.3715 (Avg: 0.5153)
Train Epoch: [50][135/138] Total Loss: 0.3288 (Avg: 0.4259) Dice: 0.7546 (Avg: 0.6512) IoU: 0.6188 (Avg: 0.5161)
Train Epoch: [50][136/138] Total Loss: 0.4467 (Avg: 0.4260) Dice: 0.6384 (Avg: 0.6511) IoU: 0.5579 (Avg: 0.5164)
Train Epoch: [50][137/138] Total Loss: 0.3539 (Avg: 0.4255) Dice: 0.7256 (Avg: 0.6516) IoU: 0.5859 (Avg: 0.5169)
Train Epoch: [50][138/138] Total Loss: 0.3441 (Avg: 0.4230) Dice: 0.5459 (Avg: 0.6479) IoU: 0.3754 (Avg: 0.5138)
Validation Epoch: [50] Avg Loss: 0.3833 Avg Dice: 0.5573 Avg IoU: 0.4325
